name,team,position,age,height,weight,bats,throws,debut_year,contract_value,war,avg,ops,hr,rbi,wrc_plus,woba,babip,iso,bb_pct,k_pct,exit_velocity,launch_angle,season,player_id
A.J. Cole,- - -,P,26,"6' 5""",240,R,R,2015,,0.180949935449348,0.333,1.666,1,1.0,336.129128495537,0.676942825317383,0.0,1.0,0.0,0.25,80.8,35.0,2018,595918
A.J. Cole,CLE,P,27,"6' 5""",240,R,R,2015,,0.0,,,0,,,0.0,0.0,0.0,0.0,0.0,,,2019,595918
A.J. Cole,TOR,P,28,"6' 5""",240,R,R,2015,,0.0,,,0,,,0.0,0.0,0.0,0.0,0.0,,,2020,595918
A.J. Cole,TOR,P,29,"6' 5""",240,R,R,2015,,0.0,0.0,0.0,0,0.0,,0.0,0.0,0.0,0.0,0.0,,,2021,595918
A.J. Ellis,SDP,c,37,"6' 2""",225,R,R,2008,,-0.291198205198656,0.272,0.722,1,15.0,105.34780657408,0.324650422487845,0.347826086,0.072847682,0.142076502,0.202185792,90.4,13.0,2018,454560
A.J. Minter,ATL,p,24,"6' 0""",215,L,L,2017,22000000.0,0.0,0.0,0.0,0,0.0,,0.0,0.0,0.0,0.0,0.0,,,2018,621345
A.J. Minter,ATL,p,25,"6' 0""",215,L,L,2017,22000000.0,0.0,0.0,0.0,0,0.0,,0.0,0.0,0.0,0.0,0.0,,,2019,621345
A.J. Minter,ATL,p,26,"6' 0""",215,L,L,2017,22000000.0,0.0,,,0,,,0.0,0.0,0.0,0.0,0.0,,,2020,621345
A.J. Minter,ATL,p,27,"6' 0""",215,L,L,2017,22000000.0,-0.0113688836285036,0.0,0.0,0,0.0,-100.0,0.0,0.0,0.0,0.0,1.0,,,2021,621345
A.J. Minter,ATL,p,28,"6' 0""",215,L,L,2017,22000000.0,0.0,,,0,,,0.0,0.0,0.0,0.0,0.0,,,2022,621345
A.J. Puk,OAK,P,24,"6' 7""",248,L,L,2019,,0.0,,,0,,,0.0,0.0,0.0,0.0,0.0,,,2019,640462
A.J. Puk,OAK,P,26,"6' 7""",248,L,L,2019,,0.0,,,0,,,0.0,0.0,0.0,0.0,0.0,,,2021,640462
A.J. Puk,OAK,P,27,"6' 7""",248,L,L,2019,,0.0,,,0,,,0.0,0.0,0.0,0.0,0.0,,,2022,640462
Aaron Altherr,PHI,RF,27,"6' 5""",215,R,R,2014,,0.0766129537497365,0.181,0.628,8,38.0,73.9927872064296,0.281955784663819,0.246575342,0.152263375,0.126315789,0.319298245,90.4,10.0,2018,571437
Aaron Altherr,- - -,RF,28,"6' 5""",215,R,R,2014,,-0.80859856609307,0.082,0.3,1,3.0,-22.6637588746602,0.13488149191394,0.111111111,0.081967213,0.045454545,0.378787878,85.3,17.0,2019,571437
Aaron Brooks,OAK,P,28,"6' 4""",230,R,R,2014,,0.0,,,0,,,0.0,0.0,0.0,0.0,0.0,,,2018,605156
Aaron Brooks,- - -,P,29,"6' 4""",230,R,R,2014,,-0.0473830017509096,0.0,0.0,0,0.0,-100.0,0.0,0.0,0.0,0.0,0.25,85.6,-12.0,2019,605156
Aaron Brooks,STL,P,32,"6' 4""",230,R,R,2014,,0.0,,,0,,,0.0,0.0,0.0,0.0,0.0,,,2022,605156
Aaron Bummer,CHW,P,24,"6' 3""",215,L,L,2017,,0.0,0.0,0.0,0,0.0,,0.0,0.0,0.0,0.0,0.0,,,2018,607481
Aaron Bummer,CHW,P,25,"6' 3""",215,L,L,2017,,0.0,0.0,0.0,0,0.0,,0.0,0.0,0.0,0.0,0.0,,,2019,607481
Aaron Bummer,CHW,P,26,"6' 3""",215,L,L,2017,,0.0,,,0,,,0.0,0.0,0.0,0.0,0.0,,,2020,607481
Aaron Bummer,CHW,P,27,"6' 3""",215,L,L,2017,,0.0,0.0,0.0,0,0.0,,0.0,0.0,0.0,0.0,0.0,,,2021,607481
Aaron Bummer,CHW,P,28,"6' 3""",215,L,L,2017,,0.0,0.0,0.0,0,0.0,,0.0,0.0,0.0,0.0,0.0,,,2022,607481
Aaron Civale,CLE,p,24,"6' 1""",245,R,R,2019,6000000.0,-0.0232997616229924,0.0,0.0,0,0.0,-100.0,0.0,0.0,0.0,0.0,0.5,76.3,-63.0,2019,650644
Aaron Civale,CLE,p,25,"6' 1""",245,R,R,2019,6000000.0,0.0,,,0,,,0.0,0.0,0.0,0.0,0.0,,,2020,650644
Aaron Civale,CLE,p,26,"6' 1""",245,R,R,2019,6000000.0,0.0362308428605113,0.0,0.5,0,0.0,122.194395160452,0.34585827589035,0.0,0.0,0.5,0.5,,,2021,650644
Aaron Civale,CLE,p,27,"6' 1""",245,R,R,2019,6000000.0,0.0,,,0,,,0.0,0.0,0.0,0.0,0.0,,,2022,650644
Aaron Hicks,NYY,If,28,"6' 1""",205,S,R,2013,740000.0,4.01509011518065,0.248,0.833,27,79.0,128.535126107377,0.359850157297194,0.264367816,0.21875,0.154905335,0.191049913,89.7,13.0,2018,543305
Aaron Hicks,NYY,If,29,"6' 1""",205,S,R,2013,740000.0,0.524304273130427,0.235,0.768,12,36.0,102.511705293889,0.325209501210381,0.285714285,0.208144797,0.121568627,0.282352941,89.8,15.0,2019,543305
Aaron Hicks,NYY,If,30,"6' 1""",205,S,R,2013,740000.0,0.868382319851799,0.225,0.793,6,21.0,124.006933328145,0.350968497140067,0.256,0.189349112,0.194312796,0.180094786,88.2,11.0,2020,543305
Aaron Hicks,NYY,If,31,"6' 1""",205,S,R,2013,740000.0,0.0271600201160842,0.194,0.627,4,14.0,77.1387665587554,0.279251469506158,0.22368421,0.138888889,0.111111111,0.238095238,89.3,19.0,2021,543305
Aaron Hicks,NYY,If,32,"6' 1""",205,S,R,2013,740000.0,0.876802338343607,0.216,0.643,8,40.0,88.9921831478041,0.292238712576291,0.278810408,0.096354167,0.136865342,0.240618101,87.9,15.0,2022,543305
Aaron Judge,NYY,rf,26,"6' 7""",282,R,R,2016,40000000.0,5.00963368569414,0.278,0.92,27,67.0,149.781997969186,0.390985463484369,0.368200836,0.249394673,0.152610441,0.305220883,94.7,12.0,2018,592450
Aaron Judge,NYY,rf,27,"6' 7""",282,R,R,2016,40000000.0,4.15146344043164,0.272,0.921,27,55.0,141.066581026847,0.382215787112983,0.360189573,0.267195767,0.143176733,0.315436241,95.9,12.0,2019,592450
Aaron Judge,NYY,rf,28,"6' 7""",282,R,R,2016,40000000.0,0.92167821450183,0.257,0.89,9,22.0,140.172770514221,0.374572842522005,0.283333333,0.297029703,0.087719298,0.280701754,92.2,16.0,2020,592450
Aaron Judge,NYY,rf,29,"6' 7""",282,R,R,2016,40000000.0,5.49095542897163,0.287,0.917,39,98.0,149.982602425548,0.38704453784199,0.332402234,0.256363636,0.118483412,0.249605055,95.8,12.0,2021,592450
Aaron Judge,NYY,rf,30,"6' 7""",282,R,R,2016,40000000.0,11.0925474257163,0.311,1.111,62,131.0,206.154836783773,0.458196414172384,0.340236686,0.375438597,0.159482758,0.251436781,95.8,15.0,2022,592450
Aaron Loup,- - -,p,30,"5' 11""",210,L,L,2012,,0.0,0.0,0.0,0,0.0,,0.0,0.0,0.0,0.0,0.0,,,2018,571901
Aaron Loup,SDP,p,31,"5' 11""",210,L,L,2012,,0.0,0.0,0.0,0,0.0,,0.0,0.0,0.0,0.0,0.0,,,2019,571901
Aaron Loup,TBR,p,32,"5' 11""",210,L,L,2012,,0.0,,,0,,,0.0,0.0,0.0,0.0,0.0,,,2020,571901
Aaron Loup,NYM,p,33,"5' 11""",210,L,L,2012,,0.0,0.0,0.0,0,0.0,,0.0,0.0,0.0,0.0,0.0,,,2021,571901
Aaron Loup,LAA,p,34,"5' 11""",210,L,L,2012,,0.0,,,0,,,0.0,0.0,0.0,0.0,0.0,,,2022,571901
Aaron Nola,PHI,p,25,"6' 2""",200,R,R,2015,24571429.0,-0.45291217471754,0.048,0.128,0,4.0,-75.2033524709331,0.0586645385575673,0.115384615,0.016129033,0.014285714,0.514285714,81.9,-8.0,2018,605400
Aaron Nola,PHI,p,26,"6' 2""",200,R,R,2015,24571429.0,0.0692660208432732,0.119,0.353,0,2.0,-5.12884044299167,0.168048180983617,0.291666666,0.033898305,0.085714285,0.5,86.7,2.0,2019,605400
Aaron Nola,PHI,p,27,"6' 2""",200,R,R,2015,24571429.0,0.0,0.0,0.0,0,0.0,,0.0,0.0,0.0,0.0,0.0,,,2020,605400
Aaron Nola,PHI,p,28,"6' 2""",200,R,R,2015,24571429.0,0.264812501976522,0.143,0.416,0,4.0,18.4339399685889,0.196944088808128,0.333333333,0.040816327,0.095238095,0.46031746,85.8,-4.0,2021,605400
Aaron Nola,PHI,p,29,"6' 2""",200,R,R,2015,24571429.0,0.0,,,0,,,0.0,0.0,0.0,0.0,0.0,,,2022,605400
Aaron Sanchez,TOR,p,25,"6' 4""",212,R,R,2014,,-0.0108663882078082,0.0,0.0,0,0.0,-100.0,0.0,0.0,0.0,0.0,0.0,85.4,2.0,2018,592717
Aaron Sanchez,- - -,p,26,"6' 4""",212,R,R,2014,,-0.0229805372477814,0.0,0.0,0,0.0,-100.0,0.0,0.0,0.0,0.0,0.0,86.0,-7.0,2019,592717
Aaron Sanchez,SFG,p,28,"6' 4""",212,R,R,2014,,-0.107316962441262,0.0,0.0,0,0.0,-100.0,0.0,0.0,0.0,0.0,0.7,72.5,-8.0,2021,592717
Aaron Sanchez,- - -,p,29,"6' 4""",212,R,R,2014,,0.0,,,0,,,0.0,0.0,0.0,0.0,0.0,,,2022,592717
Abraham Almonte,KCR,OF,29,"5' 10""",223,S,R,2013,,-0.801072012031021,0.179,0.544,3,9.0,47.685137228873,0.244471643368403,0.21875,0.104477612,0.099337748,0.238410596,89.8,8.0,2018,501659
Abraham Almonte,ARI,OF,30,"5' 10""",223,S,R,2013,,0.404884957259344,0.29,0.969,1,4.0,150.70160236589,0.406027229208695,0.363636363,0.258064516,0.184210526,0.210526315,89.7,9.0,2019,501659
Abraham Almonte,SDP,OF,31,"5' 10""",223,S,R,2013,,-0.161374632646051,0.091,0.322,0,0.0,7.300863186666339,0.175396029765789,0.142857142,0.0,0.153846153,0.307692307,81.9,4.0,2020,501659
Abraham Almonte,ATL,OF,32,"5' 10""",223,S,R,2013,,-0.130154278233273,0.216,0.73,5,19.0,97.9366909432095,0.320587494373322,0.254716981,0.182432432,0.148571428,0.217142857,89.3,10.0,2021,501659
Abraham Almonte,BOS,OF,33,"5' 10""",223,S,R,2013,,-0.0501376733025439,0.257,0.697,1,2.0,92.6673588546474,0.305595054819777,0.363636363,0.142857143,0.027027027,0.324324324,88.1,15.0,2022,501659
Abraham Toro,HOU,1B,22,"6' 0""",223,S,R,2019,,0.439973628443681,0.218,0.688,2,9.0,83.5116739498826,0.294550952616702,0.258620689,0.166666667,0.101123595,0.213483146,86.9,7.0,2019,647351
Abraham Toro,HOU,1B,23,"6' 0""",223,S,R,2019,,-0.447168873427698,0.149,0.513,3,9.0,43.4928123666193,0.233704107323873,0.163934426,0.126436781,0.030927835,0.237113402,86.1,8.0,2020,647351
Abraham Toro,- - -,1B,24,"6' 0""",223,S,R,2019,,0.437639771960947,0.239,0.688,11,46.0,94.1699841650867,0.302864951133728,0.25367647,0.134328358,0.082666666,0.144,86.8,14.0,2021,647351
Abraham Toro,SEA,1B,25,"6' 0""",223,S,R,2019,,-0.617832340810236,0.185,0.563,10,35.0,62.8911971472643,0.246277019508883,0.197628458,0.138888889,0.0625,0.18465909,87.0,17.0,2022,647351
Adalberto Mondesi,KCR,ss,22,"6' 1""",200,S,R,2016,,2.75098620157182,0.276,0.804,14,37.0,113.405630596487,0.340778887892763,0.335135135,0.221818182,0.037800687,0.26460481,90.0,14.0,2018,609275
Adalberto Mondesi,KCR,ss,23,"6' 1""",200,S,R,2016,,2.58215565202056,0.263,0.715,9,62.0,81.3703378773436,0.297880380532958,0.357142857,0.161445783,0.04288939,0.297968397,88.7,10.0,2019,609275
Adalberto Mondesi,KCR,ss,24,"6' 1""",200,S,R,2016,,1.32105252334334,0.256,0.71,6,22.0,88.1449988638009,0.304564904340934,0.349650349,0.159817352,0.0472103,0.300429184,90.6,14.0,2020,609275
Adalberto Mondesi,KCR,ss,25,"6' 1""",200,S,R,2016,,0.950011385229881,0.23,0.723,6,17.0,89.2508784087098,0.306159914436197,0.298701298,0.222222222,0.044117647,0.31617647,92.3,16.0,2021,609275
Adalberto Mondesi,KCR,ss,26,"6' 1""",200,S,R,2016,,0.0177729323258902,0.14,0.344,0,3.0,-4.85348197235093,0.165591323817218,0.233333333,0.0,0.074074074,0.37037037,88.0,8.0,2022,609275
Adam Cimber,- - -,P,27,"6' 3""",195,R,R,2018,,-0.0441216027499026,0.0,0.0,0,0.0,-100.0,0.0,0.0,0.0,0.0,0.75,68.5,49.0,2018,643256
Adam Cimber,CLE,P,28,"6' 3""",195,R,R,2018,,0.0,0.0,0.0,0,0.0,,0.0,0.0,0.0,0.0,0.0,,,2019,643256
Adam Cimber,CLE,P,29,"6' 3""",195,R,R,2018,,0.0,,,0,,,0.0,0.0,0.0,0.0,0.0,,,2020,643256
Adam Cimber,- - -,P,30,"6' 3""",195,R,R,2018,,-0.0225003239763478,0.0,0.0,0,0.0,-100.0,0.0,0.0,0.0,0.0,0.5,86.3,20.0,2021,643256
Adam Cimber,TOR,P,31,"6' 3""",195,R,R,2018,,0.0,,,0,,,0.0,0.0,0.0,0.0,0.0,,,2022,643256
Adam Conley,MIA,P,28,"6' 3""",209,L,L,2015,,0.0,0.0,0.0,0,0.0,,0.0,0.0,0.0,0.0,0.0,,,2018,543045
Adam Conley,MIA,P,29,"6' 3""",209,L,L,2015,,-0.0118446988353942,0.0,0.0,0,0.0,-100.0,0.0,0.0,0.0,0.0,0.0,77.2,30.0,2019,543045
Adam Conley,TBR,P,31,"6' 3""",209,L,L,2015,,0.0,0.0,0.0,0,0.0,,0.0,0.0,0.0,0.0,0.0,,,2021,543045
Adam Duvall,- - -,cf,29,"6' 1""",233,R,R,2014,,0.298835585269946,0.195,0.639,15,61.0,68.64255155479,0.277438760928388,0.23715415,0.169270833,0.086651053,0.274004683,89.0,23.0,2018,594807
Adam Duvall,ATL,cf,30,"6' 1""",233,R,R,2014,,0.957506672463742,0.267,0.882,10,19.0,119.862543739342,0.360345000945605,0.305555555,0.3,0.053846153,0.3,91.1,26.0,2019,594807
Adam Duvall,ATL,cf,31,"6' 1""",233,R,R,2014,,0.996204109192573,0.237,0.833,16,33.0,115.217314534668,0.348187800799831,0.239669421,0.294736842,0.071770334,0.258373205,88.1,23.0,2020,594807
Adam Duvall,- - -,cf,32,"6' 1""",233,R,R,2014,,2.27198600703583,0.228,0.772,38,113.0,100.905115506703,0.324261853410879,0.259868421,0.263157895,0.063063063,0.313513513,89.8,24.0,2021,594807
Adam Duvall,ATL,cf,33,"6' 1""",233,R,R,2014,,0.847073810497292,0.213,0.677,12,36.0,87.9100702552128,0.29522826274236,0.27840909,0.18815331,0.066666666,0.32063492,88.3,23.0,2022,594807
Adam Eaton,WSN,rf,29,"5' 9""",180,L,L,2012,8000000.0,1.6107682093673,0.301,0.805,5,33.0,122.82117450912,0.357699988652831,0.364,0.109717869,0.102702702,0.172972972,87.7,9.0,2018,594809
Adam Eaton,WSN,rf,30,"5' 9""",180,L,L,2012,8000000.0,2.04411417712118,0.279,0.793,15,49.0,108.171199892388,0.341511763597751,0.319196428,0.148409894,0.099085365,0.161585365,88.9,15.0,2019,594809
Adam Eaton,WSN,rf,31,"5' 9""",180,L,L,2012,8000000.0,-0.323032165315661,0.226,0.669,4,17.0,76.0793735153522,0.287483049415008,0.260162601,0.157232704,0.068181818,0.181818181,87.8,6.0,2020,594809
Adam Eaton,- - -,rf,32,"5' 9""",180,L,L,2012,8000000.0,-0.557260971879405,0.201,0.609,6,30.0,68.2946751109956,0.270674827233167,0.252808988,0.125984252,0.076388888,0.246527777,86.6,8.0,2021,594809
Adam Engel,CHW,CF,26,"6' 2""",215,R,R,2017,,1.04777230076233,0.235,0.615,6,29.0,68.3063105889852,0.26964874539459,0.322033898,0.1002331,0.038876889,0.27861771,87.0,15.0,2018,641553
Adam Engel,CHW,CF,27,"6' 2""",215,R,R,2017,,0.83289608692536,0.242,0.687,6,26.0,82.5773092058136,0.295614481696233,0.342657342,0.140969163,0.056451612,0.314516129,86.4,11.0,2019,641553
Adam Engel,CHW,CF,28,"6' 2""",215,R,R,2017,,0.954403252042702,0.295,0.81,3,12.0,119.722693834379,0.346690804727616,0.348484848,0.181818182,0.032258064,0.204301075,87.2,14.0,2020,641553
Adam Engel,CHW,CF,29,"6' 2""",215,R,R,2017,,1.33054495056226,0.252,0.832,7,18.0,124.986953565186,0.354463022947311,0.279069767,0.243902439,0.078571428,0.221428571,86.8,14.0,2021,641553
Adam Engel,CHW,CF,30,"6' 2""",215,R,R,2017,,-0.124061729931415,0.224,0.579,2,17.0,63.1219379164943,0.25630508380507,0.317365269,0.085714286,0.042307692,0.292307692,87.9,15.0,2022,641553
Adam Frazier,PIT,2b,26,"5' 10""",190,L,R,2016,,1.84334463270482,0.277,0.798,10,35.0,115.523666326617,0.34253595551652,0.3046875,0.179245283,0.082386363,0.150568181,88.0,10.0,2018,624428
Adam Frazier,PIT,2b,27,"5' 10""",190,L,R,2016,,2.59332328999559,0.278,0.753,10,50.0,96.5864128572331,0.320018481512864,0.306382978,0.13898917,0.065789473,0.123355263,87.1,13.0,2019,624428
Adam Frazier,PIT,2b,28,"5' 10""",190,L,R,2016,,0.714850944806469,0.23,0.661,7,23.0,79.244330523309,0.290792755684998,0.245508982,0.133971292,0.073913043,0.152173913,85.5,12.0,2020,624428
Adam Frazier,- - -,2b,29,"5' 10""",190,L,R,2016,,3.25011260586423,0.305,0.779,5,43.0,112.848133825295,0.340516148869548,0.339285714,0.105719237,0.07511737,0.10798122,85.4,13.0,2021,624428
Adam Frazier,SEA,2b,30,"5' 10""",190,L,R,2016,,1.26042744493174,0.238,0.612,3,42.0,82.197538837029,0.273623925657129,0.267515923,0.072088725,0.07641196,0.121262458,85.1,14.0,2022,624428
Adam Jones,BAL,cf,32,"6' 2""",215,R,R,2006,,0.264591912598357,0.281,0.732,15,63.0,98.0866149034862,0.315300776677973,0.310924369,0.137931035,0.039151712,0.151712887,88.3,13.0,2018,430945
Adam Jones,ARI,cf,33,"6' 2""",215,R,R,2006,,-0.434447855546576,0.26,0.727,16,67.0,86.5986188519522,0.308185669581095,0.296495956,0.154639175,0.058712121,0.191287878,86.2,13.0,2019,430945
Adam Kolarek,TBR,P,29,"6' 3""",215,L,L,2017,,0.0,0.0,0.0,0,0.0,,0.0,0.0,0.0,0.0,0.0,,,2018,592473
Adam Kolarek,- - -,P,30,"6' 3""",215,L,L,2017,,-0.001387855716279,0.0,0.0,0,0.0,,0.0,0.0,0.0,0.0,0.0,,,2019,592473
Adam Kolarek,LAD,P,31,"6' 3""",215,L,L,2017,,-0.0010005825127542,0.0,0.0,0,0.0,,0.0,0.0,0.0,0.0,0.0,,,2020,592473
Adam Kolarek,OAK,P,32,"6' 3""",215,L,L,2017,,0.0,0.0,0.0,0,0.0,,0.0,0.0,0.0,0.0,0.0,,,2021,592473
Adam Kolarek,OAK,P,33,"6' 3""",215,L,L,2017,,0.0,,,0,,,0.0,0.0,0.0,0.0,0.0,,,2022,592473
Adam Moore,TBR,C,34,"6' 3""",220,R,R,2009,,0.0628586875413654,0.222,0.707,1,2.0,92.4941221816737,0.301404968688363,0.3,0.222222222,0.05,0.35,95.0,5.0,2018,446192
Adam Morgan,PHI,P,28,"6' 1""",200,L,L,2015,,0.0,0.0,0.0,0,0.0,,0.0,0.0,0.0,0.0,0.0,,,2018,605388
Adam Morgan,PHI,P,29,"6' 1""",200,L,L,2015,,0.0,0.0,0.0,0,0.0,,0.0,0.0,0.0,0.0,0.0,,,2019,605388
Adam Morgan,PHI,P,30,"6' 1""",200,L,L,2015,,0.0,,,0,,,0.0,0.0,0.0,0.0,0.0,,,2020,605388
Adam Morgan,CHC,P,31,"6' 1""",200,L,L,2015,,0.0,0.0,0.0,0,0.0,,0.0,0.0,0.0,0.0,0.0,,,2021,605388
Adam Ottavino,COL,p,32,"6' 5""",246,S,R,2010,,0.0,0.0,0.0,0,0.0,,0.0,0.0,0.0,0.0,0.0,,,2018,493603
Adam Ottavino,NYY,p,33,"6' 5""",246,S,R,2010,,0.0,0.0,0.0,0,0.0,,0.0,0.0,0.0,0.0,0.0,,,2019,493603
Adam Ottavino,NYY,p,34,"6' 5""",246,S,R,2010,,0.0,,,0,,,0.0,0.0,0.0,0.0,0.0,,,2020,493603
Adam Ottavino,BOS,p,35,"6' 5""",246,S,R,2010,,0.0,0.0,0.0,0,0.0,,0.0,0.0,0.0,0.0,0.0,,,2021,493603
Adam Ottavino,NYM,p,36,"6' 5""",246,S,R,2010,,0.0,,,0,,,0.0,0.0,0.0,0.0,0.0,,,2022,493603
Adam Rosales,CLE,inf,35,"6' 2""",200,R,R,2008,,0.096561077153472,0.211,0.671,1,2.0,75.5464053237138,0.286334720253944,0.23076923,0.210526316,0.047619047,0.238095238,87.8,16.0,2018,489267
Adam Wainwright,STL,p,36,"6' 7""",230,R,R,2005,8000000.0,-0.0514931483843194,0.091,0.182,0,1.0,-57.7840683546368,0.0799573388966647,0.2,0.0,0.0,0.5,87.5,22.0,2018,425794
Adam Wainwright,STL,p,37,"6' 7""",230,R,R,2005,8000000.0,0.176242679606197,0.16,0.409,0,2.0,5.98491289697974,0.176955055515721,0.258064516,0.06,0.033898305,0.33898305,87.9,15.0,2019,425794
Adam Wainwright,STL,p,38,"6' 7""",230,R,R,2005,8000000.0,0.0,,,0,,,0.0,0.0,0.0,0.0,0.0,,,2020,425794
Adam Wainwright,STL,p,39,"6' 7""",230,R,R,2005,8000000.0,0.105498209054504,0.123,0.325,0,4.0,-9.80772760190187,0.149228655298551,0.21875,0.035087719,0.04054054,0.337837837,86.1,5.0,2021,425794
Adam Wainwright,STL,p,40,"6' 7""",230,R,R,2005,8000000.0,0.0,,,0,,,0.0,0.0,0.0,0.0,0.0,,,2022,425794
Adam Warren,- - -,p,30,"6' 1""",224,R,R,2012,,0.0,0.0,0.0,0,0.0,,0.0,0.0,0.0,0.0,0.0,,,2018,476589
Adam Warren,SDP,p,31,"6' 1""",224,R,R,2012,,0.0,0.0,0.0,0,0.0,,0.0,0.0,0.0,0.0,0.0,,,2019,476589
Adbert Alzolay,CHC,P,24,"6' 1""",208,R,R,2019,,-0.0625879757784574,0.0,0.0,0,0.0,-100.0,0.0,0.0,0.0,0.0,0.4,84.0,-9.0,2019,640470
Adbert Alzolay,CHC,P,25,"6' 1""",208,R,R,2019,,0.0,,,0,,,0.0,0.0,0.0,0.0,0.0,,,2020,640470
Adbert Alzolay,CHC,P,26,"6' 1""",208,R,R,2019,,-0.150163307252198,0.065,0.191,0,0.0,-51.0009059037673,0.0878880750387907,0.111111111,0.032258064,0.03030303,0.393939393,82.0,-25.0,2021,640470
Adbert Alzolay,CHC,P,27,"6' 1""",208,R,R,2019,,0.0,,,0,,,0.0,0.0,0.0,0.0,0.0,,,2022,640470
Addison Reed,MIN,p,29,"6' 4""",230,L,R,2011,8375000.0,-0.0111199927579527,0.0,0.0,0,0.0,,0.0,0.0,0.0,0.0,0.0,,,2018,592665
Adeiny Hechavarría,- - -,ss,29,"6' 0""",195,R,R,2012,,0.297098759831637,0.247,0.624,6,31.0,68.3719841055345,0.267546150210528,0.280334728,0.097972973,0.049844236,0.180685358,87.2,14.0,2018,588751
Adeiny Hechavarría,- - -,ss,30,"6' 0""",195,R,R,2012,,0.519773439289148,0.241,0.742,9,33.0,93.7806573981187,0.31170125676496,0.272108843,0.201970443,0.063348416,0.21719457,87.6,12.0,2019,588751
Adeiny Hechavarría,ATL,ss,31,"6' 0""",195,R,R,2012,,-0.128253933523151,0.254,0.607,0,2.0,64.5289973582127,0.271426371165684,0.319148936,0.050847457,0.063492063,0.19047619,82.9,11.0,2020,588751
Adolis García,STL,RF,25,"6' 0""",205,R,R,2018,,-0.228226382147826,0.118,0.294,0,1.0,-27.6170210972446,0.125106211970834,0.2,0.05882353,0.0,0.411764705,84.2,14.0,2018,666969
Adolis García,TEX,RF,27,"6' 0""",205,R,R,2018,,-0.082177069127059,0.0,0.143,0,0.0,-49.0203604227482,0.0998301846640451,0.0,0.0,0.142857142,0.571428571,74.4,9.0,2020,666969
Adolis García,TEX,RF,28,"6' 0""",205,R,R,2018,,2.75635333895003,0.243,0.74,31,90.0,98.5056417532419,0.314225034985895,0.305555555,0.211703959,0.051446945,0.311897106,91.0,15.0,2021,666969
Adolis García,TEX,RF,29,"6' 0""",205,R,R,2018,,3.19522429761233,0.25,0.756,27,101.0,111.699190370383,0.324369200131365,0.309226932,0.206611571,0.0608828,0.278538812,92.1,13.0,2022,666969
Adrian Beltré,TEX,3b,39,"5' 11""",220,R,R,1998,,1.152200305896,0.273,0.762,15,65.0,97.1330325541541,0.326924672081973,0.312121212,0.161662817,0.07068607,0.199584199,88.7,14.0,2018,134181
Adrian Houser,MIL,p,25,"6' 4""",227,R,R,2015,11000000.0,0.0,0.0,0.0,0,0.0,,0.0,0.0,0.0,0.0,0.0,,,2018,605288
Adrian Houser,MIL,p,26,"6' 4""",227,R,R,2015,11000000.0,-0.115234594340119,0.045,0.216,0,0.0,-44.305538825061504,0.108218883474668,0.2,0.045454545,0.074074074,0.629629629,92.9,-1.0,2019,605288
Adrian Houser,MIL,p,27,"6' 4""",227,R,R,2015,11000000.0,0.0,,,0,,,0.0,0.0,0.0,0.0,0.0,,,2020,605288
Adrian Houser,MIL,p,28,"6' 4""",227,R,R,2015,11000000.0,0.0269374346914568,0.071,0.328,2,2.0,-16.5781585636565,0.1426255824891,0.1,0.142857143,0.04347826,0.652173913,85.4,5.0,2021,605288
Adrian Houser,MIL,p,29,"6' 4""",227,R,R,2015,11000000.0,0.0,,,0,,,0.0,0.0,0.0,0.0,0.0,,,2022,605288
Adrian Morejon,SDP,P,20,"5' 11""",224,L,L,2019,,-0.0119056735379302,0.0,0.0,0,0.0,-100.0,0.0,0.0,0.0,0.0,1.0,,,2019,670970
Adrian Morejon,SDP,P,21,"5' 11""",224,L,L,2019,,0.0,,,0,,,0.0,0.0,0.0,0.0,0.0,,,2020,670970
Adrian Morejon,SDP,P,22,"5' 11""",224,L,L,2019,,-0.010550600990778,0.0,0.0,0,0.0,-100.0,0.0,0.0,0.0,0.0,0.0,97.4,-12.0,2021,670970
Adrian Morejon,SDP,P,23,"5' 11""",224,L,L,2019,,0.0,,,0,,,0.0,0.0,0.0,0.0,0.0,,,2022,670970
Adrián González,NYM,1B,36,"6' 2""",215,L,L,2004,,-0.353867578474298,0.237,0.672,6,26.0,82.7931552944176,0.287621013172295,0.259541984,0.136094675,0.080213903,0.181818181,88.9,12.0,2018,408236
AJ Pollock,ARI,CF,30,"6' 1""",210,R,R,2012,,2.52975652926988,0.257,0.8,21,65.0,110.074516201183,0.337815019181834,0.284280936,0.227602906,0.067391304,0.217391304,89.2,13.0,2018,572041
AJ Pollock,LAD,CF,31,"6' 1""",210,R,R,2012,,0.568789887397305,0.266,0.795,15,47.0,106.735098955979,0.332677363999778,0.30044843,0.201298701,0.067251461,0.216374269,90.6,14.0,2019,572041
AJ Pollock,LAD,CF,32,"6' 1""",210,R,R,2012,,1.15575598986543,0.276,0.88,16,34.0,129.809639051371,0.36406213301791,0.277372262,0.290816326,0.057142857,0.214285714,89.6,13.0,2020,572041
AJ Pollock,LAD,CF,33,"6' 1""",210,R,R,2012,,3.15846243646012,0.297,0.891,21,69.0,136.862629146076,0.374842455655194,0.326315789,0.239583333,0.071090047,0.189573459,90.3,12.0,2021,572041
AJ Pollock,CHW,CF,34,"6' 1""",210,R,R,2012,,0.584461585909743,0.245,0.681,14,56.0,92.1105208593312,0.297366620467329,0.278215223,0.143149284,0.060721062,0.185958254,88.8,12.0,2022,572041
AJ Ramos,NYM,P,31,"5' 10""",200,R,R,2012,,0.0,0.0,0.0,0,0.0,,0.0,0.0,0.0,0.0,0.0,,,2018,573109
AJ Ramos,COL,P,33,"5' 10""",200,R,R,2012,,0.0,,,0,,,0.0,0.0,0.0,0.0,0.0,,,2020,573109
AJ Ramos,LAA,P,34,"5' 10""",200,R,R,2012,,0.0,0.0,0.0,0,0.0,,0.0,0.0,0.0,0.0,0.0,,,2021,573109
Albert Almora Jr.,CHC,OF,24,"6' 0""",190,R,R,2016,,2.1058291296825,0.286,0.701,5,41.0,89.92066108472,0.304624306804994,0.337016574,0.092342342,0.050104384,0.173277661,86.6,8.0,2018,546991
Albert Almora Jr.,CHC,OF,25,"6' 0""",190,R,R,2016,,-0.566829068864305,0.236,0.652,12,32.0,62.3958540622115,0.270868677372313,0.254681647,0.144542773,0.044077134,0.170798898,86.2,8.0,2019,546991
Albert Almora Jr.,CHC,OF,26,"6' 0""",190,R,R,2016,,-0.139309286571907,0.167,0.465,0,1.0,35.5517623624163,0.223325939739452,0.238095238,0.033333334,0.088235294,0.264705882,85.3,12.0,2020,546991
Albert Almora Jr.,NYM,OF,27,"6' 0""",190,R,R,2016,,-0.496989238958778,0.115,0.321,0,0.0,-11.4252380637575,0.143435900961911,0.171428571,0.057692308,0.037037037,0.314814814,90.3,8.0,2021,546991
Albert Almora Jr.,CIN,OF,28,"6' 0""",190,R,R,2016,,0.540018335966394,0.223,0.631,5,29.0,71.5063086608856,0.279009417845653,0.26060606,0.125581396,0.072340425,0.19574468,84.0,7.0,2022,546991
Albert Pujols,LAA,dh,38,"6' 3""",235,R,R,2001,2500000.0,-0.451417473624733,0.245,0.7,19,64.0,87.8539181386746,0.29934269274124,0.247395833,0.165591398,0.056224899,0.130522088,90.0,14.0,2018,405395
Albert Pujols,LAA,dh,39,"6' 3""",235,R,R,2001,2500000.0,-0.331213469916516,0.244,0.735,23,93.0,89.9452894666698,0.308357545339009,0.237745098,0.185336049,0.078899082,0.124770642,88.2,12.0,2019,405395
Albert Pujols,LAA,dh,40,"6' 3""",235,R,R,2001,2500000.0,-0.0635792683239329,0.224,0.665,6,25.0,74.4230721027558,0.282401090786781,0.229508196,0.171052632,0.055214723,0.153374233,88.6,16.0,2020,405395
Albert Pujols,- - -,dh,41,"6' 3""",235,R,R,2001,2500000.0,0.105783038578451,0.236,0.717,17,50.0,89.2224008327744,0.302429316393751,0.223255813,0.196363636,0.047297297,0.152027027,90.3,12.0,2021,405395
Albert Pujols,STL,dh,42,"6' 3""",235,R,R,2001,2500000.0,2.00953437896114,0.27,0.895,24,68.0,148.47397909801,0.379886324746268,0.252136752,0.280130293,0.079772079,0.156695156,91.2,16.0,2022,405395
Alcides Escobar,KCR,ss,31,"6' 1""",205,R,R,2008,,-0.89162043720674,0.231,0.592,4,34.0,58.9182084787261,0.260932660080007,0.262773722,0.082474226,0.054613935,0.139359698,84.6,11.0,2018,444876
Alcides Escobar,WSN,ss,34,"6' 1""",205,R,R,2008,,1.38945391962395,0.288,0.744,4,28.0,101.528164634155,0.324587256489295,0.33716475,0.115987461,0.048710601,0.160458452,81.7,11.0,2021,444876
Alcides Escobar,WSN,ss,35,"6' 1""",205,R,R,2008,,-0.315542842938231,0.218,0.542,0,8.0,53.0362616186966,0.241935890139514,0.29347826,0.064516129,0.038167938,0.244274809,81.8,16.0,2022,444876
Alec Bohm,PHI,3B,23,"6' 4""",218,R,R,2020,,1.30898038018093,0.338,0.881,4,23.0,137.922347759305,0.381066499153773,0.409836065,0.14375,0.088888888,0.2,90.2,5.0,2020,664761
Alec Bohm,PHI,3B,24,"6' 4""",218,R,R,2020,,-0.0154546811596466,0.247,0.647,7,47.0,75.6696681034495,0.285010525934416,0.327067669,0.094736842,0.074340527,0.26618705,92.0,6.0,2021,664761
Alec Bohm,PHI,3B,25,"6' 4""",218,R,R,2020,,1.40709318414915,0.28,0.713,13,72.0,98.4615222671545,0.30977168102113,0.3192389,0.11774744,0.049128367,0.174326465,90.2,10.0,2022,664761
Alec Mills,CHC,P,26,"6' 4""",205,R,R,2016,,0.0170466221790061,0.2,0.4,0,0.0,3.91526187129128,0.175906145572662,0.333333333,0.0,0.0,0.4,80.7,8.0,2018,621219
Alec Mills,CHC,P,27,"6' 4""",205,R,R,2016,,-0.0774119805498201,0.083,0.166,0,0.0,-67.5910557472823,0.0724672724803289,0.166666666,0.0,0.0,0.5,79.6,2.0,2019,621219
Alec Mills,CHC,P,28,"6' 4""",205,R,R,2016,,0.0009940738801632,0.0,0.0,0,0.0,-100.0,0.0,0.0,0.0,0.0,1.0,,,2020,621219
Alec Mills,CHC,P,29,"6' 4""",205,R,R,2016,,-0.288387454921206,0.031,0.094,0,0.0,-82.903053737565,0.0388014540076256,0.166666666,0.03125,0.0,0.722222222,89.4,-3.0,2021,621219
Alec Mills,CHC,P,30,"6' 4""",205,R,R,2016,,0.0,0.0,0.0,0,0.0,,0.0,0.0,0.0,0.0,0.0,,,2022,621219
Aledmys Díaz,TOR,ss,27,"6' 1""",195,R,R,2016,7250000.0,1.45616875568852,0.263,0.756,18,55.0,101.461366701011,0.321229476398892,0.268786127,0.18957346,0.050884955,0.137168141,89.1,14.0,2018,649557
Aledmys Díaz,HOU,ss,28,"6' 1""",195,R,R,2016,7250000.0,1.43213591413463,0.271,0.823,9,40.0,117.644105827897,0.345018322390269,0.268156424,0.195238095,0.105263157,0.113360323,88.3,12.0,2019,649557
Aledmys Díaz,HOU,ss,29,"6' 1""",195,R,R,2016,7250000.0,0.0751336550991856,0.241,0.737,3,6.0,93.7932730693831,0.307149697158296,0.255813953,0.24137931,0.016949152,0.20338983,87.3,10.0,2020,649557
Aledmys Díaz,HOU,ss,30,"6' 1""",195,R,R,2016,7250000.0,1.45968432815507,0.259,0.722,8,45.0,97.2705905946145,0.31078117406821,0.303571428,0.146258503,0.050156739,0.194357366,88.7,14.0,2021,649557
Aledmys Díaz,HOU,ss,31,"6' 1""",195,R,R,2016,7250000.0,0.819265592010026,0.243,0.69,12,38.0,96.6822329222197,0.30094717073878,0.256198347,0.160655738,0.055045871,0.16207951,86.6,12.0,2022,649557
Alejandro Kirk,TOR,C,21,"5' 8""",245,R,R,2020,,0.110032478240301,0.375,0.983,1,3.0,165.114376159555,0.41797155380249,0.421052631,0.208333333,0.04,0.16,95.0,6.0,2020,672386
Alejandro Kirk,TOR,C,22,"5' 8""",245,R,R,2020,,0.737922143081702,0.242,0.764,8,24.0,105.600783819389,0.330111432012427,0.233576642,0.193939394,0.1005291,0.116402116,92.3,15.0,2021,672386
Alejandro Kirk,TOR,C,23,"5' 8""",245,R,R,2020,,4.2788932221218,0.285,0.787,14,63.0,129.137764377937,0.347197119291727,0.298507462,0.129787235,0.116451016,0.107208872,90.5,8.0,2022,672386
Alex Avila,ARI,c,31,"5' 11""",228,L,R,2009,,0.847680832746985,0.165,0.603,7,20.0,66.5605108517125,0.272690703642779,0.252525252,0.139175258,0.158119658,0.384615384,89.7,9.0,2018,488671
Alex Avila,ARI,c,32,"5' 11""",228,L,R,2009,,1.54710101432796,0.207,0.774,9,24.0,96.467385548554,0.323248549220488,0.287356321,0.213414634,0.179104477,0.338308457,91.4,9.0,2019,488671
Alex Avila,MIN,c,33,"5' 11""",228,L,R,2009,,0.187912837096304,0.184,0.641,1,2.0,92.9707975183826,0.304746566280242,0.307692307,0.102040816,0.177419354,0.354838709,85.3,13.0,2020,488671
Alex Avila,WSN,c,34,"5' 11""",228,L,R,2009,,0.365231217600868,0.191,0.693,1,9.0,92.8133348168659,0.311178079438866,0.31372549,0.157303371,0.171171171,0.333333333,88.6,11.0,2021,488671
Alex Bregman,HOU,3b,24,"5' 10""",190,R,R,2016,35000000.0,7.8921458912977,0.286,0.926,31,103.0,156.853657876018,0.39562162218528,0.288981288,0.245791245,0.136170212,0.120567375,89.4,17.0,2018,608324
Alex Bregman,HOU,3b,25,"5' 10""",190,R,R,2016,35000000.0,8.32339222268343,0.296,1.015,41,112.0,167.294541010789,0.418430228132841,0.280821917,0.296028881,0.172463768,0.120289855,89.2,20.0,2019,608324
Alex Bregman,HOU,3b,26,"5' 10""",190,R,R,2016,35000000.0,1.25138338431169,0.242,0.801,6,22.0,119.524648796595,0.344721044242049,0.25409836,0.209150327,0.133333333,0.144444444,88.9,17.0,2020,608324
Alex Bregman,HOU,3b,27,"5' 10""",190,R,R,2016,35000000.0,2.13996876916016,0.27,0.777,12,55.0,114.014543811364,0.335558591015411,0.285714285,0.152298851,0.11,0.1325,89.0,16.0,2021,608324
Alex Bregman,HOU,3b,28,"5' 10""",190,R,R,2016,35000000.0,5.39796117384337,0.259,0.82,23,93.0,136.796928323256,0.357768542074975,0.259825327,0.195255475,0.132621951,0.117378048,88.9,19.0,2022,608324
Alex Claudio,TEX,P,26,"6' 2""",190,L,L,2014,,0.0,0.0,0.0,0,0.0,,0.0,0.0,0.0,0.0,0.0,,,2018,592222
Alex Claudio,MIL,P,27,"6' 2""",190,L,L,2014,,0.0,0.0,0.0,0,0.0,,0.0,0.0,0.0,0.0,0.0,,,2019,592222
Alex Claudio,MIL,P,28,"6' 2""",190,L,L,2014,,0.0,,,0,,,0.0,0.0,0.0,0.0,0.0,,,2020,592222
Alex Claudio,LAA,P,29,"6' 2""",190,L,L,2014,,0.0,0.0,0.0,0,0.0,,0.0,0.0,0.0,0.0,0.0,,,2021,592222
Alex Claudio,NYM,P,30,"6' 2""",190,L,L,2014,,0.0,,,0,,,0.0,0.0,0.0,0.0,0.0,,,2022,592222
Alex Cobb,BAL,p,30,"6' 3""",205,R,R,2011,,0.0104278087836233,0.167,0.334,0,0.0,-17.0434264141381,0.146588454643885,0.25,0.0,0.0,0.285714285,76.4,-9.0,2018,502171
Alex Cobb,BAL,p,31,"6' 3""",205,R,R,2011,,0.0,,,0,,,0.0,0.0,0.0,0.0,0.0,,,2019,502171
Alex Cobb,BAL,p,32,"6' 3""",205,R,R,2011,,0.0,,,0,,,0.0,0.0,0.0,0.0,0.0,,,2020,502171
Alex Cobb,LAA,p,33,"6' 3""",205,R,R,2011,,-0.010888028271121,0.0,0.0,0,0.0,-100.0,0.0,0.0,0.0,0.0,0.0,80.1,34.0,2021,502171
Alex Cobb,SFG,p,34,"6' 3""",205,R,R,2011,,0.0,,,0,,,0.0,0.0,0.0,0.0,0.0,,,2022,502171
Alex Colomé,- - -,p,29,"6' 2""",240,R,R,2013,,0.0,0.0,0.0,0,0.0,,0.0,0.0,0.0,0.0,0.0,,,2018,517008
Alex Colomé,CHW,p,30,"6' 2""",240,R,R,2013,,0.0,0.0,0.0,0,0.0,,0.0,0.0,0.0,0.0,0.0,,,2019,517008
Alex Colomé,CHW,p,31,"6' 2""",240,R,R,2013,,0.0,,,0,,,0.0,0.0,0.0,0.0,0.0,,,2020,517008
Alex Colomé,MIN,p,32,"6' 2""",240,R,R,2013,,0.0,0.0,0.0,0,0.0,,0.0,0.0,0.0,0.0,0.0,,,2021,517008
Alex Colomé,COL,p,33,"6' 2""",240,R,R,2013,,0.0,0.0,0.0,0,0.0,,0.0,0.0,0.0,0.0,0.0,,,2022,517008
Alex Dickerson,- - -,LF,29,"6' 2""",226,L,L,2015,,0.632481831049811,0.276,0.821,6,28.0,112.458111966157,0.340596043874347,0.330708661,0.212643679,0.068421052,0.221052631,89.6,16.0,2019,543105
Alex Dickerson,SFG,LF,30,"6' 2""",226,L,L,2015,,1.1464338535981,0.298,0.947,10,27.0,149.433084676199,0.393757077909651,0.3125,0.278145695,0.094117647,0.176470588,90.9,18.0,2020,543105
Alex Dickerson,SFG,LF,31,"6' 2""",226,L,L,2015,,0.194985033717645,0.233,0.724,13,38.0,97.7561475554295,0.312629553857724,0.273195876,0.187279152,0.073717948,0.243589743,87.4,17.0,2021,543105
Alex Dickerson,ATL,LF,32,"6' 2""",226,L,L,2015,,-0.330704419091989,0.121,0.406,1,2.0,15.0039338708526,0.188605159521103,0.130434782,0.090909091,0.083333333,0.25,90.1,18.0,2022,543105
Alex Gordon,KCR,If,34,"6' 1""",220,L,R,2007,,1.19810573160096,0.245,0.694,13,54.0,88.6931011630111,0.304564984237894,0.299191374,0.124505929,0.088028169,0.218309859,88.4,11.0,2018,460086
Alex Gordon,KCR,If,35,"6' 1""",220,L,R,2007,,0.658886458687072,0.266,0.741,13,76.0,95.4452454461912,0.318691190830462,0.300668151,0.129496403,0.08056872,0.157977883,88.7,9.0,2019,460086
Alex Gordon,KCR,If,36,"6' 1""",220,L,R,2007,,0.09082637751984,0.209,0.606,4,11.0,67.8168878819313,0.274883066830428,0.245901639,0.098159509,0.097826086,0.201086956,82.8,12.0,2020,460086
Alex Jackson,ATL,C,23,"6' 1""",238,R,R,2019,,-0.250704613038668,0.0,0.133,0,0.0,-82.5673332346503,0.0513725663934435,0.0,0.0,0.066666666,0.333333333,78.5,28.0,2019,656577
Alex Jackson,ATL,C,24,"6' 1""",238,R,R,2019,,0.0126279926941671,0.286,0.715,0,0.0,85.343101438276,0.302946857043675,0.666666666,0.142857143,0.0,0.571428571,79.4,10.0,2020,656577
Alex Jackson,- - -,C,25,"6' 1""",238,R,R,2019,,-0.468596741589972,0.137,0.489,3,12.0,37.3162296723622,0.2267325091362,0.272727272,0.099236641,0.086092715,0.483443708,89.6,21.0,2021,656577
Alex Jackson,MIL,C,26,"6' 1""",238,R,R,2019,,-0.0384327721558169,0.25,0.5,0,0.0,37.9549782430668,0.220962703227997,0.6,0.0,0.0,0.583333333,79.7,17.0,2022,656577
Alex Verdugo,LAD,If,22,"6' 0""",209,L,L,2017,1500000.0,0.252312506680126,0.26,0.706,1,4.0,97.8005495242579,0.311348399695228,0.306451612,0.116883117,0.093023255,0.162790697,88.4,5.0,2018,657077
Alex Verdugo,LAD,If,23,"6' 0""",209,L,L,2017,1500000.0,2.16632704461475,0.294,0.817,12,44.0,112.367924607759,0.341274849119339,0.309027777,0.180758017,0.068965517,0.129973474,89.4,9.0,2019,657077
Alex Verdugo,BOS,If,24,"6' 0""",209,L,L,2017,1500000.0,1.56240607493097,0.308,0.845,6,15.0,125.068085242467,0.36192383332686,0.370860927,0.169154229,0.076923076,0.203619909,87.0,6.0,2020,657077
Alex Verdugo,BOS,If,25,"6' 0""",209,L,L,2017,1500000.0,1.86369094733678,0.289,0.777,13,63.0,106.042073915806,0.333887036428802,0.327272727,0.137867647,0.084437086,0.158940397,90.0,8.0,2021,657077
Alex Verdugo,BOS,If,26,"6' 0""",209,L,L,2017,1500000.0,1.07067770246842,0.28,0.733,11,74.0,102.291737496957,0.319227724524673,0.30876494,0.124789207,0.065217391,0.133540372,89.1,8.0,2022,657077
Alex Vesia,MIA,P,24,"6' 1""",209,L,L,2020,,0.0,,,0,,,0.0,0.0,0.0,0.0,0.0,,,2020,681911
Alex Vesia,LAD,P,25,"6' 1""",209,L,L,2020,,0.0134412857085444,0.0,0.25,0,0.0,5.63606728703361,0.172929137945175,0.0,0.0,0.25,0.75,,,2021,681911
Alex Vesia,LAD,P,26,"6' 1""",209,L,L,2020,,0.0,,,0,,,0.0,0.0,0.0,0.0,0.0,,,2022,681911
Alex Wilson,DET,P,31,"6' 0""",227,R,R,2013,,0.0,0.0,0.0,0,0.0,,0.0,0.0,0.0,0.0,0.0,,,2018,543935
Alex Wilson,MIL,P,32,"6' 0""",227,R,R,2013,,0.0,0.0,0.0,0,0.0,,0.0,0.0,0.0,0.0,0.0,,,2019,543935
Alex Wood,LAD,p,27,"6' 4""",215,R,L,2013,,-0.355168214584897,0.045,0.09,0,0.0,-83.5201107530304,0.0399786694483324,0.105263157,0.0,0.0,0.5,81.4,-13.0,2018,622072
Alex Wood,CIN,p,28,"6' 4""",215,R,L,2013,,0.0369499785241292,0.222,0.444,0,0.0,7.66379584347448,0.193246059947544,0.5,0.0,0.0,0.416666666,92.4,11.0,2019,622072
Alex Wood,LAD,p,29,"6' 4""",215,R,L,2013,,0.0,,,0,,,0.0,0.0,0.0,0.0,0.0,,,2020,622072
Alex Wood,SFG,p,30,"6' 4""",215,R,L,2013,,-0.254165517213904,0.0,0.116,0,0.0,-53.1525016793856,0.0804321571838024,0.0,0.0,0.106382978,0.553191489,85.7,-7.0,2021,622072
Alex Wood,SFG,p,31,"6' 4""",215,R,L,2013,,0.0,,,0,,,0.0,0.0,0.0,0.0,0.0,,,2022,622072
Alex Young,ARI,P,25,"6' 3""",220,L,L,2019,,-0.240929649565701,0.04,0.08,0,0.0,-92.5261226587502,0.0347842907905579,0.142857142,0.0,0.0,0.72,73.1,-37.0,2019,622065
Alex Young,ARI,P,26,"6' 3""",220,L,L,2019,,0.0,,,0,,,0.0,0.0,0.0,0.0,0.0,,,2020,622065
Alex Young,- - -,P,27,"6' 3""",220,L,L,2019,,-0.0448902580749766,0.0,0.0,0,0.0,-100.0,0.0,0.0,0.0,0.0,1.0,,,2021,622065
Alex Young,- - -,P,28,"6' 3""",220,L,L,2019,,0.0,,,0,,,0.0,0.0,0.0,0.0,0.0,,,2022,622065
Alexi Ogando,CLE,P,34,"6' 4""",200,R,R,2010,,0.0,,,0,,,0.0,0.0,0.0,0.0,0.0,,,2018,468396
Amed Rosario,NYM,ss,22,"6' 1""",227,R,R,2017,2500000.0,0.398668888519252,0.256,0.676,9,51.0,84.5596023193165,0.290264728741768,0.31002331,0.124548736,0.048986486,0.201013513,87.8,8.0,2018,642708
Amed Rosario,NYM,ss,23,"6' 1""",227,R,R,2017,2500000.0,1.91050317566795,0.287,0.755,15,72.0,100.746804918107,0.318238359991856,0.3375,0.144480519,0.047328244,0.189312977,89.4,9.0,2019,642708
Amed Rosario,NYM,ss,24,"6' 1""",227,R,R,2017,2500000.0,0.269220213557791,0.252,0.643,4,15.0,76.4387148895435,0.276835840575549,0.304761904,0.118881119,0.027210884,0.231292517,86.5,4.0,2020,642708
Amed Rosario,CLE,ss,25,"6' 1""",227,R,R,2017,2500000.0,2.80338106669864,0.282,0.73,11,57.0,101.620425915183,0.315413266420364,0.340425531,0.127272728,0.052721088,0.204081632,88.8,6.0,2021,642708
Amed Rosario,CLE,ss,26,"6' 1""",227,R,R,2017,2500000.0,3.05066190493547,0.283,0.715,11,71.0,103.656256844672,0.31125066031271,0.325626204,0.120879121,0.037313432,0.165671641,88.4,5.0,2022,642708
Amir Garrett,CIN,P,26,"6' 5""",239,R,L,2017,,-0.0233888260415,0.0,0.0,0,0.0,-100.0,0.0,0.0,0.0,0.0,0.5,96.4,4.0,2018,607237
Amir Garrett,CIN,P,27,"6' 5""",239,R,L,2017,,0.0,0.0,0.0,0,0.0,,0.0,0.0,0.0,0.0,0.0,,,2019,607237
Amir Garrett,CIN,P,28,"6' 5""",239,R,L,2017,,0.0,,,0,,,0.0,0.0,0.0,0.0,0.0,,,2020,607237
Amir Garrett,CIN,P,29,"6' 5""",239,R,L,2017,,0.0,0.0,0.0,0,0.0,,0.0,0.0,0.0,0.0,0.0,,,2021,607237
Amir Garrett,KCR,P,30,"6' 5""",239,R,L,2017,,0.0,,,0,,,0.0,0.0,0.0,0.0,0.0,,,2022,607237
Andrelton Simmons,LAA,ss,28,"6' 2""",195,R,R,2012,4000000.0,4.34060481262065,0.292,0.754,11,75.0,105.972424010658,0.325893670769792,0.299603174,0.124548737,0.058333333,0.073333333,88.2,8.0,2018,592743
Andrelton Simmons,LAA,ss,29,"6' 2""",195,R,R,2012,4000000.0,2.13616887274621,0.264,0.673,7,40.0,77.5896320017476,0.290088775732839,0.276836158,0.100502513,0.056603773,0.08726415,87.8,9.0,2019,592743
Andrelton Simmons,LAA,ss,30,"6' 2""",195,R,R,2012,4000000.0,0.466296847621955,0.297,0.702,0,10.0,95.0846590971306,0.31256984913443,0.343137254,0.059322034,0.062992125,0.125984251,86.5,6.0,2020,592743
Andrelton Simmons,MIN,ss,31,"6' 2""",195,R,R,2012,4000000.0,0.937406389779388,0.223,0.557,3,31.0,57.9922768593069,0.252025225332805,0.255747126,0.050970874,0.070953436,0.137472283,84.1,4.0,2021,592743
Andrelton Simmons,CHC,ss,32,"6' 2""",195,R,R,2012,4000000.0,-0.19196441062137,0.173,0.431,0,7.0,28.9656280495894,0.203523102329998,0.209677419,0.013333333,0.082352941,0.152941176,81.4,1.0,2022,592743
Andrew Benintendi,BOS,If,23,"5' 9""",185,L,L,2016,15000000.0,4.35015012995996,0.29,0.831,16,87.0,122.548489274733,0.357384712772167,0.327586206,0.174438687,0.10741301,0.160363086,88.5,13.0,2018,643217
Andrew Benintendi,BOS,If,24,"5' 9""",185,L,L,2016,15000000.0,1.35734846675846,0.266,0.774,13,68.0,100.316045336669,0.329596451866256,0.333333333,0.164510166,0.095934959,0.227642276,89.1,18.0,2019,643217
Andrew Benintendi,BOS,If,25,"5' 9""",185,L,L,2016,15000000.0,-0.323619197935161,0.103,0.442,0,1.0,42.3862543583864,0.241196990013123,0.181818181,0.025641026,0.211538461,0.326923076,85.2,9.0,2020,643217
Andrew Benintendi,KCR,If,26,"5' 9""",185,L,L,2016,15000000.0,1.41921761134662,0.276,0.766,17,73.0,104.130501509271,0.328178527412912,0.309090909,0.166328601,0.066914498,0.180297397,89.6,15.0,2021,643217
Andrew Benintendi,- - -,If,27,"5' 9""",185,L,L,2016,15000000.0,2.00256966401433,0.304,0.772,5,51.0,120.683802596549,0.341870864538046,0.3515625,0.095444686,0.099808061,0.147792706,89.2,13.0,2022,643217
Andrew Cashner,BAL,p,31,"6' 6""",235,R,R,2010,,-0.0323514379422868,0.0,0.0,0,0.0,-100.0,0.0,0.0,0.0,0.0,0.333333333,64.0,-4.0,2018,488768
Andrew Cashner,- - -,p,32,"6' 6""",235,R,R,2010,,-0.0355372513131822,0.0,0.0,0,0.0,-100.0,0.0,0.0,0.0,0.0,0.0,81.4,-29.0,2019,488768
Andrew Chafin,ARI,p,28,"6' 2""",235,R,L,2014,,0.0,0.0,0.0,0,0.0,,0.0,0.0,0.0,0.0,0.0,,,2018,605177
Andrew Chafin,ARI,p,29,"6' 2""",235,R,L,2014,,0.0,0.0,0.0,0,0.0,,0.0,0.0,0.0,0.0,0.0,,,2019,605177
Andrew Chafin,- - -,p,30,"6' 2""",235,R,L,2014,,0.0,,,0,,,0.0,0.0,0.0,0.0,0.0,,,2020,605177
Andrew Chafin,- - -,p,31,"6' 2""",235,R,L,2014,,0.0,0.0,0.0,0,0.0,,0.0,0.0,0.0,0.0,0.0,,,2021,605177
Andrew Chafin,DET,p,32,"6' 2""",235,R,L,2014,,0.0,,,0,,,0.0,0.0,0.0,0.0,0.0,,,2022,605177
Andrew Heaney,LAA,p,27,"6' 2""",200,L,L,2014,,-0.018262322772886,0.125,0.25,0,0.0,-41.3944093731959,0.109941340982914,0.5,0.0,0.0,0.75,88.4,-19.0,2018,571760
Andrew Heaney,LAA,p,28,"6' 2""",200,L,L,2014,,0.0,,,0,,,0.0,0.0,0.0,0.0,0.0,,,2019,571760
Andrew Heaney,LAA,p,29,"6' 2""",200,L,L,2014,,0.0,,,0,,,0.0,0.0,0.0,0.0,0.0,,,2020,571760
Andrew Heaney,- - -,p,30,"6' 2""",200,L,L,2014,,0.0865548003661486,0.333,0.833,0,0.0,153.789457281904,0.392692968249321,1.0,0.0,0.25,0.5,94.1,10.0,2021,571760
Andrew Heaney,LAD,p,31,"6' 2""",200,L,L,2014,,0.0,,,0,,,0.0,0.0,0.0,0.0,0.0,,,2022,571760
Andrew Kittredge,TBR,p,28,"6' 1""",235,R,R,2017,10000000.0,-0.010305103001857,0.0,0.0,0,0.0,-100.0,0.0,0.0,0.0,0.0,1.0,,,2018,552640
Andrew Kittredge,TBR,p,29,"6' 1""",235,R,R,2017,10000000.0,0.0,0.0,0.0,0,0.0,,0.0,0.0,0.0,0.0,0.0,,,2019,552640
Andrew Kittredge,TBR,p,30,"6' 1""",235,R,R,2017,10000000.0,0.0,,,0,,,0.0,0.0,0.0,0.0,0.0,,,2020,552640
Andrew Kittredge,TBR,p,31,"6' 1""",235,R,R,2017,10000000.0,0.0,0.0,0.0,0,0.0,,0.0,0.0,0.0,0.0,0.0,,,2021,552640
Andrew Kittredge,TBR,p,32,"6' 1""",235,R,R,2017,10000000.0,0.0,,,0,,,0.0,0.0,0.0,0.0,0.0,,,2022,552640
Andrew Knapp,PHI,C,26,"6' 0""",189,S,R,2017,,-0.653609546413294,0.198,0.61,4,15.0,67.7021828660729,0.272541084759672,0.302752293,0.117647059,0.111627906,0.348837209,88.4,13.0,2018,595284
Andrew Knapp,PHI,C,27,"6' 0""",189,S,R,2017,,0.149583923229042,0.213,0.642,2,8.0,69.4206631548975,0.281834455843895,0.325301204,0.110294117,0.1125,0.31875,89.2,16.0,2019,595284
Andrew Knapp,PHI,C,28,"6' 0""",189,S,R,2017,,0.464232296066002,0.278,0.848,2,15.0,132.263459518537,0.372496785742513,0.346153846,0.166666667,0.168539325,0.213483146,86.8,12.0,2020,595284
Andrew Knapp,PHI,C,29,"6' 0""",189,S,R,2017,,-1.31140381829619,0.152,0.429,2,11.0,18.1286511976352,0.196474352592154,0.240963855,0.062068966,0.062893081,0.383647798,86.2,13.0,2021,595284
Andrew Knapp,- - -,C,30,"6' 0""",189,S,R,2017,,-0.450762306350696,0.128,0.393,0,4.0,19.870643974484,0.194800277119098,0.178571428,0.025641025,0.108695652,0.260869565,86.3,17.0,2022,595284
Andrew Knizner,STL,C,24,"6' 0""",225,R,R,2019,,-0.205615473106138,0.226,0.67,2,7.0,79.2540707877172,0.288787115236809,0.27027027,0.150943396,0.068965517,0.24137931,87.6,7.0,2019,668800
Andrew Knizner,STL,C,25,"6' 0""",225,R,R,2019,,-0.0551401389861471,0.25,0.548,0,4.0,42.1120801233295,0.228569388389587,0.333333333,0.0625,0.0,0.294117647,94.3,-4.0,2020,668800
Andrew Knizner,STL,C,26,"6' 0""",225,R,R,2019,,-0.98653981875093,0.174,0.517,1,9.0,48.112637067019,0.238348516610151,0.223140495,0.062111801,0.108108108,0.21081081,87.5,8.0,2021,668800
Andrew Knizner,STL,C,27,"6' 0""",225,R,R,2019,,-0.0444931926933507,0.215,0.601,4,25.0,76.6456499874295,0.274839483303567,0.268041237,0.084615385,0.088737201,0.211604095,86.0,16.0,2022,668800
Andrew McCutchen,- - -,dh,31,"5' 10""",190,R,R,2009,,1.97368375365619,0.255,0.792,20,65.0,120.531387245393,0.347171927513705,0.304136253,0.168717047,0.139296187,0.21260997,90.0,13.0,2018,457705
Andrew McCutchen,PHI,dh,32,"5' 10""",190,R,R,2009,,1.08735262452328,0.256,0.835,10,29.0,119.59233943594,0.358412405689254,0.298701298,0.200913242,0.164122137,0.209923664,90.6,13.0,2019,457705
Andrew McCutchen,PHI,dh,33,"5' 10""",190,R,R,2009,,-0.0333751789886959,0.253,0.757,10,34.0,102.221190418946,0.327001341151004,0.28125,0.179723502,0.091286307,0.199170124,89.7,18.0,2020,457705
Andrew McCutchen,PHI,dh,34,"5' 10""",190,R,R,2009,,1.46490173136122,0.222,0.778,27,80.0,107.936892833493,0.334658876895071,0.242424242,0.221991701,0.141114982,0.229965156,88.8,15.0,2021,457705
Andrew McCutchen,MIL,dh,35,"5' 10""",190,R,R,2009,,0.587017376934477,0.237,0.7,17,69.0,98.1626878790649,0.309014726796916,0.277777777,0.147572816,0.098275862,0.213793103,89.1,13.0,2022,457705
Andrew Miller,CLE,p,33,"6' 7""",200,L,L,2006,,-0.0111251360760329,0.0,0.0,0,0.0,-100.0,0.0,0.0,0.0,0.0,1.0,,,2018,453192
Andrew Miller,STL,p,34,"6' 7""",200,L,L,2006,,0.0,0.0,0.0,0,0.0,,0.0,0.0,0.0,0.0,0.0,,,2019,453192
Andrew Miller,STL,p,35,"6' 7""",200,L,L,2006,,0.0,,,0,,,0.0,0.0,0.0,0.0,0.0,,,2020,453192
Andrew Miller,STL,p,36,"6' 7""",200,L,L,2006,,0.0,0.0,0.0,0,0.0,,0.0,0.0,0.0,0.0,0.0,,,2021,453192
Andrew Romine,SEA,ss,32,"6' 1""",190,S,R,2010,,-0.11387512114012,0.21,0.504,0,2.0,42.2492616522975,0.22810513719799,0.3125,0.033613445,0.053435114,0.297709923,81.1,11.0,2018,461865
Andrew Romine,TEX,ss,34,"6' 1""",190,S,R,2010,,0.0265006124238756,0.25,0.75,0,0.0,94.5930747450251,0.309525549411774,0.333333333,0.25,0.0,0.25,84.0,24.0,2020,461865
Andrew Romine,CHC,ss,35,"6' 1""",190,S,R,2010,,-0.213513510718932,0.183,0.501,1,5.0,36.984263073664,0.223267506808043,0.285714285,0.083333333,0.0625,0.375,80.5,7.0,2021,461865
Andrew Stevenson,WSN,CF,24,"5' 11""",191,L,L,2017,,-0.169433468915127,0.253,0.626,1,13.0,68.194273260929,0.275943792567534,0.333333333,0.066666667,0.069767441,0.26744186,89.0,8.0,2018,664057
Andrew Stevenson,WSN,CF,25,"5' 11""",191,L,L,2017,,0.351184205935407,0.367,0.953,0,0.0,157.702023039286,0.417111567548803,0.578947368,0.1,0.162162162,0.297297297,84.6,12.0,2019,664057
Andrew Stevenson,WSN,CF,26,"5' 11""",191,L,L,2017,,0.865110491249969,0.366,1.179,2,12.0,206.832849319041,0.48549364221857,0.464285714,0.365853659,0.106382978,0.234042553,92.2,10.0,2020,664057
Andrew Stevenson,WSN,CF,27,"5' 11""",191,L,L,2017,,-0.224507116848622,0.229,0.633,5,23.0,70.0309215005198,0.276123646914103,0.307086614,0.109375,0.061032863,0.286384976,89.6,8.0,2021,664057
Andrew Susac,BAL,C,28,"6' 1""",220,R,R,2014,,-0.345775655614142,0.115,0.269,0,0.0,-38.1707601348689,0.115628320437211,0.214285714,0.038461538,0.0,0.461538461,89.0,23.0,2018,572180
Andrew Susac,PIT,C,30,"6' 1""",220,R,R,2014,,-0.0046849568854807,0.0,0.5,0,0.0,117.948518362263,0.349405646324158,0.0,0.0,0.5,0.0,79.2,45.0,2020,572180
Andrew Velazquez,TBR,SS,23,"5' 8""",170,S,R,2018,,0.173763419819253,0.3,0.817,0,0.0,137.94119100555,0.368003403147062,0.428571428,0.1,0.083333333,0.25,88.0,14.0,2018,623205
Andrew Velazquez,- - -,SS,24,"5' 8""",170,S,R,2018,,-0.243480594289882,0.087,0.299,0,0.0,-27.5711740208202,0.13015095392863,0.2,0.086956522,0.041666666,0.541666666,92.1,18.0,2019,623205
Andrew Velazquez,BAL,SS,25,"5' 8""",170,S,R,2018,,-0.197208198729663,0.159,0.48,0,3.0,38.8441497066807,0.230747157580232,0.25,0.047619048,0.129870129,0.298701298,82.4,7.0,2020,623205
Andrew Velazquez,NYY,SS,26,"5' 8""",170,S,R,2018,,-0.27739370240012,0.224,0.593,1,6.0,58.8053720578956,0.252122024402899,0.325581395,0.134328358,0.014705882,0.338235294,90.2,10.0,2021,623205
Andrew Velazquez,LAA,SS,27,"5' 8""",170,S,R,2018,,0.130897059278374,0.196,0.54,9,28.0,49.4702321303036,0.238742752082146,0.274111675,0.108695653,0.042979942,0.340974212,88.0,8.0,2022,623205
Andrés Giménez,NYM,2B,21,"5' 11""",161,L,R,2020,,1.22296517546321,0.263,0.731,3,12.0,105.383438039567,0.320669182322242,0.318181818,0.13559322,0.053030303,0.212121212,86.8,13.0,2020,665926
Andrés Giménez,CLE,2B,22,"5' 11""",161,L,R,2020,,0.684123788546923,0.218,0.633,5,16.0,75.9006753034305,0.277353617278012,0.272727272,0.132978723,0.052380952,0.257142857,86.3,9.0,2021,665926
Andrés Giménez,CLE,2B,23,"5' 11""",161,L,R,2020,,6.11738344803413,0.297,0.837,17,69.0,140.951693722784,0.364078628886593,0.353424657,0.16904277,0.061041292,0.201077199,87.8,12.0,2022,665926
Andrés Muñoz,SDP,P,20,"6' 2""",222,R,R,2019,,0.0,0.0,0.0,0,0.0,,0.0,0.0,0.0,0.0,0.0,,,2019,662253
Andrés Muñoz,SEA,P,22,"6' 2""",222,R,R,2019,,0.0,,,0,,,0.0,0.0,0.0,0.0,0.0,,,2021,662253
Andrés Muñoz,SEA,P,23,"6' 2""",222,R,R,2019,,0.0,,,0,,,0.0,0.0,0.0,0.0,0.0,,,2022,662253
Anthony Alford,TOR,LF,23,"6' 0""",215,R,R,2017,,-0.163398960036431,0.105,0.295,0,1.0,-15.7724167763836,0.149434316725958,0.2,0.0,0.095238095,0.428571428,86.4,19.0,2018,546990
Anthony Alford,TOR,LF,24,"6' 0""",215,R,R,2017,,-0.0378266198236206,0.179,0.519,1,1.0,36.8753259555892,0.227582520246506,0.25,0.107142857,0.033333333,0.366666666,86.1,14.0,2019,546990
Anthony Alford,- - -,LF,25,"6' 0""",215,R,R,2017,,-0.0641211305447683,0.214,0.741,2,7.0,87.5825482688821,0.305611943376475,0.222222222,0.285714286,0.034482758,0.275862068,81.3,4.0,2020,546990
Anthony Alford,PIT,LF,26,"6' 0""",215,R,R,2017,,0.311202099112638,0.233,0.717,5,11.0,90.8832379498896,0.309708716107064,0.371428571,0.172932331,0.081081081,0.391891891,89.0,12.0,2021,546990
Anthony Alford,PIT,LF,27,"6' 0""",215,R,R,2017,,-0.10076809194294,0.25,0.5,0,0.0,35.72685188076,0.220962703227997,0.5,0.0,0.0,0.5,82.9,25.0,2022,546990
Anthony Banda,TBR,P,24,"6' 2""",221,L,L,2017,,0.0,,,0,,,0.0,0.0,0.0,0.0,0.0,,,2018,607455
Anthony Banda,TBR,P,25,"6' 2""",221,L,L,2017,,0.0,,,0,,,0.0,0.0,0.0,0.0,0.0,,,2019,607455
Anthony Banda,TBR,P,26,"6' 2""",221,L,L,2017,,0.0,,,0,,,0.0,0.0,0.0,0.0,0.0,,,2020,607455
Anthony Banda,- - -,P,27,"6' 2""",221,L,L,2017,,-0.0106321031413529,0.0,0.0,0,0.0,-100.0,0.0,0.0,0.0,0.0,0.0,83.1,2.0,2021,607455
Anthony Banda,- - -,P,28,"6' 2""",221,L,L,2017,,0.0,,,0,,,0.0,0.0,0.0,0.0,0.0,,,2022,607455
Anthony Bass,CHC,p,30,"6' 2""",205,R,R,2011,2500000.0,0.0,0.0,0.0,0,0.0,,0.0,0.0,0.0,0.0,0.0,,,2018,542914
Anthony Bass,SEA,p,31,"6' 2""",205,R,R,2011,2500000.0,0.0,0.0,0.0,0,0.0,,0.0,0.0,0.0,0.0,0.0,,,2019,542914
Anthony Bass,TOR,p,32,"6' 2""",205,R,R,2011,2500000.0,0.0,,,0,,,0.0,0.0,0.0,0.0,0.0,,,2020,542914
Anthony Bass,MIA,p,33,"6' 2""",205,R,R,2011,2500000.0,0.0,0.0,0.0,0,0.0,,0.0,0.0,0.0,0.0,0.0,,,2021,542914
Anthony Bass,- - -,p,34,"6' 2""",205,R,R,2011,2500000.0,0.0,0.0,0.0,0,0.0,,0.0,0.0,0.0,0.0,0.0,,,2022,542914
Anthony DeSclafani,CIN,p,28,"6' 2""",195,R,R,2014,,0.0218914399838931,0.143,0.357,1,4.0,-14.5873797637174,0.153059097982588,0.3125,0.071428572,0.0,0.54347826,81.8,3.0,2018,543101
Anthony DeSclafani,CIN,p,29,"6' 2""",195,R,R,2014,,-0.305801389519618,0.109,0.218,0,1.0,-56.79183540711,0.0948662476106124,0.222222222,0.0,0.0,0.49122807,89.5,-7.0,2019,543101
Anthony DeSclafani,CIN,p,30,"6' 2""",195,R,R,2014,,0.0,,,0,,,0.0,0.0,0.0,0.0,0.0,,,2020,543101
Anthony DeSclafani,SFG,p,31,"6' 2""",195,R,R,2014,,-0.24238576579995,0.039,0.168,0,1.0,-47.6719498492253,0.0888648737560619,0.111111111,0.019607843,0.064516129,0.532258064,80.7,17.0,2021,543101
Anthony DeSclafani,SFG,p,32,"6' 2""",195,R,R,2014,,0.0,,,0,,,0.0,0.0,0.0,0.0,0.0,,,2022,543101
Anthony Gose,CLE,P,30,"6' 0""",200,L,L,2012,,0.0,,,0,,,0.0,0.0,0.0,0.0,0.0,,,2021,543238
Anthony Gose,CLE,P,31,"6' 0""",200,L,L,2012,,0.0,,,0,,,0.0,0.0,0.0,0.0,0.0,,,2022,543238
Anthony Misiewicz,SEA,P,25,"6' 1""",196,R,L,2020,,0.0,,,0,,,0.0,0.0,0.0,0.0,0.0,,,2020,664948
Anthony Misiewicz,SEA,P,26,"6' 1""",196,R,L,2020,,0.0,0.0,0.0,0,0.0,,0.0,0.0,0.0,0.0,0.0,,,2021,664948
Anthony Misiewicz,- - -,P,27,"6' 1""",196,R,L,2020,,0.0,,,0,,,0.0,0.0,0.0,0.0,0.0,,,2022,664948
Anthony Rendon,WSN,3b,28,"6' 1""",200,R,R,2013,35000000.0,5.47389208256026,0.308,0.909,24,92.0,139.628978185364,0.382855032444806,0.3225058,0.2268431,0.092127303,0.137353433,90.7,18.0,2018,543685
Anthony Rendon,WSN,3b,29,"6' 1""",200,R,R,2013,35000000.0,6.7682316658093,0.319,1.01,34,126.0,154.777976518998,0.412648541706857,0.322580645,0.278899082,0.123839009,0.133126934,90.4,20.0,2019,543685
Anthony Rendon,LAA,3b,30,"6' 1""",200,R,R,2013,35000000.0,2.52040335202922,0.286,0.915,9,31.0,151.723208449109,0.395269919996676,0.302013422,0.211640212,0.163793103,0.133620689,90.1,20.0,2020,543685
Anthony Rendon,LAA,3b,31,"6' 1""",200,R,R,2013,35000000.0,0.238282435817263,0.24,0.711,6,34.0,94.0949992583421,0.310071341904551,0.26744186,0.142857143,0.116465863,0.164658634,89.1,22.0,2021,543685
Anthony Rendon,LAA,3b,32,"6' 1""",200,R,R,2013,35000000.0,0.905033474574353,0.229,0.706,5,24.0,102.537654036829,0.313911307043362,0.2578125,0.15060241,0.119170984,0.18134715,89.6,19.0,2022,543685
Anthony Rizzo,CHC,1b,28,"6' 3""",240,L,L,2011,,3.27841560179019,0.283,0.846,25,101.0,126.09681693625,0.358766585129958,0.287234042,0.187279152,0.105263157,0.120300751,90.1,15.0,2018,519203
Anthony Rizzo,CHC,1b,29,"6' 3""",240,L,L,2011,,3.61585252292352,0.293,0.925,27,94.0,140.265658002616,0.389722787552193,0.305970149,0.2265625,0.115823817,0.140293637,89.0,13.0,2019,519203
Anthony Rizzo,CHC,1b,30,"6' 3""",240,L,L,2011,,0.960960845365947,0.222,0.756,11,24.0,103.49350332319,0.326215628300751,0.217948717,0.192118227,0.115226337,0.1563786,87.7,17.0,2020,519203
Anthony Rizzo,- - -,1b,31,"6' 3""",240,L,L,2011,,2.17472952700164,0.248,0.784,22,61.0,113.942255005127,0.338893098282897,0.257653061,0.191532259,0.090277777,0.151041666,90.1,15.0,2021,519203
Anthony Rizzo,NYY,1b,32,"6' 3""",240,L,L,2011,,2.47125773979828,0.224,0.818,32,75.0,131.422747706704,0.3523404493763,0.215568862,0.255913979,0.105839416,0.184306569,89.4,19.0,2022,519203
Anthony Santander,BAL,rf,23,"6' 1""",230,S,R,2017,18500000.0,-0.314813355686565,0.198,0.547,1,6.0,48.0702569094672,0.242006475726763,0.240506329,0.099009901,0.055555555,0.194444444,87.6,16.0,2018,623993
Anthony Santander,BAL,rf,24,"6' 1""",230,S,R,2017,18500000.0,0.552461605351836,0.261,0.773,20,59.0,97.1259699544019,0.320901659160557,0.285198555,0.215789474,0.04691358,0.212345679,89.9,15.0,2019,623993
Anthony Santander,BAL,rf,25,"6' 1""",230,S,R,2017,18500000.0,1.27272921194429,0.261,0.89,11,32.0,130.283039325394,0.364260510897931,0.247863247,0.31372549,0.06060606,0.151515151,88.6,25.0,2020,623993
Anthony Santander,BAL,rf,26,"6' 1""",230,S,R,2017,18500000.0,-0.165411824945003,0.241,0.719,18,50.0,91.5424325834131,0.306501510486996,0.274914089,0.192118226,0.052511415,0.230593607,90.7,18.0,2021,623993
Anthony Santander,BAL,rf,27,"6' 1""",230,S,R,2017,18500000.0,2.3230084483533,0.24,0.773,33,89.0,121.27555815689,0.335601162338405,0.247641509,0.214285714,0.085007727,0.188562596,90.1,21.0,2022,623993
Anthony Swarzak,NYM,p,32,"6' 4""",215,R,R,2009,,0.0,0.0,0.0,0,0.0,,0.0,0.0,0.0,0.0,0.0,,,2018,461872
Anthony Swarzak,- - -,p,33,"6' 4""",215,R,R,2009,,0.0,0.0,0.0,0,0.0,,0.0,0.0,0.0,0.0,0.0,,,2019,461872
Anthony Swarzak,- - -,p,35,"6' 4""",215,R,R,2009,,0.0,0.0,0.0,0,0.0,,0.0,0.0,0.0,0.0,0.0,,,2021,461872
Antonio Senzatela,COL,P,23,"6' 1""",236,R,R,2017,,-0.165089727235992,0.083,0.208,0,3.0,-69.0344773982576,0.0886169001460075,0.181818181,0.041666667,0.0,0.448275862,81.1,-9.0,2018,622608
Antonio Senzatela,COL,P,24,"6' 1""",236,R,R,2017,,-0.512055726592258,0.025,0.074,0,3.0,-100.0,0.0380463847299902,0.0625,0.0,0.02173913,0.52173913,89.2,-2.0,2019,622608
Antonio Senzatela,COL,P,25,"6' 1""",236,R,R,2017,,0.0,,,0,,,0.0,0.0,0.0,0.0,0.0,,,2020,622608
Antonio Senzatela,COL,P,26,"6' 1""",236,R,R,2017,,-0.511614999244065,0.051,0.102,0,1.0,-94.20883733993,0.0450797600623889,0.1,0.0,0.0,0.372549019,79.8,-4.0,2021,622608
Antonio Senzatela,COL,P,27,"6' 1""",236,R,R,2017,,0.0,,,0,,,0.0,0.0,0.0,0.0,0.0,,,2022,622608
Aníbal Sánchez,ATL,p,34,"6' 0""",207,R,R,2006,,-0.375509548708719,0.024,0.072,0,0.0,-91.5934600438493,0.0373585791814895,0.0625,0.0,0.022727272,0.568181818,77.5,4.0,2018,434671
Aníbal Sánchez,WSN,p,35,"6' 0""",207,R,R,2006,,-0.240520884939977,0.115,0.23,0,1.0,-49.8380805601735,0.100339300357378,0.214285714,0.0,0.0,0.428571428,77.7,-2.0,2019,434671
Aníbal Sánchez,WSN,p,36,"6' 0""",207,R,R,2006,,0.0,,,0,,,0.0,0.0,0.0,0.0,0.0,,,2020,434671
Aníbal Sánchez,WSN,p,38,"6' 0""",207,R,R,2006,,0.0,,,0,,,0.0,0.0,0.0,0.0,0.0,,,2022,434671
Aramis Garcia,SFG,C,25,"6' 1""",228,R,R,2018,,0.388758640026048,0.286,0.8,4,9.0,116.612957862613,0.341285345187554,0.5,0.206349207,0.03076923,0.476923076,86.6,18.0,2018,605244
Aramis Garcia,SFG,C,26,"6' 1""",228,R,R,2018,,-0.179279827403011,0.143,0.527,2,5.0,31.5024726911365,0.217232037915124,0.210526315,0.166666667,0.086956521,0.456521739,87.3,22.0,2019,605244
Aramis Garcia,OAK,C,28,"6' 1""",228,R,R,2018,,-0.433887050052862,0.205,0.557,3,7.0,55.6570193936724,0.243755334745283,0.263157894,0.113636364,0.010638297,0.29787234,88.5,10.0,2021,605244
Aramis Garcia,CIN,C,29,"6' 1""",228,R,R,2018,,-0.204716857236554,0.213,0.507,1,4.0,36.715902273341,0.228129460748318,0.301369863,0.046296297,0.026086956,0.295652173,87.5,20.0,2022,605244
Archie Bradley,ARI,p,25,"6' 4""",215,R,R,2015,,0.0,0.0,0.0,0,0.0,,0.0,0.0,0.0,0.0,0.0,,,2018,605151
Archie Bradley,ARI,p,26,"6' 4""",215,R,R,2015,,-0.0125491524353671,0.0,0.0,0,0.0,-100.0,0.0,0.0,0.0,0.0,1.0,,,2019,605151
Archie Bradley,- - -,p,27,"6' 4""",215,R,R,2015,,0.0,,,0,,,0.0,0.0,0.0,0.0,0.0,,,2020,605151
Archie Bradley,PHI,p,28,"6' 4""",215,R,R,2015,,-0.0112597384348332,0.0,0.0,0,0.0,-100.0,0.0,0.0,0.0,0.0,1.0,,,2021,605151
Archie Bradley,LAA,p,29,"6' 4""",215,R,R,2015,,0.0,,,0,,,0.0,0.0,0.0,0.0,0.0,,,2022,605151
Arodys Vizcaíno,ATL,p,27,"6' 0""",245,R,R,2011,,0.0,0.0,0.0,0,0.0,,0.0,0.0,0.0,0.0,0.0,,,2018,527055
Arodys Vizcaíno,ATL,p,28,"6' 0""",245,R,R,2011,,0.0,0.0,0.0,0,0.0,,0.0,0.0,0.0,0.0,0.0,,,2019,527055
Arodys Vizcaíno,KCR,p,31,"6' 0""",245,R,R,2011,,0.0,,,0,,,0.0,0.0,0.0,0.0,0.0,,,2022,527055
Aroldis Chapman,NYY,p,30,"6' 4""",235,L,L,2010,10750000.0,0.0,0.0,0.0,0,0.0,,0.0,0.0,0.0,0.0,0.0,,,2018,547973
Aroldis Chapman,NYY,p,31,"6' 4""",235,L,L,2010,10750000.0,0.0,0.0,0.0,0,0.0,,0.0,0.0,0.0,0.0,0.0,,,2019,547973
Aroldis Chapman,NYY,p,32,"6' 4""",235,L,L,2010,10750000.0,0.0,,,0,,,0.0,0.0,0.0,0.0,0.0,,,2020,547973
Aroldis Chapman,NYY,p,33,"6' 4""",235,L,L,2010,10750000.0,0.0,0.0,0.0,0,0.0,,0.0,0.0,0.0,0.0,0.0,,,2021,547973
Aroldis Chapman,NYY,p,34,"6' 4""",235,L,L,2010,10750000.0,0.0,,,0,,,0.0,0.0,0.0,0.0,0.0,,,2022,547973
Asdrúbal Cabrera,- - -,3b,32,"6' 0""",235,S,R,2007,,3.16717123756626,0.262,0.774,23,75.0,110.580820873574,0.331526149045392,0.295566502,0.195970696,0.069256756,0.201013513,90.1,14.0,2018,452678
Asdrúbal Cabrera,- - -,3b,33,"6' 0""",235,S,R,2007,,1.89866699375814,0.26,0.783,18,91.0,97.9626169096752,0.331236013560556,0.294294294,0.181208054,0.110894941,0.200389105,89.1,14.0,2019,452678
Asdrúbal Cabrera,WSN,3b,34,"6' 0""",235,S,R,2007,,0.378718444217019,0.242,0.752,8,31.0,96.6627068015099,0.31865406036377,0.260273972,0.205263158,0.089201877,0.187793427,89.5,14.0,2020,452678
Asdrúbal Cabrera,- - -,3b,35,"6' 0""",235,S,R,2007,,-0.0862626685915252,0.23,0.679,7,42.0,83.4537985233991,0.297138070788479,0.28318584,0.13592233,0.102272727,0.227272727,87.8,15.0,2021,452678
Austin Adams,WSN,P,27,"6' 3""",220,R,R,2017,,0.0,0.0,0.0,0,0.0,,0.0,0.0,0.0,0.0,0.0,,,2018,613534
Austin Adams,- - -,P,28,"6' 3""",220,R,R,2017,,-0.0110596819606883,0.0,0.0,0,0.0,-100.0,0.0,0.0,0.0,0.0,1.0,,,2019,613534
Austin Adams,SDP,P,29,"6' 3""",220,R,R,2017,,0.0007420757424122,0.0,0.0,0,0.0,-100.0,0.0,0.0,0.0,0.0,1.0,,,2020,613534
Austin Adams,SDP,P,30,"6' 3""",220,R,R,2017,,0.0,0.0,0.0,0,0.0,,0.0,0.0,0.0,0.0,0.0,,,2021,613534
Austin Adams,SDP,P,31,"6' 3""",220,R,R,2017,,0.0,,,0,,,0.0,0.0,0.0,0.0,0.0,,,2022,613534
Austin Barnes,LAD,C,28,"5' 9""",187,R,R,2015,,1.54374892777099,0.205,0.619,4,14.0,77.4367374607352,0.280871331180114,0.286821705,0.085,0.1302521,0.281512605,87.6,6.0,2018,605131
Austin Barnes,LAD,C,29,"5' 9""",187,R,R,2015,,0.609917069369262,0.203,0.633,5,25.0,66.8736199398229,0.271836057367684,0.248366013,0.136792453,0.095041322,0.231404958,87.2,16.0,2019,605131
Austin Barnes,LAD,C,30,"5' 9""",187,R,R,2015,,0.793767863584582,0.244,0.667,1,9.0,91.6361345016224,0.306252899123173,0.322580645,0.069767442,0.125,0.23076923,86.9,16.0,2020,605131
Austin Barnes,LAD,C,31,"5' 9""",187,R,R,2015,,0.676344626772279,0.215,0.644,6,23.0,78.2984518859018,0.284731984405774,0.268115942,0.13,0.088888888,0.248888888,85.2,13.0,2021,605131
Austin Barnes,LAD,C,32,"5' 9""",187,R,R,2015,,1.337395963207,0.212,0.704,8,26.0,104.221193412995,0.314828657252448,0.222222222,0.167597766,0.12735849,0.174528301,87.4,14.0,2022,605131
Austin Brice,CIN,P,26,"6' 4""",238,R,R,2016,,-0.01169441302075,0.0,0.0,0,0.0,-100.0,0.0,0.0,0.0,0.0,1.0,,,2018,592169
Austin Brice,MIA,P,27,"6' 4""",238,R,R,2016,,0.0,0.0,0.0,0,0.0,,0.0,0.0,0.0,0.0,0.0,,,2019,592169
Austin Brice,BOS,P,28,"6' 4""",238,R,R,2016,,0.0,,,0,,,0.0,0.0,0.0,0.0,0.0,,,2020,592169
Austin Brice,BOS,P,29,"6' 4""",238,R,R,2016,,0.0,,,0,,,0.0,0.0,0.0,0.0,0.0,,,2021,592169
Austin Brice,PIT,P,30,"6' 4""",238,R,R,2016,,0.0,,,0,,,0.0,0.0,0.0,0.0,0.0,,,2022,592169
Austin Davis,PHI,P,25,"6' 4""",235,L,L,2018,,-0.0341574125624924,0.0,0.0,0,0.0,-100.0,0.0,0.0,0.0,0.0,1.0,,,2018,656354
Austin Davis,PHI,P,26,"6' 4""",235,L,L,2018,,0.0,0.0,0.0,0,0.0,,0.0,0.0,0.0,0.0,0.0,,,2019,656354
Austin Davis,- - -,P,27,"6' 4""",235,L,L,2018,,0.0,0.0,0.0,0,0.0,,0.0,0.0,0.0,0.0,0.0,,,2020,656354
Austin Davis,- - -,P,28,"6' 4""",235,L,L,2018,,0.0279430863847874,0.0,1.0,0,0.0,347.854232035096,0.691716551780701,0.0,0.0,1.0,0.0,,,2021,656354
Austin Davis,- - -,P,29,"6' 4""",235,L,L,2018,,0.0,,,0,,,0.0,0.0,0.0,0.0,0.0,,,2022,656354
Austin Gomber,STL,P,24,"6' 5""",220,L,L,2018,,0.12372158121855,0.211,0.474,0,4.0,25.4443021800971,0.204519318906884,0.25,0.052631579,0.0,0.142857142,86.0,-21.0,2018,596295
Austin Gomber,STL,P,26,"6' 5""",220,L,L,2018,,0.0,,,0,,,0.0,0.0,0.0,0.0,0.0,,,2020,596295
Austin Gomber,COL,P,27,"6' 5""",220,L,L,2018,,-0.208481096610178,0.094,0.215,0,1.0,-57.9465071789884,0.100875227740317,0.157894736,0.0,0.023809523,0.309523809,84.1,9.0,2021,596295
Austin Gomber,COL,P,28,"6' 5""",220,L,L,2018,,0.0,,,0,,,0.0,0.0,0.0,0.0,0.0,,,2022,596295
Austin Hays,BAL,If,23,"5' 10""",200,R,R,2017,6000000.0,0.667943792344406,0.309,0.947,4,13.0,145.715507083935,0.392744947274526,0.333333333,0.264705882,0.093333333,0.173333333,91.0,11.0,2019,669720
Austin Hays,BAL,If,24,"5' 10""",200,R,R,2017,6000000.0,0.395358074270639,0.279,0.721,4,9.0,96.2434498227417,0.314558029174805,0.315789473,0.114754098,0.059701492,0.186567164,87.0,11.0,2020,669720
Austin Hays,BAL,If,25,"5' 10""",200,R,R,2017,6000000.0,1.81686162270806,0.256,0.769,22,71.0,106.336032107026,0.328392827238873,0.286111111,0.204918033,0.052930056,0.202268431,88.8,13.0,2021,669720
Austin Hays,BAL,If,26,"5' 10""",200,R,R,2017,6000000.0,1.78713801658684,0.25,0.719,16,60.0,105.988881385447,0.313948001853379,0.289215686,0.162616823,0.058419243,0.195876288,87.7,11.0,2022,669720
Austin Hedges,SDP,c,25,"6' 0""",220,R,R,2015,4000000.0,2.75418705833332,0.231,0.711,14,37.0,89.8346887222949,0.301433042845121,0.28,0.198019802,0.064417177,0.276073619,85.6,16.0,2018,595978
Austin Hedges,SDP,c,26,"6' 0""",220,R,R,2015,4000000.0,1.385710386512,0.176,0.563,11,36.0,48.4874882301188,0.242351687093924,0.227979274,0.134615384,0.077809798,0.314121037,86.7,22.0,2019,595978
Austin Hedges,- - -,c,27,"6' 0""",220,R,R,2015,4000000.0,-0.0923527781294203,0.145,0.521,3,6.0,45.0236856334197,0.232312373625927,0.159090909,0.144927536,0.072289156,0.277108433,90.2,19.0,2020,595978
Austin Hedges,CLE,c,28,"6' 0""",220,R,R,2015,4000000.0,0.284927410724618,0.178,0.528,10,31.0,41.967572653169,0.22713998960037,0.213541666,0.129370629,0.048076923,0.278846153,85.7,19.0,2021,595978
Austin Hedges,CLE,c,29,"6' 0""",220,R,R,2015,4000000.0,-0.031810687445202,0.163,0.489,7,30.0,42.7484709097954,0.224976443662876,0.193396226,0.085034013,0.073964497,0.23076923,84.2,17.0,2022,595978
Austin Jackson,- - -,cf,31,"6' 1""",198,R,R,2010,,-0.587226554494492,0.245,0.625,3,32.0,73.1845623107448,0.274619985841235,0.386792452,0.080691642,0.069333333,0.354666666,87.0,11.0,2018,457706
Austin Meadows,- - -,LF,23,"6' 3""",225,L,L,2018,,0.510673052920276,0.287,0.786,6,17.0,108.991071891935,0.331785133906773,0.335820895,0.174157304,0.05235602,0.209424083,88.2,14.0,2018,640457
Austin Meadows,TBR,LF,24,"6' 3""",225,L,L,2018,,4.25644547458567,0.291,0.922,33,89.0,143.884656311779,0.379617651914939,0.330601092,0.267924529,0.091370558,0.221658206,90.4,17.0,2019,640457
Austin Meadows,TBR,LF,25,"6' 3""",225,L,L,2018,,0.0139780460922285,0.205,0.667,4,13.0,87.7196443024855,0.291730314493179,0.2875,0.166666667,0.111842105,0.328947368,90.3,24.0,2020,640457
Austin Meadows,TBR,LF,26,"6' 3""",225,L,L,2018,,1.5244559614107,0.234,0.773,27,106.0,112.059027122118,0.327307548855438,0.24933687,0.223938224,0.099830795,0.20642978,89.3,22.0,2021,640457
Austin Meadows,DET,LF,27,"6' 3""",225,L,L,2018,,-0.164082097343302,0.25,0.675,0,11.0,100.773658764564,0.307241525374302,0.288288288,0.078125,0.108843537,0.115646258,87.8,17.0,2022,640457
Austin Nola,SEA,C,29,"6' 0""",197,R,R,2019,,1.07841562093164,0.269,0.796,10,31.0,114.184046927398,0.336760707846228,0.325301204,0.184873949,0.086142322,0.235955056,87.4,16.0,2019,543592
Austin Nola,- - -,C,30,"6' 0""",197,R,R,2019,,1.78278196001721,0.273,0.825,7,28.0,127.432704485199,0.352175878696754,0.303278688,0.198757764,0.097826086,0.184782608,89.7,13.0,2020,543592
Austin Nola,SDP,C,31,"6' 0""",197,R,R,2019,,1.20921459886352,0.272,0.716,2,29.0,101.068166803896,0.315542861972888,0.292207792,0.104046243,0.072164948,0.097938144,89.7,15.0,2021,543592
Austin Nola,SDP,C,32,"6' 0""",197,R,R,2019,,0.179587313335582,0.251,0.65,4,40.0,88.9087393883426,0.289523652837246,0.284246575,0.077809798,0.085642317,0.151133501,89.4,12.0,2022,543592
Austin Pruitt,TBR,P,28,"5' 10""",185,R,R,2017,,0.0,0.0,0.0,0,0.0,,0.0,0.0,0.0,0.0,0.0,,,2018,643493
Austin Pruitt,TBR,P,29,"5' 10""",185,R,R,2017,,-0.0109708840539473,0.0,0.0,0,0.0,-100.0,0.0,0.0,0.0,0.0,1.0,,,2019,643493
Austin Pruitt,- - -,P,31,"5' 10""",185,R,R,2017,,0.0,0.0,0.0,0,0.0,,0.0,0.0,0.0,0.0,0.0,,,2021,643493
Austin Pruitt,OAK,P,32,"5' 10""",185,R,R,2017,,0.0,,,0,,,0.0,0.0,0.0,0.0,0.0,,,2022,643493
Austin Riley,ATL,3B,22,"6' 1""",225,R,R,2019,,0.0063913259511063,0.226,0.75,18,49.0,84.8306711813091,0.306875211243727,0.293333333,0.244525547,0.053872053,0.363636363,89.4,21.0,2019,663586
Austin Riley,ATL,3B,23,"6' 1""",225,R,R,2019,,0.0688638883212185,0.239,0.716,8,27.0,87.7832441748407,0.30664216309059,0.28030303,0.175531915,0.077669902,0.237864077,91.0,14.0,2020,663586
Austin Riley,ATL,3B,24,"6' 1""",225,R,R,2019,,5.08677500131341,0.303,0.898,33,107.0,136.215615901722,0.379485819737117,0.367758186,0.227118644,0.078549848,0.253776435,90.1,14.0,2021,663586
Austin Riley,ATL,3B,25,"6' 1""",225,R,R,2019,,5.8549523421413,0.273,0.877,38,93.0,143.555050580238,0.376607427448896,0.314769975,0.255284553,0.082251082,0.242424242,92.5,13.0,2022,663586
Austin Romine,NYY,c,29,"6' 1""",216,R,R,2011,,2.01330588377891,0.244,0.712,10,42.0,92.2956537006882,0.306744595368703,0.291666666,0.173553719,0.064150943,0.252830188,88.6,10.0,2018,519222
Austin Romine,NYY,c,30,"6' 1""",216,R,R,2011,,0.974179476410592,0.281,0.749,8,35.0,95.5980420853429,0.314987129746122,0.32748538,0.157894737,0.041666666,0.208333333,88.6,11.0,2019,519222
Austin Romine,DET,c,31,"6' 1""",216,R,R,2011,,-0.386203827034527,0.238,0.582,2,17.0,57.219239726384,0.252774904392384,0.353658536,0.084615385,0.029629629,0.348148148,87.9,8.0,2020,519222
Austin Romine,CHC,c,32,"6' 1""",216,R,R,2011,,-0.186118172248128,0.217,0.542,1,5.0,45.592628114525,0.236512870557847,0.324324324,0.083333334,0.032258064,0.354838709,87.3,10.0,2021,519222
Austin Romine,- - -,c,33,"6' 1""",216,R,R,2011,,-1.44565134853586,0.155,0.435,3,9.0,14.7496980549516,0.192906979749452,0.2125,0.093023256,0.029411764,0.338235294,87.2,10.0,2022,519222
Austin Slater,SFG,of,25,"6' 1""",205,R,R,2017,,-0.0977571466110123,0.251,0.64,1,23.0,80.4743041107555,0.287199193586683,0.376923076,0.055276382,0.088888888,0.306666666,87.3,3.0,2018,596103
Austin Slater,SFG,of,26,"6' 1""",205,R,R,2017,,0.597549608927995,0.238,0.75,5,21.0,99.0055930104672,0.320263288720116,0.336538461,0.178571428,0.114583333,0.307291666,88.7,3.0,2019,596103
Austin Slater,SFG,of,27,"6' 1""",205,R,R,2017,,0.970765122355405,0.282,0.914,5,7.0,150.274319864223,0.395031028580897,0.327586206,0.223529411,0.153846153,0.211538461,89.2,11.0,2020,596103
Austin Slater,SFG,of,28,"6' 1""",205,R,R,2017,,1.49411847558582,0.241,0.743,12,32.0,102.930252027275,0.32059075153972,0.303370786,0.182481752,0.091503267,0.274509803,87.1,8.0,2021,596103
Austin Slater,SFG,of,29,"6' 1""",205,R,R,2017,,2.10723472890783,0.264,0.774,7,34.0,124.456098254487,0.344026371515714,0.360655737,0.144404332,0.123076923,0.273846153,89.0,7.0,2022,596103
Austin Voth,WSN,P,26,"6' 2""",215,R,R,2018,,-0.0232194096114082,0.0,0.0,0,0.0,-100.0,0.0,0.0,0.0,0.0,0.5,45.3,-32.0,2018,608723
Austin Voth,WSN,P,27,"6' 2""",215,R,R,2018,,-0.0449154409608758,0.111,0.222,0,1.0,-52.2728743230733,0.0966230299737718,0.166666666,0.0,0.0,0.3,82.4,15.0,2019,608723
Austin Voth,WSN,P,28,"6' 2""",215,R,R,2018,,0.0,,,0,,,0.0,0.0,0.0,0.0,0.0,,,2020,608723
Austin Voth,WSN,P,29,"6' 2""",215,R,R,2018,,0.0984137581182865,0.5,1.167,0,0.0,237.409435172897,0.533662597338359,1.0,0.0,0.0,0.333333333,72.6,3.0,2021,608723
Austin Voth,- - -,P,30,"6' 2""",215,R,R,2018,,0.0,,,0,,,0.0,0.0,0.0,0.0,0.0,,,2022,608723
Austin Wynns,BAL,C,27,"6' 1""",190,R,R,2018,,0.079493001886664,0.255,0.669,4,11.0,81.2080724278948,0.290566849190256,0.296296296,0.127272727,0.042372881,0.211864406,85.6,8.0,2018,642851
Austin Wynns,BAL,C,28,"6' 1""",190,R,R,2018,,-0.383077513172336,0.214,0.518,1,5.0,33.2562403495681,0.226465456289788,0.254545454,0.057142857,0.04054054,0.189189189,87.0,6.0,2019,642851
Austin Wynns,BAL,C,30,"6' 1""",190,R,R,2018,,-0.69138735354213,0.185,0.54,4,14.0,44.0132814564074,0.23616868171139,0.210526315,0.123076923,0.057553956,0.223021582,83.6,11.0,2021,642851
Austin Wynns,SFG,C,31,"6' 1""",190,R,R,2018,,0.595595966730317,0.259,0.671,3,21.0,92.7111221672954,0.297600267624313,0.319672131,0.098765432,0.056497175,0.214689265,84.1,10.0,2022,642851
Avisaíl García,CHW,rf,27,"6' 4""",250,R,R,2012,13250000.0,0.956022820350168,0.236,0.719,19,49.0,91.8512503823258,0.304151655488475,0.270833333,0.202247191,0.051948051,0.264935064,90.2,10.0,2018,541645
Avisaíl García,TBR,rf,28,"6' 4""",250,R,R,2012,13250000.0,1.91022722800161,0.282,0.796,20,72.0,113.16117037818,0.334190665320917,0.340057636,0.18200409,0.058490566,0.235849056,89.5,10.0,2019,541645
Avisaíl García,MIL,rf,29,"6' 4""",250,R,R,2012,13250000.0,0.427371585490559,0.238,0.659,2,15.0,82.6115463655673,0.295838135626258,0.315384615,0.08839779,0.096618357,0.236714975,87.4,9.0,2020,541645
Avisaíl García,MIL,rf,30,"6' 4""",250,R,R,2012,13250000.0,2.29024975986071,0.262,0.82,29,86.0,115.466321788877,0.345797400264179,0.29113924,0.227765726,0.073786407,0.234951456,90.4,9.0,2021,541645
Avisaíl García,MIA,rf,31,"6' 4""",250,R,R,2012,13250000.0,-1.01712999769041,0.224,0.583,8,35.0,61.3069654841973,0.258424747303913,0.297520661,0.092436975,0.044736842,0.286842105,88.7,3.0,2022,541645
Bartolo Colon,TEX,p,45,"5' 11""",285,R,R,1997,,-0.0475091703855549,0.0,0.0,0,0.0,-100.0,0.0,0.0,0.0,0.0,0.75,76.9,-30.0,2018,112526
Ben Gamel,SEA,cf,26,"5' 10""",180,L,L,2016,1200000.0,0.716608631841059,0.272,0.728,1,19.0,106.801007039879,0.322699690722439,0.352040816,0.097276265,0.105802047,0.208191126,88.7,7.0,2018,592325
Ben Gamel,MIL,cf,27,"5' 10""",180,L,L,2016,1200000.0,0.462751944642935,0.248,0.71,7,33.0,86.6836407140593,0.308150071040385,0.346534653,0.125401929,0.11235955,0.292134831,88.2,10.0,2019,592325
Ben Gamel,MIL,cf,28,"5' 10""",180,L,L,2016,1200000.0,0.0800978740650624,0.237,0.719,3,10.0,93.7971360383687,0.312777381243668,0.333333333,0.166666666,0.102362204,0.307086614,87.9,12.0,2020,592325
Ben Gamel,- - -,cf,29,"5' 10""",180,L,L,2016,1200000.0,-0.11252895331362,0.247,0.735,8,26.0,99.0778124508699,0.322004224615868,0.329004329,0.141176471,0.1275,0.2625,89.0,17.0,2021,592325
Ben Gamel,PIT,cf,30,"5' 10""",180,L,L,2016,1200000.0,0.0618610413743806,0.232,0.693,9,46.0,95.0245228126769,0.307683821670233,0.290566037,0.137466308,0.113475177,0.231678486,88.8,11.0,2022,592325
Ben Heller,NYY,P,27,"6' 3""",210,R,R,2016,,0.0,,,0,,,0.0,0.0,0.0,0.0,0.0,,,2019,621294
Ben Heller,NYY,P,28,"6' 3""",210,R,R,2016,,0.0,,,0,,,0.0,0.0,0.0,0.0,0.0,,,2020,621294
Ben Lively,- - -,P,26,"6' 4""",235,R,R,2017,,-0.0797006334029252,0.0,0.0,0,0.0,-100.0,0.0,0.0,0.0,0.0,0.285714285,81.7,0.0,2018,594902
Ben Lively,KCR,P,27,"6' 4""",235,R,R,2017,,0.0,,,0,,,0.0,0.0,0.0,0.0,0.0,,,2019,594902
Ben Zobrist,CHC,2b,37,"6' 3""",210,S,R,2006,,2.94284969414468,0.305,0.818,9,58.0,123.314870426073,0.3546030437394,0.330788804,0.134065934,0.10576923,0.115384615,89.9,9.0,2018,450314
Ben Zobrist,CHC,2b,38,"6' 3""",210,S,R,2006,,-0.0266979521734623,0.26,0.671,1,17.0,83.402281744765,0.302931173281236,0.299212598,0.053333333,0.130681818,0.136363636,85.8,5.0,2019,450314
Billy Hamilton,CIN,cf,27,"6' 0""",160,S,R,2013,,1.75205999506875,0.236,0.626,4,29.0,68.4008313805311,0.277261648521767,0.309139784,0.091269841,0.082733812,0.237410071,80.5,15.0,2018,571740
Billy Hamilton,- - -,cf,28,"6' 0""",160,S,R,2013,,-0.269544583711873,0.218,0.564,0,15.0,49.327669905204,0.250944540118078,0.298701298,0.056962025,0.090651558,0.246458923,80.4,15.0,2019,571740
Billy Hamilton,- - -,cf,29,"6' 0""",160,S,R,2013,,0.0379762630960455,0.125,0.39,1,2.0,3.64813042607554,0.172123381069728,0.12,0.09375,0.055555555,0.194444444,82.2,25.0,2020,571740
Billy Hamilton,CHW,cf,30,"6' 0""",160,S,R,2013,,0.289137317558188,0.22,0.62,2,11.0,62.5992319859674,0.26214273454565,0.329113924,0.157480315,0.029629629,0.348148148,83.9,19.0,2021,571740
Billy Hamilton,- - -,cf,31,"6' 0""",160,S,R,2013,,-0.210463615077539,0.05,0.186,0,0.0,-44.59850462420071,0.102788123217496,0.125,0.0,0.086956521,0.52173913,78.4,28.0,2022,571740
Billy McKinney,- - -,LF,23,"6' 0""",205,L,L,2018,,0.265665416532541,0.252,0.78,6,13.0,110.636814233208,0.334643316991401,0.296296296,0.210084033,0.083333333,0.25,88.8,19.0,2018,641856
Billy McKinney,TOR,LF,24,"6' 0""",205,L,L,2018,,-0.435339671113679,0.215,0.696,12,28.0,80.1023806902375,0.291496974490855,0.25,0.207171314,0.068840579,0.264492753,86.7,15.0,2019,641856
Billy McKinney,TOR,LF,25,"6' 0""",205,L,L,2018,,0.0700633717673053,0.667,1.334,0,0.0,281.801317327958,0.588350534439087,0.666666666,0.0,0.0,0.0,89.1,24.0,2020,641856
Billy McKinney,- - -,LF,26,"6' 0""",205,L,L,2018,,0.0420119608775109,0.192,0.638,9,27.0,72.9451490086018,0.276871452195532,0.234636871,0.166037736,0.106666666,0.263333333,88.1,18.0,2021,641856
Billy McKinney,OAK,LF,27,"6' 0""",205,L,L,2018,,-0.54074831103257,0.096,0.331,1,4.0,-11.8694199943902,0.143772548862866,0.111111111,0.076923077,0.070175438,0.280701754,83.8,17.0,2022,641856
Blaine Boyer,KCR,p,36,"6' 3""",235,R,R,2005,,0.0,0.0,0.0,0,0.0,,0.0,0.0,0.0,0.0,0.0,,,2018,430641
Blaine Hardy,DET,P,31,"6' 2""",218,L,L,2014,,0.0,0.0,0.0,0,0.0,,0.0,0.0,0.0,0.0,0.0,,,2018,543278
Blaine Hardy,DET,P,32,"6' 2""",218,L,L,2014,,0.0,0.0,0.0,0,0.0,,0.0,0.0,0.0,0.0,0.0,,,2019,543278
Blaine Hardy,MIL,P,34,"6' 2""",218,L,L,2014,,0.0,0.0,0.0,0,0.0,,0.0,0.0,0.0,0.0,0.0,,,2021,543278
Blake Parker,LAA,p,33,"6' 3""",225,R,R,2012,1.0,0.0,0.0,0.0,0,0.0,,0.0,0.0,0.0,0.0,0.0,,,2018,453284
Blake Parker,- - -,p,34,"6' 3""",225,R,R,2012,1.0,-0.0125380544157124,0.0,0.0,0,0.0,-100.0,0.0,0.0,0.0,0.0,1.0,,,2019,453284
Blake Parker,PHI,p,35,"6' 3""",225,R,R,2012,1.0,0.0,0.0,0.0,0,0.0,,0.0,0.0,0.0,0.0,0.0,,,2020,453284
Blake Parker,CLE,p,36,"6' 3""",225,R,R,2012,1.0,0.0,0.0,0.0,0,0.0,,0.0,0.0,0.0,0.0,0.0,,,2021,453284
Blake Snell,TBR,p,25,"6' 4""",225,L,L,2016,36400000.0,0.0869623899064239,0.0,0.667,0,0.0,207.476908402652,0.469901502132416,0.0,0.0,0.333333333,0.333333333,,,2018,605483
Blake Snell,TBR,p,26,"6' 4""",225,L,L,2016,36400000.0,0.0,0.0,0.0,0,0.0,,0.0,0.0,0.0,0.0,0.0,,,2019,605483
Blake Snell,TBR,p,27,"6' 4""",225,L,L,2016,36400000.0,0.0,,,0,,,0.0,0.0,0.0,0.0,0.0,,,2020,605483
Blake Snell,SDP,p,28,"6' 4""",225,L,L,2016,36400000.0,-0.0819230608571706,0.118,0.236,0,0.0,-36.7948568010621,0.103418273084304,0.235294117,0.0,0.0,0.459459459,83.5,-13.0,2021,605483
Blake Snell,SDP,p,29,"6' 4""",225,L,L,2016,36400000.0,0.0,0.0,0.0,0,0.0,,0.0,0.0,0.0,0.0,0.0,,,2022,605483
Blake Treinen,OAK,p,30,"6' 5""",225,R,R,2014,11000000.0,0.0,0.0,0.0,0,0.0,,0.0,0.0,0.0,0.0,0.0,,,2018,595014
Blake Treinen,OAK,p,31,"6' 5""",225,R,R,2014,11000000.0,0.0,0.0,0.0,0,0.0,,0.0,0.0,0.0,0.0,0.0,,,2019,595014
Blake Treinen,LAD,p,32,"6' 5""",225,R,R,2014,11000000.0,0.0,,,0,,,0.0,0.0,0.0,0.0,0.0,,,2020,595014
Blake Treinen,LAD,p,33,"6' 5""",225,R,R,2014,11000000.0,0.0,0.0,0.0,0,0.0,,0.0,0.0,0.0,0.0,0.0,,,2021,595014
Blake Treinen,LAD,p,34,"6' 5""",225,R,R,2014,11000000.0,0.0,,,0,,,0.0,0.0,0.0,0.0,0.0,,,2022,595014
Blake Wood,LAA,p,32,"6' 5""",233,R,R,2010,,0.0,,,0,,,0.0,0.0,0.0,0.0,0.0,,,2018,502028
Bo Bichette,TOR,2b,21,"5' 11""",190,R,R,2019,42000000.0,1.41748003089076,0.311,0.929,11,21.0,142.784680151129,0.384177472512677,0.367647058,0.260204082,0.066037735,0.235849056,90.0,10.0,2019,666182
Bo Bichette,TOR,2b,22,"5' 11""",190,R,R,2019,42000000.0,0.866478427016847,0.301,0.84,5,23.0,120.490480681209,0.352814529824445,0.351648351,0.211382113,0.0390625,0.2109375,89.2,12.0,2020,666182
Bo Bichette,TOR,2b,23,"5' 11""",190,R,R,2019,42000000.0,4.86623945518896,0.298,0.827,29,102.0,121.648994602106,0.353859301148981,0.338912133,0.1859375,0.057971014,0.198550724,91.4,7.0,2021,666182
Bo Bichette,TOR,2b,24,"5' 11""",190,R,R,2019,42000000.0,4.82589572461517,0.29,0.802,24,93.0,129.341728484992,0.347486028883344,0.347368421,0.179447853,0.058823529,0.222381635,91.9,9.0,2022,666182
Bobby Dalbec,BOS,1B,25,"6' 3""",225,R,R,2020,,0.724594821479586,0.263,0.959,8,16.0,151.275540706275,0.400190322295479,0.393939393,0.3375,0.108695652,0.423913043,89.9,15.0,2020,666915
Bobby Dalbec,BOS,1B,26,"6' 3""",225,R,R,2020,,0.462768870735064,0.24,0.792,25,78.0,105.988369446738,0.333807565469657,0.316455696,0.254196643,0.061810154,0.34437086,92.4,17.0,2021,666915
Bobby Dalbec,BOS,1B,27,"6' 3""",225,R,R,2020,,-0.173555551112322,0.215,0.652,12,39.0,79.5726217173812,0.287046717010206,0.293193717,0.154574132,0.082152974,0.33427762,90.3,15.0,2022,666915
Bobby Wilson,MIN,c,35,"6' 0""",230,R,R,2008,,0.14068723319152,0.178,0.523,2,16.0,40.6868804803101,0.23240027731697,0.224489795,0.103703704,0.079470198,0.245033112,80.9,11.0,2018,435064
Bobby Wilson,DET,c,36,"6' 0""",230,R,R,2008,,-0.463131985582588,0.091,0.244,0,2.0,-41.818116109485,0.113175543753997,0.121212121,0.022727273,0.042553191,0.234042553,78.2,22.0,2019,435064
Boone Logan,MIL,p,33,"6' 5""",215,R,L,2006,2500000.0,0.0,0.0,0.0,0,0.0,,0.0,0.0,0.0,0.0,0.0,,,2018,457429
Brad Boxberger,ARI,p,30,"5' 10""",211,R,R,2012,,0.0,0.0,0.0,0,0.0,,0.0,0.0,0.0,0.0,0.0,,,2018,502202
Brad Boxberger,KCR,p,31,"5' 10""",211,R,R,2012,,0.0,0.0,0.0,0,0.0,,0.0,0.0,0.0,0.0,0.0,,,2019,502202
Brad Boxberger,MIA,p,32,"5' 10""",211,R,R,2012,,0.0,,,0,,,0.0,0.0,0.0,0.0,0.0,,,2020,502202
Brad Boxberger,MIL,p,33,"5' 10""",211,R,R,2012,,0.0,0.0,0.0,0,0.0,,0.0,0.0,0.0,0.0,0.0,,,2021,502202
Brad Boxberger,MIL,p,34,"5' 10""",211,R,R,2012,,0.0,,,0,,,0.0,0.0,0.0,0.0,0.0,,,2022,502202
Brad Brach,- - -,p,32,"6' 6""",215,R,R,2011,1050000.0,0.0,0.0,0.0,0,0.0,,0.0,0.0,0.0,0.0,0.0,,,2018,542960
Brad Brach,- - -,p,33,"6' 6""",215,R,R,2011,1050000.0,0.0284638799533043,0.25,0.5,0,1.0,27.3659010058108,0.217401817440987,0.333333333,0.0,0.0,0.2,88.8,7.0,2019,542960
Brad Brach,NYM,p,34,"6' 6""",215,R,R,2011,1050000.0,-0.0105061174255582,,,0,,,0.0,0.0,0.0,0.0,0.0,,,2020,542960
Brad Brach,CIN,p,35,"6' 6""",215,R,R,2011,1050000.0,0.0,0.0,0.0,0,0.0,,0.0,0.0,0.0,0.0,0.0,,,2021,542960
Brad Hand,- - -,p,28,"6' 3""",224,L,L,2011,,-0.0110304006874756,0.0,0.0,0,0.0,-100.0,0.0,0.0,0.0,0.0,0.0,97.1,-26.0,2018,543272
Brad Hand,CLE,p,29,"6' 3""",224,L,L,2011,,0.0,0.0,0.0,0,0.0,,0.0,0.0,0.0,0.0,0.0,,,2019,543272
Brad Hand,CLE,p,30,"6' 3""",224,L,L,2011,,0.0,,,0,,,0.0,0.0,0.0,0.0,0.0,,,2020,543272
Brad Hand,- - -,p,31,"6' 3""",224,L,L,2011,,0.0,0.0,0.0,0,0.0,,0.0,0.0,0.0,0.0,0.0,,,2021,543272
Brad Hand,PHI,p,32,"6' 3""",224,L,L,2011,,0.0,,,0,,,0.0,0.0,0.0,0.0,0.0,,,2022,543272
Brad Keller,KCR,p,22,"6' 5""",255,R,R,2018,11000000.0,0.0447334267389133,0.333,0.666,0,0.0,80.9218280056716,0.293176909287771,0.5,0.0,0.0,0.333333333,94.8,-14.0,2018,641745
Brad Keller,KCR,p,23,"6' 5""",255,R,R,2018,11000000.0,0.0264073213156198,0.125,0.347,0,1.0,-2.87154246737628,0.173322419325511,0.333333333,0.0,0.1,0.5,81.8,-17.0,2019,641745
Brad Keller,KCR,p,24,"6' 5""",255,R,R,2018,11000000.0,0.0,,,0,,,0.0,0.0,0.0,0.0,0.0,,,2020,641745
Brad Keller,KCR,p,25,"6' 5""",255,R,R,2018,11000000.0,-0.0781076268008728,0.0,0.0,0,0.0,-100.0,0.0,0.0,0.0,0.0,0.428571428,77.9,19.0,2021,641745
Brad Keller,KCR,p,26,"6' 5""",255,R,R,2018,11000000.0,0.0,,,0,,,0.0,0.0,0.0,0.0,0.0,,,2022,641745
Brad Miller,- - -,dh,28,"6' 2""",195,L,R,2013,,-0.10651451905606,0.248,0.724,7,29.0,97.6147355111772,0.311662288051349,0.349650349,0.165217392,0.086614173,0.322834645,91.1,11.0,2018,543543
Brad Miller,- - -,dh,29,"6' 2""",195,L,R,2013,,1.12808069627375,0.26,0.894,13,25.0,126.526876629338,0.367698521824444,0.28125,0.305194805,0.088235294,0.264705882,92.6,18.0,2019,543543
Brad Miller,STL,dh,30,"6' 2""",195,L,R,2013,,0.682558660466118,0.232,0.808,7,25.0,121.428926340802,0.348685321387123,0.288888888,0.218309859,0.14619883,0.269005847,89.8,11.0,2020,543543
Brad Miller,PHI,dh,31,"6' 2""",195,L,R,2013,,0.72266514459471,0.227,0.774,20,49.0,105.817597741646,0.331397998174032,0.276381909,0.226586103,0.119363395,0.297082228,92.4,13.0,2021,543543
Brad Miller,TEX,dh,32,"6' 2""",195,L,R,2013,,-1.1329867768203,0.212,0.59,7,32.0,68.3893851326981,0.263022042903663,0.273972602,0.108108108,0.074688796,0.290456431,91.1,14.0,2022,543543
Brad Peacock,HOU,p,30,"6' 1""",207,R,R,2011,,-0.0102970215649512,0.0,0.0,0,0.0,-100.0,0.0,0.0,0.0,0.0,1.0,,,2018,502748
Brad Peacock,HOU,p,31,"6' 1""",207,R,R,2011,,0.0,,,0,,,0.0,0.0,0.0,0.0,0.0,,,2019,502748
Brad Peacock,HOU,p,32,"6' 1""",207,R,R,2011,,0.0,,,0,,,0.0,0.0,0.0,0.0,0.0,,,2020,502748
Brad Peacock,BOS,p,33,"6' 1""",207,R,R,2011,,0.0,,,0,,,0.0,0.0,0.0,0.0,0.0,,,2021,502748
Brad Ziegler,- - -,p,38,"6' 4""",220,R,R,2008,,0.0,0.0,0.0,0,0.0,,0.0,0.0,0.0,0.0,0.0,,,2018,446899
Bradley Zimmer,CLE,CF,25,"6' 2""",215,L,R,2017,,0.257473596386297,0.226,0.611,2,9.0,64.5008970879551,0.270148559620506,0.366666666,0.103773585,0.061403508,0.385964912,90.2,5.0,2018,605548
Bradley Zimmer,CLE,CF,26,"6' 2""",215,L,R,2017,,-0.29473288118634,0.0,0.071,0,0.0,-84.983101778272,0.0493067502975464,0.0,0.0,0.071428571,0.5,82.8,1.0,2019,605548
Bradley Zimmer,CLE,CF,27,"6' 2""",215,L,R,2017,,0.0338325717182662,0.162,0.603,1,3.0,87.1364657942053,0.298512794971466,0.217391304,0.081081081,0.14,0.28,84.1,16.0,2020,605548
Bradley Zimmer,CLE,CF,28,"6' 2""",215,L,R,2017,,1.43111697965868,0.227,0.669,8,35.0,91.0650940138816,0.299793665950326,0.346820809,0.117056856,0.086206896,0.350574712,90.7,7.0,2021,605548
Bradley Zimmer,- - -,CF,29,"6' 2""",215,L,R,2017,,-0.288268669534067,0.124,0.436,2,5.0,26.7399113799707,0.202754215947513,0.189655172,0.104761905,0.042735042,0.384615384,87.0,10.0,2022,605548
Brady Singer,KCR,P,23,"6' 5""",215,R,R,2020,,0.0,,,0,,,0.0,0.0,0.0,0.0,0.0,,,2020,663903
Brady Singer,KCR,P,24,"6' 5""",215,R,R,2020,,0.0,,,0,,,0.0,0.0,0.0,0.0,0.0,,,2021,663903
Brady Singer,KCR,P,25,"6' 5""",215,R,R,2020,,0.0,,,0,,,0.0,0.0,0.0,0.0,0.0,,,2022,663903
Brandon Barnes,CLE,CF,32,"6' 2""",210,R,R,2012,,0.117230783986352,0.263,0.754,1,2.0,105.279140044162,0.329905265853519,0.307692307,0.157894737,0.095238095,0.238095238,85.2,12.0,2018,488681
Brandon Belt,SFG,dh,30,"6' 3""",230,L,L,2011,,1.52164641702563,0.253,0.756,14,46.0,106.753779455733,0.326529814402262,0.310714285,0.160401002,0.10745614,0.234649122,87.0,23.0,2018,474832
Brandon Belt,SFG,dh,31,"6' 3""",230,L,L,2011,,0.530083482803669,0.234,0.742,17,57.0,98.2513897230681,0.319112134407628,0.274611398,0.169201521,0.134740259,0.206168831,87.3,22.0,2019,474832
Brandon Belt,SFG,dh,32,"6' 3""",230,L,L,2011,,1.89399649385328,0.309,1.016,9,30.0,171.470402256056,0.427129975195681,0.35576923,0.281879194,0.167597765,0.201117318,90.7,18.0,2020,474832
Brandon Belt,SFG,dh,33,"6' 3""",230,L,L,2011,,3.57152400590104,0.274,0.975,29,59.0,158.609685349522,0.4062625770531,0.30927835,0.323076923,0.125984251,0.270341207,89.2,23.0,2021,474832
Brandon Belt,SFG,dh,34,"6' 3""",230,L,L,2011,,0.0489504397867936,0.213,0.676,8,23.0,96.6079658223604,0.303299288089211,0.277108433,0.137795275,0.124161073,0.27181208,88.4,23.0,2022,474832
Brandon Crawford,SFG,ss,31,"6' 1""",223,L,R,2011,2000000.0,2.60208556633222,0.254,0.719,14,54.0,93.0790449376778,0.306063812283764,0.3025,0.139359698,0.084175084,0.205387205,87.5,11.0,2018,543063
Brandon Crawford,SFG,ss,32,"6' 1""",223,L,R,2011,2000000.0,0.670522753526793,0.228,0.654,11,59.0,73.1508648994928,0.280800742931194,0.27393617,0.122,0.094642857,0.208928571,87.7,8.0,2019,543063
Brandon Crawford,SFG,ss,33,"6' 1""",223,L,R,2011,2000000.0,1.54157830257361,0.256,0.791,8,28.0,110.233023056233,0.334393245387452,0.302521008,0.209302326,0.077720207,0.243523316,88.7,12.0,2020,543063
Brandon Crawford,SFG,ss,34,"6' 1""",223,L,R,2011,2000000.0,6.20732692207246,0.298,0.895,24,90.0,139.677760937361,0.377132745298452,0.334261838,0.223602485,0.102003642,0.19125683,88.8,15.0,2021,543063
Brandon Crawford,SFG,ss,35,"6' 1""",223,L,R,2011,2000000.0,2.04548571038207,0.231,0.652,9,52.0,86.7345848254869,0.288859755652291,0.279605263,0.113022113,0.085152838,0.213973799,88.1,12.0,2022,543063
Brandon Drury,- - -,3b,25,"6' 1""",225,R,R,2015,,-0.419600453695821,0.169,0.516,1,10.0,43.9929031796239,0.236316637244335,0.214285714,0.090909091,0.081395348,0.232558139,88.2,13.0,2018,592273
Brandon Drury,TOR,3b,26,"6' 1""",225,R,R,2015,,-0.120433055474577,0.218,0.642,15,41.0,66.1949065743049,0.270933727156663,0.259385665,0.162679426,0.055928411,0.25279642,86.9,14.0,2019,592273
Brandon Drury,TOR,3b,27,"6' 1""",225,R,R,2015,,-0.510109619905577,0.152,0.358,0,1.0,-10.2916147913226,0.161854685569296,0.184210526,0.02173913,0.040816326,0.183673469,82.1,19.0,2020,592273
Brandon Drury,NYM,3b,28,"6' 1""",225,R,R,2015,,0.332019354290939,0.274,0.783,4,14.0,112.02768963454,0.333388223566792,0.327586206,0.202380953,0.034090909,0.25,89.7,12.0,2021,592273
Brandon Drury,- - -,3b,29,"6' 1""",225,R,R,2015,,3.11856007691973,0.263,0.812,28,87.0,123.034104026653,0.349555091538899,0.29347826,0.22972973,0.066901408,0.221830985,89.1,14.0,2022,592273
Brandon Guyer,CLE,of,32,"6' 2""",210,R,R,2011,,0.250151187892652,0.206,0.671,7,27.0,83.4769640687596,0.297956213355064,0.237410071,0.164948453,0.067873303,0.21719457,85.4,16.0,2018,446386
Brandon Kintzler,- - -,p,33,"5' 10""",200,R,R,2010,,-0.0112875862621655,0.0,0.0,0,0.0,-100.0,0.0,0.0,0.0,0.0,1.0,,,2018,445213
Brandon Kintzler,CHC,p,34,"5' 10""",200,R,R,2010,,0.0,0.0,0.0,0,0.0,,0.0,0.0,0.0,0.0,0.0,,,2019,445213
Brandon Kintzler,MIA,p,35,"5' 10""",200,R,R,2010,,0.0,,,0,,,0.0,0.0,0.0,0.0,0.0,,,2020,445213
Brandon Kintzler,PHI,p,36,"5' 10""",200,R,R,2010,,0.0,0.0,0.0,0,0.0,,0.0,0.0,0.0,0.0,0.0,,,2021,445213
Brandon Lowe,TBR,2B,23,"5' 9""",181,L,R,2018,,0.873354935931371,0.233,0.774,6,25.0,114.453201086417,0.333583947774526,0.279069767,0.217054264,0.108108108,0.256756756,89.3,14.0,2018,664040
Brandon Lowe,TBR,2B,24,"5' 9""",181,L,R,2018,,1.9481668757469,0.27,0.85,17,51.0,126.706837508856,0.354218953793202,0.377245508,0.243243243,0.076452599,0.345565749,91.6,19.0,2019,664040
Brandon Lowe,TBR,2B,25,"5' 9""",181,L,R,2018,,2.15194800762627,0.269,0.916,14,37.0,151.410678498772,0.384727983070271,0.308943089,0.284974094,0.111607142,0.258928571,89.8,18.0,2020,664040
Brandon Lowe,TBR,2B,26,"5' 9""",181,L,R,2018,,4.46341411102997,0.247,0.863,39,99.0,136.423458188637,0.3633616192056,0.280120481,0.276635514,0.110569105,0.271544715,89.3,17.0,2021,664040
Brandon Lowe,TBR,2B,27,"5' 9""",181,L,R,2018,,0.596365546852758,0.221,0.691,8,25.0,102.838505317661,0.306140653396908,0.263473053,0.161702128,0.101503759,0.229323308,89.4,17.0,2022,664040
Brandon Maurer,KCR,P,27,"6' 5""",225,R,R,2013,,0.0,0.0,0.0,0,0.0,,0.0,0.0,0.0,0.0,0.0,,,2018,543506
Brandon McCarthy,ATL,p,34,"6' 8""",225,R,R,2005,,-0.0995019712804725,0.103,0.275,0,2.0,-38.8154958571747,0.11634760272914,0.3,0.068965518,0.0,0.612903225,89.7,2.0,2018,435221
Brandon Morrow,CHC,p,33,"6' 3""",207,R,R,2007,,-0.0112875862621655,0.0,0.0,0,0.0,-100.0,0.0,0.0,0.0,0.0,1.0,,,2018,453344
Brandon Nimmo,NYM,cf,25,"6' 1""",206,L,R,2016,20250000.0,5.11762812402329,0.263,0.887,17,47.0,148.043325824856,0.385276300486659,0.351449275,0.219399538,0.14953271,0.261682242,89.9,11.0,2018,607043
Brandon Nimmo,NYM,cf,26,"6' 1""",206,L,R,2016,20250000.0,1.25301481204154,0.221,0.782,8,29.0,114.817050799899,0.339714034382566,0.292682926,0.185929648,0.181102362,0.279527559,89.3,12.0,2019,607043
Brandon Nimmo,NYM,cf,27,"6' 1""",206,L,R,2016,20250000.0,1.78510652194559,0.28,0.888,8,18.0,148.86681613162,0.386519588364495,0.325925925,0.204301075,0.146666666,0.191111111,87.2,8.0,2020,607043
Brandon Nimmo,NYM,cf,28,"6' 1""",206,L,R,2016,20250000.0,3.22588240262004,0.292,0.838,8,28.0,135.218259997468,0.369070671809216,0.365546218,0.144615384,0.139896373,0.204663212,89.3,9.0,2021,607043
Brandon Nimmo,NYM,cf,29,"6' 1""",206,L,R,2016,20250000.0,5.47843536496713,0.274,0.8,16,64.0,131.952263775958,0.3527136243991,0.31707317,0.158620689,0.105497771,0.172362555,89.4,6.0,2022,607043
Brandon Phillips,BOS,2b,37,"6' 0""",211,R,R,2002,,-0.20574874612416,0.13,0.52,1,2.0,44.163496155739,0.24251882676725,0.133333333,0.130434783,0.148148148,0.259259259,82.2,3.0,2018,408252
Brandon Snyder,TBR,1B,31,"6' 2""",215,R,R,2010,,-0.010278043447706,0.167,0.5,0,0.0,28.6716834442616,0.207879145940145,0.25,0.166666667,0.0,0.333333333,81.6,-2.0,2018,474319
Brandon Woodruff,MIL,p,25,"6' 4""",241,L,R,2017,22025000.0,0.220946164646546,0.25,0.958,1,1.0,152.391141515985,0.399987644619412,0.166666666,0.375,0.1,0.1,90.3,-1.0,2018,605540
Brandon Woodruff,MIL,p,26,"6' 4""",241,L,R,2017,22025000.0,0.507154050159192,0.267,0.639,0,4.0,63.024922674759,0.27203933570696,0.48,0.088888889,0.020408163,0.408163265,88.2,10.0,2019,605540
Brandon Woodruff,MIL,p,27,"6' 4""",241,L,R,2017,22025000.0,0.0,,,0,,,0.0,0.0,0.0,0.0,0.0,,,2020,605540
Brandon Woodruff,MIL,p,28,"6' 4""",241,L,R,2017,22025000.0,-0.0185065757075814,0.115,0.279,0,2.0,-22.4265157133769,0.133626937866211,0.25,0.0,0.051724137,0.48275862,82.9,7.0,2021,605540
Brandon Woodruff,MIL,p,29,"6' 4""",241,L,R,2017,22025000.0,0.0,,,0,,,0.0,0.0,0.0,0.0,0.0,,,2022,605540
Brandon Workman,BOS,p,29,"6' 5""",235,R,R,2013,1000000.0,0.0,0.0,0.0,0,0.0,,0.0,0.0,0.0,0.0,0.0,,,2018,519443
Brandon Workman,BOS,p,30,"6' 5""",235,R,R,2013,1000000.0,0.0,0.0,0.0,0,0.0,,0.0,0.0,0.0,0.0,0.0,,,2019,519443
Brandon Workman,- - -,p,31,"6' 5""",235,R,R,2013,1000000.0,0.0,,,0,,,0.0,0.0,0.0,0.0,0.0,,,2020,519443
Brandon Workman,- - -,p,32,"6' 5""",235,R,R,2013,1000000.0,0.0,0.0,0.0,0,0.0,,0.0,0.0,0.0,0.0,0.0,,,2021,519443
Brendan Rodgers,COL,ss,22,"6' 0""",204,R,R,2019,,-0.779369855823587,0.224,0.522,0,7.0,26.3364154325641,0.234047301021623,0.346938775,0.02631579,0.049382716,0.333333333,86.9,7.0,2019,663898
Brendan Rodgers,COL,ss,23,"6' 0""",204,R,R,2019,,-0.42643426581159,0.095,0.238,0,2.0,-60.4663137140638,0.100982285681225,0.133333333,0.047619047,0.0,0.285714285,83.0,-5.0,2020,663898
Brendan Rodgers,COL,ss,24,"6' 0""",204,R,R,2019,,1.22916407014204,0.284,0.798,15,51.0,98.0678488871938,0.340928581249283,0.327586206,0.186046511,0.045783132,0.202409638,88.8,6.0,2021,663898
Brendan Rodgers,COL,ss,25,"6' 0""",204,R,R,2019,,1.82878623819351,0.266,0.733,13,63.0,93.5571696858019,0.321014091295548,0.303827751,0.142314991,0.079173838,0.173838209,90.0,5.0,2022,663898
Brent Rooker,MIN,RF,25,"6' 3""",225,R,R,2020,,0.0495260375581669,0.316,0.96,1,5.0,163.417769189217,0.407608832631792,0.384615384,0.263157895,0.0,0.238095238,89.1,5.0,2020,667670
Brent Rooker,MIN,RF,26,"6' 3""",225,R,R,2020,,-0.272438896313267,0.201,0.688,9,16.0,90.8893458149306,0.300705747984944,0.263636363,0.195767195,0.070422535,0.328638497,91.0,13.0,2021,667670
Brent Rooker,- - -,RF,27,"6' 3""",225,R,R,2020,,-0.354814540636582,0.125,0.378,0,2.0,13.8533639244253,0.186096501019266,0.19047619,0.03125,0.083333333,0.305555555,87.8,13.0,2022,667670
Brent Suter,MIL,p,28,"6' 4""",213,L,L,2016,1250000.0,0.455033823757181,0.192,0.669,1,3.0,87.6299356750072,0.303064155963159,0.210526315,0.153846154,0.125,0.1875,84.1,-4.0,2018,608718
Brent Suter,MIL,p,29,"6' 4""",213,L,L,2016,1250000.0,-0.0250705366645401,0.0,0.0,0,0.0,-100.0,0.0,0.0,0.0,0.0,0.5,82.2,-8.0,2019,608718
Brent Suter,MIL,p,30,"6' 4""",213,L,L,2016,1250000.0,0.0,,,0,,,0.0,0.0,0.0,0.0,0.0,,,2020,608718
Brent Suter,MIL,p,31,"6' 4""",213,L,L,2016,1250000.0,-0.0448907033521033,0.0,0.0,0,0.0,-100.0,0.0,0.0,0.0,0.0,0.75,,,2021,608718
Brent Suter,MIL,p,32,"6' 4""",213,L,L,2016,1250000.0,0.0,,,0,,,0.0,0.0,0.0,0.0,0.0,,,2022,608718
Brett Anderson,OAK,p,30,"6' 4""",230,L,L,2009,,0.0325192792671355,0.25,0.5,0,0.0,37.1310747718197,0.219882681965828,0.25,0.0,0.0,0.0,82.4,4.0,2018,474463
Brett Anderson,OAK,p,31,"6' 4""",230,L,L,2009,,0.201053697581555,0.5,1.0,0,0.0,179.756114776315,0.434803634881973,0.666666666,0.0,0.0,0.25,87.2,-2.0,2019,474463
Brett Anderson,MIL,p,32,"6' 4""",230,L,L,2009,,0.0,,,0,,,0.0,0.0,0.0,0.0,0.0,,,2020,474463
Brett Anderson,MIL,p,33,"6' 4""",230,L,L,2009,,-0.165281741913679,0.0,0.125,0,1.0,-53.078062571353,0.0864645689725876,0.0,0.0,0.117647058,0.411764705,71.0,-1.0,2021,474463
Brett Cecil,STL,p,31,"6' 2""",200,R,L,2009,7625000.0,0.0,0.0,0.0,0,0.0,,0.0,0.0,0.0,0.0,0.0,,,2018,446399
Brett Gardner,NYY,If,34,"5' 11""",195,L,L,2008,,1.92966042487376,0.236,0.69,12,45.0,90.9901880095049,0.304831557332977,0.271634615,0.132075472,0.106732348,0.175697865,87.9,10.0,2018,458731
Brett Gardner,NYY,If,35,"5' 11""",195,L,L,2008,,3.37479674104927,0.251,0.828,28,74.0,115.381576916552,0.344238575155085,0.265363128,0.252545825,0.094545454,0.196363636,87.8,14.0,2019,458731
Brett Gardner,NYY,If,36,"5' 11""",195,L,L,2008,,0.423570622034096,0.223,0.746,5,15.0,110.891304853336,0.331817875934553,0.263736263,0.169230769,0.164556962,0.221518987,89.2,15.0,2020,458731
Brett Gardner,NYY,If,37,"5' 11""",195,L,L,2008,,0.97799944224135,0.222,0.689,10,39.0,94.5676245663382,0.305042396904084,0.268551236,0.139534883,0.130151843,0.216919739,86.7,13.0,2021,458731
Brett Phillips,- - -,P,24,"6' 0""",200,L,R,2017,,0.386966734464825,0.187,0.558,2,11.0,48.888758716045,0.246006682211039,0.319444444,0.119402985,0.074829931,0.414965986,85.5,10.0,2018,621433
Brett Phillips,KCR,P,25,"6' 0""",200,L,R,2017,,0.301080311563534,0.138,0.509,2,6.0,34.1732069095338,0.228095869739334,0.166666666,0.123076923,0.126582278,0.29113924,87.6,14.0,2019,621433
Brett Phillips,- - -,P,26,"6' 0""",200,L,R,2017,,0.272020345438847,0.196,0.697,2,5.0,91.5824770793097,0.304408877582873,0.235294117,0.196078431,0.13559322,0.254237288,84.9,14.0,2020,621433
Brett Phillips,TBR,P,27,"6' 0""",200,L,R,2017,,2.23488365516591,0.206,0.727,13,44.0,102.128015707951,0.312611807214803,0.302325581,0.221343874,0.113013698,0.386986301,89.6,18.0,2021,621433
Brett Phillips,- - -,P,28,"6' 0""",200,L,R,2017,,0.0623038467747059,0.144,0.466,5,15.0,36.7986580634103,0.212754413283249,0.233009708,0.104477612,0.071111111,0.417777777,88.5,23.0,2022,621433
Brian Anderson,MIA,p,25,"6' 2""",215,R,R,2017,,3.00521052494826,0.273,0.757,11,65.0,113.205113526997,0.333026127543992,0.331858407,0.127118645,0.092537313,0.192537313,90.2,9.0,2018,605119
Brian Anderson,MIA,p,26,"6' 2""",215,R,R,2017,,2.77951748726708,0.261,0.81,20,66.0,114.398253161228,0.342226247107592,0.304878048,0.206971678,0.084615384,0.219230769,89.8,11.0,2019,605119
Brian Anderson,MIA,p,27,"6' 2""",215,R,R,2017,,1.6062080419351,0.255,0.81,11,38.0,119.662450986608,0.347726565704011,0.322580645,0.21,0.096069868,0.288209606,87.4,10.0,2020,605119
Brian Anderson,MIA,p,28,"6' 2""",215,R,R,2017,,1.03392741868594,0.249,0.715,7,28.0,94.7928465862971,0.314319206330612,0.316770186,0.128755365,0.098484848,0.246212121,88.8,11.0,2021,605119
Brian Anderson,MIA,p,29,"6' 2""",215,R,R,2017,,0.198568711477571,0.222,0.657,8,28.0,85.0707666836333,0.293178615138287,0.291304347,0.124260355,0.096605744,0.263707571,88.7,8.0,2022,605119
Brian Dozier,- - -,2b,31,"5' 11""",200,R,R,2012,,1.04277838884852,0.215,0.696,21,72.0,90.4055098421922,0.303850084495998,0.240196078,0.175406872,0.110759493,0.204113924,86.7,17.0,2018,572821
Brian Dozier,WSN,2b,32,"5' 11""",200,R,R,2012,,1.58116324596488,0.238,0.77,20,50.0,100.130920625279,0.329239737863342,0.270547945,0.192307692,0.126556016,0.217842323,88.5,19.0,2019,572821
Brian Dozier,NYM,2b,33,"5' 11""",200,R,R,2012,,-0.166455460283483,0.133,0.321,0,0.0,-4.67984199125493,0.153991430997849,0.2,0.0,0.0625,0.3125,88.0,33.0,2020,572821
Brian Duensing,CHC,p,35,"6' 0""",200,L,L,2009,3500000.0,0.0031445212318384,0.0,0.5,0,0.0,116.741266758777,0.344764798879623,0.0,0.0,0.5,0.5,,,2018,488846
Brian Flynn,KCR,P,28,"6' 8""",245,L,L,2013,,-0.0110382213226955,0.0,0.0,0,0.0,-100.0,0.0,0.0,0.0,0.0,0.0,102.2,-7.0,2018,543169
Brian Flynn,KCR,P,29,"6' 8""",245,L,L,2013,,0.0,0.0,0.0,0,0.0,,0.0,0.0,0.0,0.0,0.0,,,2019,543169
Brian Goodwin,- - -,CF,27,"6' 0""",205,L,R,2016,,0.325973860711534,0.239,0.708,6,25.0,92.6907367780924,0.31133752695009,0.329896907,0.150943396,0.088888888,0.316666666,88.6,12.0,2018,571718
Brian Goodwin,LAA,CF,28,"6' 0""",205,L,R,2016,,1.82063281997947,0.262,0.796,17,47.0,106.080241581635,0.332214286563161,0.337037037,0.208232446,0.082969432,0.281659388,87.6,18.0,2019,571718
Brian Goodwin,- - -,CF,29,"6' 0""",205,L,R,2016,,-0.0169439639641853,0.215,0.716,6,22.0,87.9489928607003,0.305049455238998,0.290697674,0.201388889,0.103658536,0.329268292,89.9,21.0,2020,571718
Brian Goodwin,CHW,CF,30,"6' 0""",205,L,R,2016,,0.002789302828183,0.221,0.693,8,29.0,92.1717830121297,0.30590369215718,0.258823529,0.15319149,0.121771217,0.21402214,88.5,17.0,2021,571718
Brian McCann,HOU,c,34,"6' 3""",225,L,R,2005,,0.341747169544981,0.212,0.64,7,23.0,82.0146992616452,0.285952118535837,0.229166666,0.126984127,0.087962962,0.185185185,85.8,24.0,2018,435263
Brian McCann,ATL,c,35,"6' 3""",225,L,R,2005,,0.879432551039318,0.249,0.735,12,45.0,87.8405807983884,0.311469291505359,0.261467889,0.162454874,0.098101265,0.167721518,88.8,11.0,2019,435263
Brock Holt,BOS,3b,30,"5' 10""",180,L,R,2012,1.0,1.58004258141374,0.277,0.773,7,46.0,109.617357489023,0.33843534694959,0.337448559,0.133956387,0.100817438,0.198910081,87.9,7.0,2018,571788
Brock Holt,BOS,3b,31,"5' 10""",180,L,R,2012,1.0,1.23782452797523,0.297,0.771,3,31.0,102.525880830544,0.33286385998434,0.364532019,0.104247104,0.094915254,0.193220338,87.3,11.0,2019,571788
Brock Holt,- - -,3b,32,"5' 10""",180,L,R,2012,1.0,-0.298016357671002,0.211,0.557,0,5.0,53.5522777420756,0.25284640294201,0.277777777,0.063157895,0.08490566,0.226415094,84.0,11.0,2020,571788
Brock Holt,TEX,3b,33,"5' 10""",180,L,R,2012,1.0,-0.247511930057669,0.209,0.579,2,23.0,61.2448511285001,0.259087151288986,0.254054054,0.089361702,0.088461538,0.188461538,86.1,10.0,2021,571788
Brock Stewart,LAD,P,26,"6' 3""",220,L,R,2016,,-0.0217237908070794,0.0,0.0,0,0.0,-100.0,0.0,0.0,0.0,0.0,1.0,,,2018,592779
Brock Stewart,- - -,P,27,"6' 3""",220,L,R,2016,,0.0641461480445769,0.333,1.0,0,0.0,154.482259949411,0.40555473168691,0.333333333,0.333333333,0.0,0.0,83.7,48.0,2019,592779
Brooks Raley,- - -,p,32,"6' 3""",200,L,L,2012,1850000.0,0.0,,,0,,,0.0,0.0,0.0,0.0,0.0,,,2020,548384
Brooks Raley,HOU,p,33,"6' 3""",200,L,L,2012,1850000.0,0.0,0.0,0.0,0,0.0,,0.0,0.0,0.0,0.0,0.0,,,2021,548384
Brooks Raley,TBR,p,34,"6' 3""",200,L,L,2012,1850000.0,0.0,,,0,,,0.0,0.0,0.0,0.0,0.0,,,2022,548384
Brusdar Graterol,MIN,P,20,"6' 1""",265,R,R,2019,,0.0,,,0,,,0.0,0.0,0.0,0.0,0.0,,,2019,660813
Brusdar Graterol,LAD,P,21,"6' 1""",265,R,R,2019,,0.0,,,0,,,0.0,0.0,0.0,0.0,0.0,,,2020,660813
Brusdar Graterol,LAD,P,22,"6' 1""",265,R,R,2019,,-0.0218020980632224,0.0,0.0,0,0.0,-100.0,0.0,0.0,0.0,0.0,0.0,93.7,30.0,2021,660813
Brusdar Graterol,LAD,P,23,"6' 1""",265,R,R,2019,,0.0,,,0,,,0.0,0.0,0.0,0.0,0.0,,,2022,660813
Bryan Abreu,HOU,P,22,"6' 1""",230,R,R,2019,,0.0,,,0,,,0.0,0.0,0.0,0.0,0.0,,,2019,650556
Bryan Abreu,HOU,P,23,"6' 1""",230,R,R,2019,,0.0,,,0,,,0.0,0.0,0.0,0.0,0.0,,,2020,650556
Bryan Abreu,HOU,P,24,"6' 1""",230,R,R,2019,,0.0,0.0,0.0,0,0.0,,0.0,0.0,0.0,0.0,0.0,,,2021,650556
Bryan Abreu,HOU,P,25,"6' 1""",230,R,R,2019,,0.0,,,0,,,0.0,0.0,0.0,0.0,0.0,,,2022,650556
Bryan Holaday,MIA,c,30,"6' 0""",203,R,R,2012,,0.343831537412578,0.205,0.519,1,16.0,43.2269785134329,0.228294832209137,0.243902439,0.052980132,0.060240963,0.174698795,83.6,15.0,2018,592407
Bryan Holaday,MIA,c,31,"6' 0""",203,R,R,2012,,-0.0303060288466134,0.278,0.779,4,12.0,104.00312208741,0.326359967863749,0.307692307,0.156521739,0.085271317,0.162790697,88.2,11.0,2019,592407
Bryan Holaday,BAL,c,32,"6' 0""",203,R,R,2012,,-0.248723650286809,0.161,0.406,0,4.0,8.77582762486518,0.186843272411462,0.227272727,0.032258065,0.06060606,0.272727272,86.1,21.0,2020,592407
Bryan Holaday,ARI,c,33,"6' 0""",203,R,R,2012,,-0.222327088234805,0.194,0.523,0,1.0,46.2317937739816,0.239267524550943,0.375,0.064516129,0.029411764,0.44117647,88.4,23.0,2021,592407
Bryan Mitchell,SDP,P,27,"6' 2""",215,L,R,2014,,-0.0541555497631377,0.111,0.222,0,0.0,-46.2761494360109,0.0977256364292569,0.25,0.0,0.0,0.526315789,78.5,-14.0,2018,571951
Bryan Mitchell,MIA,P,30,"6' 2""",215,L,R,2014,,0.0,0.0,0.0,0,0.0,,0.0,0.0,0.0,0.0,0.0,,,2021,571951
Bryan Reynolds,PIT,RF,24,"6' 2""",210,S,R,2019,,3.69798488540502,0.314,0.88,16,68.0,130.011995263045,0.371036561089994,0.386554621,0.189409368,0.084249084,0.221611721,89.5,9.0,2019,668804
Bryan Reynolds,PIT,RF,25,"6' 2""",210,S,R,2019,,0.236841981864953,0.189,0.632,7,19.0,70.4991211164609,0.27754917582452,0.231404958,0.167567567,0.100961538,0.274038461,87.5,10.0,2020,668804
Bryan Reynolds,PIT,RF,26,"6' 2""",210,S,R,2019,,6.3403448454457,0.302,0.912,24,90.0,139.821603390361,0.385008316960776,0.345238095,0.220035778,0.116099071,0.184210526,89.4,13.0,2021,668804
Bryan Reynolds,PIT,RF,27,"6' 2""",210,S,R,2019,,2.90236734703765,0.262,0.806,27,62.0,123.230383201233,0.348934071824739,0.305851063,0.199261993,0.091205211,0.229641693,90.2,12.0,2022,668804
Bryan Shaw,COL,p,30,"6' 1""",225,S,R,2011,,0.0,0.0,0.0,0,0.0,,0.0,0.0,0.0,0.0,0.0,,,2018,543766
Bryan Shaw,COL,p,31,"6' 1""",225,S,R,2011,,0.0,0.0,0.0,0,0.0,,0.0,0.0,0.0,0.0,0.0,,,2019,543766
Bryan Shaw,SEA,p,32,"6' 1""",225,S,R,2011,,0.0,,,0,,,0.0,0.0,0.0,0.0,0.0,,,2020,543766
Bryan Shaw,CLE,p,33,"6' 1""",225,S,R,2011,,0.0,0.0,0.0,0,0.0,,0.0,0.0,0.0,0.0,0.0,,,2021,543766
Bryan Shaw,CLE,p,34,"6' 1""",225,S,R,2011,,0.0,0.0,0.0,0,0.0,,0.0,0.0,0.0,0.0,0.0,,,2022,543766
Bryce Harper,WSN,rf,25,"6' 1""",210,L,R,2012,25384615.0,3.19860051450755,0.249,0.889,34,100.0,134.818944316843,0.375656197014894,0.289325842,0.247272727,0.187050359,0.243165467,90.6,14.0,2018,547180
Bryce Harper,PHI,rf,26,"6' 1""",210,L,R,2012,25384615.0,3.82515054015541,0.26,0.882,35,114.0,124.219486625887,0.365474905324586,0.313186813,0.249563699,0.14516129,0.260997067,91.8,14.0,2019,547180
Bryce Harper,PHI,rf,27,"6' 1""",210,L,R,2012,25384615.0,1.83523738719844,0.268,0.962,13,33.0,150.211387107536,0.399676788106878,0.279411764,0.273684211,0.200819672,0.176229508,92.5,16.0,2020,547180
Bryce Harper,PHI,rf,28,"6' 1""",210,L,R,2012,25384615.0,6.65153352886137,0.309,1.044,35,84.0,170.484257450804,0.430898126975136,0.359133126,0.305327869,0.166944908,0.223706176,92.5,13.0,2021,547180
Bryce Harper,PHI,rf,29,"6' 1""",210,L,R,2012,25384615.0,2.6457485367655,0.286,0.878,18,65.0,139.185108571695,0.369328741118205,0.323529411,0.227027027,0.10798122,0.204225352,92.1,12.0,2022,547180
Bryse Wilson,ATL,P,20,"6' 2""",255,R,R,2018,,-0.0233130797311941,0.0,0.0,0,0.0,-100.0,0.0,0.0,0.0,0.0,0.0,88.8,37.0,2018,669060
Bryse Wilson,ATL,P,21,"6' 2""",255,R,R,2018,,0.0315145759091959,0.222,0.444,0,0.0,10.3841104358966,0.193246059947544,0.666666666,0.0,0.0,0.666666666,89.9,-8.0,2019,669060
Bryse Wilson,ATL,P,22,"6' 2""",255,R,R,2018,,0.0,,,0,,,0.0,0.0,0.0,0.0,0.0,,,2020,669060
Bryse Wilson,- - -,P,23,"6' 2""",255,R,R,2018,,-0.168817192483953,0.048,0.139,0,1.0,-63.7971191718219,0.0727721723643216,0.083333333,0.0,0.0,0.36,86.0,-13.0,2021,669060
Bryse Wilson,PIT,P,24,"6' 2""",255,R,R,2018,,0.0,,,0,,,0.0,0.0,0.0,0.0,0.0,,,2022,669060
Buck Farmer,DET,p,27,"6' 4""",243,L,R,2014,,0.0,0.0,0.0,0,0.0,,0.0,0.0,0.0,0.0,0.0,,,2018,571656
Buck Farmer,DET,p,28,"6' 4""",243,L,R,2014,,0.0,0.0,0.0,0,0.0,,0.0,0.0,0.0,0.0,0.0,,,2019,571656
Buck Farmer,DET,p,29,"6' 4""",243,L,R,2014,,0.0,,,0,,,0.0,0.0,0.0,0.0,0.0,,,2020,571656
Buck Farmer,DET,p,30,"6' 4""",243,L,R,2014,,0.0,,,0,,,0.0,0.0,0.0,0.0,0.0,,,2021,571656
Buck Farmer,CIN,p,31,"6' 4""",243,L,R,2014,,0.0,,,0,,,0.0,0.0,0.0,0.0,0.0,,,2022,571656
Bud Norris,STL,p,33,"6' 0""",215,R,R,2009,,0.0,0.0,0.0,0,0.0,,0.0,0.0,0.0,0.0,0.0,,,2018,502032
Burch Smith,KCR,P,28,"6' 4""",225,R,R,2013,,0.0,0.0,0.0,0,0.0,,0.0,0.0,0.0,0.0,0.0,,,2018,572143
Burch Smith,- - -,P,29,"6' 4""",225,R,R,2013,,-0.0125352683322701,0.0,0.0,0,0.0,-100.0,0.0,0.0,0.0,0.0,1.0,,,2019,572143
Burch Smith,OAK,P,30,"6' 4""",225,R,R,2013,,0.0,,,0,,,0.0,0.0,0.0,0.0,0.0,,,2020,572143
Burch Smith,OAK,P,31,"6' 4""",225,R,R,2013,,0.0,0.0,0.0,0,0.0,,0.0,0.0,0.0,0.0,0.0,,,2021,572143
Buster Posey,SFG,C,31,"6' 1""",213,R,R,2009,,2.59238599142869,0.284,0.741,5,41.0,106.374720055865,0.325962503170699,0.315789473,0.09798995,0.100446428,0.118303571,89.1,10.0,2018,457763
Buster Posey,SFG,C,32,"6' 1""",213,R,R,2009,,2.14331758547577,0.257,0.688,7,38.0,84.2723274275203,0.297775635197254,0.295731707,0.111111111,0.076404494,0.159550561,88.6,9.0,2019,457763
Buster Posey,SFG,C,34,"6' 1""",213,R,R,2009,,5.32279174690838,0.304,0.889,18,56.0,140.817572526627,0.378886530022313,0.349315068,0.194936709,0.123348017,0.191629955,88.5,9.0,2021,457763
Byron Buxton,MIN,CF,24,"6' 1""",190,R,R,2015,,-0.537491203612855,0.156,0.383,0,4.0,-1.5798593092361,0.1704623180051,0.225806451,0.044444445,0.031914893,0.29787234,87.8,14.0,2018,621439
Byron Buxton,MIN,CF,25,"6' 1""",190,R,R,2015,,3.06129478331937,0.262,0.827,10,46.0,111.892599958934,0.340255060628669,0.314432989,0.25092251,0.064406779,0.230508474,90.0,20.0,2019,621439
Byron Buxton,MIN,CF,26,"6' 1""",190,R,R,2015,,1.28742591868245,0.254,0.844,13,27.0,120.523060509926,0.344976659174319,0.240963855,0.323076923,0.014814814,0.266666666,91.2,24.0,2020,621439
Byron Buxton,MIN,CF,27,"6' 1""",190,R,R,2015,,4.06501490598871,0.306,1.005,19,32.0,170.700030804211,0.418808241059461,0.344155844,0.340425532,0.051181102,0.244094488,92.5,13.0,2021,621439
Byron Buxton,MIN,CF,28,"6' 1""",190,R,R,2015,,3.41053040938544,0.224,0.832,28,51.0,134.627628825878,0.355919563489435,0.243654822,0.302941177,0.089005235,0.303664921,92.9,21.0,2022,621439
C.J. Cron,TBR,1b,28,"6' 4""",235,R,R,2014,,2.3263109219259,0.253,0.816,30,74.0,123.590512897136,0.346973824778765,0.293051359,0.239520959,0.066071428,0.258928571,88.0,15.0,2018,543068
C.J. Cron,MIN,1b,29,"6' 4""",235,R,R,2014,,1.24866350249036,0.253,0.78,25,78.0,101.427720508153,0.324781948640462,0.277439024,0.216157205,0.058116232,0.214428857,91.1,13.0,2019,543068
C.J. Cron,DET,1b,30,"6' 4""",235,R,R,2014,,0.444392709098582,0.19,0.894,4,8.0,141.336119917271,0.375597117038874,0.181818181,0.357142857,0.173076923,0.307692307,85.5,21.0,2020,543068
C.J. Cron,COL,1b,31,"6' 4""",235,R,R,2014,,2.34244760736303,0.281,0.905,28,92.0,125.404126915815,0.382989872137413,0.316109422,0.248936171,0.109689213,0.213893967,88.8,16.0,2021,543068
C.J. Cron,COL,1b,32,"6' 4""",235,R,R,2014,,1.35068978127685,0.257,0.783,29,102.0,102.969965692777,0.334780031585693,0.30749354,0.210434782,0.068037974,0.25949367,88.6,14.0,2022,543068
Cal Quantrill,SDP,P,24,"6' 3""",195,L,R,2019,,-0.167593671105539,0.08,0.195,0,1.0,-49.0734381488516,0.0934426555266747,0.105263157,0.0,0.033333333,0.2,76.5,-16.0,2019,615698
Cal Quantrill,- - -,P,25,"6' 3""",195,L,R,2019,,0.0,,,0,,,0.0,0.0,0.0,0.0,0.0,,,2020,615698
Cal Quantrill,CLE,P,26,"6' 3""",195,L,R,2019,,0.0517735155839562,0.5,1.0,0,0.0,185.493801991318,0.439527660608292,0.5,0.0,0.0,0.0,87.5,-25.0,2021,615698
Cal Quantrill,CLE,P,27,"6' 3""",195,L,R,2019,,0.0,,,0,,,0.0,0.0,0.0,0.0,0.0,,,2022,615698
Caleb Ferguson,LAD,p,21,"6' 3""",225,R,L,2018,4500000.0,0.0192941857974308,0.2,0.4,0,0.0,7.30232437363308,0.175906145572662,0.5,0.0,0.0,0.6,96.2,-13.0,2018,657571
Caleb Ferguson,LAD,p,22,"6' 3""",225,R,L,2018,4500000.0,0.0780990952167734,0.5,1.5,0,0.0,287.336173860203,0.608332097530365,0.5,0.5,0.0,0.0,80.4,-40.0,2019,657571
Caleb Ferguson,LAD,p,23,"6' 3""",225,R,L,2018,4500000.0,0.0,,,0,,,0.0,0.0,0.0,0.0,0.0,,,2020,657571
Caleb Ferguson,LAD,p,25,"6' 3""",225,R,L,2018,4500000.0,0.0,,,0,,,0.0,0.0,0.0,0.0,0.0,,,2022,657571
Caleb Joseph,BAL,C,32,"6' 3""",205,R,R,2014,,-0.366200632765037,0.219,0.575,3,17.0,54.303704149598495,0.251141010433115,0.282051282,0.101886792,0.035714285,0.242857142,85.1,13.0,2018,543376
Caleb Joseph,ARI,C,33,"6' 3""",205,R,R,2014,,-0.0103918812796898,0.211,0.513,0,3.0,33.0884131631581,0.226512061059475,0.285714285,0.052631579,0.024390243,0.243902439,87.0,22.0,2019,543376
Caleb Joseph,TOR,C,34,"6' 3""",205,R,R,2014,,-0.0643022349983195,0.125,0.722,1,2.0,82.6400786515559,0.297547737757365,0.0,0.375,0.111111111,0.111111111,83.4,12.0,2020,543376
Caleb Smith,MIA,P,26,"6' 0""",207,R,L,2017,,-0.0182982599281557,0.136,0.272,0,1.0,-29.1749561903397,0.119936008344997,0.333333333,0.0,0.0,0.5,87.8,-14.0,2018,592761
Caleb Smith,MIA,P,27,"6' 0""",207,R,L,2017,,0.351602858566537,0.233,0.529,0,3.0,40.7130351689355,0.229759147221392,0.357142857,0.046511628,0.0,0.306122448,91.6,5.0,2019,592761
Caleb Smith,- - -,P,28,"6' 0""",207,R,L,2017,,0.0,,,0,,,0.0,0.0,0.0,0.0,0.0,,,2020,592761
Caleb Smith,ARI,P,29,"6' 0""",207,R,L,2017,,0.0414506985443568,0.091,0.303,0,0.0,-13.5623051280515,0.147264619668325,0.25,0.045454546,0.04,0.56,74.2,-17.0,2021,592761
Caleb Smith,ARI,P,30,"6' 0""",207,R,L,2017,,0.0,,,0,,,0.0,0.0,0.0,0.0,0.0,,,2022,592761
Caleb Thielbar,MIN,p,33,"6' 0""",205,R,L,2013,4500000.0,0.0,,,0,,,0.0,0.0,0.0,0.0,0.0,,,2020,573204
Caleb Thielbar,MIN,p,34,"6' 0""",205,R,L,2013,4500000.0,0.0,0.0,0.0,0,0.0,,0.0,0.0,0.0,0.0,0.0,,,2021,573204
Caleb Thielbar,MIN,p,35,"6' 0""",205,R,L,2013,4500000.0,0.0,0.0,0.0,0,0.0,,0.0,0.0,0.0,0.0,0.0,,,2022,573204
Cam Bedrosian,LAA,p,26,"6' 1""",225,R,R,2014,1.0,0.0,0.0,0.0,0,0.0,,0.0,0.0,0.0,0.0,0.0,,,2018,592135
Cam Bedrosian,LAA,p,27,"6' 1""",225,R,R,2014,1.0,0.0,0.0,0.0,0,0.0,,0.0,0.0,0.0,0.0,0.0,,,2019,592135
Cam Bedrosian,LAA,p,28,"6' 1""",225,R,R,2014,1.0,0.0,0.0,0.0,0,0.0,,0.0,0.0,0.0,0.0,0.0,,,2020,592135
Cam Bedrosian,- - -,p,29,"6' 1""",225,R,R,2014,1.0,0.0,0.0,0.0,0,0.0,,0.0,0.0,0.0,0.0,0.0,,,2021,592135
Cam Gallagher,KCR,C,25,"6' 3""",230,R,R,2017,,0.247877737049345,0.206,0.552,1,7.0,46.2111597132678,0.242311666993534,0.25,0.095238095,0.04347826,0.217391304,85.8,21.0,2018,595956
Cam Gallagher,KCR,C,26,"6' 3""",230,R,R,2017,,0.612439109363199,0.238,0.677,3,12.0,78.8624450365262,0.294172272191826,0.28125,0.126984127,0.077464788,0.197183098,86.3,13.0,2019,595956
Cam Gallagher,KCR,C,27,"6' 3""",230,R,R,2017,,0.389727457049291,0.283,0.79,1,3.0,115.259927489075,0.344156428919,0.341463414,0.150943397,0.1,0.183333333,82.7,15.0,2020,595956
Cam Gallagher,KCR,C,28,"6' 3""",230,R,R,2017,,0.745382507709552,0.25,0.628,1,7.0,69.1727850416907,0.276448693649828,0.29347826,0.080357142,0.064516129,0.161290322,85.9,15.0,2021,595956
Cam Gallagher,KCR,C,29,"6' 3""",230,R,R,2017,,0.0387725718498874,0.214,0.6,0,5.0,65.0762567309726,0.264644890361362,0.310344827,0.119047619,0.063829787,0.276595744,85.8,16.0,2022,595956
Cameron Maybin,- - -,If,31,"6' 3""",215,R,R,2007,,0.493353815903532,0.249,0.662,4,28.0,87.5329518394846,0.294684317342295,0.305660377,0.087719298,0.098958333,0.1953125,86.7,8.0,2018,457727
Cameron Maybin,NYY,If,32,"6' 3""",215,R,R,2007,,1.62907242442126,0.285,0.858,11,32.0,127.729285737277,0.362495592092493,0.365384615,0.209205021,0.111524163,0.267657992,89.4,12.0,2019,457727
Cameron Maybin,- - -,If,33,"6' 3""",215,R,R,2007,,0.214180338612751,0.247,0.694,1,7.0,89.3800379276752,0.302326871617006,0.328358208,0.139784947,0.06930693,0.247524752,87.8,9.0,2020,457727
Cameron Maybin,NYM,If,34,"6' 3""",215,R,R,2007,,-0.399685243193211,0.036,0.218,0,0.0,-18.029063517254,0.133274846004717,0.0625,0.0,0.09090909,0.363636363,88.3,-2.0,2021,457727
Carl Edwards Jr.,CHC,P,26,"6' 3""",165,R,R,2015,,0.0,0.0,0.0,0,0.0,,0.0,0.0,0.0,0.0,0.0,,,2018,605218
Carl Edwards Jr.,- - -,P,27,"6' 3""",165,R,R,2015,,0.0,0.0,0.0,0,0.0,,0.0,0.0,0.0,0.0,0.0,,,2019,605218
Carl Edwards Jr.,SEA,P,28,"6' 3""",165,R,R,2015,,0.0,,,0,,,0.0,0.0,0.0,0.0,0.0,,,2020,605218
Carl Edwards Jr.,- - -,P,29,"6' 3""",165,R,R,2015,,0.0,0.0,0.0,0,0.0,,0.0,0.0,0.0,0.0,0.0,,,2021,605218
Carl Edwards Jr.,WSN,P,30,"6' 3""",165,R,R,2015,,0.0,,,0,,,0.0,0.0,0.0,0.0,0.0,,,2022,605218
Carlos Carrasco,CLE,p,31,"6' 4""",224,R,R,2009,,0.112992009304003,0.25,0.5,0,1.0,30.1992378998346,0.219882681965828,0.5,0.0,0.0,0.5,77.1,-7.0,2018,471911
Carlos Carrasco,CLE,p,32,"6' 4""",224,R,R,2009,,0.0,0.0,0.0,0,0.0,,0.0,0.0,0.0,0.0,0.0,,,2019,471911
Carlos Carrasco,CLE,p,33,"6' 4""",224,R,R,2009,,0.0,,,0,,,0.0,0.0,0.0,0.0,0.0,,,2020,471911
Carlos Carrasco,NYM,p,34,"6' 4""",224,R,R,2009,,-0.202009963421252,0.0,0.0,0,0.0,-100.0,0.0,0.0,0.0,0.0,0.526315789,84.5,-14.0,2021,471911
Carlos Carrasco,NYM,p,35,"6' 4""",224,R,R,2009,,0.0,,,0,,,0.0,0.0,0.0,0.0,0.0,,,2022,471911
Carlos Correa,HOU,ss,23,"6' 3""",220,R,R,2015,33333333.0,3.73548587127938,0.239,0.728,15,65.0,100.662843001154,0.313279231389364,0.282229965,0.166666666,0.113247863,0.237179487,88.2,12.0,2018,621043
Carlos Correa,HOU,ss,24,"6' 3""",220,R,R,2015,33333333.0,3.84034258981538,0.279,0.926,21,59.0,141.574799060794,0.380401653664134,0.303191489,0.289285714,0.109034267,0.233644859,89.0,13.0,2019,621043
Carlos Correa,HOU,ss,25,"6' 3""",220,R,R,2015,33333333.0,1.15080138254565,0.264,0.709,5,25.0,94.2933829836746,0.307879926407174,0.324324324,0.119402985,0.07239819,0.221719457,88.8,11.0,2020,621043
Carlos Correa,HOU,ss,26,"6' 3""",220,R,R,2015,33333333.0,6.29220458520033,0.279,0.851,26,92.0,132.954563143376,0.363585709217574,0.307875894,0.205405405,0.1171875,0.18125,90.2,12.0,2021,621043
Carlos Correa,MIN,ss,27,"6' 3""",220,R,R,2015,33333333.0,4.57484823562591,0.291,0.833,22,64.0,139.16724655125,0.362349808114727,0.339425587,0.176245211,0.10338983,0.205084745,89.9,12.0,2022,621043
Carlos Estévez,COL,p,26,"6' 6""",277,R,R,2016,11000000.0,0.0,0.0,0.0,0,0.0,,0.0,0.0,0.0,0.0,0.0,,,2019,608032
Carlos Estévez,COL,p,27,"6' 6""",277,R,R,2016,11000000.0,0.0,,,0,,,0.0,0.0,0.0,0.0,0.0,,,2020,608032
Carlos Estévez,COL,p,28,"6' 6""",277,R,R,2016,11000000.0,0.0,0.0,0.0,0,0.0,,0.0,0.0,0.0,0.0,0.0,,,2021,608032
Carlos Estévez,COL,p,29,"6' 6""",277,R,R,2016,11000000.0,0.0,0.0,0.0,0,0.0,,0.0,0.0,0.0,0.0,0.0,,,2022,608032
Carlos González,COL,rf,32,"6' 1""",220,L,L,2008,,1.48695129143986,0.276,0.796,16,64.0,97.646216020019,0.338076033711433,0.332344213,0.190064795,0.073412698,0.224206349,89.4,9.0,2018,471865
Carlos González,- - -,rf,33,"6' 1""",220,L,L,2008,,-0.598077463408848,0.2,0.572,3,10.0,52.86683542480169,0.254083579236811,0.282608695,0.08275862,0.108433734,0.313253012,87.6,1.0,2019,471865
Carlos Gómez,TBR,cf,32,"6' 3""",220,R,R,2007,,0.468019642466529,0.208,0.634,9,32.0,81.1177506004575,0.284733958725859,0.266129032,0.127777778,0.061274509,0.25245098,87.1,20.0,2018,460576
Carlos Gómez,NYM,cf,33,"6' 3""",220,R,R,2007,,-0.0808033626197488,0.198,0.615,3,10.0,68.0211275360672,0.268288558291406,0.259259259,0.139534884,0.07070707,0.303030303,88.1,19.0,2019,460576
Carlos Hernández,KCR,c,23,"6' 4""",255,R,R,2020,,0.0,,,0,,,0.0,0.0,0.0,0.0,0.0,,,2020,672578
Carlos Hernández,KCR,c,24,"6' 4""",255,R,R,2020,,-0.0446329291735792,0.0,0.0,0,0.0,-100.0,0.0,0.0,0.0,0.0,1.0,,,2021,672578
Carlos Hernández,KCR,c,25,"6' 4""",255,R,R,2020,,0.0,0.0,0.0,0,0.0,,0.0,0.0,0.0,0.0,0.0,,,2022,672578
Carlos Martinez,STL,p,26,"6' 0""",200,R,R,2013,1.0,0.32060255961172,0.242,0.629,1,4.0,64.1464794326605,0.262442113722072,0.318181818,0.151515151,0.0,0.305555555,85.1,-3.0,2018,593372
Carlos Martinez,STL,p,27,"6' 0""",200,R,R,2013,1.0,-0.0118616649980707,0.0,0.0,0,0.0,-100.0,0.0,0.0,0.0,0.0,1.0,,,2019,593372
Carlos Martinez,STL,p,28,"6' 0""",200,R,R,2013,1.0,0.0,,,0,,,0.0,0.0,0.0,0.0,0.0,,,2020,593372
Carlos Martinez,STL,p,29,"6' 0""",200,R,R,2013,1.0,-0.0976174379230655,0.083,0.208,0,0.0,-49.3655253319501,0.0883625770608584,0.222222222,0.041666667,0.0,0.6,79.5,-17.0,2021,593372
Carlos Rodón,CHW,p,25,"6' 2""",255,L,L,2015,27000000.0,0.0,,,0,,,0.0,0.0,0.0,0.0,0.0,,,2018,607074
Carlos Rodón,CHW,p,26,"6' 2""",255,L,L,2015,27000000.0,0.0,,,0,,,0.0,0.0,0.0,0.0,0.0,,,2019,607074
Carlos Rodón,CHW,p,27,"6' 2""",255,L,L,2015,27000000.0,0.0,,,0,,,0.0,0.0,0.0,0.0,0.0,,,2020,607074
Carlos Rodón,CHW,p,28,"6' 2""",255,L,L,2015,27000000.0,-0.0323351169112335,0.0,0.0,0,0.0,-100.0,0.0,0.0,0.0,0.0,0.333333333,77.1,2.0,2021,607074
Carlos Rodón,SFG,p,29,"6' 2""",255,L,L,2015,27000000.0,0.0,,,0,,,0.0,0.0,0.0,0.0,0.0,,,2022,607074
Carlos Santana,PHI,1b,32,"5' 10""",210,S,R,2010,2000000.0,2.33609120805495,0.229,0.766,24,86.0,108.324877508009,0.333338181295863,0.230598669,0.185714286,0.162002945,0.136966126,88.9,15.0,2018,467793
Carlos Santana,CLE,1b,33,"5' 10""",210,S,R,2010,2000000.0,4.7672581540933,0.281,0.912,34,93.0,138.434149911658,0.379645974151459,0.29330254,0.233856893,0.157434402,0.157434402,91.8,12.0,2019,467793
Carlos Santana,CLE,1b,34,"5' 10""",210,S,R,2010,2000000.0,0.761575804838179,0.199,0.699,8,30.0,99.261429910294,0.316216909979272,0.211538461,0.150485437,0.184313725,0.16862745,88.0,12.0,2020,467793
Carlos Santana,KCR,1b,35,"5' 10""",210,S,R,2010,2000000.0,-0.764279288354169,0.214,0.661,19,69.0,80.972361052533,0.293909505373094,0.227171492,0.127433628,0.130500758,0.154779969,89.9,13.0,2021,467793
Carlos Santana,- - -,1b,36,"5' 10""",210,S,R,2010,2000000.0,0.8688622012056,0.202,0.692,19,60.0,101.949611512938,0.307997841683645,0.208588957,0.174013921,0.140316205,0.173913043,90.7,15.0,2022,467793
Carlos Torres,WSN,P,35,"6' 1""",180,R,R,2009,,0.0,0.0,0.0,0,0.0,,0.0,0.0,0.0,0.0,0.0,,,2018,448614
Carlos Torres,DET,P,36,"6' 1""",180,R,R,2009,,0.0,,,0,,,0.0,0.0,0.0,0.0,0.0,,,2019,448614
Carson Fulmer,CHW,P,24,"6' 0""",210,R,R,2016,,0.0,0.0,0.0,0,0.0,,0.0,0.0,0.0,0.0,0.0,,,2018,608334
Carson Fulmer,CHW,P,25,"6' 0""",210,R,R,2016,,-0.0115287332195291,0.0,0.0,0,0.0,-100.0,0.0,0.0,0.0,0.0,0.0,102.8,-2.0,2019,608334
Carson Fulmer,- - -,P,26,"6' 0""",210,R,R,2016,,0.0,,,0,,,0.0,0.0,0.0,0.0,0.0,,,2020,608334
Carson Fulmer,CIN,P,27,"6' 0""",210,R,R,2016,,-0.0236505898492282,0.0,0.0,0,0.0,-100.0,0.0,0.0,0.0,0.0,0.0,67.4,-37.0,2021,608334
Carson Kelly,STL,c,23,"6' 1""",212,R,R,2016,5750000.0,-0.504210895401946,0.114,0.319,0,3.0,-3.15616058670639,0.161715041368436,0.142857142,0.0,0.071428571,0.166666666,85.1,10.0,2018,608348
Carson Kelly,ARI,c,24,"6' 1""",212,R,R,2016,5750000.0,2.29236039011184,0.245,0.826,18,47.0,107.040463206571,0.339386431600007,0.270642201,0.232484077,0.131506849,0.216438356,88.9,14.0,2019,608348
Carson Kelly,ARI,c,25,"6' 1""",212,R,R,2016,5750000.0,0.383225177623502,0.221,0.649,5,19.0,70.2818240794393,0.279150013775789,0.25,0.163934426,0.046511627,0.224806201,86.3,17.0,2020,608348
Carson Kelly,ARI,c,26,"6' 1""",212,R,R,2016,5750000.0,1.74910703758591,0.24,0.754,13,46.0,104.185216938017,0.328438251711137,0.27027027,0.171052632,0.122562674,0.206128133,88.2,19.0,2021,608348
Carson Kelly,ARI,c,27,"6' 1""",212,R,R,2016,5750000.0,0.579223032025654,0.211,0.616,7,35.0,73.318656105811,0.274538858125439,0.24691358,0.123028392,0.081920903,0.200564971,87.7,15.0,2022,608348
Casey Kelly,SFG,P,28,"6' 3""",215,R,R,2012,,-0.0660691213539761,0.0,0.0,0,0.0,-100.0,0.0,0.0,0.0,0.0,0.5,66.2,-37.0,2018,543391
Casey Sadler,PIT,P,27,"6' 3""",223,R,R,2014,,-0.0225068917836219,0.0,0.0,0,0.0,-100.0,0.0,0.0,0.0,0.0,0.5,88.4,-20.0,2018,594987
Casey Sadler,- - -,P,28,"6' 3""",223,R,R,2014,,-0.0360750055607772,0.0,0.0,0,0.0,-100.0,0.0,0.0,0.0,0.0,0.333333333,89.9,11.0,2019,594987
Casey Sadler,- - -,P,29,"6' 3""",223,R,R,2014,,0.0,,,0,,,0.0,0.0,0.0,0.0,0.0,,,2020,594987
Casey Sadler,SEA,P,30,"6' 3""",223,R,R,2014,,0.0,0.0,0.0,0,0.0,,0.0,0.0,0.0,0.0,0.0,,,2021,594987
Cavan Biggio,TOR,1B,24,"6' 0""",200,L,R,2019,,2.62736722334364,0.234,0.793,16,48.0,114.647366503689,0.342574336312034,0.30875576,0.194915255,0.165116279,0.286046511,88.9,20.0,2019,624415
Cavan Biggio,TOR,1B,25,"6' 0""",200,L,R,2019,,1.37093947096526,0.25,0.807,8,28.0,122.291984208985,0.355444972713788,0.311258278,0.181818181,0.154716981,0.230188679,87.4,17.0,2020,624415
Cavan Biggio,TOR,1B,26,"6' 0""",200,L,R,2019,,-0.276393572395934,0.224,0.678,7,27.0,83.7752924072263,0.297814441343834,0.289940828,0.132,0.12585034,0.265306122,88.9,16.0,2021,624415
Cavan Biggio,TOR,1B,27,"6' 0""",200,L,R,2019,,1.30801495700993,0.202,0.668,6,24.0,96.9804761899669,0.301647198121279,0.275449101,0.147859922,0.125412541,0.280528052,87.9,20.0,2022,624415
CC Sabathia,NYY,p,37,"6' 6""",300,L,L,2001,,0.0,,,0,,,0.0,0.0,0.0,0.0,0.0,,,2018,282332
CC Sabathia,NYY,p,38,"6' 6""",300,L,L,2001,,-0.0346165542186055,0.0,0.0,0,0.0,-100.0,0.0,0.0,0.0,0.0,0.666666666,96.8,17.0,2019,282332
Cedric Mullins,BAL,cf,23,"5' 7""",175,L,L,2018,7000000.0,0.054486881377635,0.235,0.671,4,11.0,86.0511074330857,0.297663864635286,0.279069767,0.123529412,0.089005235,0.193717277,89.3,10.0,2018,656775
Cedric Mullins,BAL,cf,24,"5' 7""",175,L,L,2018,7000000.0,-0.570868620464938,0.094,0.337,0,4.0,-12.3040140825638,0.159101190666358,0.117647058,0.0625,0.054054054,0.189189189,84.2,15.0,2019,656775
Cedric Mullins,BAL,cf,25,"5' 7""",175,L,L,2018,7000000.0,0.775719655105499,0.271,0.722,3,12.0,94.9777597135393,0.312709947560458,0.35,0.135714286,0.052287581,0.241830065,88.6,16.0,2020,656775
Cedric Mullins,BAL,cf,26,"5' 7""",175,L,L,2018,7000000.0,6.01872307701554,0.291,0.878,30,59.0,135.59351174497,0.371687547573403,0.32150776,0.227574751,0.087407407,0.185185185,89.4,15.0,2021,656775
Cedric Mullins,BAL,cf,27,"5' 7""",175,L,L,2018,7000000.0,3.7093580425979296,0.258,0.721,16,64.0,106.83675514183,0.315148991891469,0.299363057,0.144736842,0.069940476,0.1875,88.8,17.0,2022,656775
Chad Bettis,COL,P,29,"6' 0""",201,R,R,2013,,-0.200447370920121,0.088,0.227,0,2.0,-53.6769442742125,0.111601427197456,0.1875,0.0,0.051282051,0.461538461,84.2,-4.0,2018,518452
Chad Bettis,COL,P,30,"6' 0""",201,R,R,2013,,0.0246947931991362,0.0,0.286,0,0.0,2.21281108634829,0.197227001190186,0.0,0.0,0.2,0.2,75.2,-26.0,2019,518452
Chad Green,NYY,p,27,"6' 3""",215,L,R,2016,4250000.0,0.0,0.0,0.0,0,0.0,,0.0,0.0,0.0,0.0,0.0,,,2018,643338
Chad Green,NYY,p,28,"6' 3""",215,L,R,2016,4250000.0,-0.0115388514062018,0.0,0.0,0,0.0,-100.0,0.0,0.0,0.0,0.0,1.0,,,2019,643338
Chad Green,NYY,p,29,"6' 3""",215,L,R,2016,4250000.0,0.0,0.0,0.0,0,0.0,,0.0,0.0,0.0,0.0,0.0,,,2020,643338
Chad Green,NYY,p,30,"6' 3""",215,L,R,2016,4250000.0,0.0,0.0,0.0,0,0.0,,0.0,0.0,0.0,0.0,0.0,,,2021,643338
Chad Green,NYY,p,31,"6' 3""",215,L,R,2016,4250000.0,0.0,,,0,,,0.0,0.0,0.0,0.0,0.0,,,2022,643338
Chad Kuhl,PIT,p,25,"6' 3""",200,R,R,2016,,-0.0326028001171208,0.143,0.286,0,1.0,-29.3945005911437,0.125647246837616,0.1875,0.0,0.0,0.185185185,79.4,-5.0,2018,641771
Chad Kuhl,PIT,p,27,"6' 3""",200,R,R,2016,,0.0,,,0,,,0.0,0.0,0.0,0.0,0.0,,,2020,641771
Chad Kuhl,PIT,p,28,"6' 3""",200,R,R,2016,,-0.13142197171933,0.048,0.139,0,0.0,-63.9980824286941,0.0713987214998765,0.1,0.0,0.041666666,0.458333333,84.5,-19.0,2021,641771
Chad Kuhl,COL,p,29,"6' 3""",200,R,R,2016,,0.0,,,0,,,0.0,0.0,0.0,0.0,0.0,,,2022,641771
Chad Pinder,OAK,2b,26,"6' 2""",210,R,R,2016,,1.90204463328767,0.258,0.768,13,27.0,114.656180256779,0.333488482959343,0.324873096,0.177852349,0.081081081,0.264264264,91.3,14.0,2018,640461
Chad Pinder,OAK,2b,27,"6' 2""",210,R,R,2016,,0.355811081019564,0.24,0.706,13,47.0,87.131416312669,0.297851046087942,0.283950617,0.175953079,0.054054054,0.237837837,90.9,9.0,2019,640461
Chad Pinder,OAK,2b,28,"6' 2""",210,R,R,2016,,0.186729478258129,0.232,0.688,2,8.0,92.7196011603958,0.298800101045702,0.268292682,0.160714285,0.081967213,0.213114754,92.3,14.0,2020,640461
Chad Pinder,OAK,2b,29,"6' 2""",210,R,R,2016,,0.162830085048665,0.243,0.711,6,27.0,98.2406203369192,0.306769822544294,0.31292517,0.168224299,0.068669527,0.26609442,92.6,7.0,2021,640461
Chad Pinder,OAK,2b,30,"6' 2""",210,R,R,2016,,-0.50566979031706,0.235,0.648,12,42.0,84.8001965946609,0.280702422721316,0.313304721,0.149584488,0.036939313,0.311345646,87.5,10.0,2022,640461
Chad Wallach,MIA,C,26,"6' 2""",246,R,R,2017,,0.276678029797394,0.178,0.542,1,5.0,57.7788919703138,0.250073645629135,0.333333333,0.088888889,0.076923076,0.442307692,85.0,9.0,2018,595453
Chad Wallach,MIA,C,27,"6' 2""",246,R,R,2017,,0.149599110997116,0.25,0.708,1,3.0,92.6555014658805,0.309039886350985,0.314285714,0.125,0.111111111,0.222222222,89.8,14.0,2019,595453
Chad Wallach,MIA,C,28,"6' 2""",246,R,R,2017,,0.232469688726782,0.227,0.641,1,6.0,73.8866417621272,0.278404545276723,0.29032258,0.136363636,0.0625,0.25,87.6,11.0,2020,595453
Chad Wallach,MIA,C,29,"6' 2""",246,R,R,2017,,-0.359135855841105,0.2,0.509,0,6.0,35.8552147738782,0.223634114771178,0.4,0.066666666,0.045454545,0.484848484,84.9,8.0,2021,595453
Chad Wallach,LAA,C,30,"6' 2""",246,R,R,2017,,-0.194763989231011,0.143,0.488,1,4.0,39.1346877520173,0.224102735519409,0.16,0.114285715,0.1,0.225,87.0,18.0,2022,595453
Chadwick Tromp,SFG,C,25,"5' 8""",221,R,R,2020,,0.0970102563929161,0.213,0.645,4,10.0,63.9313688064697,0.264274895191193,0.23076923,0.213114754,0.015625,0.3125,90.1,10.0,2020,644433
Chadwick Tromp,SFG,C,26,"5' 8""",221,R,R,2020,,0.0109316055156388,0.222,0.611,1,2.0,62.2401734796662,0.257982475890054,0.23076923,0.166666666,0.0,0.222222222,85.3,16.0,2021,644433
Chadwick Tromp,ATL,C,27,"5' 8""",221,R,R,2020,,0.194898748376848,0.75,2.0,0,3.0,468.411956177009,0.851701200008392,0.75,0.5,0.0,0.0,92.4,4.0,2022,644433
Charlie Blackmon,COL,dh,31,"6' 3""",221,L,L,2011,,2.55974963581545,0.291,0.86,29,70.0,117.441727408556,0.367702567044103,0.329032258,0.21086262,0.084770114,0.192528735,87.5,12.0,2018,453568
Charlie Blackmon,COL,dh,32,"6' 3""",221,L,L,2011,,2.13094845640099,0.314,0.94,32,86.0,126.672829593981,0.387192610504126,0.334075723,0.262068965,0.063091482,0.164037854,88.6,15.0,2019,453568
Charlie Blackmon,COL,dh,33,"6' 3""",221,L,L,2011,,0.338556414166411,0.303,0.804,6,42.0,97.2850608213018,0.339877986123042,0.346590909,0.14479638,0.076923076,0.178137651,86.9,13.0,2020,453568
Charlie Blackmon,COL,dh,34,"6' 3""",221,L,L,2011,,-0.0541083563694011,0.27,0.762,13,78.0,92.6860956495651,0.332647882312177,0.305084745,0.140077821,0.092783505,0.156357388,87.6,10.0,2021,453568
Charlie Blackmon,COL,dh,35,"6' 3""",221,L,L,2011,,0.172788779458192,0.264,0.733,16,78.0,90.8554246273908,0.317062867756259,0.303921568,0.154716981,0.055459272,0.188908145,86.2,12.0,2022,453568
Charlie Culberson,ATL,inf,29,"6' 1""",200,R,R,2012,,1.24992007073089,0.27,0.792,12,45.0,107.097790866426,0.334725636413045,0.34,0.195945946,0.065217391,0.263975155,84.6,8.0,2018,518586
Charlie Culberson,ATL,inf,30,"6' 1""",200,R,R,2012,,0.0816327899170264,0.259,0.731,5,20.0,83.9960252735665,0.305601275884188,0.344827586,0.177777778,0.041666666,0.305555555,88.3,13.0,2019,518586
Charlie Culberson,ATL,inf,31,"6' 1""",200,R,R,2012,,-0.0810030712814905,0.143,0.429,0,1.0,2.09119454388074,0.176871742521014,0.333333333,0.142857143,0.0,0.571428571,99.5,12.0,2020,518586
Charlie Culberson,TEX,inf,32,"6' 1""",200,R,R,2012,,1.01650335495367,0.243,0.677,5,22.0,83.5797094337601,0.292137894415318,0.307262569,0.137651822,0.062730627,0.236162361,85.4,11.0,2021,518586
Charlie Culberson,TEX,inf,33,"6' 1""",200,R,R,2012,,-0.391044589315432,0.252,0.64,2,12.0,81.0664533577135,0.280978764096896,0.329268292,0.104347826,0.04032258,0.25,85.3,6.0,2022,518586
Charlie Morton,HOU,p,34,"6' 5""",215,R,R,2008,,0.0118223906414703,0.167,0.334,0,0.0,-13.0876867917814,0.146588454643885,1.0,0.0,0.0,0.833333333,92.2,13.0,2018,450203
Charlie Morton,TBR,p,35,"6' 5""",215,R,R,2008,,-0.0219417681078947,0.0,0.0,0,0.0,-100.0,0.0,0.0,0.0,0.0,1.0,,,2019,450203
Charlie Morton,TBR,p,36,"6' 5""",215,R,R,2008,,0.0,,,0,,,0.0,0.0,0.0,0.0,0.0,,,2020,450203
Charlie Morton,ATL,p,37,"6' 5""",215,R,R,2008,,-0.133858557493108,0.127,0.272,0,1.0,-33.4210505474722,0.118472335555337,0.291666666,0.018181818,0.0,0.5,80.8,4.0,2021,450203
Charlie Morton,ATL,p,38,"6' 5""",215,R,R,2008,,0.0,,,0,,,0.0,0.0,0.0,0.0,0.0,,,2022,450203
Chase Anderson,MIL,p,30,"6' 1""",210,R,R,2014,,-0.245801387498993,0.089,0.178,0,2.0,-62.6301957325144,0.0781805091434055,0.181818181,0.0,0.0,0.469387755,78.7,6.0,2018,502624
Chase Anderson,MIL,p,31,"6' 1""",210,R,R,2014,,-0.0964003252915724,0.1,0.268,0,1.0,-33.9962324092405,0.123954166968664,0.25,0.025,0.045454545,0.545454545,84.0,3.0,2019,502624
Chase Anderson,TOR,p,32,"6' 1""",210,R,R,2014,,0.0,,,0,,,0.0,0.0,0.0,0.0,0.0,,,2020,502624
Chase Anderson,PHI,p,33,"6' 1""",210,R,R,2014,,-0.157636339581884,0.0,0.0,0,0.0,-100.0,0.0,0.0,0.0,0.0,0.428571428,87.8,9.0,2021,502624
Chase Anderson,CIN,p,34,"6' 1""",210,R,R,2014,,0.0,,,0,,,0.0,0.0,0.0,0.0,0.0,,,2022,502624
Chase d'Arnaud,SFG,SS,31,"6' 1""",197,R,R,2011,,0.111955016893613,0.215,0.619,3,9.0,66.4954239889985,0.266277998384803,0.314814814,0.150537634,0.04,0.37,89.0,21.0,2018,488818
Chase De Jong,MIN,P,24,"6' 4""",230,L,R,2017,,0.0,,,0,,,0.0,0.0,0.0,0.0,0.0,,,2018,608328
Chase De Jong,MIN,P,25,"6' 4""",230,L,R,2017,,0.0,0.0,0.0,0,0.0,,0.0,0.0,0.0,0.0,0.0,,,2019,608328
Chase De Jong,HOU,P,26,"6' 4""",230,L,R,2017,,0.0,,,0,,,0.0,0.0,0.0,0.0,0.0,,,2020,608328
Chase De Jong,PIT,P,27,"6' 4""",230,L,R,2017,,-0.0418215890395054,0.083,0.25,0,0.0,-43.1541130974709,0.103470544020335,0.142857142,0.083333333,0.0,0.333333333,83.6,1.0,2021,608328
Chase De Jong,PIT,P,28,"6' 4""",230,L,R,2017,,0.0,,,0,,,0.0,0.0,0.0,0.0,0.0,,,2022,608328
Chase Headley,SDP,3b,34,"6' 2""",215,S,R,2007,13000000.0,-0.448206835361868,0.115,0.368,0,4.0,13.4015027006302,0.187040931979815,0.1875,0.019230769,0.1,0.333333333,86.0,10.0,2018,452104
Chase Utley,LAD,2b,39,"6' 1""",195,L,R,2003,1000000.0,0.0453143073669041,0.213,0.61,1,14.0,71.2738806344645,0.271647821890341,0.261538461,0.091463414,0.09090909,0.181818181,87.7,17.0,2018,400284
Chasen Shreve,- - -,P,27,"6' 4""",180,L,L,2014,,-0.0109846155931445,0.0,0.0,0,0.0,-100.0,0.0,0.0,0.0,0.0,1.0,,,2018,592741
Chasen Shreve,STL,P,28,"6' 4""",180,L,L,2014,,0.0458826952456416,0.0,1.0,0,0.0,342.310195722684,0.690294504165649,0.0,0.0,1.0,0.0,,,2019,592741
Chasen Shreve,NYM,P,29,"6' 4""",180,L,L,2014,,0.0,,,0,,,0.0,0.0,0.0,0.0,0.0,,,2020,592741
Chasen Shreve,PIT,P,30,"6' 4""",180,L,L,2014,,0.0,0.0,0.0,0,0.0,,0.0,0.0,0.0,0.0,0.0,,,2021,592741
Chasen Shreve,NYM,P,31,"6' 4""",180,L,L,2014,,0.0,0.0,0.0,0,0.0,,0.0,0.0,0.0,0.0,0.0,,,2022,592741
Chaz Roe,TBR,p,31,"6' 5""",190,R,R,2013,,0.0,0.0,0.0,0,0.0,,0.0,0.0,0.0,0.0,0.0,,,2018,475054
Chaz Roe,TBR,p,32,"6' 5""",190,R,R,2013,,0.0,0.0,0.0,0,0.0,,0.0,0.0,0.0,0.0,0.0,,,2019,475054
Chaz Roe,TBR,p,33,"6' 5""",190,R,R,2013,,0.0,,,0,,,0.0,0.0,0.0,0.0,0.0,,,2020,475054
Chaz Roe,TBR,p,34,"6' 5""",190,R,R,2013,,0.0,0.0,0.0,0,0.0,,0.0,0.0,0.0,0.0,0.0,,,2021,475054
Cheslor Cuthbert,KCR,3B,25,"6' 1""",190,R,R,2015,,-0.208992107078406,0.194,0.583,3,7.0,60.52827625093671,0.263292064014663,0.217948717,0.106796116,0.094017094,0.196581196,89.1,13.0,2018,596144
Cheslor Cuthbert,KCR,3B,26,"6' 1""",190,R,R,2015,,-0.751091746939276,0.246,0.673,9,40.0,74.0507898791205,0.287057877855098,0.287553648,0.132686084,0.057575757,0.203030303,88.8,15.0,2019,596144
Cheslor Cuthbert,CHW,3B,27,"6' 1""",190,R,R,2015,,-0.0210354341739071,0.0,0.0,0,0.0,-100.0,0.0,0.0,0.0,0.0,0.0,58.5,48.0,2020,596144
Chi Chi González,COL,P,27,"6' 3""",210,R,R,2015,,-0.264329987420348,0.042,0.084,0,2.0,-100.0,0.0362336362401644,0.111111111,0.0,0.0,0.625,83.9,-8.0,2019,592346
Chi Chi González,COL,P,28,"6' 3""",210,R,R,2015,,0.0,,,0,,,0.0,0.0,0.0,0.0,0.0,,,2020,592346
Chi Chi González,COL,P,29,"6' 3""",210,R,R,2015,,0.0026014409991157,0.161,0.382,0,1.0,-12.8266004889082,0.170299511402845,0.333333333,0.032258065,0.029411764,0.470588235,82.6,-8.0,2021,592346
Chi Chi González,- - -,P,30,"6' 3""",210,R,R,2015,,0.0,,,0,,,0.0,0.0,0.0,0.0,0.0,,,2022,592346
Chris Archer,- - -,p,29,"6' 2""",195,R,R,2012,,-0.0167609078471051,0.118,0.294,0,0.0,-29.7560029561594,0.125106211970834,0.181818181,0.05882353,0.0,0.352941176,87.8,-7.0,2018,502042
Chris Archer,PIT,p,30,"6' 2""",195,R,R,2012,,-0.0023579354424914,0.114,0.298,0,2.0,-17.402874069866,0.146034541882967,0.25,0.0,0.073170731,0.463414634,78.6,-2.0,2019,502042
Chris Archer,TBR,p,32,"6' 2""",195,R,R,2012,,0.0,0.0,0.0,0,0.0,,0.0,0.0,0.0,0.0,0.0,,,2021,502042
Chris Archer,MIN,p,33,"6' 2""",195,R,R,2012,,0.0,,,0,,,0.0,0.0,0.0,0.0,0.0,,,2022,502042
Chris Bassitt,OAK,p,29,"6' 5""",220,R,R,2014,18500000.0,0.0,,,0,,,0.0,0.0,0.0,0.0,0.0,,,2018,605135
Chris Bassitt,OAK,p,30,"6' 5""",220,R,R,2014,18500000.0,-0.0557558521400535,0.0,0.0,0,0.0,-100.0,0.0,0.0,0.0,0.0,0.4,82.0,0.0,2019,605135
Chris Bassitt,OAK,p,31,"6' 5""",220,R,R,2014,18500000.0,0.0,,,0,,,0.0,0.0,0.0,0.0,0.0,,,2020,605135
Chris Bassitt,OAK,p,32,"6' 5""",220,R,R,2014,18500000.0,-0.0202103067663271,0.0,0.0,0,0.0,-100.0,0.0,0.0,0.0,0.0,1.0,,,2021,605135
Chris Bassitt,NYM,p,33,"6' 5""",220,R,R,2014,18500000.0,0.0,,,0,,,0.0,0.0,0.0,0.0,0.0,,,2022,605135
Chris Davis,BAL,1b,32,"6' 4""",255,L,R,2008,23000000.0,-2.54797197281768,0.168,0.539,16,49.0,45.9785987040141,0.238941345994289,0.236842105,0.127659574,0.078544061,0.367816091,89.3,15.0,2018,448801
Chris Davis,BAL,1b,33,"6' 4""",255,L,R,2008,23000000.0,-1.2091801389623,0.179,0.602,12,36.0,57.7090589377213,0.262620789203209,0.270440251,0.146579805,0.110795454,0.394886363,89.1,14.0,2019,448801
Chris Davis,BAL,1b,34,"6' 4""",255,L,R,2008,23000000.0,-0.794329553511454,0.115,0.337,0,1.0,-13.8629130866656,0.153787597742948,0.171428571,0.057692308,0.054545454,0.309090909,85.8,6.0,2020,448801
Chris Devenski,HOU,p,27,"6' 3""",208,R,R,2016,1100000.0,0.0,0.0,0.0,0,0.0,,0.0,0.0,0.0,0.0,0.0,,,2018,606965
Chris Devenski,HOU,p,28,"6' 3""",208,R,R,2016,1100000.0,0.0,0.0,0.0,0,0.0,,0.0,0.0,0.0,0.0,0.0,,,2019,606965
Chris Devenski,HOU,p,29,"6' 3""",208,R,R,2016,1100000.0,0.0,,,0,,,0.0,0.0,0.0,0.0,0.0,,,2020,606965
Chris Devenski,ARI,p,30,"6' 3""",208,R,R,2016,1100000.0,0.0,0.0,0.0,0,0.0,,0.0,0.0,0.0,0.0,0.0,,,2021,606965
Chris Devenski,- - -,p,31,"6' 3""",208,R,R,2016,1100000.0,0.0,,,0,,,0.0,0.0,0.0,0.0,0.0,,,2022,606965
Chris Flexen,NYM,p,23,"6' 3""",220,R,R,2017,,0.0,0.0,0.0,0,0.0,,0.0,0.0,0.0,0.0,0.0,,,2018,623167
Chris Flexen,NYM,p,24,"6' 3""",220,R,R,2017,,0.0496074306689322,0.5,1.0,0,0.0,177.117029626494,0.434803634881973,0.5,0.0,0.0,0.0,81.3,-3.0,2019,623167
Chris Flexen,SEA,p,26,"6' 3""",220,R,R,2017,,-0.0304433891644988,0.0,0.0,0,0.0,-100.0,0.0,0.0,0.0,0.0,0.0,79.6,49.0,2021,623167
Chris Flexen,SEA,p,27,"6' 3""",220,R,R,2017,,0.0,,,0,,,0.0,0.0,0.0,0.0,0.0,,,2022,623167
Chris Gimenez,- - -,c,35,"6' 2""",230,R,R,2009,,0.170216674537918,0.211,0.621,2,7.0,69.9269294577064,0.273970619295583,0.243902439,0.122807018,0.09090909,0.242424242,89.1,12.0,2018,460269
Chris Hatcher,OAK,P,33,"6' 1""",200,R,R,2010,,0.0,0.0,0.0,0,0.0,,0.0,0.0,0.0,0.0,0.0,,,2018,501822
Chris Herrmann,SEA,C,30,"6' 0""",200,L,R,2012,,0.465390104069047,0.237,0.743,2,7.0,105.412476730637,0.320664929247451,0.31372549,0.184210526,0.114942528,0.275862068,90.0,18.0,2018,543302
Chris Herrmann,OAK,C,31,"6' 0""",200,L,R,2012,,-0.196065716127678,0.202,0.554,1,8.0,53.7290669884508,0.248463158325482,0.296296296,0.071428571,0.09574468,0.308510638,88.7,7.0,2019,543302
Chris Iannetta,COL,c,35,"6' 0""",230,R,R,2006,4250000.0,0.790517743363962,0.224,0.73,11,36.0,85.3084350566077,0.319610954846366,0.274509803,0.160535117,0.138888888,0.241666666,92.0,14.0,2018,455104
Chris Iannetta,COL,c,36,"6' 0""",230,R,R,2006,4250000.0,-0.348082941482251,0.222,0.728,6,21.0,71.5456489168396,0.303050983396376,0.305882352,0.194444444,0.109756097,0.329268292,92.1,9.0,2019,455104
Chris Martin,TEX,p,32,"6' 8""",224,R,R,2014,4000000.0,0.0,0.0,0.0,0,0.0,,0.0,0.0,0.0,0.0,0.0,,,2018,455119
Chris Martin,- - -,p,33,"6' 8""",224,R,R,2014,4000000.0,0.0,0.0,0.0,0,0.0,,0.0,0.0,0.0,0.0,0.0,,,2019,455119
Chris Martin,ATL,p,34,"6' 8""",224,R,R,2014,4000000.0,0.0,,,0,,,0.0,0.0,0.0,0.0,0.0,,,2020,455119
Chris Martin,ATL,p,35,"6' 8""",224,R,R,2014,4000000.0,0.0,0.0,0.0,0,0.0,,0.0,0.0,0.0,0.0,0.0,,,2021,455119
Chris Martin,- - -,p,36,"6' 8""",224,R,R,2014,4000000.0,0.0,0.0,0.0,0,0.0,,0.0,0.0,0.0,0.0,0.0,,,2022,455119
Chris Owings,ARI,ss,26,"5' 10""",185,R,R,2013,1.0,-0.686046728173452,0.206,0.574,4,22.0,51.6514026649921,0.250377302287055,0.264705882,0.09608541,0.077669902,0.242718446,87.8,13.0,2018,572008
Chris Owings,- - -,ss,27,"5' 10""",185,R,R,2013,1.0,-1.20469753993473,0.139,0.442,3,14.0,13.1194594268471,0.197929963469505,0.222222222,0.094444445,0.071428571,0.397959183,86.9,9.0,2019,572008
Chris Owings,COL,ss,28,"5' 10""",185,R,R,2013,1.0,-0.0093496074304055,0.268,0.757,2,5.0,88.2556865390781,0.326204072345387,0.321428571,0.170731708,0.068181818,0.25,86.9,18.0,2020,572008
Chris Owings,COL,ss,29,"5' 10""",185,R,R,2013,1.0,0.476354010226813,0.326,1.048,1,5.0,156.376806846484,0.430646356271238,0.481481481,0.302325581,0.14,0.3,90.7,14.0,2021,572008
Chris Owings,BAL,ss,30,"5' 10""",185,R,R,2013,1.0,-0.616134363187502,0.107,0.397,0,0.0,28.3469259944657,0.203970290831665,0.1875,0.035714285,0.147058823,0.352941176,80.4,11.0,2022,572008
Chris Paddack,SDP,p,23,"6' 5""",217,R,R,2019,4000000.0,-0.152538832003185,0.119,0.238,0,2.0,-42.46798818725809,0.103524674971898,0.217391304,0.0,0.0,0.413043478,84.0,-8.0,2019,663978
Chris Paddack,SDP,p,24,"6' 5""",217,R,R,2019,4000000.0,0.0,,,0,,,0.0,0.0,0.0,0.0,0.0,,,2020,663978
Chris Paddack,SDP,p,25,"6' 5""",217,R,R,2019,4000000.0,-0.228234461505915,0.029,0.11,0,0.0,-63.7359862604146,0.0619649822647507,0.111111111,0.0,0.023809523,0.619047619,88.1,-8.0,2021,663978
Chris Paddack,MIN,p,26,"6' 5""",217,R,R,2019,4000000.0,0.0,,,0,,,0.0,0.0,0.0,0.0,0.0,,,2022,663978
Chris Rusin,COL,P,31,"6' 2""",200,L,L,2012,,0.117936824850208,0.5,1.0,0,0.0,165.591806273989,0.439765363931656,0.666666666,0.0,0.0,0.2,85.5,-9.0,2018,543734
Chris Rusin,COL,P,32,"6' 2""",200,L,L,2012,,0.0,0.0,0.0,0,0.0,,0.0,0.0,0.0,0.0,0.0,,,2019,543734
Chris Rusin,ATL,P,33,"6' 2""",200,L,L,2012,,0.0,,,0,,,0.0,0.0,0.0,0.0,0.0,,,2020,543734
Chris Sale,BOS,P,29,"6' 6""",180,L,L,2010,,-0.0226152045944746,0.0,0.0,0,0.0,-100.0,0.0,0.0,0.0,0.0,1.0,,,2018,519242
Chris Sale,BOS,P,30,"6' 6""",180,L,L,2010,,0.0,,,0,,,0.0,0.0,0.0,0.0,0.0,,,2019,519242
Chris Sale,BOS,P,32,"6' 6""",180,L,L,2010,,-0.011397156344633,0.0,0.0,0,0.0,-100.0,0.0,0.0,0.0,0.0,1.0,,,2021,519242
Chris Sale,BOS,P,33,"6' 6""",180,L,L,2010,,0.0,,,0,,,0.0,0.0,0.0,0.0,0.0,,,2022,519242
Chris Stewart,- - -,c,36,"6' 4""",215,R,R,2006,,-0.0955757386318263,0.2,0.435,0,3.0,15.2271240399682,0.195771869491128,0.2,0.0,0.058823529,0.058823529,84.6,3.0,2018,455755
Chris Stratton,SFG,p,27,"6' 2""",205,R,R,2016,4000000.0,-0.0276348518917903,0.14,0.299,0,5.0,-25.7012278533501,0.128293829885396,0.333333333,0.023255814,0.0,0.52,86.3,0.0,2018,608717
Chris Stratton,- - -,p,28,"6' 2""",205,R,R,2016,4000000.0,-0.0478933526431666,0.0,0.0,0,0.0,-100.0,0.0,0.0,0.0,0.0,0.5,87.2,-22.0,2019,608717
Chris Stratton,PIT,p,29,"6' 2""",205,R,R,2016,4000000.0,0.0,,,0,,,0.0,0.0,0.0,0.0,0.0,,,2020,608717
Chris Stratton,PIT,p,30,"6' 2""",205,R,R,2016,4000000.0,-0.0227334698844697,0.0,0.0,0,0.0,-100.0,0.0,0.0,0.0,0.0,1.0,,,2021,608717
Chris Stratton,- - -,p,31,"6' 2""",205,R,R,2016,4000000.0,0.0,,,0,,,0.0,0.0,0.0,0.0,0.0,,,2022,608717
Chris Taylor,LAD,If,27,"6' 0""",196,R,R,2014,,3.52104249693033,0.254,0.775,17,63.0,113.288188398351,0.334527646765014,0.344927536,0.190298507,0.091059602,0.294701986,88.8,16.0,2018,621035
Chris Taylor,LAD,If,28,"6' 0""",196,R,R,2014,,2.10667543793657,0.262,0.795,12,52.0,105.62268889759,0.330979472121866,0.344262295,0.199453552,0.08937198,0.277777777,86.0,14.0,2019,621035
Chris Taylor,LAD,If,29,"6' 0""",196,R,R,2014,,1.70048294611023,0.27,0.842,8,32.0,129.458481016293,0.363530345925703,0.344262295,0.205405405,0.121495327,0.257009345,88.0,9.0,2020,621035
Chris Taylor,LAD,If,30,"6' 0""",196,R,R,2014,,2.75876119284181,0.254,0.782,20,73.0,112.95861123556,0.33806225281717,0.3374613,0.183431953,0.108247422,0.28694158,88.2,17.0,2021,621035
Chris Taylor,LAD,If,31,"6' 0""",196,R,R,2014,,1.65253388751408,0.221,0.677,10,43.0,92.6682964389092,0.297932881565221,0.336170212,0.151741294,0.096916299,0.352422907,87.4,20.0,2022,621035
Chris Tillman,BAL,p,30,"6' 5""",200,R,R,2009,3000000.0,0.0,,,0,,,0.0,0.0,0.0,0.0,0.0,,,2018,501957
Chris Volstad,CHW,P,31,"6' 8""",235,R,R,2008,,0.0,0.0,0.0,0,0.0,,0.0,0.0,0.0,0.0,0.0,,,2018,458690
Chris Young,LAA,If,34,"6' 2""",200,R,R,2006,,-0.105742469342636,0.168,0.615,6,13.0,66.6925335705791,0.268332660198212,0.183098591,0.194690266,0.0859375,0.2890625,83.8,26.0,2018,455759
Christian Arroyo,TBR,2B,23,"6' 0""",220,R,R,2017,,0.292111874938895,0.264,0.735,1,6.0,106.989023384886,0.322645892531185,0.361111111,0.132075472,0.101694915,0.27118644,91.9,0.0,2018,624414
Christian Arroyo,TBR,2B,24,"6' 0""",220,R,R,2017,,0.0687397336019941,0.22,0.684,2,7.0,87.2634437509902,0.295898927109582,0.3,0.16,0.087719298,0.315789473,83.2,5.0,2019,624414
Christian Arroyo,- - -,2B,25,"6' 0""",220,R,R,2017,,0.0090426415152868,0.24,0.736,3,8.0,93.1966811222589,0.315387200426172,0.25,0.2,0.074074074,0.203703703,89.9,8.0,2020,624414
Christian Arroyo,BOS,2B,26,"6' 0""",220,R,R,2017,,0.869244781571517,0.262,0.769,6,25.0,105.048168443916,0.332416272030196,0.324561403,0.18292683,0.044198895,0.243093922,86.3,9.0,2021,624414
Christian Arroyo,BOS,2B,27,"6' 0""",220,R,R,2017,,0.30608317001241,0.286,0.736,6,36.0,101.914641861258,0.318693578847357,0.325991189,0.128571429,0.043333333,0.163333333,88.9,9.0,2022,624414
Christian Bethancourt,- - -,1B,30,"6' 3""",205,R,R,2013,,1.72456638965279,0.252,0.692,11,34.0,99.1023496446191,0.300911807511226,0.303964757,0.157232704,0.036036036,0.24024024,90.1,9.0,2022,542194
Christian Colón,CIN,2B,30,"5' 10""",215,R,R,2014,,0.121666293707512,0.5,1.125,0,1.0,212.510084867997,0.505906708538532,0.5,0.0,0.0,0.0,81.3,-6.0,2019,518568
Christian Colón,CIN,2B,31,"5' 10""",215,R,R,2014,,-0.27742605788927,0.13,0.341,0,2.0,-17.427627505322,0.154248545567195,0.15,0.043478261,0.041666666,0.125,76.0,6.0,2020,518568
Christian Vázquez,BOS,c,27,"5' 8""",205,R,R,2014,,0.397379338755835,0.207,0.54,3,16.0,42.2963675998431,0.239782724264409,0.236714975,0.075697211,0.048327137,0.152416356,87.4,13.0,2018,543877
Christian Vázquez,BOS,c,28,"5' 8""",205,R,R,2014,,3.44973535354537,0.276,0.797,23,72.0,101.518568043896,0.331374472206079,0.304709141,0.201244814,0.063339731,0.193857965,89.4,14.0,2019,543877
Christian Vázquez,BOS,c,29,"5' 8""",205,R,R,2014,,1.26502740483185,0.283,0.801,7,23.0,113.82567039647,0.345508361619616,0.341463414,0.173410404,0.084656084,0.227513227,88.4,14.0,2020,543877
Christian Vázquez,BOS,c,30,"5' 8""",205,R,R,2014,,1.01851689654248,0.258,0.66,6,49.0,75.9252026437492,0.289320602983056,0.301075268,0.093886463,0.06626506,0.168674698,86.3,14.0,2021,543877
Christian Vázquez,- - -,c,31,"5' 8""",205,R,R,2014,,1.90076812111809,0.274,0.714,9,52.0,99.2368936996854,0.312280520446983,0.309597523,0.125628141,0.051643192,0.16197183,87.9,11.0,2022,543877
Christian Walker,ARI,1b,27,"5' 11""",208,R,R,2014,20000000.0,-0.157188924884736,0.163,0.614,3,6.0,61.0359409116066,0.264422472917809,0.208333333,0.224489796,0.056603773,0.415094339,86.2,19.0,2018,572233
Christian Walker,ARI,1b,28,"5' 11""",208,R,R,2014,20000000.0,3.04558726528387,0.259,0.824,29,73.0,111.053338969838,0.345511357488744,0.312138728,0.217391304,0.111111111,0.257048092,91.0,15.0,2019,572233
Christian Walker,ARI,1b,29,"5' 11""",208,R,R,2014,20000000.0,0.745354535172104,0.271,0.792,7,34.0,109.549871274832,0.338616802368635,0.31707317,0.188073395,0.0781893,0.205761316,90.4,12.0,2020,572233
Christian Walker,ARI,1b,30,"5' 11""",208,R,R,2014,20000000.0,0.34838557781719,0.244,0.697,10,46.0,88.2377492326355,0.303900489936004,0.306620209,0.137157107,0.085393258,0.238202247,88.8,16.0,2021,572233
Christian Walker,ARI,1b,31,"5' 11""",208,R,R,2014,20000000.0,3.94661057653863,0.242,0.804,36,94.0,122.274044791675,0.346134689696749,0.24822695,0.234991423,0.103448275,0.196401799,90.0,17.0,2022,572233
Christian Yelich,MIL,LF,26,"6' 4""",220,L,R,2013,,7.67183580340772,0.326,1.0,36,110.0,167.084111057346,0.421977566644113,0.372839506,0.271777003,0.104454685,0.207373271,92.5,5.0,2018,592885
Christian Yelich,MIL,LF,27,"6' 4""",220,L,R,2013,,6.63838116694406,0.329,1.1,44,97.0,174.112361081673,0.441594130709662,0.354545454,0.341513293,0.137931034,0.203448275,93.3,11.0,2019,592885
Christian Yelich,MIL,LF,28,"6' 4""",220,L,R,2013,,0.863193862412113,0.205,0.786,12,22.0,113.615239384048,0.342789542431734,0.258928571,0.225,0.186234817,0.307692307,94.0,7.0,2020,592885
Christian Yelich,MIL,LF,29,"6' 4""",220,L,R,2013,,1.40462772305475,0.248,0.735,9,51.0,101.698239813559,0.324612976388728,0.321428571,0.125313283,0.147368421,0.237894736,91.0,3.0,2021,592885
Christian Yelich,MIL,LF,30,"6' 4""",220,L,R,2013,,2.21342208526798,0.252,0.738,14,57.0,110.887171079485,0.327623913252264,0.326683291,0.130434782,0.13114754,0.2414307,91.5,4.0,2022,592885
Cionel Pérez,HOU,P,22,"6' 0""",175,R,L,2018,,0.0,0.0,0.0,0,0.0,,0.0,0.0,0.0,0.0,0.0,,,2018,672335
Cionel Pérez,HOU,P,23,"6' 0""",175,R,L,2018,,0.0,0.0,0.0,0,0.0,,0.0,0.0,0.0,0.0,0.0,,,2019,672335
Cionel Pérez,HOU,P,24,"6' 0""",175,R,L,2018,,0.0,,,0,,,0.0,0.0,0.0,0.0,0.0,,,2020,672335
Cionel Pérez,CIN,P,25,"6' 0""",175,R,L,2018,,-0.0236505898492282,0.0,0.0,0,0.0,-100.0,0.0,0.0,0.0,0.0,0.0,77.0,-11.0,2021,672335
Cionel Pérez,BAL,P,26,"6' 0""",175,R,L,2018,,0.0,0.0,0.0,0,0.0,,0.0,0.0,0.0,0.0,0.0,,,2022,672335
Clarke Schmidt,NYY,P,24,"6' 1""",210,R,R,2020,,0.0,,,0,,,0.0,0.0,0.0,0.0,0.0,,,2020,657376
Clarke Schmidt,NYY,P,25,"6' 1""",210,R,R,2020,,0.0354991073221142,0.0,0.5,0,0.0,122.149965764489,0.34585827589035,0.0,0.0,0.5,0.5,,,2021,657376
Clarke Schmidt,NYY,P,26,"6' 1""",210,R,R,2020,,0.0,0.0,0.0,0,0.0,,0.0,0.0,0.0,0.0,0.0,,,2022,657376
Clay Buchholz,ARI,p,33,"6' 3""",190,L,R,2007,,-0.154155907361963,0.065,0.191,0,1.0,-56.8369696264678,0.0880104750394821,0.142857142,0.032258064,0.027027027,0.459459459,82.3,-5.0,2018,453329
Clay Buchholz,TOR,p,34,"6' 3""",190,L,R,2007,,0.0,,,0,,,0.0,0.0,0.0,0.0,0.0,,,2019,453329
Clay Holmes,PIT,p,25,"6' 5""",245,R,R,2018,12666667.0,-0.0554571109848997,0.0,0.0,0,0.0,-100.0,0.0,0.0,0.0,0.0,0.333333333,85.8,5.0,2018,605280
Clay Holmes,PIT,p,26,"6' 5""",245,R,R,2018,12666667.0,-0.0613135416095711,0.0,0.0,0,0.0,-100.0,0.0,0.0,0.0,0.0,0.8,82.9,-21.0,2019,605280
Clay Holmes,PIT,p,27,"6' 5""",245,R,R,2018,12666667.0,0.0,,,0,,,0.0,0.0,0.0,0.0,0.0,,,2020,605280
Clay Holmes,- - -,p,28,"6' 5""",245,R,R,2018,12666667.0,-0.0113667349422349,0.0,0.0,0,0.0,-100.0,0.0,0.0,0.0,0.0,1.0,,,2021,605280
Clay Holmes,NYY,p,29,"6' 5""",245,R,R,2018,12666667.0,0.0,,,0,,,0.0,0.0,0.0,0.0,0.0,,,2022,605280
Clayton Kershaw,LAD,p,30,"6' 4""",225,L,L,2008,,0.605772364751404,0.239,0.623,0,7.0,81.8599227420165,0.287491197855967,0.314285714,0.043478261,0.122807017,0.192982456,79.9,-2.0,2018,477132
Clayton Kershaw,LAD,p,31,"6' 4""",225,L,L,2008,,-0.295377645748242,0.102,0.242,0,1.0,-40.6585357681593,0.107707755565643,0.151515151,0.020408163,0.015384615,0.246153846,83.4,6.0,2019,477132
Clayton Kershaw,LAD,p,32,"6' 4""",225,L,L,2008,,0.0,,,0,,,0.0,0.0,0.0,0.0,0.0,,,2020,477132
Clayton Kershaw,LAD,p,33,"6' 4""",225,L,L,2008,,0.227430375096098,0.222,0.465,0,3.0,28.9237812431278,0.208761057338199,0.32,0.0,0.025641025,0.282051282,79.6,-8.0,2021,477132
Clayton Kershaw,LAD,p,34,"6' 4""",225,L,L,2008,,0.0,,,0,,,0.0,0.0,0.0,0.0,0.0,,,2022,477132
Clayton Richard,SDP,p,34,"6' 5""",240,L,L,2008,1750000.0,0.123080964278451,0.095,0.346,1,3.0,-5.61075248211495,0.158586642477247,0.176470588,0.095238095,0.039215686,0.470588235,85.8,4.0,2018,453385
Clayton Richard,TOR,p,35,"6' 5""",240,L,L,2008,1750000.0,0.0,,,0,,,0.0,0.0,0.0,0.0,0.0,,,2019,453385
Cliff Pennington,CIN,ss,34,"5' 10""",200,S,R,2008,,-0.279889625330206,0.138,0.403,0,0.0,20.0347758404439,0.20487561471322,0.25,0.0,0.147058823,0.382352941,84.2,9.0,2018,460060
Clint Frazier,NYY,LF,23,"5' 11""",212,R,R,2017,,-0.11912293728295,0.265,0.743,0,1.0,114.440151010719,0.339195287809139,0.428571428,0.088235294,0.121951219,0.31707317,88.1,2.0,2018,640449
Clint Frazier,NYY,LF,24,"5' 11""",212,R,R,2017,,-0.0385943405220121,0.267,0.806,12,38.0,108.007621063628,0.33333562636862,0.328767123,0.222222222,0.06504065,0.284552845,88.5,15.0,2019,640449
Clint Frazier,NYY,LF,25,"5' 11""",212,R,R,2017,,1.35045139657956,0.267,0.905,8,26.0,149.564661924487,0.38828629553318,0.3375,0.244274809,0.15625,0.275,89.4,12.0,2020,640449
Clint Frazier,NYY,LF,26,"5' 11""",212,R,R,2017,,-0.813908396819129,0.186,0.634,5,15.0,83.9970277101067,0.289400207613586,0.256637168,0.131147541,0.14678899,0.298165137,86.9,14.0,2021,640449
Clint Frazier,CHC,LF,27,"5' 11""",212,R,R,2017,,-0.111402669344869,0.216,0.653,0,1.0,98.6584233263823,0.305446787675222,0.307692307,0.081081081,0.155555555,0.244444444,85.9,18.0,2022,640449
Cody Allen,CLE,p,29,"6' 1""",210,R,R,2012,8500000.0,0.0,0.0,0.0,0,0.0,,0.0,0.0,0.0,0.0,0.0,,,2018,592102
Cody Allen,LAA,p,30,"6' 1""",210,R,R,2012,8500000.0,-0.0116839679996691,0.0,0.0,0,0.0,-100.0,0.0,0.0,0.0,0.0,1.0,,,2019,592102
Cody Bellinger,LAD,cf,22,"6' 3""",204,L,L,2017,32500000.0,3.5240704545753,0.26,0.813,25,76.0,120.392232310996,0.34515976379618,0.3125,0.21005386,0.109177215,0.23892405,89.8,16.0,2018,641355
Cody Bellinger,LAD,cf,23,"6' 3""",204,L,L,2017,32500000.0,7.77692447667083,0.305,1.035,47,115.0,160.621818171649,0.414925652024145,0.302211302,0.32437276,0.143939393,0.163636363,91.1,18.0,2019,641355
Cody Bellinger,LAD,cf,24,"6' 3""",204,L,L,2017,32500000.0,1.59453049791998,0.239,0.788,12,30.0,112.140677558664,0.337304591637924,0.245283018,0.215962442,0.12345679,0.172839506,89.3,17.0,2020,641355
Cody Bellinger,LAD,cf,25,"6' 3""",204,L,L,2017,32500000.0,-1.01692028587815,0.165,0.542,10,36.0,47.1504350990461,0.236805716122704,0.196261682,0.136507936,0.088571428,0.268571428,89.3,22.0,2021,641355
Cody Bellinger,LAD,cf,26,"6' 3""",204,L,L,2017,32500000.0,1.45196863715334,0.21,0.654,19,68.0,83.1713373617011,0.284043855233626,0.255131964,0.178571428,0.069090909,0.272727272,89.4,20.0,2022,641355
Cody Reed,CIN,P,25,"6' 5""",230,L,L,2016,,-0.0826808448082785,0.0,0.083,0,0.0,-78.4631352861742,0.0574607998132706,0.0,0.0,0.083333333,0.833333333,70.6,-6.0,2018,642003
Cody Reed,CIN,P,26,"6' 5""",230,L,L,2016,,-0.0130142865332539,0.0,0.0,0,0.0,-100.0,0.0,0.0,0.0,0.0,1.0,,,2019,642003
Cody Reed,- - -,P,27,"6' 5""",230,L,L,2016,,0.0,,,0,,,0.0,0.0,0.0,0.0,0.0,,,2020,642003
Cody Reed,TBR,P,28,"6' 5""",230,L,L,2016,,0.0,,,0,,,0.0,0.0,0.0,0.0,0.0,,,2021,642003
Colby Rasmus,BAL,If,31,"6' 2""",195,L,L,2009,,-0.415138493798141,0.133,0.426,1,1.0,16.4104870356803,0.195612040101265,0.2,0.088888889,0.061224489,0.387755102,86.5,19.0,2018,458675
Cole Hamels,- - -,p,34,"6' 4""",205,L,L,2006,,0.0811378801410766,0.12,0.394,1,1.0,2.86013038014797,0.172285366516847,0.166666666,0.12,0.037037037,0.444444444,83.0,-1.0,2018,430935
Cole Hamels,CHC,p,35,"6' 4""",205,L,L,2006,,0.0204777795000677,0.143,0.345,0,4.0,-13.5294675966574,0.154982466167874,0.214285714,0.023809524,0.02173913,0.326086956,84.6,4.0,2019,430935
Cole Hamels,ATL,p,36,"6' 4""",205,L,L,2006,,0.0,,,0,,,0.0,0.0,0.0,0.0,0.0,,,2020,430935
Cole Irvin,PHI,P,25,"6' 4""",225,L,L,2019,,0.0697047707489384,0.167,0.542,0,0.0,69.0538189219921,0.281274534761906,0.25,0.0,0.25,0.25,87.1,14.0,2019,608344
Cole Irvin,PHI,P,26,"6' 4""",225,L,L,2019,,0.0,,,0,,,0.0,0.0,0.0,0.0,0.0,,,2020,608344
Cole Irvin,OAK,P,27,"6' 4""",225,L,L,2019,,0.0302878210534092,0.2,0.4,0,1.0,9.74199568255171,0.175811064243317,0.333333333,0.0,0.0,0.285714285,90.8,4.0,2021,608344
Cole Irvin,OAK,P,28,"6' 4""",225,L,L,2019,,0.0,,,0,,,0.0,0.0,0.0,0.0,0.0,,,2022,608344
Cole Sulser,TBR,P,29,"6' 0""",200,R,R,2019,,0.0,0.0,0.0,0,0.0,,0.0,0.0,0.0,0.0,0.0,,,2019,642121
Cole Sulser,BAL,P,30,"6' 0""",200,R,R,2019,,0.0,,,0,,,0.0,0.0,0.0,0.0,0.0,,,2020,642121
Cole Sulser,BAL,P,31,"6' 0""",200,R,R,2019,,0.0,0.0,0.0,0,0.0,,0.0,0.0,0.0,0.0,0.0,,,2021,642121
Cole Sulser,MIA,P,32,"6' 0""",200,R,R,2019,,0.0,0.0,0.0,0,0.0,,0.0,0.0,0.0,0.0,0.0,,,2022,642121
Cole Tucker,PIT,SS,22,"6' 3""",200,S,R,2019,,-0.169843245095252,0.211,0.627,2,13.0,60.0113346485774,0.264193268718234,0.276190476,0.149659864,0.062893081,0.251572327,87.9,7.0,2019,657061
Cole Tucker,PIT,SS,23,"6' 3""",200,S,R,2019,,-0.523371359270205,0.22,0.527,1,8.0,41.328600559858,0.233373890752378,0.294871794,0.055045871,0.043103448,0.267241379,83.1,13.0,2020,657061
Cole Tucker,PIT,SS,24,"6' 3""",200,S,R,2019,,-0.332389040561303,0.222,0.64,2,12.0,72.819805945837,0.281915200575617,0.289156626,0.119658119,0.099236641,0.251908396,86.7,9.0,2021,657061
Cole Tucker,PIT,SS,25,"6' 3""",200,S,R,2019,,-0.783681937885337,0.175,0.397,0,2.0,2.04635176944362,0.171705951766362,0.289473684,0.047619048,0.0,0.396825396,82.4,5.0,2022,657061
Colin Moran,PIT,3B,25,"6' 4""",225,L,R,2016,,0.54195037707757,0.277,0.747,11,58.0,101.901325220665,0.32214836688983,0.316109422,0.130120482,0.083870967,0.176344086,88.2,11.0,2018,592567
Colin Moran,PIT,3B,26,"6' 4""",225,L,R,2016,,0.43032461008411,0.277,0.751,13,80.0,93.4032663680268,0.315159986635487,0.34117647,0.152360515,0.059642147,0.232604373,88.2,12.0,2019,592567
Colin Moran,PIT,3B,27,"6' 4""",225,L,R,2016,,0.798884390410901,0.247,0.797,10,23.0,112.025291124005,0.340435622930527,0.29059829,0.224719101,0.095,0.26,91.9,8.0,2020,592567
Colin Moran,PIT,3B,28,"6' 4""",225,L,R,2016,,-0.247395148674891,0.258,0.724,10,50.0,96.0762160193507,0.317698953875592,0.321428571,0.132075471,0.100278551,0.242339832,89.1,7.0,2021,592567
Colin Moran,CIN,3B,29,"6' 4""",225,L,R,2016,,0.111792689395634,0.211,0.681,5,23.0,85.9772063748172,0.300172684714198,0.233766233,0.165137614,0.125,0.234375,90.4,10.0,2022,592567
Colin Rea,CHC,p,29,"6' 5""",220,R,R,2015,5000000.0,0.0,,,0,,,0.0,0.0,0.0,0.0,0.0,,,2020,607067
Colin Rea,MIL,p,30,"6' 5""",220,R,R,2015,5000000.0,-0.0224453516760516,0.0,0.0,0,0.0,-100.0,0.0,0.0,0.0,0.0,1.0,,,2021,607067
Collin McHugh,HOU,p,31,"6' 2""",191,R,R,2012,,0.0,0.0,0.0,0,0.0,,0.0,0.0,0.0,0.0,0.0,,,2018,543521
Collin McHugh,HOU,p,32,"6' 2""",191,R,R,2012,,0.0,0.0,0.0,0,0.0,,0.0,0.0,0.0,0.0,0.0,,,2019,543521
Collin McHugh,TBR,p,34,"6' 2""",191,R,R,2012,,0.0,0.0,0.0,0,0.0,,0.0,0.0,0.0,0.0,0.0,,,2021,543521
Collin McHugh,ATL,p,35,"6' 2""",191,R,R,2012,,0.0,,,0,,,0.0,0.0,0.0,0.0,0.0,,,2022,543521
Colten Brewer,SDP,P,25,"6' 4""",222,R,R,2018,,0.0,0.0,0.0,0,0.0,,0.0,0.0,0.0,0.0,0.0,,,2018,605155
Colten Brewer,BOS,P,26,"6' 4""",222,R,R,2018,,0.0,0.0,0.0,0,0.0,,0.0,0.0,0.0,0.0,0.0,,,2019,605155
Colten Brewer,BOS,P,27,"6' 4""",222,R,R,2018,,0.0,,,0,,,0.0,0.0,0.0,0.0,0.0,,,2020,605155
Colten Brewer,BOS,P,28,"6' 4""",222,R,R,2018,,0.0,,,0,,,0.0,0.0,0.0,0.0,0.0,,,2021,605155
Connor Brogdon,PHI,P,25,"6' 6""",205,R,R,2020,,-0.0105061174255582,,,0,,,0.0,0.0,0.0,0.0,0.0,,,2020,641401
Connor Brogdon,PHI,P,26,"6' 6""",205,R,R,2020,,0.0,0.0,0.0,0,0.0,,0.0,0.0,0.0,0.0,0.0,,,2021,641401
Connor Brogdon,PHI,P,27,"6' 6""",205,R,R,2020,,0.0,,,0,,,0.0,0.0,0.0,0.0,0.0,,,2022,641401
Connor Joe,SFG,RF,26,"5' 11""",205,R,R,2019,,-0.224772042671322,0.067,0.192,0,0.0,-46.9465465016132,0.0974938608705998,0.1,0.0,0.0625,0.3125,81.4,1.0,2019,656582
Connor Joe,COL,RF,28,"5' 11""",205,R,R,2019,,0.937700715880854,0.285,0.848,8,35.0,114.483125883148,0.366186143380206,0.32330827,0.184357542,0.123222748,0.194312796,88.2,15.0,2021,656582
Connor Joe,COL,RF,29,"5' 11""",205,R,R,2019,,0.319315876477185,0.238,0.697,7,28.0,88.5760736855035,0.313729383322616,0.295681063,0.121287129,0.117773019,0.207708779,85.3,11.0,2022,656582
Corbin Burnes,MIL,p,23,"6' 3""",245,R,R,2018,35000000.0,-0.0114444721317404,0.0,0.0,0,0.0,-100.0,0.0,0.0,0.0,0.0,0.0,,,2018,669203
Corbin Burnes,MIL,p,24,"6' 3""",245,R,R,2018,35000000.0,0.0643594272540848,0.286,0.572,0,0.0,47.5759071593016,0.248459219932556,0.4,0.0,0.0,0.25,92.6,-7.0,2019,669203
Corbin Burnes,MIL,p,25,"6' 3""",245,R,R,2018,35000000.0,0.0,,,0,,,0.0,0.0,0.0,0.0,0.0,,,2020,669203
Corbin Burnes,MIL,p,26,"6' 3""",245,R,R,2018,35000000.0,0.117405264121346,0.154,0.354,0,4.0,-1.65155080261193,0.16559258591045,0.307692307,0.0,0.050847457,0.440677966,80.0,-13.0,2021,669203
Corbin Burnes,MIL,p,27,"6' 3""",245,R,R,2018,35000000.0,0.0,,,0,,,0.0,0.0,0.0,0.0,0.0,,,2022,669203
Corey Dickerson,PIT,dh,29,"6' 1""",212,L,R,2013,2250000.0,2.93144391154726,0.3,0.804,13,55.0,114.183837257631,0.340530728685383,0.33253012,0.174603175,0.039399624,0.150093808,87.9,15.0,2018,572816
Corey Dickerson,- - -,dh,30,"6' 1""",212,L,R,2013,2250000.0,1.29573175623486,0.304,0.906,12,59.0,126.214830684215,0.366756598082456,0.343589743,0.261538462,0.05734767,0.200716845,87.1,16.0,2019,572816
Corey Dickerson,MIA,dh,31,"6' 1""",212,L,R,2013,2250000.0,0.0518729027324276,0.258,0.713,7,17.0,93.3510787915167,0.307881120878917,0.282894736,0.144329897,0.071428571,0.166666666,85.7,11.0,2020,572816
Corey Dickerson,- - -,dh,32,"6' 1""",212,L,R,2013,2250000.0,0.75373542312908,0.271,0.734,6,29.0,96.981375661534,0.317299632416977,0.323193916,0.136904762,0.06849315,0.186301369,87.8,10.0,2021,572816
Corey Dickerson,STL,dh,33,"6' 1""",212,L,R,2013,2250000.0,0.645242483758777,0.267,0.699,6,36.0,95.6318711792006,0.302606279382835,0.301310043,0.131672598,0.04040404,0.161616161,87.8,11.0,2022,572816
Corey Kluber,CLE,p,32,"6' 4""",210,R,R,2011,,-0.0667508149222816,0.0,0.0,0,0.0,-100.0,0.0,0.0,0.0,0.0,0.666666666,54.5,45.0,2018,446372
Corey Kluber,CLE,p,33,"6' 4""",210,R,R,2011,,-0.0116498808114962,0.0,0.0,0,0.0,-100.0,0.0,0.0,0.0,0.0,1.0,,,2019,446372
Corey Kluber,TEX,p,34,"6' 4""",210,R,R,2011,,0.0,,,0,,,0.0,0.0,0.0,0.0,0.0,,,2020,446372
Corey Kluber,NYY,p,35,"6' 4""",210,R,R,2011,,-0.0208255482640801,0.0,0.0,0,0.0,-100.0,0.0,0.0,0.0,0.0,0.5,64.9,-4.0,2021,446372
Corey Kluber,TBR,p,36,"6' 4""",210,R,R,2011,,0.0,,,0,,,0.0,0.0,0.0,0.0,0.0,,,2022,446372
Corey Knebel,MIL,p,26,"6' 3""",225,R,R,2014,,0.0,0.0,0.0,0,0.0,,0.0,0.0,0.0,0.0,0.0,,,2018,608349
Corey Knebel,MIL,p,28,"6' 3""",225,R,R,2014,,0.0,,,0,,,0.0,0.0,0.0,0.0,0.0,,,2020,608349
Corey Knebel,LAD,p,29,"6' 3""",225,R,R,2014,,-0.0218020980632224,0.0,0.0,0,0.0,-100.0,0.0,0.0,0.0,0.0,0.0,90.5,-11.0,2021,608349
Corey Knebel,PHI,p,30,"6' 3""",225,R,R,2014,,0.0,,,0,,,0.0,0.0,0.0,0.0,0.0,,,2022,608349
Corey Seager,LAD,ss,24,"6' 4""",215,L,R,2015,32500000.0,0.378638390152364,0.267,0.744,2,13.0,106.177785935843,0.323886013344715,0.301204819,0.128712871,0.095652173,0.147826086,91.4,10.0,2018,608369
Corey Seager,LAD,ss,25,"6' 4""",215,L,R,2015,32500000.0,3.56494517601116,0.272,0.818,19,87.0,111.746117073227,0.340325772873088,0.303191489,0.210633946,0.081330868,0.181146025,88.8,14.0,2019,608369
Corey Seager,LAD,ss,26,"6' 4""",215,L,R,2015,32500000.0,2.31254110377651,0.307,0.943,15,41.0,149.45291165793,0.393809533838568,0.308641975,0.278301887,0.073275862,0.159482758,93.2,12.0,2020,608369
Corey Seager,LAD,ss,27,"6' 4""",215,L,R,2015,32500000.0,3.81822484395628,0.306,0.915,16,57.0,146.266293385334,0.389311516021335,0.335766423,0.21529745,0.117359413,0.161369193,91.0,11.0,2021,608369
Corey Seager,TEX,ss,28,"6' 4""",215,L,R,2015,32500000.0,4.33406415550525,0.245,0.772,33,83.0,116.573343402264,0.331273304889115,0.242424242,0.210792581,0.087481146,0.155354449,91.1,14.0,2022,608369
Cory Gearrin,- - -,p,32,"6' 1""",205,R,R,2011,,0.0,0.0,0.0,0,0.0,,0.0,0.0,0.0,0.0,0.0,,,2018,518715
Cory Gearrin,- - -,p,33,"6' 1""",205,R,R,2011,,0.0,0.0,0.0,0,0.0,,0.0,0.0,0.0,0.0,0.0,,,2019,518715
Cory Gearrin,MIN,p,34,"6' 1""",205,R,R,2011,,0.0,,,0,,,0.0,0.0,0.0,0.0,0.0,,,2020,518715
Cory Spangenberg,SDP,2B,27,"6' 0""",195,L,R,2014,,0.73647042297503,0.235,0.66,7,25.0,82.523156431011,0.290490392721616,0.344262295,0.127516779,0.075987841,0.328267477,88.1,8.0,2018,605486
Cory Spangenberg,MIL,2B,28,"6' 0""",195,L,R,2014,,0.301458648311367,0.232,0.635,2,10.0,59.9566681892556,0.267356202602386,0.350877192,0.126315789,0.058823529,0.352941176,85.1,1.0,2019,605486
Cory Spangenberg,STL,2B,31,"6' 0""",195,L,R,2014,,0.0001800348456731,0.0,0.0,0,0.0,,0.0,0.0,0.0,0.0,0.0,,,2022,605486
Craig Gentry,BAL,cf,34,"6' 2""",190,R,R,2009,,0.656212345599222,0.269,0.667,1,11.0,84.5287279096815,0.295432959638891,0.330645161,0.076923077,0.065088757,0.183431952,83.9,10.0,2018,502226
Craig Kimbrel,BOS,p,30,"6' 0""",215,R,R,2010,,0.0,0.0,0.0,0,0.0,,0.0,0.0,0.0,0.0,0.0,,,2018,518886
Craig Kimbrel,CHC,p,31,"6' 0""",215,R,R,2010,,0.0,0.0,0.0,0,0.0,,0.0,0.0,0.0,0.0,0.0,,,2019,518886
Craig Kimbrel,CHC,p,32,"6' 0""",215,R,R,2010,,0.0,0.0,0.0,0,0.0,,0.0,0.0,0.0,0.0,0.0,,,2020,518886
Craig Kimbrel,- - -,p,33,"6' 0""",215,R,R,2010,,-0.011075616342977,0.0,0.0,0,0.0,-100.0,0.0,0.0,0.0,0.0,1.0,,,2021,518886
Craig Kimbrel,LAD,p,34,"6' 0""",215,R,R,2010,,0.0,0.0,0.0,0,0.0,,0.0,0.0,0.0,0.0,0.0,,,2022,518886
Craig Stammen,SDP,p,34,"6' 2""",228,R,R,2009,,0.0,0.0,0.0,0,0.0,,0.0,0.0,0.0,0.0,0.0,,,2018,489334
Craig Stammen,SDP,p,35,"6' 2""",228,R,R,2009,,-0.0119056735379302,0.0,0.0,0,0.0,-100.0,0.0,0.0,0.0,0.0,1.0,,,2019,489334
Craig Stammen,SDP,p,36,"6' 2""",228,R,R,2009,,0.0,,,0,,,0.0,0.0,0.0,0.0,0.0,,,2020,489334
Craig Stammen,SDP,p,37,"6' 2""",228,R,R,2009,,0.0277847439447199,0.2,0.4,0,0.0,10.2543284380231,0.175811064243317,0.5,0.0,0.0,0.428571428,61.6,25.0,2021,489334
Craig Stammen,SDP,p,38,"6' 2""",228,R,R,2009,,0.0,,,0,,,0.0,0.0,0.0,0.0,0.0,,,2022,489334
Cristian Javier,HOU,P,23,"6' 1""",210,R,R,2020,,0.0,,,0,,,0.0,0.0,0.0,0.0,0.0,,,2020,664299
Cristian Javier,HOU,P,24,"6' 1""",210,R,R,2020,,0.0,0.0,0.0,0,0.0,,0.0,0.0,0.0,0.0,0.0,,,2021,664299
Cristian Javier,HOU,P,25,"6' 1""",210,R,R,2020,,0.0,,,0,,,0.0,0.0,0.0,0.0,0.0,,,2022,664299
Curt Casali,CIN,c,29,"6' 2""",220,R,R,2014,,0.0572067495702621,0.293,0.805,4,16.0,114.696539686928,0.346549140942561,0.352380952,0.157142858,0.076923076,0.205128205,86.9,14.0,2018,592200
Curt Casali,CIN,c,30,"6' 2""",220,R,R,2014,,0.78518432367723,0.251,0.742,8,32.0,87.8901673851028,0.315697042485501,0.307692307,0.15942029,0.105932203,0.25,87.2,19.0,2019,592200
Curt Casali,CIN,c,31,"6' 2""",220,R,R,2014,,0.693170687888257,0.224,0.866,6,8.0,126.517008912511,0.372235582720849,0.268292682,0.27631579,0.150537634,0.311827956,88.6,22.0,2020,592200
Curt Casali,SFG,c,32,"6' 2""",220,R,R,2014,,0.337881831634046,0.21,0.663,5,26.0,82.4753186183086,0.289117523790461,0.286821705,0.14,0.112554112,0.285714285,86.4,23.0,2021,592200
Curt Casali,- - -,c,33,"6' 2""",220,R,R,2014,,0.456912077324386,0.203,0.649,5,17.0,92.572042755945,0.29509694671089,0.263157894,0.128378379,0.136363636,0.284090909,87.1,25.0,2022,592200
Curtis Granderson,- - -,If,37,"6' 1""",200,L,R,2004,,0.838357166269387,0.242,0.782,13,38.0,114.843328855608,0.341350345094305,0.311111111,0.189504373,0.133995037,0.263027295,88.7,17.0,2018,434158
Curtis Granderson,MIA,If,38,"6' 1""",200,L,R,2004,,-1.13060757722755,0.183,0.637,12,34.0,70.453397065075,0.275152407133777,0.220095693,0.173501577,0.112947658,0.269972451,88.8,19.0,2019,434158
César Hernández,PHI,2b,28,"5' 10""",183,S,R,2013,,2.16304006689623,0.253,0.718,15,60.0,99.524751649579,0.320167659102259,0.315068493,0.10909091,0.13418079,0.218926553,85.7,11.0,2018,514917
César Hernández,PHI,2b,29,"5' 10""",183,S,R,2013,,1.69574211165695,0.279,0.741,14,71.0,91.3387247222052,0.315288395273919,0.312749003,0.129084968,0.067466266,0.149925037,86.0,9.0,2019,514917
César Hernández,CLE,2b,30,"5' 10""",183,S,R,2013,,1.85179345893245,0.283,0.763,3,20.0,112.419827536694,0.33542998002763,0.364161849,0.124463519,0.091954022,0.218390804,89.1,6.0,2020,514917
César Hernández,- - -,2b,31,"5' 10""",183,S,R,2013,,1.47427689286963,0.232,0.694,21,62.0,91.4307073387769,0.301955588689939,0.26618705,0.154385965,0.092621664,0.211930926,87.4,11.0,2021,514917
César Hernández,WSN,2b,32,"5' 10""",183,S,R,2013,,0.462723795080716,0.248,0.629,1,34.0,80.8474293546932,0.282608913773434,0.308724832,0.069642857,0.072933549,0.184764991,84.8,9.0,2022,514917
Dakota Hudson,STL,P,23,"6' 5""",215,R,R,2018,,-0.0109846155931445,0.0,0.0,0,0.0,-100.0,0.0,0.0,0.0,0.0,0.0,79.4,-58.0,2018,641712
Dakota Hudson,STL,P,24,"6' 5""",215,R,R,2018,,-0.302203127567815,0.078,0.174,0,2.0,-57.0629522068061,0.0807239424723845,0.148148148,0.0,0.0,0.406779661,81.7,-10.0,2019,641712
Dakota Hudson,STL,P,25,"6' 5""",215,R,R,2018,,0.0,,,0,,,0.0,0.0,0.0,0.0,0.0,,,2020,641712
Dakota Hudson,STL,P,26,"6' 5""",215,R,R,2018,,0.0669459698361052,0.333,0.833,0,0.0,148.423463318291,0.392692968249321,1.0,0.0,0.25,0.5,66.3,-59.0,2021,641712
Dakota Hudson,STL,P,27,"6' 5""",215,R,R,2018,,0.0,,,0,,,0.0,0.0,0.0,0.0,0.0,,,2022,641712
Dallas Keuchel,HOU,p,30,"6' 2""",205,L,L,2012,,-0.0205940431299023,0.0,0.0,0,0.0,-100.0,0.0,0.0,0.0,0.0,1.0,,,2018,572971
Dallas Keuchel,ATL,p,31,"6' 2""",205,L,L,2012,,-0.0571327929509779,0.132,0.312,0,2.0,-25.7546112553881,0.138086866109799,0.5,0.026315789,0.024390243,0.682926829,82.2,-13.0,2019,572971
Dallas Keuchel,CHW,p,32,"6' 2""",205,L,L,2012,,0.0,,,0,,,0.0,0.0,0.0,0.0,0.0,,,2020,572971
Dallas Keuchel,CHW,p,33,"6' 2""",205,L,L,2012,,-0.0215567441094162,0.0,0.0,0,0.0,-100.0,0.0,0.0,0.0,0.0,0.5,77.8,-16.0,2021,572971
Dallas Keuchel,- - -,p,34,"6' 2""",205,L,L,2012,,0.0,,,0,,,0.0,0.0,0.0,0.0,0.0,,,2022,572971
Dan Altavilla,SEA,P,25,"5' 11""",235,R,R,2016,,0.0,,,0,,,0.0,0.0,0.0,0.0,0.0,,,2018,656186
Dan Altavilla,SEA,P,26,"5' 11""",235,R,R,2016,,0.0,0.0,0.0,0,0.0,,0.0,0.0,0.0,0.0,0.0,,,2019,656186
Dan Altavilla,- - -,P,27,"5' 11""",235,R,R,2016,,0.0,0.0,0.0,0,0.0,,0.0,0.0,0.0,0.0,0.0,,,2020,656186
Dan Altavilla,SDP,P,28,"5' 11""",235,R,R,2016,,0.0,0.0,0.0,0,0.0,,0.0,0.0,0.0,0.0,0.0,,,2021,656186
Dan Jennings,MIL,P,31,"6' 3""",215,L,L,2012,,0.125663954726673,0.667,1.667,0,0.0,358.820115349911,0.70893520116806,1.0,0.333333334,0.0,0.333333333,87.9,5.0,2018,543359
Dan Jennings,WSN,P,32,"6' 3""",215,L,L,2012,,0.0,0.0,0.0,0,0.0,,0.0,0.0,0.0,0.0,0.0,,,2019,543359
Dan Otero,CLE,p,33,"6' 3""",205,R,R,2012,,0.0,0.0,0.0,0,0.0,,0.0,0.0,0.0,0.0,0.0,,,2018,519096
Dan Otero,CLE,p,34,"6' 3""",205,R,R,2012,,0.0,0.0,0.0,0,0.0,,0.0,0.0,0.0,0.0,0.0,,,2019,519096
Dan Straily,MIA,P,29,"6' 2""",220,R,R,2012,,0.478190456312649,0.161,0.544,0,1.0,74.4641185115179,0.275045236945152,0.416666666,0.032258065,0.186046511,0.441860465,79.4,5.0,2018,573185
Dan Straily,BAL,P,30,"6' 2""",220,R,R,2012,,0.0,,,0,,,0.0,0.0,0.0,0.0,0.0,,,2019,573185
Dan Winkler,ATL,P,28,"6' 3""",205,R,R,2015,,-0.011656539865597,0.0,0.0,0,0.0,-100.0,0.0,0.0,0.0,0.0,0.0,94.5,-33.0,2018,595465
Dan Winkler,ATL,P,29,"6' 3""",205,R,R,2015,,-0.0126656859836906,0.0,0.0,0,0.0,-100.0,0.0,0.0,0.0,0.0,0.0,,,2019,595465
Dan Winkler,CHC,P,30,"6' 3""",205,R,R,2015,,0.0,0.0,0.0,0,0.0,,0.0,0.0,0.0,0.0,0.0,,,2020,595465
Dan Winkler,CHC,P,31,"6' 3""",205,R,R,2015,,-0.011075616342977,0.0,0.0,0,0.0,-100.0,0.0,0.0,0.0,0.0,0.0,60.3,-58.0,2021,595465
Dane Dunning,CHW,P,25,"6' 4""",225,R,R,2020,,0.0,,,0,,,0.0,0.0,0.0,0.0,0.0,,,2020,641540
Dane Dunning,TEX,P,26,"6' 4""",225,R,R,2020,,0.0537477867410537,0.333,0.666,0,0.0,84.1747601969891,0.293018440405528,0.5,0.0,0.0,0.25,96.2,-13.0,2021,641540
Dane Dunning,TEX,P,27,"6' 4""",225,R,R,2020,,0.0,,,0,,,0.0,0.0,0.0,0.0,0.0,,,2022,641540
Daniel Bard,COL,p,35,"6' 4""",215,R,R,2009,,0.0,,,0,,,0.0,0.0,0.0,0.0,0.0,,,2020,453268
Daniel Bard,COL,p,36,"6' 4""",215,R,R,2009,,0.0595452678785836,1.0,2.0,0,0.0,447.80467026784703,0.879055321216583,1.0,0.0,0.0,0.0,99.9,11.0,2021,453268
Daniel Bard,COL,p,37,"6' 4""",215,R,R,2009,,0.0,0.0,0.0,0,0.0,,0.0,0.0,0.0,0.0,0.0,,,2022,453268
Daniel Descalso,ARI,2b,31,"5' 10""",190,L,R,2010,2500000.0,0.723396666186291,0.238,0.789,13,57.0,111.923154338983,0.340581744341623,0.300429184,0.197707736,0.151300236,0.260047281,89.0,19.0,2018,518614
Daniel Descalso,CHC,2b,32,"5' 10""",190,L,R,2010,2500000.0,-1.19128670634951,0.173,0.521,2,15.0,40.635801944245,0.237655910663307,0.245454545,0.077380953,0.118556701,0.293814432,88.6,11.0,2019,518614
Daniel Hudson,LAD,p,31,"6' 3""",215,R,R,2009,,-0.0217237908070794,0.0,0.0,0,0.0,-100.0,0.0,0.0,0.0,0.0,0.5,73.0,-21.0,2018,543339
Daniel Hudson,- - -,p,32,"6' 3""",215,R,R,2009,,0.0,0.0,0.0,0,0.0,,0.0,0.0,0.0,0.0,0.0,,,2019,543339
Daniel Hudson,WSN,p,33,"6' 3""",215,R,R,2009,,0.0,,,0,,,0.0,0.0,0.0,0.0,0.0,,,2020,543339
Daniel Hudson,- - -,p,34,"6' 3""",215,R,R,2009,,0.0,0.0,0.0,0,0.0,,0.0,0.0,0.0,0.0,0.0,,,2021,543339
Daniel Hudson,LAD,p,35,"6' 3""",215,R,R,2009,,0.0,,,0,,,0.0,0.0,0.0,0.0,0.0,,,2022,543339
Daniel Mengden,OAK,P,25,"6' 1""",215,R,R,2016,,0.0427913877339551,0.333,0.666,0,1.0,87.1473825208984,0.293176909287771,0.5,0.0,0.0,0.333333333,76.7,-21.0,2018,596043
Daniel Mengden,OAK,P,26,"6' 1""",215,R,R,2016,,-0.0223023408560214,0.0,0.0,0,0.0,-100.0,0.0,0.0,0.0,0.0,1.0,,,2019,596043
Daniel Mengden,OAK,P,27,"6' 1""",215,R,R,2016,,0.0,,,0,,,0.0,0.0,0.0,0.0,0.0,,,2020,596043
Daniel Mengden,KCR,P,29,"6' 1""",215,R,R,2016,,0.0,,,0,,,0.0,0.0,0.0,0.0,0.0,,,2022,596043
Daniel Murphy,- - -,1b,33,"6' 1""",223,L,R,2008,,0.565264279363436,0.299,0.79,12,42.0,110.664564611564,0.337929167002866,0.308243727,0.155487805,0.056980056,0.113960113,87.6,16.0,2018,502517
Daniel Murphy,COL,1b,34,"6' 1""",223,L,R,2008,,-0.671824380655785,0.279,0.78,13,78.0,87.6779068122598,0.327673944548557,0.307042253,0.173515982,0.066945606,0.154811715,86.3,15.0,2019,502517
Daniel Murphy,COL,1b,35,"6' 1""",223,L,R,2008,,-0.941983930169313,0.236,0.608,3,16.0,44.0463925526914,0.259254352990971,0.26,0.097560976,0.053030303,0.159090909,85.2,16.0,2020,502517
Daniel Norris,DET,p,25,"6' 2""",207,L,L,2014,,-0.0219987574651507,0.0,0.0,0,0.0,-100.0,0.0,0.0,0.0,0.0,0.5,95.2,-37.0,2018,596057
Daniel Norris,DET,p,26,"6' 2""",207,L,L,2014,,-0.0120791762554984,0.167,0.334,0,0.0,-20.3386542301801,0.144934544960658,0.333333333,0.0,0.0,0.5,87.0,2.0,2019,596057
Daniel Norris,DET,p,27,"6' 2""",207,L,L,2014,,0.0,,,0,,,0.0,0.0,0.0,0.0,0.0,,,2020,596057
Daniel Norris,- - -,p,28,"6' 2""",207,L,L,2014,,-0.0224453516760516,0.0,0.0,0,0.0,-100.0,0.0,0.0,0.0,0.0,0.0,75.2,-15.0,2021,596057
Daniel Norris,- - -,p,29,"6' 2""",207,L,L,2014,,0.0,0.0,0.0,0,0.0,,0.0,0.0,0.0,0.0,0.0,,,2022,596057
Daniel Vogelbach,SEA,1B,25,"6' 0""",270,L,R,2016,,0.105191087578883,0.207,0.692,4,13.0,97.8434350672956,0.309573205662709,0.245614035,0.16091954,0.12745098,0.25490196,92.4,10.0,2018,596129
Daniel Vogelbach,SEA,1B,26,"6' 0""",270,L,R,2016,,1.03307039103379,0.208,0.78,30,76.0,111.515371128638,0.332814869799202,0.231578947,0.231601732,0.164874551,0.267025089,88.6,17.0,2019,596129
Daniel Vogelbach,- - -,1B,27,"6' 0""",270,L,R,2016,,0.1331549653794,0.209,0.722,6,16.0,98.8687428536404,0.317279710593047,0.236842105,0.182608695,0.147058823,0.242647058,89.5,10.0,2020,596129
Daniel Vogelbach,MIL,1B,28,"6' 0""",270,L,R,2016,,-0.0513300107271546,0.219,0.73,9,24.0,101.6731018133,0.324574297504202,0.255033557,0.162790697,0.166666666,0.220930232,91.4,12.0,2021,596129
Daniel Vogelbach,- - -,1B,29,"6' 0""",270,L,R,2016,,1.35159514502406,0.238,0.793,18,59.0,125.756055204654,0.349050995181589,0.290196078,0.194300519,0.158351409,0.247288503,89.4,16.0,2022,596129
Danny Coulombe,OAK,P,28,"5' 10""",190,L,L,2014,,0.0,0.0,0.0,0,0.0,,0.0,0.0,0.0,0.0,0.0,,,2018,543056
Danny Coulombe,MIN,P,30,"5' 10""",190,L,L,2014,,0.0,,,0,,,0.0,0.0,0.0,0.0,0.0,,,2020,543056
Danny Coulombe,MIN,P,31,"5' 10""",190,L,L,2014,,-0.0105045677128485,0.0,0.0,0,0.0,-100.0,0.0,0.0,0.0,0.0,1.0,,,2021,543056
Danny Coulombe,MIN,P,32,"5' 10""",190,L,L,2014,,0.0,,,0,,,0.0,0.0,0.0,0.0,0.0,,,2022,543056
Danny Duffy,KCR,p,29,"6' 3""",205,L,L,2011,,-0.022076442645391,0.0,0.0,0,0.0,-100.0,0.0,0.0,0.0,0.0,1.0,,,2018,518633
Danny Duffy,KCR,p,30,"6' 3""",205,L,L,2011,,0.0250052791755849,0.25,0.5,0,0.0,26.9405333382541,0.217401817440987,0.5,0.0,0.0,0.5,76.9,-46.0,2019,518633
Danny Duffy,KCR,p,31,"6' 3""",205,L,L,2011,,0.0,,,0,,,0.0,0.0,0.0,0.0,0.0,,,2020,518633
Danny Duffy,KCR,p,32,"6' 3""",205,L,L,2011,,0.0,,,0,,,0.0,0.0,0.0,0.0,0.0,,,2021,518633
Danny Farquhar,CHW,P,31,"5' 9""",185,R,R,2011,,0.0,,,0,,,0.0,0.0,0.0,0.0,0.0,,,2018,543144
Danny Jansen,TOR,c,23,"6' 2""",240,R,R,2018,7250000.0,0.692657271461604,0.247,0.779,3,8.0,114.539385627222,0.34039409160614,0.274193548,0.185185185,0.094736842,0.178947368,85.1,21.0,2018,643376
Danny Jansen,TOR,c,24,"6' 2""",240,R,R,2018,7250000.0,1.81107343123045,0.207,0.639,13,43.0,68.7336184655912,0.274687403783748,0.23046875,0.152737752,0.080729166,0.205729166,88.9,16.0,2019,643376
Danny Jansen,TOR,c,25,"6' 2""",240,R,R,2018,7250000.0,0.3679055899151,0.183,0.671,6,20.0,84.2899439119027,0.299956767923302,0.19047619,0.175,0.142857142,0.210884353,85.1,16.0,2020,643376
Danny Jansen,TOR,c,26,"6' 2""",240,R,R,2018,7250000.0,1.467205353205,0.223,0.772,11,28.0,104.737172206238,0.328833474248063,0.232558139,0.25,0.082926829,0.214634146,90.0,21.0,2021,643376
Danny Jansen,TOR,c,27,"6' 2""",240,R,R,2018,7250000.0,2.6611608360063,0.26,0.855,15,44.0,140.647713369536,0.363500647940616,0.254658385,0.255813953,0.100806451,0.177419354,90.4,22.0,2022,643376
Danny Mendick,CHW,SS,25,"5' 10""",195,R,R,2019,,0.105533333930613,0.308,0.787,2,4.0,106.939615099945,0.331635984778404,0.384615384,0.153846154,0.025,0.275,86.4,13.0,2019,664901
Danny Mendick,CHW,SS,26,"5' 10""",195,R,R,2019,,0.216164906428248,0.243,0.664,3,6.0,77.6902748742557,0.285317692840309,0.2875,0.140186916,0.052631578,0.219298245,86.2,7.0,2020,664901
Danny Mendick,CHW,SS,27,"5' 10""",195,R,R,2019,,-0.301178930833953,0.22,0.59,2,20.0,66.6620306049042,0.268154794783206,0.280991735,0.06707317,0.096774193,0.225806451,84.1,14.0,2021,664901
Danny Mendick,CHW,SS,28,"5' 10""",195,R,R,2019,,0.751313151982389,0.289,0.786,3,15.0,124.775124109306,0.343635139578865,0.352112676,0.154639176,0.066037735,0.216981132,86.8,10.0,2022,664901
Danny Salazar,CLE,P,29,"6' 0""",195,R,R,2013,,0.0,,,0,,,0.0,0.0,0.0,0.0,0.0,,,2019,517593
Danny Santana,ATL,cf,27,"5' 11""",195,S,R,2014,,0.086019762948914,0.179,0.567,0,2.0,56.5347665526424,0.259051555767655,0.294117647,0.107142857,0.09375,0.34375,91.0,9.0,2018,542454
Danny Santana,TEX,cf,28,"5' 11""",195,S,R,2014,,2.50100106702554,0.283,0.858,28,81.0,110.849323958102,0.351606709867951,0.353333333,0.251054853,0.048923679,0.295499021,91.4,13.0,2019,542454
Danny Santana,TEX,cf,29,"5' 11""",195,S,R,2014,,-0.109017273542268,0.145,0.511,1,7.0,39.9197506233529,0.229694977639213,0.225806451,0.127272727,0.111111111,0.38095238,90.9,15.0,2020,542454
Danny Santana,BOS,cf,30,"5' 11""",195,S,R,2014,,-0.180653324414081,0.181,0.597,5,14.0,56.8064444339839,0.261028990032166,0.197530864,0.163793104,0.078740157,0.236220472,87.6,17.0,2021,542454
Danny Valencia,BAL,1b,33,"6' 2""",210,R,R,2010,,-0.0721400106986098,0.263,0.724,9,28.0,94.2780181310754,0.309719633843218,0.292929292,0.145098039,0.078014184,0.187943262,90.7,9.0,2018,502143
Dansby Swanson,ATL,ss,24,"6' 0""",190,R,R,2016,25285714.0,1.65368645454976,0.238,0.699,14,59.0,78.9489980285689,0.29259734111838,0.289855072,0.156903766,0.082551594,0.228893058,88.0,14.0,2018,621020
Dansby Swanson,ATL,ss,25,"6' 0""",190,R,R,2016,25285714.0,1.91150883482553,0.251,0.747,17,65.0,91.4876953309102,0.317035949318171,0.299711815,0.17184265,0.093577981,0.227522935,89.9,14.0,2019,621020
Dansby Swanson,ATL,ss,26,"6' 0""",190,R,R,2016,25285714.0,2.0560491611065,0.274,0.809,10,35.0,115.291822933889,0.348300634911566,0.350318471,0.189873418,0.083333333,0.268939393,89.1,15.0,2020,621020
Dansby Swanson,ATL,ss,27,"6' 0""",190,R,R,2016,25285714.0,3.29838818630639,0.248,0.76,27,88.0,99.138535011044,0.322436726111689,0.296758104,0.200680272,0.079632465,0.255742725,89.3,14.0,2021,621020
Dansby Swanson,ATL,ss,28,"6' 0""",190,R,R,2016,25285714.0,6.64053367692986,0.277,0.776,25,96.0,116.771149894453,0.337436751987057,0.347826086,0.1703125,0.070402298,0.261494252,90.2,16.0,2022,621020
Darin Ruf,SFG,1b,33,"6' 2""",232,R,R,2012,,0.492604098439883,0.276,0.887,5,18.0,139.566871732273,0.378815871477127,0.322033898,0.241379311,0.13,0.23,89.4,12.0,2020,573131
Darin Ruf,SFG,1b,34,"6' 2""",232,R,R,2012,,2.92534478058027,0.271,0.904,16,43.0,144.361442908887,0.384339348539229,0.34375,0.248091603,0.147435897,0.278846153,93.0,10.0,2021,573131
Darin Ruf,- - -,1b,35,"6' 2""",232,R,R,2012,,-0.675409455139649,0.204,0.645,11,45.0,88.6882676228767,0.291282940156681,0.257918552,0.134730539,0.115979381,0.270618556,89.2,15.0,2022,573131
Darren O'Day,BAL,p,35,"6' 4""",220,R,R,2008,,0.0,0.0,0.0,0,0.0,,0.0,0.0,0.0,0.0,0.0,,,2018,503285
Darren O'Day,ATL,p,36,"6' 4""",220,R,R,2008,,0.0,0.0,0.0,0,0.0,,0.0,0.0,0.0,0.0,0.0,,,2019,503285
Darren O'Day,ATL,p,37,"6' 4""",220,R,R,2008,,0.0,,,0,,,0.0,0.0,0.0,0.0,0.0,,,2020,503285
Darren O'Day,NYY,p,38,"6' 4""",220,R,R,2008,,0.0,,,0,,,0.0,0.0,0.0,0.0,0.0,,,2021,503285
Darren O'Day,ATL,p,39,"6' 4""",220,R,R,2008,,0.0,,,0,,,0.0,0.0,0.0,0.0,0.0,,,2022,503285
Daulton Varsho,ARI,CF,23,"5' 8""",207,L,R,2020,,0.0924519820209457,0.188,0.653,3,9.0,75.6059071574039,0.28721270457558,0.246153846,0.178217822,0.104347826,0.286956521,86.2,18.0,2020,662139
Daulton Varsho,ARI,CF,24,"5' 8""",207,L,R,2020,,1.77887975814911,0.246,0.755,11,38.0,100.026419300915,0.322039268024481,0.286407766,0.190140845,0.095238095,0.212698412,87.7,18.0,2021,662139
Daulton Varsho,ARI,CF,25,"5' 8""",207,L,R,2020,,4.29763670004654,0.235,0.745,27,74.0,106.311188255678,0.322789476460229,0.269230769,0.207156309,0.077702702,0.244932432,87.7,15.0,2022,662139
David Bednar,SDP,P,24,"6' 1""",250,L,R,2019,,0.0,0.0,0.0,0,0.0,,0.0,0.0,0.0,0.0,0.0,,,2019,670280
David Bednar,SDP,P,25,"6' 1""",250,L,R,2019,,0.0,,,0,,,0.0,0.0,0.0,0.0,0.0,,,2020,670280
David Bednar,PIT,P,26,"6' 1""",250,L,R,2019,,-0.0113667349422349,0.0,0.0,0,0.0,-100.0,0.0,0.0,0.0,0.0,1.0,,,2021,670280
David Bednar,PIT,P,27,"6' 1""",250,L,R,2019,,0.0,0.0,0.0,0,0.0,,0.0,0.0,0.0,0.0,0.0,,,2022,670280
David Bote,CHC,3B,25,"5' 11""",205,R,R,2018,,0.798957422139552,0.239,0.727,6,33.0,96.1228482589356,0.313906679027959,0.314049586,0.168478261,0.09047619,0.285714285,93.3,4.0,2018,623520
David Bote,CHC,3B,26,"5' 11""",205,R,R,2018,,1.69279793290035,0.257,0.784,11,41.0,104.831354420663,0.335638759996403,0.333333333,0.165016502,0.123595505,0.261235955,89.7,8.0,2019,623520
David Bote,CHC,3B,27,"5' 11""",205,R,R,2018,,0.157812675439557,0.2,0.711,7,29.0,92.1859520762833,0.309091686380321,0.227848101,0.208,0.117241379,0.275862068,92.4,9.0,2020,623520
David Bote,CHC,3B,28,"5' 11""",205,R,R,2018,,-0.32713637103384,0.199,0.606,8,35.0,65.9104304126337,0.267775099884513,0.234741784,0.130584193,0.082568807,0.22324159,89.9,10.0,2021,623520
David Bote,CHC,3B,29,"5' 11""",205,R,R,2018,,0.517095415303003,0.259,0.746,4,12.0,112.176205405529,0.325216150659276,0.382352941,0.172413793,0.047244094,0.354330708,92.4,8.0,2022,623520
David Carpenter,TEX,P,33,"6' 3""",230,R,R,2011,,0.0,,,0,,,0.0,0.0,0.0,0.0,0.0,,,2019,502304
David Dahl,COL,LF,24,"6' 1""",197,L,R,2016,,0.831119514405127,0.273,0.859,16,48.0,110.576645838171,0.357428087947074,0.311377245,0.261044177,0.070110701,0.250922509,88.7,14.0,2018,621311
David Dahl,COL,LF,25,"6' 1""",197,L,R,2016,,1.69033736250446,0.302,0.877,15,61.0,111.366585674666,0.363830409635883,0.385826771,0.221925134,0.06779661,0.266343825,88.7,11.0,2019,621311
David Dahl,COL,LF,26,"6' 1""",197,L,R,2016,,-0.97618684883978,0.183,0.469,0,9.0,10.1810972607757,0.207969389780603,0.257575757,0.064516129,0.04040404,0.282828282,85.9,17.0,2020,621311
David Dahl,TEX,LF,27,"6' 1""",197,L,R,2016,,-0.903666217890814,0.21,0.569,4,18.0,52.594770757869696,0.246286909602004,0.268965517,0.112195122,0.045454545,0.268181818,88.1,12.0,2021,621311
David Fletcher,LAA,2B,24,"5' 9""",185,R,R,2018,,1.49887521312622,0.275,0.679,1,25.0,86.2260399571226,0.296957189315244,0.306772908,0.088028169,0.048859934,0.110749185,84.0,13.0,2018,664058
David Fletcher,LAA,2B,25,"5' 9""",185,R,R,2018,,2.94517343416712,0.29,0.734,6,49.0,96.2550800708523,0.317687045702567,0.316888045,0.093959731,0.084226646,0.098009188,83.8,10.0,2019,664058
David Fletcher,LAA,2B,26,"5' 9""",185,R,R,2018,,1.35590373473643,0.319,0.801,3,18.0,120.675070692119,0.349935369200061,0.348066298,0.106280193,0.086956521,0.108695652,84.7,4.0,2020,664058
David Fletcher,LAA,2B,27,"5' 9""",185,R,R,2018,,0.84521359527745,0.262,0.621,2,47.0,69.1624200168828,0.273176535556382,0.286725663,0.06230032,0.046616541,0.090225563,82.3,8.0,2021,664058
David Fletcher,LAA,2B,28,"5' 9""",185,R,R,2018,,0.761151645202563,0.255,0.621,2,17.0,74.8673752865457,0.274717112294341,0.267676767,0.078703704,0.030701754,0.070175438,82.1,15.0,2022,664058
David Freese,- - -,3b,35,"6' 2""",213,R,R,2009,,1.55270517718924,0.296,0.83,11,51.0,125.414742134403,0.356706554291716,0.36,0.175,0.076923076,0.23076923,90.3,7.0,2018,501896
David Freese,LAD,3b,36,"6' 2""",213,R,R,2009,,1.66416863197097,0.315,1.002,11,29.0,160.800567609574,0.415198480570188,0.373831775,0.283950618,0.123655913,0.236559139,91.5,11.0,2019,501896
David Hale,- - -,P,30,"6' 2""",210,R,R,2013,,0.0,,,0,,,0.0,0.0,0.0,0.0,0.0,,,2018,571735
David Hale,NYY,P,31,"6' 2""",210,R,R,2013,,0.0,,,0,,,0.0,0.0,0.0,0.0,0.0,,,2019,571735
David Hale,- - -,P,32,"6' 2""",210,R,R,2013,,0.0,,,0,,,0.0,0.0,0.0,0.0,0.0,,,2020,571735
David Hale,PHI,P,33,"6' 2""",210,R,R,2013,,0.0,0.0,0.0,0,0.0,,0.0,0.0,0.0,0.0,0.0,,,2021,571735
David Hernandez,CIN,p,33,"6' 3""",245,R,R,2009,2500000.0,-0.01169441302075,0.0,0.0,0,0.0,-100.0,0.0,0.0,0.0,0.0,0.0,87.5,18.0,2018,456696
David Hernandez,CIN,p,34,"6' 3""",245,R,R,2009,2500000.0,0.0,0.0,0.0,0,0.0,,0.0,0.0,0.0,0.0,0.0,,,2019,456696
David Peralta,ARI,If,30,"6' 1""",210,L,L,2014,,3.77856778986052,0.293,0.868,30,87.0,130.472254942045,0.368342863340847,0.328431372,0.223214286,0.078175895,0.201954397,91.5,7.0,2018,444482
David Peralta,ARI,If,31,"6' 1""",210,L,L,2014,,1.58632545403422,0.275,0.804,12,57.0,106.001528445478,0.337800686416172,0.327464788,0.185863875,0.082742316,0.205673758,90.1,6.0,2019,444482
David Peralta,ARI,If,32,"6' 1""",210,L,L,2014,,0.850448674957933,0.3,0.772,5,34.0,105.958855263972,0.333178635584105,0.361290322,0.133004926,0.059633027,0.206422018,89.2,6.0,2020,444482
David Peralta,ARI,If,33,"6' 1""",210,L,L,2014,,1.51464708154882,0.259,0.727,8,63.0,94.9101875180269,0.314167116846994,0.303341902,0.143737166,0.085501858,0.171003717,89.3,5.0,2021,444482
David Peralta,- - -,If,34,"6' 1""",210,L,L,2014,,1.72632740662451,0.251,0.731,12,59.0,103.598686733444,0.314718113977885,0.307210031,0.164009111,0.083673469,0.232653061,90.3,15.0,2022,444482
David Peterson,NYM,P,24,"6' 6""",240,L,L,2020,,0.0,,,0,,,0.0,0.0,0.0,0.0,0.0,,,2020,656849
David Peterson,NYM,P,25,"6' 6""",240,L,L,2020,,-0.0130499207207056,0.063,0.243,0,0.0,-29.578188384594,0.115504647002501,0.166666666,0.0625,0.0,0.5,80.5,-25.0,2021,656849
David Peterson,NYM,P,26,"6' 6""",240,L,L,2020,,0.0,,,0,,,0.0,0.0,0.0,0.0,0.0,,,2022,656849
David Phelps,- - -,p,32,"6' 2""",200,R,R,2012,,0.0,0.0,0.0,0,0.0,,0.0,0.0,0.0,0.0,0.0,,,2019,475479
David Phelps,- - -,p,33,"6' 2""",200,R,R,2012,,0.0,0.0,0.0,0,0.0,,0.0,0.0,0.0,0.0,0.0,,,2020,475479
David Phelps,TOR,p,34,"6' 2""",200,R,R,2012,,0.0,0.0,0.0,0,0.0,,0.0,0.0,0.0,0.0,0.0,,,2021,475479
David Phelps,TOR,p,35,"6' 2""",200,R,R,2012,,0.0,,,0,,,0.0,0.0,0.0,0.0,0.0,,,2022,475479
David Price,BOS,p,32,"6' 5""",215,L,L,2008,,0.0,,,0,,,0.0,0.0,0.0,0.0,0.0,,,2018,456034
David Price,BOS,p,33,"6' 5""",215,L,L,2008,,0.0484396835500609,0.5,1.0,0,1.0,171.470476872798,0.434803634881973,1.0,0.0,0.0,0.5,89.1,-10.0,2019,456034
David Price,LAD,p,35,"6' 5""",215,L,L,2008,,0.164782678600592,0.267,0.583,0,2.0,50.8030012891257,0.242425780743361,0.307692307,0.066666667,0.0,0.166666666,84.4,-19.0,2021,456034
David Price,LAD,p,36,"6' 5""",215,L,L,2008,,0.0,0.0,0.0,0,0.0,,0.0,0.0,0.0,0.0,0.0,,,2022,456034
David Robertson,NYY,p,33,"5' 11""",195,R,R,2008,,0.0,0.0,0.0,0,0.0,,0.0,0.0,0.0,0.0,0.0,,,2018,502085
David Robertson,PHI,p,34,"5' 11""",195,R,R,2008,,0.0,0.0,0.0,0,0.0,,0.0,0.0,0.0,0.0,0.0,,,2019,502085
David Robertson,TBR,p,36,"5' 11""",195,R,R,2008,,0.0,,,0,,,0.0,0.0,0.0,0.0,0.0,,,2021,502085
David Robertson,- - -,p,37,"5' 11""",195,R,R,2008,,-0.008829838656972,0.0,0.0,0,0.0,-100.0,0.0,0.0,0.0,0.0,1.0,,,2022,502085
David Wright,NYM,3B,35,"6' 0""",205,R,R,2004,,-0.0082437100223501,0.0,0.333,0,0.0,44.1878496854301,0.229843199253082,0.0,0.0,0.333333333,0.0,85.5,24.0,2018,431151
Dean Kremer,BAL,P,24,"6' 2""",210,R,R,2020,,0.0,,,0,,,0.0,0.0,0.0,0.0,0.0,,,2020,665152
Dean Kremer,BAL,P,25,"6' 2""",210,R,R,2020,,0.0,,,0,,,0.0,0.0,0.0,0.0,0.0,,,2021,665152
Dean Kremer,BAL,P,26,"6' 2""",210,R,R,2020,,0.0,,,0,,,0.0,0.0,0.0,0.0,0.0,,,2022,665152
Dee Strange-Gordon,SEA,2B,30,"5' 11""",166,L,R,2011,,0.314683982648076,0.268,0.637,4,36.0,75.3807605724564,0.276656254276711,0.303983228,0.080935252,0.015306122,0.136054421,83.2,6.0,2018,543829
Dee Strange-Gordon,SEA,2B,31,"5' 11""",166,L,R,2011,,0.73049145920014,0.275,0.663,3,34.0,77.3242571444064,0.28226073411443,0.313432835,0.083969465,0.042755344,0.144893111,84.1,6.0,2019,543829
Dee Strange-Gordon,SEA,2B,32,"5' 11""",166,L,R,2011,,-0.461018714179384,0.2,0.481,0,3.0,42.5477205205095,0.226151283194379,0.241935483,0.013333333,0.060975609,0.158536585,79.2,14.0,2020,543829
Dee Strange-Gordon,WSN,2B,34,"5' 11""",166,L,R,2011,,-0.306618080569413,0.305,0.661,0,2.0,84.6777792239561,0.288210689011267,0.352941176,0.050847458,0.0,0.13559322,84.4,1.0,2022,543829
Delino DeShields,TEX,2b,25,"5' 7""",190,R,R,2015,1250000.0,0.617874719602053,0.216,0.591,2,22.0,59.0328997917115,0.2710924861938,0.28,0.065868263,0.109414758,0.211195928,84.3,8.0,2018,592261
Delino DeShields,TEX,2b,26,"5' 7""",190,R,R,2015,1250000.0,0.760663852035992,0.249,0.672,4,32.0,72.4075945734833,0.294767719358206,0.333333333,0.098039216,0.093137254,0.245098039,86.3,13.0,2019,592261
Delino DeShields,CLE,2b,27,"5' 7""",190,R,R,2015,1250000.0,0.0600317922642864,0.252,0.628,0,7.0,74.7848515537307,0.280477739613632,0.346153846,0.065420561,0.075,0.241666666,84.0,6.0,2020,592261
Delino DeShields,CIN,2b,28,"5' 7""",190,R,R,2015,1250000.0,0.2219394457572,0.255,0.801,1,6.0,114.806225409126,0.352045216730663,0.314285714,0.170212766,0.155172413,0.189655172,88.2,13.0,2021,592261
Dellin Betances,NYY,p,30,"6' 8""",265,R,R,2011,1.0,-0.0343081900754749,0.0,0.0,0,0.0,-100.0,0.0,0.0,0.0,0.0,1.0,,,2018,476454
Dellin Betances,NYY,p,31,"6' 8""",265,R,R,2011,1.0,0.0,,,0,,,0.0,0.0,0.0,0.0,0.0,,,2019,476454
Dellin Betances,NYM,p,32,"6' 8""",265,R,R,2011,1.0,0.0,,,0,,,0.0,0.0,0.0,0.0,0.0,,,2020,476454
Dellin Betances,NYM,p,33,"6' 8""",265,R,R,2011,1.0,0.0,0.0,0.0,0,0.0,,0.0,0.0,0.0,0.0,0.0,,,2021,476454
Denard Span,- - -,cf,34,"6' 0""",210,L,L,2008,,1.85344308831797,0.261,0.76,11,58.0,111.954634952299,0.330138134266326,0.290960451,0.157894737,0.101796407,0.15768463,87.0,13.0,2018,452655
Dennis Santana,LAD,P,22,"6' 2""",202,R,R,2018,,0.0830178026106821,0.5,1.5,0,2.0,306.462195532838,0.623637437820435,1.0,0.5,0.0,0.5,93.2,24.0,2018,642701
Dennis Santana,LAD,P,23,"6' 2""",202,R,R,2018,,0.048463686252542,0.5,1.0,0,0.0,173.645302387105,0.434803634881973,0.5,0.0,0.0,0.0,90.3,7.0,2019,642701
Dennis Santana,LAD,P,24,"6' 2""",202,R,R,2018,,0.0,,,0,,,0.0,0.0,0.0,0.0,0.0,,,2020,642701
Dennis Santana,- - -,P,25,"6' 2""",202,R,R,2018,,-0.0218020980632224,0.0,0.0,0,0.0,-100.0,0.0,0.0,0.0,0.0,1.0,,,2021,642701
Dennis Santana,TEX,P,26,"6' 2""",202,R,R,2018,,0.0,,,0,,,0.0,0.0,0.0,0.0,0.0,,,2022,642701
Deolis Guerra,MIL,P,30,"6' 5""",245,R,R,2015,,0.0,0.0,0.0,0,0.0,,0.0,0.0,0.0,0.0,0.0,,,2019,500610
Deolis Guerra,PHI,P,31,"6' 5""",245,R,R,2015,,0.0,,,0,,,0.0,0.0,0.0,0.0,0.0,,,2020,500610
Deolis Guerra,OAK,P,32,"6' 5""",245,R,R,2015,,0.0,0.0,0.0,0,0.0,,0.0,0.0,0.0,0.0,0.0,,,2021,500610
Derek Dietrich,MIA,If,28,"6' 2""",205,L,R,2013,,0.43349894504554,0.265,0.751,16,45.0,108.808132337512,0.326445478667761,0.336231884,0.156312625,0.052631578,0.254083484,87.4,16.0,2018,518618
Derek Dietrich,CIN,If,29,"6' 2""",205,L,R,2013,,0.632473109060547,0.187,0.79,19,43.0,99.9282646967912,0.334071011236399,0.176100628,0.274900398,0.091503267,0.241830065,87.2,21.0,2019,518618
Derek Dietrich,TEX,If,30,"6' 2""",205,L,R,2013,,0.16116950419262,0.197,0.806,5,8.0,123.320483203717,0.3514715162913,0.2,0.262295082,0.12,0.28,85.4,13.0,2020,518618
Derek Hill,DET,CF,24,"6' 0""",206,R,R,2020,,-0.142232233597485,0.091,0.258,0,0.0,-25.6474846236279,0.131778091192245,0.2,0.0,0.083333333,0.5,96.6,9.0,2020,656537
Derek Hill,DET,CF,25,"6' 0""",206,R,R,2020,,0.731458220009902,0.259,0.701,3,14.0,92.5759389253097,0.305480150381724,0.351063829,0.129496403,0.066666666,0.28,86.9,9.0,2021,656537
Derek Hill,DET,CF,26,"6' 0""",206,R,R,2020,,0.130405944761861,0.229,0.559,1,3.0,59.8093651114948,0.249216721298989,0.327272727,0.060240964,0.054347826,0.304347826,85.2,7.0,2022,656537
Derek Holland,SFG,p,31,"6' 2""",223,S,L,2009,1.0,-0.305905890647636,0.057,0.149,0,0.0,-65.6923508769381,0.0684419616504952,0.15,0.018867925,0.017857142,0.589285714,86.0,1.0,2018,502706
Derek Holland,- - -,p,32,"6' 2""",223,S,L,2009,1.0,-0.0572111674641851,0.071,0.204,0,0.0,-44.7756052957565,0.103993451595306,0.25,0.0,0.0625,0.625,82.5,4.0,2019,502706
Derek Holland,PIT,p,33,"6' 2""",223,S,L,2009,1.0,0.0,,,0,,,0.0,0.0,0.0,0.0,0.0,,,2020,502706
Derek Holland,DET,p,34,"6' 2""",223,S,L,2009,1.0,0.0,0.0,0.0,0,0.0,,0.0,0.0,0.0,0.0,0.0,,,2021,502706
Derek Law,SFG,p,27,"6' 3""",225,R,R,2016,,0.0609009266169507,1.0,2.0,0,0.0,476.25147793328097,0.879530727863312,1.0,0.0,0.0,0.0,96.2,4.0,2018,571882
Derek Law,TOR,p,28,"6' 3""",225,R,R,2016,,0.0,0.0,0.0,0,0.0,,0.0,0.0,0.0,0.0,0.0,,,2019,571882
Derek Law,MIN,p,30,"6' 3""",225,R,R,2016,,0.0,,,0,,,0.0,0.0,0.0,0.0,0.0,,,2021,571882
Derek Law,- - -,p,31,"6' 3""",225,R,R,2016,,0.0,,,0,,,0.0,0.0,0.0,0.0,0.0,,,2022,571882
Deven Marrero,ARI,3B,27,"6' 0""",190,R,R,2015,,-0.35524293569126,0.167,0.429,0,7.0,15.1416185644278,0.195735706301296,0.232142857,0.038461539,0.070588235,0.270588235,87.1,6.0,2018,571918
Deven Marrero,MIA,3B,28,"6' 0""",190,R,R,2015,,-0.10501821384111,0.0,0.0,0,0.0,-100.0,0.0,0.0,0.0,0.0,0.6,92.7,5.0,2019,571918
Deven Marrero,MIA,3B,30,"6' 0""",190,R,R,2015,,0.186208946088253,0.188,0.691,1,1.0,90.2678616750458,0.307356784218236,0.222222222,0.1875,0.157894736,0.315789473,78.5,26.0,2021,571918
Deven Marrero,NYM,3B,31,"6' 0""",190,R,R,2015,,-0.0839930900428935,0.0,0.0,0,0.0,-100.0,0.0,0.0,0.0,0.0,0.5,70.2,-7.0,2022,571918
Devin Mesoraco,- - -,c,30,"6' 1""",229,R,R,2011,,-0.173066725755372,0.221,0.701,11,33.0,91.315680739779,0.302165043529989,0.236263736,0.176229508,0.091240875,0.189781021,86.6,21.0,2018,519023
Devin Williams,MIL,p,24,"6' 2""",193,R,R,2019,17000000.0,-0.0125352683322701,0.0,0.0,0,0.0,-100.0,0.0,0.0,0.0,0.0,1.0,,,2019,642207
Devin Williams,MIL,p,25,"6' 2""",193,R,R,2019,17000000.0,0.0,,,0,,,0.0,0.0,0.0,0.0,0.0,,,2020,642207
Devin Williams,MIL,p,26,"6' 2""",193,R,R,2019,17000000.0,0.0,0.0,0.0,0,0.0,,0.0,0.0,0.0,0.0,0.0,,,2021,642207
Devin Williams,MIL,p,27,"6' 2""",193,R,R,2019,17000000.0,0.0,,,0,,,0.0,0.0,0.0,0.0,0.0,,,2022,642207
Dexter Fowler,STL,rf,32,"6' 5""",205,S,R,2008,1.0,-1.54900683769814,0.18,0.576,8,31.0,62.8069515006844,0.260437337581269,0.209523809,0.117647059,0.113772455,0.224550898,85.3,13.0,2018,451594
Dexter Fowler,STL,rf,33,"6' 5""",205,S,R,2008,1.0,0.542815372578632,0.238,0.755,19,67.0,103.480360805819,0.325764146092888,0.293939393,0.170431211,0.12891986,0.247386759,85.3,13.0,2019,451594
Dexter Fowler,STL,rf,34,"6' 5""",205,S,R,2008,1.0,0.160492837054746,0.233,0.706,4,15.0,96.1263175214836,0.310367528754886,0.293103448,0.155555555,0.0990099,0.277227722,84.5,11.0,2020,451594
Dexter Fowler,LAA,rf,35,"6' 5""",205,S,R,2008,1.0,-0.105554268375727,0.25,0.536,0,1.0,48.2547824757849,0.242237769422077,0.357142857,0.0,0.047619047,0.285714285,86.7,24.0,2021,451594
Didi Gregorius,NYY,ss,28,"6' 3""",205,L,R,2012,14000000.0,3.2587554144664,0.268,0.829,27,86.0,121.926177115897,0.350165359847314,0.258992805,0.226190477,0.084358523,0.121265377,87.0,16.0,2018,544369
Didi Gregorius,NYY,ss,29,"6' 3""",205,L,R,2012,14000000.0,-0.461925756109981,0.238,0.717,16,61.0,83.7269829794822,0.297434875290873,0.237354085,0.203703704,0.049418604,0.154069767,87.8,18.0,2019,544369
Didi Gregorius,PHI,ss,30,"6' 3""",205,L,R,2012,14000000.0,0.684112817690783,0.284,0.827,10,40.0,115.86760240814,0.347667209580221,0.284916201,0.204651163,0.063291139,0.118143459,83.8,18.0,2020,544369
Didi Gregorius,PHI,ss,31,"6' 3""",205,L,R,2012,14000000.0,-0.989650184186885,0.209,0.64,13,54.0,69.1241440201813,0.274939177077291,0.216949152,0.160326087,0.061274509,0.164215686,86.1,18.0,2021,544369
Didi Gregorius,PHI,ss,32,"6' 3""",205,L,R,2012,14000000.0,-0.433361231294564,0.21,0.567,1,19.0,58.6060633429064,0.251484231959129,0.245810055,0.093457944,0.056034482,0.155172413,84.5,16.0,2022,544369
Diego Castillo,TBR,P,24,"6' 3""",268,R,R,2018,,-0.010305103001857,0.0,0.0,0,0.0,-100.0,0.0,0.0,0.0,0.0,1.0,,,2018,650895
Diego Castillo,TBR,P,25,"6' 3""",268,R,R,2018,,-0.0109708840539473,0.0,0.0,0,0.0,-100.0,0.0,0.0,0.0,0.0,1.0,,,2019,650895
Diego Castillo,TBR,P,26,"6' 3""",268,R,R,2018,,0.0,,,0,,,0.0,0.0,0.0,0.0,0.0,,,2020,650895
Diego Castillo,- - -,P,27,"6' 3""",268,R,R,2018,,0.0,0.0,0.0,0,0.0,,0.0,0.0,0.0,0.0,0.0,,,2021,650895
Diego Castillo,SEA,P,28,"6' 3""",268,R,R,2018,,0.0,0.0,0.0,0,0.0,,0.0,0.0,0.0,0.0,0.0,,,2022,650895
Dillon Peters,MIA,P,25,"5' 11""",195,L,L,2017,,0.0482476985242907,0.143,0.393,0,0.0,21.7371538131975,0.19613254070282,0.2,0.0,0.111111111,0.222222222,70.9,-10.0,2018,596071
Dillon Peters,LAA,P,26,"5' 11""",195,L,L,2017,,0.0,,,0,,,0.0,0.0,0.0,0.0,0.0,,,2019,596071
Dillon Peters,LAA,P,27,"5' 11""",195,L,L,2017,,0.0,,,0,,,0.0,0.0,0.0,0.0,0.0,,,2020,596071
Dillon Peters,PIT,P,28,"5' 11""",195,L,L,2017,,-0.0117051792335658,0.0,0.167,0,0.0,-35.4750072779999,0.11528609196345,0.0,0.0,0.125,0.5,,,2021,596071
Dillon Peters,PIT,P,29,"5' 11""",195,L,L,2017,,0.0,,,0,,,0.0,0.0,0.0,0.0,0.0,,,2022,596071
Dillon Tate,BAL,P,25,"6' 2""",190,R,R,2019,,0.0,0.0,0.0,0,0.0,,0.0,0.0,0.0,0.0,0.0,,,2019,622253
Dillon Tate,BAL,P,26,"6' 2""",190,R,R,2019,,0.0,,,0,,,0.0,0.0,0.0,0.0,0.0,,,2020,622253
Dillon Tate,BAL,P,27,"6' 2""",190,R,R,2019,,0.0,0.0,0.0,0,0.0,,0.0,0.0,0.0,0.0,0.0,,,2021,622253
Dillon Tate,BAL,P,28,"6' 2""",190,R,R,2019,,0.0,0.0,0.0,0,0.0,,0.0,0.0,0.0,0.0,0.0,,,2022,622253
Dinelson Lamet,SDP,P,26,"6' 3""",228,R,R,2017,,-0.0360523187640014,0.143,0.286,0,0.0,-28.9027086511019,0.124229609966278,0.3,0.0,0.0,0.458333333,81.3,-13.0,2019,659275
Dinelson Lamet,SDP,P,27,"6' 3""",228,R,R,2017,,0.0,,,0,,,0.0,0.0,0.0,0.0,0.0,,,2020,659275
Dinelson Lamet,SDP,P,28,"6' 3""",228,R,R,2017,,-0.0168087258475659,0.0,0.143,0,0.0,-39.7855220518282,0.0988166502543858,0.0,0.0,0.142857142,0.857142857,,,2021,659275
Dinelson Lamet,- - -,P,29,"6' 3""",228,R,R,2017,,0.0,,,0,,,0.0,0.0,0.0,0.0,0.0,,,2022,659275
DJ LeMahieu,COL,2b,29,"6' 3""",220,R,R,2011,12000000.0,1.81624210366106,0.276,0.749,15,62.0,87.1824518606479,0.322415662450082,0.297968397,0.151969981,0.063683304,0.141135972,91.3,6.0,2018,518934
DJ LeMahieu,NYY,2b,30,"6' 3""",220,R,R,2011,12000000.0,5.74483464174437,0.327,0.893,26,102.0,136.025496607963,0.374762164343388,0.348979591,0.191029901,0.070229007,0.13740458,91.8,7.0,2019,518934
DJ LeMahieu,NYY,2b,31,"6' 3""",220,R,R,2011,12000000.0,2.31554707144385,0.364,1.011,10,27.0,177.142798831542,0.428554167902028,0.369696969,0.225641025,0.083333333,0.097222222,91.3,2.0,2020,518934
DJ LeMahieu,NYY,2b,32,"6' 3""",220,R,R,2011,12000000.0,2.08738350603037,0.268,0.711,10,57.0,101.355815771605,0.315087446698058,0.301204819,0.093802345,0.107511045,0.13843888,90.6,5.0,2021,518934
DJ LeMahieu,NYY,2b,33,"6' 3""",220,R,R,2011,12000000.0,3.05913350683112,0.261,0.734,12,46.0,115.273780024557,0.329465877347522,0.284974093,0.115631691,0.123844731,0.131238447,89.2,3.0,2022,518934
DJ Stewart,BAL,RF,24,"5' 11""",230,L,R,2018,,0.377501239794794,0.25,0.89,3,10.0,137.749772347635,0.373423429245644,0.269230769,0.3,0.085106382,0.255319148,85.1,17.0,2018,621466
DJ Stewart,BAL,RF,25,"5' 11""",230,L,R,2018,,-0.410461996911192,0.238,0.698,4,15.0,82.2380780107037,0.29888879026927,0.268041237,0.142857142,0.098591549,0.183098591,87.9,13.0,2019,621466
DJ Stewart,BAL,RF,26,"5' 11""",230,L,R,2018,,0.423315746254734,0.193,0.81,7,15.0,122.529686370237,0.352939549359408,0.232558139,0.261363636,0.178571428,0.339285714,91.4,18.0,2020,621466
DJ Stewart,BAL,RF,27,"5' 11""",230,L,R,2018,,0.0734569425411674,0.204,0.698,12,33.0,93.6189517940874,0.309574308267527,0.254437869,0.170370371,0.138364779,0.279874213,87.8,20.0,2021,621466
DJ Stewart,BAL,RF,28,"5' 11""",230,L,R,2018,,-0.0664692034554855,0.0,0.0,0,0.0,-100.0,0.0,0.0,0.0,0.0,0.666666666,79.3,48.0,2022,621466
Domingo Germán,NYY,P,25,"6' 2""",181,R,R,2017,,0.0360962507709479,0.0,0.5,0,0.0,118.240810215293,0.344764798879623,0.0,0.0,0.5,0.5,,,2018,593334
Domingo Germán,NYY,P,26,"6' 2""",181,R,R,2017,,-0.0923108112496148,0.0,0.0,0,0.0,-100.0,0.0,0.0,0.0,0.0,0.875,,,2019,593334
Domingo Germán,NYY,P,28,"6' 2""",181,R,R,2017,,-0.0312383231432294,0.0,0.0,0,0.0,-100.0,0.0,0.0,0.0,0.0,0.666666666,,,2021,593334
Domingo Germán,NYY,P,29,"6' 2""",181,R,R,2017,,0.0,,,0,,,0.0,0.0,0.0,0.0,0.0,,,2022,593334
Domingo Santana,MIL,RF,25,"6' 5""",232,R,R,2014,,0.654856225912916,0.265,0.74,5,20.0,98.3707878265081,0.319139225105954,0.386363636,0.146919431,0.085106382,0.327659574,89.1,12.0,2018,570267
Domingo Santana,SEA,RF,26,"6' 5""",232,R,R,2014,,0.140331057303649,0.253,0.77,21,69.0,107.125217376847,0.326323697018245,0.347014925,0.188470067,0.098619329,0.3234714,88.8,11.0,2019,570267
Domingo Santana,CLE,RF,27,"6' 5""",232,R,R,2014,,-0.171700003475767,0.157,0.584,2,12.0,68.429917209448,0.271198661554427,0.209302325,0.128571428,0.154761904,0.297619047,85.5,5.0,2020,570267
Dominic Leone,STL,p,26,"5' 10""",215,R,R,2014,,0.0,0.0,0.0,0,0.0,,0.0,0.0,0.0,0.0,0.0,,,2018,608678
Dominic Leone,STL,p,27,"5' 10""",215,R,R,2014,,0.0,0.0,0.0,0,0.0,,0.0,0.0,0.0,0.0,0.0,,,2019,608678
Dominic Leone,CLE,p,28,"5' 10""",215,R,R,2014,,0.0,,,0,,,0.0,0.0,0.0,0.0,0.0,,,2020,608678
Dominic Leone,SFG,p,29,"5' 10""",215,R,R,2014,,0.0,0.0,0.0,0,0.0,,0.0,0.0,0.0,0.0,0.0,,,2021,608678
Dominic Leone,SFG,p,30,"5' 10""",215,R,R,2014,,0.0,,,0,,,0.0,0.0,0.0,0.0,0.0,,,2022,608678
Dominic Smith,NYM,1b,23,"5' 11""",224,L,L,2017,,-0.468362918660418,0.224,0.675,5,11.0,82.7407275886768,0.28754254835564,0.296703296,0.195804196,0.026845637,0.315436241,87.6,17.0,2018,642086
Dominic Smith,NYM,1b,24,"5' 11""",224,L,L,2017,,0.848102372924407,0.282,0.88,11,25.0,133.545294349961,0.368299296059584,0.319672131,0.242937853,0.0964467,0.223350253,88.3,15.0,2019,642086
Dominic Smith,NYM,1b,25,"5' 11""",224,L,L,2017,,1.37740470019862,0.316,0.993,10,42.0,165.585068171205,0.411837393314994,0.368,0.299435029,0.070351758,0.226130653,89.8,11.0,2020,642086
Dominic Smith,NYM,1b,26,"5' 11""",224,L,L,2017,,-0.987844187106089,0.244,0.667,11,58.0,84.2656112886484,0.2906717699317,0.29787234,0.118834081,0.064908722,0.227180527,89.0,15.0,2021,642086
Dominic Smith,NYM,1b,27,"5' 11""",224,L,L,2017,,-0.238721387075568,0.194,0.56,0,17.0,64.5068387251229,0.254076652620968,0.262626262,0.089552239,0.078947368,0.243421052,89.6,11.0,2022,642086
Donovan Solano,SFG,2b,31,"5' 8""",210,R,R,2012,,1.54130701333968,0.33,0.816,4,23.0,115.658182316977,0.345680441249881,0.408536585,0.125581395,0.043859649,0.21491228,87.0,14.0,2019,456781
Donovan Solano,SFG,2b,32,"5' 8""",210,R,R,2012,,0.878477868743556,0.326,0.828,3,29.0,125.127295942488,0.356948850777349,0.395973154,0.136842105,0.049261083,0.192118226,88.5,16.0,2020,456781
Donovan Solano,SFG,2b,33,"5' 8""",210,R,R,2012,,1.39921693418535,0.28,0.748,7,31.0,105.401479475483,0.324393135186864,0.321138211,0.123778501,0.072674418,0.168604651,88.3,11.0,2021,456781
Donovan Solano,CIN,2b,34,"5' 8""",210,R,R,2012,,0.53219245641106,0.284,0.724,4,24.0,98.7612289212726,0.318868945730795,0.348837209,0.100719425,0.0625,0.200657894,88.3,11.0,2022,456781
Donovan Walton,SEA,2B,25,"5' 9""",190,L,R,2019,,-0.0925263127414687,0.188,0.504,0,2.0,53.0032403635269,0.246300280094147,0.272727272,0.0,0.157894736,0.263157894,87.6,9.0,2019,622268
Donovan Walton,SEA,2B,26,"5' 9""",190,L,R,2019,,-0.0828142943053948,0.154,0.445,0,3.0,25.5885217883704,0.20138852085386,0.25,0.076923077,0.071428571,0.357142857,81.2,4.0,2020,622268
Donovan Walton,SEA,2B,27,"5' 9""",190,L,R,2019,,-0.358037944173295,0.206,0.619,2,7.0,70.7618298340262,0.266621157304565,0.239130434,0.158730159,0.057971014,0.217391304,88.0,9.0,2021,622268
Donovan Walton,- - -,2B,28,"5' 9""",190,L,R,2019,,-0.595386467995584,0.158,0.482,1,8.0,31.4476257119684,0.208004186550776,0.186440677,0.144736842,0.012820512,0.205128205,86.1,8.0,2022,622268
Doug Fister,TEX,p,34,"6' 8""",210,L,R,2009,,0.0,,,0,,,0.0,0.0,0.0,0.0,0.0,,,2018,450729
Drew Butera,- - -,c,34,"6' 1""",212,R,R,2010,,-0.722073316756334,0.19,0.565,3,21.0,51.4243113047262,0.251716136932373,0.227642276,0.110429447,0.082417582,0.214285714,86.5,18.0,2018,460077
Drew Butera,COL,c,35,"6' 1""",212,R,R,2010,,-0.320449401513319,0.163,0.462,0,3.0,7.98246296218264,0.206033326685429,0.233333333,0.069767442,0.081632653,0.285714285,84.6,24.0,2019,460077
Drew Butera,COL,c,36,"6' 1""",212,R,R,2010,,-0.354946442024207,0.154,0.395,0,4.0,-10.7418643754073,0.176284052076794,0.206896551,0.051282052,0.046511627,0.255813953,85.9,22.0,2020,460077
Drew Butera,LAA,c,37,"6' 1""",212,R,R,2010,,-0.743803250264446,0.094,0.216,0,5.0,-54.0142929712659,0.0909017324447632,0.176470588,0.03125,0.0,0.444444444,84.9,19.0,2021,460077
Drew Hutchison,- - -,P,27,"6' 3""",215,L,R,2012,,0.0738393080704819,0.25,0.65,0,0.0,98.1583728971066,0.313812065124512,0.5,0.0,0.2,0.4,87.7,-10.0,2018,571800
Drew Hutchison,DET,P,30,"6' 3""",215,L,R,2012,,-0.0106936140019221,0.0,0.0,0,0.0,-100.0,0.0,0.0,0.0,0.0,0.0,77.7,-37.0,2021,571800
Drew Hutchison,DET,P,31,"6' 3""",215,L,R,2012,,0.0,,,0,,,0.0,0.0,0.0,0.0,0.0,,,2022,571800
Drew Pomeranz,BOS,p,29,"6' 5""",246,R,L,2011,4000000.0,0.0,0.0,0.0,0,0.0,,0.0,0.0,0.0,0.0,0.0,,,2018,519141
Drew Pomeranz,- - -,p,30,"6' 5""",246,R,L,2011,4000000.0,-0.240589052799658,0.0,0.0,0,0.0,-100.0,0.0,0.0,0.0,0.0,0.65,85.6,-17.0,2019,519141
Drew Pomeranz,SDP,p,31,"6' 5""",246,R,L,2011,4000000.0,0.0,,,0,,,0.0,0.0,0.0,0.0,0.0,,,2020,519141
Drew Pomeranz,SDP,p,32,"6' 5""",246,R,L,2011,4000000.0,0.0,0.0,0.0,0,0.0,,0.0,0.0,0.0,0.0,0.0,,,2021,519141
Drew Rasmussen,MIL,P,24,"6' 1""",240,R,R,2020,,0.0,,,0,,,0.0,0.0,0.0,0.0,0.0,,,2020,656876
Drew Rasmussen,- - -,P,25,"6' 1""",240,R,R,2020,,0.0310277457492757,0.25,0.5,0,0.0,41.6654845821777,0.219763830304146,0.333333333,0.0,0.0,0.25,71.5,0.0,2021,656876
Drew Rasmussen,TBR,P,26,"6' 1""",240,R,R,2020,,0.0,,,0,,,0.0,0.0,0.0,0.0,0.0,,,2022,656876
Drew Smith,NYM,p,24,"6' 2""",190,R,R,2018,,0.0,0.0,0.0,0,0.0,,0.0,0.0,0.0,0.0,0.0,,,2018,622098
Drew Smith,NYM,p,26,"6' 2""",190,R,R,2018,,0.0,,,0,,,0.0,0.0,0.0,0.0,0.0,,,2020,622098
Drew Smith,NYM,p,27,"6' 2""",190,R,R,2018,,-0.0106321031413529,0.0,0.0,0,0.0,-100.0,0.0,0.0,0.0,0.0,0.0,72.8,-35.0,2021,622098
Drew Smith,NYM,p,28,"6' 2""",190,R,R,2018,,0.0,,,0,,,0.0,0.0,0.0,0.0,0.0,,,2022,622098
Drew Smyly,- - -,p,30,"6' 2""",188,L,L,2012,,-0.197286283116786,0.0,0.05,0,0.0,-91.8546711472649,0.0345147252082825,0.0,0.0,0.05,0.45,82.1,-29.0,2019,592767
Drew Smyly,SFG,p,31,"6' 2""",188,L,L,2012,,0.0,,,0,,,0.0,0.0,0.0,0.0,0.0,,,2020,592767
Drew Smyly,ATL,p,32,"6' 2""",188,L,L,2012,,-0.260424637822784,0.073,0.146,0,0.0,-68.6147553446604,0.0643211210646281,0.136363636,0.0,0.0,0.441860465,78.5,-2.0,2021,592767
Drew Smyly,CHC,p,33,"6' 2""",188,L,L,2012,,0.0,,,0,,,0.0,0.0,0.0,0.0,0.0,,,2022,592767
Drew VerHagen,DET,p,27,"6' 6""",230,R,R,2014,,-0.0109993787325753,0.0,0.0,0,0.0,-100.0,0.0,0.0,0.0,0.0,0.0,101.0,-15.0,2018,572403
Drew VerHagen,DET,p,28,"6' 6""",230,R,R,2014,,0.0,0.0,0.0,0,0.0,,0.0,0.0,0.0,0.0,0.0,,,2019,572403
Drew VerHagen,STL,p,31,"6' 6""",230,R,R,2014,,0.0,,,0,,,0.0,0.0,0.0,0.0,0.0,,,2022,572403
Duane Underwood Jr.,CHC,P,23,"6' 2""",225,R,R,2018,,-0.0112875862621655,0.0,0.0,0,0.0,-100.0,0.0,0.0,0.0,0.0,0.0,66.9,11.0,2018,621249
Duane Underwood Jr.,CHC,P,24,"6' 2""",225,R,R,2018,,-0.0125175951556915,0.0,0.0,0,0.0,-100.0,0.0,0.0,0.0,0.0,1.0,,,2019,621249
Duane Underwood Jr.,CHC,P,25,"6' 2""",225,R,R,2018,,0.0,,,0,,,0.0,0.0,0.0,0.0,0.0,,,2020,621249
Duane Underwood Jr.,PIT,P,26,"6' 2""",225,R,R,2018,,-0.0454669397689395,0.0,0.0,0,0.0,-100.0,0.0,0.0,0.0,0.0,1.0,,,2021,621249
Duane Underwood Jr.,PIT,P,27,"6' 2""",225,R,R,2018,,0.0,,,0,,,0.0,0.0,0.0,0.0,0.0,,,2022,621249
Dustin Garneau,CHW,C,30,"6' 2""",205,R,R,2015,,0.0747312391981848,0.5,1.167,0,1.0,241.208059293732,0.523020108540853,0.5,0.0,0.333333333,0.0,80.0,42.0,2018,572863
Dustin Garneau,- - -,C,31,"6' 2""",205,R,R,2015,,0.772735931562819,0.244,0.757,3,14.0,105.198361255229,0.329866325259209,0.295081967,0.162790698,0.0990099,0.217821782,84.3,21.0,2019,572863
Dustin Garneau,HOU,C,32,"6' 2""",205,R,R,2015,,-0.251043349500238,0.158,0.562,1,4.0,58.7035458123433,0.255913869901137,0.227272727,0.131578948,0.130434782,0.326086956,88.2,24.0,2020,572863
Dustin Garneau,DET,C,33,"6' 2""",205,R,R,2015,,0.507966981665534,0.21,0.831,6,11.0,112.748678370755,0.33533142682384,0.175,0.370967742,0.044117647,0.264705882,86.4,19.0,2021,572863
Dustin Garneau,DET,C,34,"6' 2""",205,R,R,2015,,0.0383923835882032,0.3,0.764,0,1.0,122.483526627516,0.337992960756475,0.5,0.1,0.09090909,0.363636363,89.5,41.0,2022,572863
Dustin May,LAD,p,21,"6' 6""",180,R,R,2019,12500000.0,-0.0594758590710385,0.091,0.182,0,0.0,-59.4308641886688,0.079055206342177,0.142857142,0.0,0.0,0.363636363,82.5,-20.0,2019,669160
Dustin May,LAD,p,22,"6' 6""",180,R,R,2019,12500000.0,0.0,,,0,,,0.0,0.0,0.0,0.0,0.0,,,2020,669160
Dustin May,LAD,p,23,"6' 6""",180,R,R,2019,12500000.0,-0.0436041961264449,0.0,0.0,0,0.0,-100.0,0.0,0.0,0.0,0.0,0.75,,,2021,669160
Dustin May,LAD,p,24,"6' 6""",180,R,R,2019,12500000.0,0.0,,,0,,,0.0,0.0,0.0,0.0,0.0,,,2022,669160
Dustin Pedroia,BOS,2B,34,"5' 9""",170,R,R,2006,,-0.167819666507211,0.091,0.322,0,0.0,-2.77306090939813,0.173737686413985,0.1,0.0,0.153846153,0.076923076,85.1,15.0,2018,456030
Dustin Pedroia,BOS,2B,35,"5' 9""",170,R,R,2006,,-0.374129668450759,0.1,0.243,0,1.0,-44.3539954562089,0.11569090684255,0.111111111,0.0,0.047619047,0.095238095,85.6,6.0,2019,456030
Dylan Bundy,BAL,p,25,"6' 1""",225,S,R,2012,,-0.0142627164301002,0.2,0.4,0,0.0,2.96309668549339,0.175906145572662,0.333333333,0.0,0.0,0.4,84.7,10.0,2018,605164
Dylan Bundy,BAL,p,26,"6' 1""",225,S,R,2012,,-0.0236915008754548,0.0,0.0,0,0.0,-100.0,0.0,0.0,0.0,0.0,1.0,,,2019,605164
Dylan Bundy,LAA,p,27,"6' 1""",225,S,R,2012,,0.0,,,0,,,0.0,0.0,0.0,0.0,0.0,,,2020,605164
Dylan Bundy,LAA,p,28,"6' 1""",225,S,R,2012,,0.02903604147395,0.25,0.5,0,0.0,33.0674614572712,0.219763830304146,1.0,0.0,0.0,0.75,91.4,-25.0,2021,605164
Dylan Bundy,MIN,p,29,"6' 1""",225,S,R,2012,,0.0,,,0,,,0.0,0.0,0.0,0.0,0.0,,,2022,605164
Dylan Carlson,STL,LF,21,"6' 1""",200,S,L,2020,,-0.0747881689331813,0.2,0.616,3,16.0,65.7549211797029,0.264373660087585,0.260273972,0.163636363,0.06722689,0.294117647,87.4,9.0,2020,666185
Dylan Carlson,STL,LF,22,"6' 1""",200,S,L,2020,,2.39611878345922,0.266,0.78,18,65.0,111.455439711523,0.335811676917138,0.331578947,0.171586716,0.092084006,0.24555735,88.2,15.0,2021,666185
Dylan Carlson,STL,LF,23,"6' 1""",200,S,L,2020,,1.87226786261822,0.236,0.696,8,42.0,98.2064819279434,0.306371572693271,0.281437125,0.143518518,0.092213114,0.19262295,86.1,13.0,2022,666185
Dylan Cease,CHW,p,23,"6' 2""",200,R,R,2019,30000000.0,0.0,,,0,,,0.0,0.0,0.0,0.0,0.0,,,2019,656302
Dylan Cease,CHW,p,24,"6' 2""",200,R,R,2019,30000000.0,0.0,,,0,,,0.0,0.0,0.0,0.0,0.0,,,2020,656302
Dylan Cease,CHW,p,25,"6' 2""",200,R,R,2019,30000000.0,0.158344574005601,0.375,0.875,0,0.0,138.844812250082,0.374969646334648,0.6,0.125,0.0,0.375,91.7,5.0,2021,656302
Dylan Cease,CHW,p,26,"6' 2""",200,R,R,2019,30000000.0,0.0,,,0,,,0.0,0.0,0.0,0.0,0.0,,,2022,656302
Dylan Floro,- - -,P,27,"6' 2""",212,L,R,2016,,-0.0584720658707081,0.0,0.0,0,0.0,-100.0,0.0,0.0,0.0,0.0,0.4,90.5,-9.0,2018,571670
Dylan Floro,LAD,P,28,"6' 2""",212,L,R,2016,,-0.0240500037071848,0.0,0.0,0,0.0,-100.0,0.0,0.0,0.0,0.0,0.5,82.9,-21.0,2019,571670
Dylan Floro,LAD,P,29,"6' 2""",212,L,R,2016,,0.0,,,0,,,0.0,0.0,0.0,0.0,0.0,,,2020,571670
Dylan Floro,MIA,P,30,"6' 2""",212,L,R,2016,,0.0,0.0,0.0,0,0.0,,0.0,0.0,0.0,0.0,0.0,,,2021,571670
Dylan Floro,MIA,P,31,"6' 2""",212,L,R,2016,,0.0,0.0,0.0,0,0.0,,0.0,0.0,0.0,0.0,0.0,,,2022,571670
Dylan Moore,SEA,3b,26,"6' 1""",205,R,R,2019,,0.89050705897728,0.206,0.691,9,28.0,88.3283655428051,0.298531136690934,0.289655172,0.182186235,0.088652482,0.329787234,88.4,19.0,2019,664238
Dylan Moore,SEA,3b,27,"6' 1""",205,R,R,2019,,1.24210681683617,0.255,0.854,8,17.0,139.523924491751,0.367749876946023,0.313953488,0.240875912,0.088050314,0.270440251,90.4,17.0,2020,664238
Dylan Moore,SEA,3b,28,"6' 1""",205,R,R,2019,,1.08033433511535,0.181,0.61,12,43.0,73.7722431957994,0.271075915752735,0.228571428,0.153614458,0.106100795,0.294429708,86.5,20.0,2021,664238
Dylan Moore,SEA,3b,29,"6' 1""",205,R,R,2019,,1.96952500231334,0.224,0.753,6,24.0,127.475476671136,0.33775888899883,0.32,0.16097561,0.133333333,0.294117647,87.2,21.0,2022,664238
Eddie Rosario,MIN,If,26,"6' 0""",180,L,R,2015,,3.26013582269354,0.288,0.802,24,77.0,114.149894747467,0.340053463043206,0.316397228,0.191413238,0.050675675,0.175675675,87.7,18.0,2018,592696
Eddie Rosario,MIN,If,27,"6' 0""",180,L,R,2015,,1.21486376498307,0.276,0.8,32,109.0,104.001851788225,0.328587995499981,0.273333333,0.224199289,0.037288135,0.145762711,89.2,17.0,2019,592696
Eddie Rosario,MIN,If,28,"6' 0""",180,L,R,2015,,0.765606043318378,0.257,0.792,13,42.0,112.392188437111,0.333104467808419,0.248484848,0.219047619,0.082251082,0.147186147,87.5,18.0,2020,592696
Eddie Rosario,- - -,If,29,"6' 0""",180,L,R,2015,,0.949966336494672,0.259,0.74,14,62.0,99.7931916559203,0.316084079771507,0.272727272,0.176781003,0.063106796,0.148058252,88.5,15.0,2021,592696
Eddie Rosario,ATL,If,30,"6' 0""",180,L,R,2015,,-1.25574383320971,0.212,0.587,5,24.0,62.66326600124391,0.258305546089455,0.266666666,0.116,0.062962962,0.251851851,87.7,15.0,2022,592696
Edinson Volquez,TEX,p,35,"6' 0""",220,R,R,2005,,0.0,,,0,,,0.0,0.0,0.0,0.0,0.0,,,2019,450172
Edinson Volquez,TEX,p,36,"6' 0""",220,R,R,2005,,0.0,,,0,,,0.0,0.0,0.0,0.0,0.0,,,2020,450172
Edmundo Sosa,STL,2B,22,"5' 11""",210,R,R,2018,,-0.0044867874365188,0.0,0.333,0,0.0,42.36491709532,0.229843199253082,0.0,0.0,0.333333333,0.333333333,84.4,48.0,2018,624641
Edmundo Sosa,STL,2B,23,"5' 11""",210,R,R,2018,,0.0526776190116051,0.25,0.65,0,0.0,96.3444649311599,0.314872497320175,0.333333333,0.0,0.1,0.2,83.1,0.0,2019,624641
Edmundo Sosa,STL,2B,25,"5' 11""",210,R,R,2018,,2.01242561253714,0.271,0.735,6,27.0,102.382374222695,0.321851296269375,0.325791855,0.118055555,0.052147239,0.193251533,86.7,6.0,2021,624641
Edmundo Sosa,- - -,2B,26,"5' 11""",210,R,R,2018,,1.25716373921338,0.227,0.644,2,21.0,81.0936905074509,0.281689895208551,0.304,0.142045454,0.026315789,0.263157894,86.8,11.0,2022,624641
Eduardo Escobar,- - -,3b,29,"5' 10""",193,S,R,2011,,3.6249822069415902,0.272,0.823,23,84.0,117.449514664769,0.346092484353251,0.308235294,0.217314488,0.082408874,0.199683042,86.4,19.0,2018,500871
Eduardo Escobar,ARI,3b,30,"5' 10""",193,S,R,2011,,2.73393173424979,0.269,0.831,35,118.0,108.167826137811,0.341107146322042,0.282744282,0.242138365,0.071530758,0.185979971,87.8,18.0,2019,500871
Eduardo Escobar,ARI,3b,31,"5' 10""",193,S,R,2011,,-0.28384887376549,0.212,0.605,4,20.0,55.5602939594579,0.256856006766678,0.24375,0.123152709,0.067567567,0.184684684,88.6,18.0,2020,500871
Eduardo Escobar,- - -,3b,32,"5' 10""",193,S,R,2011,,2.4848822446348,0.253,0.786,28,90.0,107.93560330532,0.334217824764475,0.278894472,0.218579235,0.080133555,0.207011686,87.0,21.0,2021,500871
Eduardo Escobar,NYM,3b,33,"5' 10""",193,S,R,2011,,1.87939361763279,0.24,0.725,20,69.0,103.688656586432,0.311378921228349,0.28125,0.18989899,0.073800738,0.23800738,88.3,21.0,2022,500871
Eduardo Núñez,BOS,2b,31,"6' 0""",195,R,R,2010,,-0.49643442639108,0.265,0.677,10,44.0,77.8594679924818,0.291897126181635,0.28960396,0.122916667,0.031872509,0.137450199,88.2,9.0,2018,456488
Eduardo Núñez,BOS,2b,32,"6' 0""",195,R,R,2010,,-0.778478335539352,0.228,0.548,2,20.0,35.2452975081471,0.233384453147822,0.257142857,0.077844311,0.022988505,0.155172413,87.9,7.0,2019,456488
Eduardo Núñez,NYM,2b,33,"6' 0""",195,R,R,2010,,0.0358087752839504,0.5,1.0,0,0.0,185.015783115844,0.441262900829315,0.5,0.0,0.0,0.0,73.6,-11.0,2020,456488
Eduardo Rodriguez,BOS,p,25,"6' 2""",231,L,L,2015,20000000.0,-0.0226152045944746,0.0,0.0,0,0.0,-100.0,0.0,0.0,0.0,0.0,0.5,85.4,-12.0,2018,593958
Eduardo Rodriguez,BOS,p,26,"6' 2""",231,L,L,2015,20000000.0,-0.109869118072786,0.0,0.0,0,0.0,-100.0,0.0,0.0,0.0,0.0,0.333333333,82.1,-56.0,2019,593958
Eduardo Rodriguez,BOS,p,28,"6' 2""",231,L,L,2015,20000000.0,-0.0683829395620163,0.0,0.0,0,0.0,-100.0,0.0,0.0,0.0,0.0,0.5,93.8,14.0,2021,593958
Eduardo Rodriguez,DET,p,29,"6' 2""",231,L,L,2015,20000000.0,0.0,,,0,,,0.0,0.0,0.0,0.0,0.0,,,2022,593958
Edwin Díaz,SEA,p,24,"6' 3""",165,R,R,2016,23000000.0,0.0,0.0,0.0,0,0.0,,0.0,0.0,0.0,0.0,0.0,,,2018,621242
Edwin Díaz,NYM,p,25,"6' 3""",165,R,R,2016,23000000.0,0.0,0.0,0.0,0,0.0,,0.0,0.0,0.0,0.0,0.0,,,2019,621242
Edwin Díaz,NYM,p,26,"6' 3""",165,R,R,2016,23000000.0,0.0,,,0,,,0.0,0.0,0.0,0.0,0.0,,,2020,621242
Edwin Díaz,NYM,p,27,"6' 3""",165,R,R,2016,23000000.0,0.0,0.0,0.0,0,0.0,,0.0,0.0,0.0,0.0,0.0,,,2021,621242
Edwin Díaz,NYM,p,28,"6' 3""",165,R,R,2016,23000000.0,0.0,0.0,0.0,0,0.0,,0.0,0.0,0.0,0.0,0.0,,,2022,621242
Edwin Encarnación,CLE,1b,35,"6' 1""",230,R,R,2005,,1.26558139805108,0.246,0.81,32,107.0,116.419984383643,0.346231132642263,0.265306122,0.228,0.10880829,0.227979274,89.9,18.0,2018,429665
Edwin Encarnación,- - -,1b,36,"6' 1""",230,R,R,2005,,2.30633369814909,0.244,0.875,34,86.0,129.865970582443,0.362280091674058,0.239436619,0.28708134,0.119341563,0.211934156,90.1,23.0,2019,429665
Edwin Encarnación,CHW,1b,37,"6' 1""",230,R,R,2005,,-0.465272253932359,0.157,0.627,10,19.0,68.3476203228932,0.271676132414076,0.15625,0.220125786,0.08839779,0.298342541,85.4,23.0,2020,429665
Edwin Jackson,OAK,p,34,"6' 2""",215,R,R,2003,,-0.0205442153997231,0.0,0.0,0,0.0,-100.0,0.0,0.0,0.0,0.0,0.0,79.3,-10.0,2018,429719
Edwin Jackson,- - -,p,35,"6' 2""",215,R,R,2003,,-0.0344708058716721,0.0,0.0,0,0.0,-100.0,0.0,0.0,0.0,0.0,0.666666666,104.3,4.0,2019,429719
Edwin Rios,LAD,1B,25,"6' 3""",220,L,R,2019,,0.375392043865808,0.277,1.01,4,8.0,159.626727986008,0.413406827620098,0.409090909,0.340425532,0.160714285,0.375,95.0,5.0,2019,621458
Edwin Rios,LAD,1B,26,"6' 3""",220,L,R,2019,,0.721999306286924,0.25,0.946,8,17.0,143.407483423437,0.38465445156557,0.215686274,0.394736842,0.048192771,0.216867469,91.5,14.0,2020,621458
Edwin Rios,LAD,1B,27,"6' 3""",220,L,R,2019,,-0.467190130215959,0.078,0.354,1,1.0,11.6349709986415,0.182159422834714,0.09375,0.058823529,0.116666666,0.3,90.0,11.0,2021,621458
Edwin Rios,LAD,1B,28,"6' 3""",220,L,R,2019,,0.113250423577903,0.244,0.793,7,17.0,119.860302366167,0.337700399068686,0.325581395,0.255813954,0.054347826,0.391304347,88.5,11.0,2022,621458
Efren Navarro,CHC,1B,32,"6' 0""",210,L,L,2011,,-0.0707057948260303,0.167,0.334,0,0.0,-15.6738908030871,0.146588454643885,0.5,0.0,0.0,0.666666666,92.8,2.0,2018,519068
Ehire Adrianza,MIN,ss,28,"6' 1""",198,S,R,2013,,1.19659586945788,0.251,0.68,6,39.0,82.7133717038599,0.293986174795363,0.313253012,0.128358209,0.06557377,0.224043715,86.6,16.0,2018,501303
Ehire Adrianza,MIN,ss,29,"6' 1""",198,S,R,2013,,0.682914265696469,0.272,0.765,5,22.0,102.42020757923,0.326249415482278,0.310559006,0.143564357,0.084745762,0.169491525,85.7,15.0,2019,501303
Ehire Adrianza,MIN,ss,30,"6' 1""",198,S,R,2013,,0.289705780235338,0.191,0.557,0,3.0,59.9340143335017,0.256508319684775,0.257575757,0.078651686,0.108910891,0.227722772,85.9,16.0,2020,501303
Ehire Adrianza,ATL,ss,31,"6' 1""",198,S,R,2013,,0.567795414689286,0.247,0.728,5,28.0,95.198568831397,0.31637445006233,0.289855072,0.153846154,0.100478468,0.200956937,85.4,13.0,2021,501303
Ehire Adrianza,- - -,ss,32,"6' 1""",198,S,R,2013,,-0.591984715231691,0.175,0.47,0,7.0,39.3927489633154,0.222315805066716,0.232876712,0.030927836,0.1,0.227272727,84.6,13.0,2022,501303
Eli White,TEX,RF,26,"6' 2""",195,R,R,2020,,-0.384475798243252,0.188,0.46,0,3.0,24.1965220043264,0.206736901631722,0.272727272,0.041666666,0.057692307,0.307692307,88.1,15.0,2020,642201
Eli White,TEX,RF,27,"6' 2""",195,R,R,2020,,-0.0721924459363976,0.177,0.567,6,15.0,57.3611148100124,0.253340064395558,0.23015873,0.131313132,0.081818181,0.3,85.5,16.0,2021,642201
Eli White,TEX,RF,28,"6' 2""",195,R,R,2020,,0.610180301316305,0.2,0.579,3,10.0,66.4776650818424,0.260314143621005,0.29032258,0.104761904,0.094017094,0.35042735,86.4,22.0,2022,642201
Elias Díaz,PIT,c,27,"6' 1""",223,R,R,2015,,1.7011763936681,0.286,0.791,10,34.0,113.642537161826,0.339720603348552,0.302439024,0.166666667,0.075812274,0.144404332,89.6,10.0,2018,553869
Elias Díaz,PIT,c,28,"6' 1""",223,R,R,2015,,-1.38468159143703,0.241,0.603,2,28.0,60.6986089761304,0.265242268131579,0.286290322,0.066006601,0.069277108,0.168674698,88.1,9.0,2019,553869
Elias Díaz,COL,c,29,"6' 1""",223,R,R,2015,,-0.0949966517743812,0.235,0.641,2,9.0,58.4583508697681,0.28107955031199,0.274509803,0.117647059,0.06849315,0.205479452,87.4,13.0,2020,553869
Elias Díaz,COL,c,30,"6' 1""",223,R,R,2015,,1.68308996228075,0.246,0.774,18,44.0,90.7458772509778,0.32966254208539,0.249042145,0.218934911,0.080862533,0.161725067,87.1,15.0,2021,553869
Elias Díaz,COL,c,31,"6' 1""",223,R,R,2015,,-1.1646676041593,0.228,0.649,9,51.0,68.407067017446,0.28423279789802,0.269961977,0.13960114,0.065616797,0.215223097,88.4,11.0,2022,553869
Elieser Hernández,MIA,P,23,"6' 1""",214,R,R,2018,,-0.118208680025832,0.0,0.0,0,0.0,-100.0,0.0,0.0,0.0,0.0,0.636363636,88.0,-21.0,2018,622694
Elieser Hernández,MIA,P,24,"6' 1""",214,R,R,2018,,-0.130035966832618,0.053,0.153,0,0.0,-58.7184229829897,0.0779950886964798,0.111111111,0.0,0.041666666,0.416666666,80.1,-7.0,2019,622694
Elieser Hernández,MIA,P,25,"6' 1""",214,R,R,2018,,0.0,,,0,,,0.0,0.0,0.0,0.0,0.0,,,2020,622694
Elieser Hernández,MIA,P,26,"6' 1""",214,R,R,2018,,-0.124243560164621,0.071,0.142,0,0.0,-68.6800594310546,0.0627896658011845,0.142857142,0.0,0.0,0.388888888,86.3,-7.0,2021,622694
Elieser Hernández,MIA,P,27,"6' 1""",214,R,R,2018,,0.0,,,0,,,0.0,0.0,0.0,0.0,0.0,,,2022,622694
Eloy Jiménez,CHW,dh,22,"6' 4""",250,R,R,2019,,1.05942811932515,0.267,0.828,31,79.0,114.824331270529,0.34329413114086,0.308196721,0.245726495,0.059523809,0.265873015,91.2,9.0,2019,650391
Eloy Jiménez,CHW,dh,23,"6' 4""",250,R,R,2019,,1.47994911337707,0.296,0.891,14,41.0,137.79319545668,0.373076222111694,0.340277777,0.262910799,0.053097345,0.24778761,92.4,6.0,2020,650391
Eloy Jiménez,CHW,dh,24,"6' 4""",250,R,R,2019,,0.314669647136719,0.249,0.74,10,37.0,99.825067770402,0.317228892664889,0.292517006,0.187793427,0.069264069,0.246753246,90.5,8.0,2021,650391
Eloy Jiménez,CHW,dh,25,"6' 4""",250,R,R,2019,,1.64915594776902,0.295,0.858,16,54.0,143.406649777537,0.370026187247822,0.336538461,0.205479453,0.085626911,0.220183486,92.8,7.0,2022,650391
Elvis Andrus,TEX,2b,29,"6' 0""",210,R,R,2009,,0.818640120300797,0.256,0.675,6,33.0,75.9832906606899,0.295931700791154,0.292307692,0.111392405,0.06542056,0.154205607,87.2,9.0,2018,462101
Elvis Andrus,TEX,2b,30,"6' 0""",210,R,R,2009,,1.97364371884904,0.275,0.706,12,72.0,75.8303963464147,0.299828589423178,0.304780876,0.118333333,0.052469135,0.148148148,88.4,7.0,2019,462101
Elvis Andrus,TEX,2b,31,"6' 0""",210,R,R,2009,,-0.203352579998949,0.194,0.582,3,7.0,57.2729444125782,0.25503302694441,0.2,0.13592233,0.072072072,0.135135135,88.5,9.0,2020,462101
Elvis Andrus,OAK,2b,32,"6' 0""",210,R,R,2009,,1.643103167702,0.243,0.614,3,37.0,73.2186224669005,0.269742696031706,0.282973621,0.076458753,0.057301293,0.149722735,87.8,8.0,2021,462101
Elvis Andrus,- - -,2b,33,"6' 0""",210,R,R,2009,,3.42602282403674,0.249,0.707,17,58.0,103.992585316237,0.309976445636882,0.272300469,0.155140187,0.067590987,0.159445407,87.9,12.0,2022,462101
Emilio Bonifácio,WSN,of,35,"5' 10""",200,S,R,2007,,-0.103363635762468,0.0,0.0,0,0.0,-100.0,0.0,0.0,0.0,0.0,0.666666666,,,2020,466988
Emilio Pagán,OAK,p,27,"6' 2""",208,L,R,2017,10000000.0,0.0,0.0,0.0,0,0.0,,0.0,0.0,0.0,0.0,0.0,,,2018,641941
Emilio Pagán,TBR,p,28,"6' 2""",208,L,R,2017,10000000.0,-0.0109708840539473,0.0,0.0,0,0.0,-100.0,0.0,0.0,0.0,0.0,1.0,,,2019,641941
Emilio Pagán,SDP,p,29,"6' 2""",208,L,R,2017,10000000.0,0.0,0.0,0.0,0,0.0,,0.0,0.0,0.0,0.0,0.0,,,2020,641941
Emilio Pagán,SDP,p,30,"6' 2""",208,L,R,2017,10000000.0,-0.021101201981556,0.0,0.0,0,0.0,-100.0,0.0,0.0,0.0,0.0,0.5,57.0,57.0,2021,641941
Emilio Pagán,MIN,p,31,"6' 2""",208,L,R,2017,10000000.0,0.0,,,0,,,0.0,0.0,0.0,0.0,0.0,,,2022,641941
Emmanuel Clase,TEX,P,21,"6' 2""",206,R,R,2019,,0.0,0.0,0.0,0,0.0,,0.0,0.0,0.0,0.0,0.0,,,2019,661403
Emmanuel Clase,CLE,P,23,"6' 2""",206,R,R,2019,,0.0,0.0,0.0,0,0.0,,0.0,0.0,0.0,0.0,0.0,,,2021,661403
Emmanuel Clase,CLE,P,24,"6' 2""",206,R,R,2019,,0.0,,,0,,,0.0,0.0,0.0,0.0,0.0,,,2022,661403
Ender Inciarte,ATL,CF,27,"5' 11""",190,L,L,2014,,3.22444800867475,0.265,0.705,10,61.0,89.5248472147951,0.308425462063942,0.293069306,0.115577889,0.074242424,0.13030303,84.9,11.0,2018,542255
Ender Inciarte,ATL,CF,28,"5' 11""",190,L,L,2014,,0.955242454931677,0.246,0.74,5,24.0,92.2249877719859,0.318161292295707,0.285714285,0.150753769,0.113043478,0.178260869,83.0,10.0,2019,542255
Ender Inciarte,ATL,CF,29,"5' 11""",190,L,L,2014,,-0.659838261435073,0.19,0.512,1,10.0,39.1274826392392,0.232958797308115,0.228260869,0.060344828,0.091603053,0.190839694,78.2,8.0,2020,542255
Ender Inciarte,ATL,CF,30,"5' 11""",190,L,L,2014,,-0.0752003947408646,0.215,0.592,2,10.0,59.6510994645513,0.261678911488632,0.267857142,0.101265823,0.078651685,0.247191011,84.2,13.0,2021,542255
Ender Inciarte,NYM,CF,31,"5' 11""",190,L,L,2014,,-0.09981643423843,0.125,0.25,0,0.0,-33.6799358395118,0.110481351613998,0.125,0.0,0.0,0.0,74.0,-15.0,2022,542255
Enrique Hernández,LAD,2b,26,"5' 10""",195,R,R,2014,7000000.0,2.9473705232937,0.256,0.806,21,52.0,118.192060952482,0.341866923878524,0.266233766,0.213930348,0.108225108,0.168831168,89.1,16.0,2018,571771
Enrique Hernández,LAD,2b,27,"5' 10""",195,R,R,2014,7000000.0,0.81353266368103,0.237,0.715,17,64.0,86.2703154366791,0.301441589513023,0.266447368,0.173913044,0.078260869,0.210869565,88.3,19.0,2019,571771
Enrique Hernández,LAD,2b,28,"5' 10""",195,R,R,2014,7000000.0,0.263799464282598,0.23,0.68,5,20.0,80.786633814625,0.289822620314521,0.259615384,0.179856115,0.04054054,0.209459459,88.5,16.0,2020,571771
Enrique Hernández,BOS,2b,29,"5' 10""",195,R,R,2014,7000000.0,3.65170266735728,0.25,0.786,20,60.0,108.716223019284,0.337844196751586,0.277922077,0.198818897,0.104273504,0.188034188,90.8,18.0,2021,571771
Enrique Hernández,BOS,2b,30,"5' 10""",195,R,R,2014,7000000.0,0.269468130832832,0.222,0.629,6,45.0,74.4536584265645,0.279795845201359,0.256944444,0.11634349,0.084577114,0.176616915,87.8,17.0,2022,571771
Enyel De Los Santos,PHI,P,22,"6' 3""",235,R,R,2018,,-0.0569290229827088,0.0,0.0,0,0.0,-100.0,0.0,0.0,0.0,0.0,0.4,,,2018,660853
Enyel De Los Santos,PHI,P,23,"6' 3""",235,R,R,2018,,-0.0125380544157124,0.0,0.0,0,0.0,-100.0,0.0,0.0,0.0,0.0,1.0,,,2019,660853
Enyel De Los Santos,- - -,P,25,"6' 3""",235,R,R,2018,,0.0,0.0,0.0,0,0.0,,0.0,0.0,0.0,0.0,0.0,,,2021,660853
Enyel De Los Santos,CLE,P,26,"6' 3""",235,R,R,2018,,0.0,0.0,0.0,0,0.0,,0.0,0.0,0.0,0.0,0.0,,,2022,660853
Erasmo Ramírez,SEA,p,28,"6' 0""",220,R,R,2012,1000000.0,-0.0309982731580256,0.0,0.0,0,0.0,-100.0,0.0,0.0,0.0,0.0,0.666666666,89.7,-2.0,2018,541640
Erasmo Ramírez,BOS,p,29,"6' 0""",220,R,R,2012,1000000.0,0.0,,,0,,,0.0,0.0,0.0,0.0,0.0,,,2019,541640
Erasmo Ramírez,NYM,p,30,"6' 0""",220,R,R,2012,1000000.0,0.0,,,0,,,0.0,0.0,0.0,0.0,0.0,,,2020,541640
Erasmo Ramírez,DET,p,31,"6' 0""",220,R,R,2012,1000000.0,0.0,0.0,0.0,0,0.0,,0.0,0.0,0.0,0.0,0.0,,,2021,541640
Erasmo Ramírez,WSN,p,32,"6' 0""",220,R,R,2012,1000000.0,0.0,,,0,,,0.0,0.0,0.0,0.0,0.0,,,2022,541640
Eric Haase,CLE,C,25,"5' 10""",201,R,R,2018,,-0.255186879167196,0.125,0.301,0,1.0,-20.3295702348831,0.145837433197919,0.2,0.0,0.0,0.352941176,76.8,12.0,2018,606992
Eric Haase,CLE,C,26,"5' 10""",201,R,R,2018,,-0.227390105732718,0.063,0.368,1,3.0,-13.7055894167061,0.154695917578305,0.0,0.1875,0.058823529,0.470588235,87.3,10.0,2019,606992
Eric Haase,DET,C,27,"5' 10""",201,R,R,2018,,-0.113155664222153,0.176,0.387,0,2.0,4.72474346783865,0.17612572092759,0.25,0.0,0.052631578,0.315789473,83.6,19.0,2020,606992
Eric Haase,DET,C,28,"5' 10""",201,R,R,2018,,1.04227363303481,0.231,0.745,22,61.0,99.827213019835,0.316210462352422,0.278301886,0.227920228,0.068241469,0.312335958,90.9,16.0,2021,606992
Eric Haase,DET,C,29,"5' 10""",201,R,R,2018,,1.17975217326445,0.254,0.748,14,44.0,111.41135105207,0.322309526205063,0.316279069,0.188854489,0.068376068,0.276353276,87.7,17.0,2022,606992
Eric Hosmer,SDP,1b,28,"6' 4""",226,L,L,2011,20571429.0,-0.0608864090020285,0.253,0.72,18,69.0,95.2120843837159,0.309481008299466,0.301762114,0.145187602,0.091580502,0.209748892,88.7,-1.0,2018,543333
Eric Hosmer,SDP,1b,29,"6' 4""",226,L,L,2011,20571429.0,-0.918335898462957,0.265,0.735,22,99.0,92.2127908889375,0.309090418628899,0.323462414,0.159935379,0.059970014,0.244377811,90.8,2.0,2019,543333
Eric Hosmer,SDP,1b,30,"6' 4""",226,L,L,2011,20571429.0,0.702017344660137,0.287,0.85,9,36.0,128.238629913267,0.358541898238353,0.296296296,0.230769231,0.057692307,0.179487179,90.8,9.0,2020,543333
Eric Hosmer,SDP,1b,31,"6' 4""",226,L,L,2011,20571429.0,0.872554841784158,0.269,0.732,12,65.0,103.619521035807,0.319468533653381,0.3125,0.125736738,0.084955752,0.175221238,90.5,3.0,2021,543333
Eric Hosmer,- - -,1b,32,"6' 4""",226,L,L,2011,20571429.0,0.61185945414825,0.268,0.716,8,44.0,104.095733758894,0.313026339679525,0.304207119,0.113157895,0.088305489,0.15274463,88.4,3.0,2022,543333
Eric Lauer,SDP,P,23,"6' 3""",209,R,L,2018,,-0.135082387671163,0.067,0.194,0,1.0,-52.7675126263405,0.0880104750394821,0.125,0.033333334,0.027027027,0.405405405,85.3,4.0,2018,641778
Eric Lauer,SDP,P,24,"6' 3""",209,R,L,2018,,-0.0951387543311629,0.1,0.272,0,0.0,-32.5872734868589,0.118605791068659,0.235294117,0.05,0.020833333,0.479166666,84.0,13.0,2019,641778
Eric Lauer,MIL,P,25,"6' 3""",209,R,L,2018,,0.0,,,0,,,0.0,0.0,0.0,0.0,0.0,,,2020,641778
Eric Lauer,MIL,P,26,"6' 3""",209,R,L,2018,,0.30856303975894,0.154,0.527,1,4.0,46.7230424861439,0.240024732005212,0.272727272,0.115384616,0.081081081,0.405405405,91.3,13.0,2021,641778
Eric Lauer,MIL,P,27,"6' 3""",209,R,L,2018,,0.0,,,0,,,0.0,0.0,0.0,0.0,0.0,,,2022,641778
Eric Sogard,MIL,2b,32,"5' 10""",180,L,R,2010,,-0.735682456076245,0.134,0.406,0,2.0,14.9271171573446,0.194255020704355,0.173333333,0.030927835,0.10619469,0.203539823,85.1,16.0,2018,519299
Eric Sogard,- - -,2b,33,"5' 10""",180,L,R,2010,,3.04511209838322,0.29,0.81,13,40.0,115.416018934757,0.342114577440703,0.315789473,0.166666667,0.08597285,0.142533936,85.4,19.0,2019,519299
Eric Sogard,MIL,2b,34,"5' 10""",180,L,R,2010,,-0.147895421890534,0.209,0.559,1,10.0,54.7700329505033,0.253675473853946,0.242105263,0.069565217,0.0859375,0.15625,84.4,15.0,2020,519299
Eric Sogard,CHC,2b,35,"5' 10""",180,L,R,2010,,-0.568978166750744,0.249,0.597,1,12.0,60.515939702819296,0.259474802283601,0.292857142,0.065088757,0.05,0.166666666,84.0,12.0,2021,519299
Eric Thames,MIL,1b,31,"5' 11""",235,L,R,2011,,0.450405847990328,0.219,0.784,16,37.0,105.499822904408,0.329808744635895,0.283582089,0.259109312,0.104316546,0.348920863,91.0,19.0,2018,519346
Eric Thames,MIL,1b,32,"5' 11""",235,L,R,2011,,2.31818300149613,0.247,0.851,25,61.0,116.488287231919,0.353641449750125,0.313304721,0.257575758,0.111111111,0.305010893,90.9,19.0,2019,519346
Eric Thames,WSN,1b,33,"5' 11""",235,L,R,2011,,-0.606108415066925,0.203,0.617,3,12.0,68.6709554322058,0.276263881072724,0.282051282,0.113821138,0.1,0.3,88.7,15.0,2020,519346
Eric Young Jr.,LAA,If,33,"5' 10""",195,S,R,2009,,0.0309639480130015,0.202,0.551,1,8.0,48.2140080867566,0.241254107055501,0.259259259,0.100917431,0.051282051,0.239316239,85.0,3.0,2018,458913
Erick Fedde,WSN,P,25,"6' 4""",205,R,R,2017,,-0.085128493759182,0.063,0.181,0,0.0,-54.5122528415143,0.0922976662130917,0.09090909,0.0,0.058823529,0.294117647,80.9,-16.0,2018,607200
Erick Fedde,WSN,P,26,"6' 4""",205,R,R,2017,,-0.0594434267688639,0.133,0.266,0,0.0,-39.6119467559943,0.115947635968526,0.222222222,0.0,0.0,0.3,81.5,0.0,2019,607200
Erick Fedde,WSN,P,27,"6' 4""",205,R,R,2017,,0.0,,,0,,,0.0,0.0,0.0,0.0,0.0,,,2020,607200
Erick Fedde,WSN,P,28,"6' 4""",205,R,R,2017,,-0.418820245207361,0.0,0.026,0,1.0,-97.5956189313707,0.0182030671521237,0.0,0.0,0.023255813,0.325581395,76.9,-5.0,2021,607200
Erick Fedde,WSN,P,29,"6' 4""",205,R,R,2017,,0.0,,,0,,,0.0,0.0,0.0,0.0,0.0,,,2022,607200
Erik González,CLE,2B,26,"6' 2""",205,R,R,2016,,-0.167209683015968,0.265,0.676,1,16.0,80.9516789440799,0.294255643874615,0.346534653,0.110294118,0.034965034,0.237762237,89.7,3.0,2018,570481
Erik González,PIT,2B,27,"6' 2""",205,R,R,2016,,-0.192474924501672,0.254,0.618,1,6.0,58.5062708897812,0.261896062294642,0.333333333,0.063380282,0.057692307,0.237179487,87.4,5.0,2019,570481
Erik González,PIT,2B,28,"6' 2""",205,R,R,2016,,0.218496069052283,0.227,0.614,3,20.0,60.430625436268,0.262301636238893,0.292307692,0.132596685,0.041450777,0.264248704,88.5,5.0,2020,570481
Erik González,PIT,2B,29,"6' 2""",205,R,R,2016,,-0.603298714429056,0.232,0.558,2,21.0,48.0973701028543,0.243875729204786,0.273743016,0.068181819,0.034934497,0.174672489,87.0,0.0,2021,570481
Erik González,MIA,2B,30,"6' 2""",205,R,R,2016,,-0.0979801910133908,0.189,0.484,0,3.0,40.0289608054737,0.227306284555575,0.28,0.027027027,0.097560975,0.292682926,84.4,-1.0,2022,570481
Erik Kratz,MIL,c,38,"6' 4""",250,R,R,2010,,1.06403981124975,0.236,0.635,6,23.0,70.5951442015155,0.277569395686508,0.264150943,0.118226601,0.02739726,0.182648401,89.8,13.0,2018,456124
Erik Kratz,- - -,c,39,"6' 4""",250,R,R,2010,,-0.409475386505185,0.102,0.374,1,3.0,-0.724912192110449,0.168511318710615,0.117647058,0.102040816,0.037735849,0.264150943,85.7,21.0,2019,456124
Erik Kratz,NYY,c,40,"6' 4""",250,R,R,2010,,0.29395100902748,0.321,0.76,0,4.0,113.105053284173,0.335050253073374,0.409090909,0.071428571,0.066666666,0.2,84.8,1.0,2020,456124
Erik Swanson,SEA,P,25,"6' 3""",225,R,R,2019,,-0.0221193639213766,0.0,0.0,0,0.0,-100.0,0.0,0.0,0.0,0.0,0.5,,,2019,657024
Erik Swanson,SEA,P,26,"6' 3""",225,R,R,2019,,0.0,,,0,,,0.0,0.0,0.0,0.0,0.0,,,2020,657024
Erik Swanson,SEA,P,27,"6' 3""",225,R,R,2019,,0.0,0.0,0.0,0,0.0,,0.0,0.0,0.0,0.0,0.0,,,2021,657024
Erik Swanson,SEA,P,28,"6' 3""",225,R,R,2019,,0.0,,,0,,,0.0,0.0,0.0,0.0,0.0,,,2022,657024
Ervin Santana,MIN,p,35,"6' 2""",175,R,R,2005,,0.0,,,0,,,0.0,0.0,0.0,0.0,0.0,,,2018,429722
Ervin Santana,CHW,p,36,"6' 2""",175,R,R,2005,,0.0,,,0,,,0.0,0.0,0.0,0.0,0.0,,,2019,429722
Ervin Santana,KCR,p,38,"6' 2""",175,R,R,2005,,0.0,0.0,0.0,0,0.0,,0.0,0.0,0.0,0.0,0.0,,,2021,429722
Eugenio Suárez,CIN,3b,26,"5' 11""",213,R,R,2014,15000000.0,4.42036728646287,0.283,0.892,34,104.0,134.64546562018,0.376405278907992,0.322128851,0.242884251,0.105610561,0.234323432,91.2,15.0,2018,553993
Eugenio Suárez,CIN,3b,27,"5' 11""",213,R,R,2014,15000000.0,4.33705104560317,0.271,0.93,49,103.0,130.48772739733,0.380714479731934,0.311953352,0.300869566,0.105740181,0.285498489,89.1,18.0,2019,553993
Eugenio Suárez,CIN,3b,28,"5' 11""",213,R,R,2014,15000000.0,1.11816384747002,0.202,0.782,15,38.0,99.8244005511635,0.331812801050103,0.213675213,0.267676767,0.129870129,0.29004329,89.1,18.0,2020,553993
Eugenio Suárez,CIN,3b,29,"5' 11""",213,R,R,2014,15000000.0,-0.0175788227374328,0.198,0.714,31,79.0,84.9532859193273,0.306111634608345,0.224025974,0.229702971,0.097560975,0.297909407,89.1,18.0,2021,553993
Eugenio Suárez,SEA,3b,30,"5' 11""",213,R,R,2014,15000000.0,4.33086175069989,0.236,0.791,31,87.0,132.024777557863,0.344202849557934,0.302180685,0.222836095,0.116057233,0.311605723,89.8,20.0,2022,553993
Evan Gattis,HOU,dh,31,"6' 4""",270,R,R,2013,,0.0675049138656796,0.226,0.736,25,78.0,98.8762633466489,0.310661165777984,0.23183391,0.226044226,0.073170731,0.223946784,87.6,18.0,2018,594828
Evan Longoria,SFG,3b,32,"6' 1""",213,R,R,2008,,0.415357480908244,0.244,0.694,16,54.0,85.5044243728692,0.294727416661493,0.274456521,0.16875,0.04296875,0.197265625,88.5,14.0,2018,446334
Evan Longoria,SFG,3b,33,"6' 1""",213,R,R,2008,,2.03112178634827,0.254,0.762,20,69.0,100.258693709889,0.322175919304233,0.291411042,0.183222958,0.084645669,0.22047244,89.7,14.0,2019,446334
Evan Longoria,SFG,3b,34,"6' 1""",213,R,R,2008,,0.923445985095538,0.254,0.722,7,28.0,92.5615928664379,0.307631965459249,0.28,0.170984456,0.052631578,0.18660287,91.7,11.0,2020,446334
Evan Longoria,SFG,3b,35,"6' 1""",213,R,R,2008,,1.96629269375214,0.261,0.833,13,46.0,123.298019549523,0.351929860455649,0.304597701,0.221343873,0.120274914,0.233676975,94.1,16.0,2021,446334
Evan Longoria,SFG,3b,36,"6' 1""",213,R,R,2008,,1.40764527544581,0.244,0.766,14,42.0,114.801876339773,0.329907352859909,0.296511627,0.206766917,0.090604026,0.278523489,91.1,18.0,2022,446334
Evan Marshall,CLE,P,28,"6' 2""",235,R,R,2014,,0.0,0.0,0.0,0,0.0,,0.0,0.0,0.0,0.0,0.0,,,2018,605359
Evan Marshall,CHW,P,29,"6' 2""",235,R,R,2014,,0.0,0.0,0.0,0,0.0,,0.0,0.0,0.0,0.0,0.0,,,2019,605359
Evan Marshall,CHW,P,30,"6' 2""",235,R,R,2014,,0.0,,,0,,,0.0,0.0,0.0,0.0,0.0,,,2020,605359
Evan Marshall,CHW,P,31,"6' 2""",235,R,R,2014,,0.0,,,0,,,0.0,0.0,0.0,0.0,0.0,,,2021,605359
Evan Phillips,- - -,P,23,"6' 2""",215,R,R,2018,,0.0,0.0,0.0,0,0.0,,0.0,0.0,0.0,0.0,0.0,,,2018,623465
Evan Phillips,BAL,P,24,"6' 2""",215,R,R,2018,,0.0,0.0,0.0,0,0.0,,0.0,0.0,0.0,0.0,0.0,,,2019,623465
Evan Phillips,BAL,P,25,"6' 2""",215,R,R,2018,,0.0,,,0,,,0.0,0.0,0.0,0.0,0.0,,,2020,623465
Evan Phillips,- - -,P,26,"6' 2""",215,R,R,2018,,-0.0327031478419429,0.0,0.0,0,0.0,-100.0,0.0,0.0,0.0,0.0,1.0,,,2021,623465
Evan Phillips,LAD,P,27,"6' 2""",215,R,R,2018,,0.0480817526646838,0.0,1.0,0,0.0,359.894855387951,0.688743948936462,0.0,0.0,1.0,0.0,,,2022,623465
Fernando Abad,SFG,p,33,"6' 2""",235,L,L,2010,1.0,0.0,0.0,0.0,0,0.0,,0.0,0.0,0.0,0.0,0.0,,,2019,472551
Fernando Abad,BAL,p,35,"6' 2""",235,L,L,2010,1.0,0.0,0.0,0.0,0,0.0,,0.0,0.0,0.0,0.0,0.0,,,2021,472551
Fernando Rodney,- - -,p,41,"5' 11""",240,R,R,2002,,0.0,0.0,0.0,0,0.0,,0.0,0.0,0.0,0.0,0.0,,,2018,407845
Fernando Rodney,- - -,p,42,"5' 11""",240,R,R,2002,,0.0,0.0,0.0,0,0.0,,0.0,0.0,0.0,0.0,0.0,,,2019,407845
Fernando Salas,ARI,p,33,"6' 2""",200,R,R,2010,,-0.0115418558623735,0.0,0.0,0,0.0,-100.0,0.0,0.0,0.0,0.0,0.0,87.0,-25.0,2018,477569
Fernando Salas,PHI,p,34,"6' 2""",200,R,R,2010,,0.0,0.0,0.0,0,0.0,,0.0,0.0,0.0,0.0,0.0,,,2019,477569
Fernando Tatis Jr.,SDP,RF,20,"6' 3""",217,R,R,2019,,2.96779145547307,0.317,0.969,22,53.0,150.713883077784,0.398381708767215,0.409756097,0.27245509,0.080645161,0.295698924,90.4,7.0,2019,665487
Fernando Tatis Jr.,SDP,RF,21,"6' 3""",217,R,R,2019,,3.31470422236563,0.277,0.937,17,45.0,150.539883078769,0.392314494587481,0.306122448,0.294642857,0.105058365,0.237354085,95.9,9.0,2020,665487
Fernando Tatis Jr.,SDP,RF,22,"6' 3""",217,R,R,2019,,6.78151180114002,0.282,0.975,42,97.0,157.698780334346,0.402678232281296,0.324041811,0.328451883,0.113553113,0.28021978,93.9,14.0,2021,665487
Framber Valdez,HOU,p,24,"5' 11""",230,R,L,2018,38333333.0,0.0,,,0,,,0.0,0.0,0.0,0.0,0.0,,,2018,664285
Framber Valdez,HOU,p,25,"5' 11""",230,R,L,2018,38333333.0,0.0,,,0,,,0.0,0.0,0.0,0.0,0.0,,,2019,664285
Framber Valdez,HOU,p,26,"5' 11""",230,R,L,2018,38333333.0,0.0,,,0,,,0.0,0.0,0.0,0.0,0.0,,,2020,664285
Framber Valdez,HOU,p,27,"5' 11""",230,R,L,2018,38333333.0,-0.0422281966033158,0.0,0.0,0,0.0,-100.0,0.0,0.0,0.0,0.0,0.5,55.0,-29.0,2021,664285
Framber Valdez,HOU,p,28,"5' 11""",230,R,L,2018,38333333.0,0.0,,,0,,,0.0,0.0,0.0,0.0,0.0,,,2022,664285
Franchy Cordero,SDP,OF,23,"6' 3""",225,L,R,2017,,0.307848182291732,0.237,0.746,7,19.0,103.613768089789,0.322055210475049,0.337662337,0.201438849,0.09090909,0.357142857,94.1,7.0,2018,614173
Franchy Cordero,SDP,OF,24,"6' 3""",225,L,R,2017,,0.103105618579096,0.333,0.85,0,1.0,133.962368341261,0.372813564538956,0.555555555,0.066666667,0.2,0.35,92.4,20.0,2019,614173
Franchy Cordero,KCR,OF,25,"6' 3""",225,L,R,2017,,0.100394194185086,0.211,0.733,2,7.0,93.4223863339654,0.312270615782057,0.1875,0.236842106,0.095238095,0.095238095,91.2,-1.0,2020,614173
Franchy Cordero,BOS,OF,26,"6' 3""",225,L,R,2017,,-0.841335580092654,0.189,0.497,1,9.0,30.2517847403849,0.221733856642688,0.306666666,0.070866142,0.058823529,0.375,88.6,8.0,2021,614173
Franchy Cordero,BOS,OF,27,"6' 3""",225,L,R,2017,,-0.339958678013024,0.219,0.697,8,29.0,91.8390731779164,0.304421810761971,0.3125,0.17768595,0.101818181,0.334545454,89.7,13.0,2022,614173
Francisco Cervelli,PIT,c,32,"6' 0""",220,R,R,2008,,1.9602969907985,0.259,0.809,12,57.0,123.837787639284,0.354979109288451,0.308333333,0.171686747,0.126237623,0.207920792,88.7,16.0,2018,465041
Francisco Cervelli,- - -,c,33,"6' 0""",220,R,R,2008,,0.0628426882961712,0.213,0.65,3,12.0,72.6920034411611,0.28492941084148,0.278350515,0.134751773,0.08125,0.25625,86.9,12.0,2019,465041
Francisco Cervelli,MIA,c,34,"6' 0""",220,R,R,2008,,0.343426974330702,0.245,0.808,3,7.0,122.150977287199,0.351495142905943,0.277777777,0.20754717,0.129032258,0.225806451,89.0,13.0,2020,465041
Francisco Lindor,CLE,SS,24,"5' 10""",190,S,R,2015,,7.79527559025935,0.277,0.871,38,92.0,131.523870684173,0.368364467264033,0.279383429,0.242057489,0.093959731,0.143624161,90.6,15.0,2018,596019
Francisco Lindor,CLE,SS,25,"5' 10""",190,S,R,2015,,6.06079018500697,0.284,0.853,32,74.0,117.932826046927,0.34933322362648,0.29113924,0.234113712,0.070336391,0.149847094,91.0,12.0,2019,596019
Francisco Lindor,CLE,SS,26,"5' 10""",190,S,R,2015,,1.8479794104266,0.258,0.75,8,27.0,104.542331142582,0.3239277519963,0.28042328,0.156779661,0.090225563,0.154135338,89.9,13.0,2020,596019
Francisco Lindor,NYM,SS,27,"5' 10""",190,S,R,2015,,3.94486054534774,0.23,0.734,20,63.0,101.204269091117,0.316734638195557,0.24778761,0.181415929,0.110687022,0.183206106,90.7,14.0,2021,596019
Francisco Lindor,NYM,SS,28,"5' 10""",190,S,R,2015,,6.35223140571386,0.27,0.788,26,107.0,124.497569766782,0.341811351308768,0.30125523,0.17936508,0.083569405,0.188385269,89.3,14.0,2022,596019
Francisco Liriano,DET,p,34,"6' 3""",220,L,L,2005,,-0.0219987574651507,0.0,0.0,0,0.0,-100.0,0.0,0.0,0.0,0.0,0.0,102.4,5.0,2018,434538
Francisco Liriano,PIT,p,35,"6' 3""",220,L,L,2005,,0.106018104918362,1.0,2.0,0,0.0,397.920932834513,0.779950886964798,1.0,0.0,0.5,0.0,63.4,-55.0,2019,434538
Francisco Mejía,- - -,C,22,"5' 8""",188,S,R,2017,,-0.0774815858953211,0.179,0.633,3,8.0,73.0604198616827,0.276653414772403,0.205882352,0.196428572,0.080645161,0.306451612,86.7,9.0,2018,642336
Francisco Mejía,SDP,C,23,"5' 8""",188,S,R,2017,,0.550092322702029,0.265,0.754,8,22.0,97.3995242077384,0.31700702483762,0.319018404,0.172566372,0.053278688,0.229508196,88.4,20.0,2019,642336
Francisco Mejía,SDP,C,24,"5' 8""",188,S,R,2017,,-0.428014085372173,0.077,0.322,1,2.0,-10.1695814910801,0.148939118498848,0.068965517,0.102564103,0.023809523,0.214285714,81.5,23.0,2020,642336
Francisco Mejía,TBR,C,25,"5' 8""",188,S,R,2017,,1.22593294337579,0.26,0.738,6,35.0,106.880140022397,0.319643919882567,0.299492385,0.156,0.061371841,0.176895306,85.7,15.0,2021,642336
Francisco Mejía,TBR,C,26,"5' 8""",188,S,R,2017,,0.274166244460718,0.242,0.645,6,31.0,84.0245532309643,0.279491203684472,0.292237442,0.138408305,0.023411371,0.217391304,86.8,16.0,2022,642336
Frankie Montas,OAK,p,25,"6' 2""",255,R,R,2015,17000000.0,-0.0513605392662658,0.0,0.0,0,0.0,-100.0,0.0,0.0,0.0,0.0,1.0,,,2018,593423
Frankie Montas,OAK,p,26,"6' 2""",255,R,R,2015,17000000.0,0.0354420193876909,0.0,0.5,0,0.0,119.119105317504,0.345147252082825,0.0,0.0,0.5,0.0,87.0,-11.0,2019,593423
Frankie Montas,OAK,p,27,"6' 2""",255,R,R,2015,17000000.0,0.0,,,0,,,0.0,0.0,0.0,0.0,0.0,,,2020,593423
Frankie Montas,OAK,p,28,"6' 2""",255,R,R,2015,17000000.0,-0.0404206135326541,0.0,0.0,0,0.0,-100.0,0.0,0.0,0.0,0.0,0.75,88.1,-10.0,2021,593423
Frankie Montas,- - -,p,29,"6' 2""",255,R,R,2015,17000000.0,0.0,,,0,,,0.0,0.0,0.0,0.0,0.0,,,2022,593423
Franmil Reyes,SDP,RF,22,"6' 5""",265,R,R,2018,,1.10526232839397,0.28,0.838,16,31.0,128.697463273209,0.359596192209344,0.345454545,0.218390805,0.084210526,0.280701754,91.9,7.0,2018,614177
Franmil Reyes,- - -,RF,23,"6' 5""",265,R,R,2018,,1.11159277849385,0.249,0.822,37,81.0,110.735773455691,0.338019542001065,0.279220779,0.263157894,0.085766423,0.284671532,93.3,10.0,2019,614177
Franmil Reyes,CLE,RF,24,"6' 5""",265,R,R,2018,,0.772007489130235,0.275,0.794,9,34.0,116.037067318681,0.340711647544164,0.355072463,0.17535545,0.099585062,0.286307053,92.4,11.0,2020,614177
Franmil Reyes,CLE,RF,25,"6' 5""",265,R,R,2018,,1.71486691507433,0.254,0.846,30,85.0,127.869729512466,0.35425653905642,0.314049586,0.267942584,0.092274678,0.319742489,92.0,10.0,2021,614177
Franmil Reyes,- - -,RF,26,"6' 5""",265,R,R,2018,,-0.945233052653941,0.221,0.638,14,47.0,81.081973164025,0.279756884998297,0.307407407,0.143835616,0.063424947,0.33192389,92.0,10.0,2022,614177
Freddie Freeman,ATL,1b,28,"6' 4""",220,L,R,2010,27000000.0,4.60195267484327,0.309,0.893,23,98.0,135.922876932037,0.377866091659601,0.358208955,0.19579288,0.107496463,0.186704384,89.1,15.0,2018,518692
Freddie Freeman,ATL,1b,29,"6' 4""",220,L,R,2010,27000000.0,4.37503076130715,0.295,0.938,38,121.0,137.381554268056,0.387084588080251,0.31797235,0.254606365,0.125722543,0.183526011,89.7,14.0,2019,518692
Freddie Freeman,ATL,1b,30,"6' 4""",220,L,R,2010,27000000.0,2.97676040832544,0.341,1.102,13,53.0,186.394276628419,0.455976847106335,0.365853658,0.29906542,0.171755725,0.141221374,92.4,17.0,2020,518692
Freddie Freeman,ATL,1b,31,"6' 4""",220,L,R,2010,27000000.0,4.68032970351757,0.3,0.896,31,83.0,135.995033719374,0.379146418326041,0.321120689,0.203333333,0.122302158,0.153956834,91.4,12.0,2021,518692
Freddie Freeman,LAD,1b,32,"6' 4""",220,L,R,2010,27000000.0,6.79307723278083,0.325,0.918,21,100.0,157.361820443103,0.392545278130592,0.358870967,0.18627451,0.118644067,0.144067796,91.3,14.0,2022,518692
Freddy Galvis,SDP,ss,28,"5' 10""",190,S,R,2012,,2.15451480681925,0.248,0.679,13,67.0,84.8873089461987,0.29402865156828,0.303571428,0.132890366,0.06859756,0.224085365,88.6,14.0,2018,520471
Freddy Galvis,- - -,ss,29,"5' 10""",190,S,R,2012,,2.21667871182644,0.26,0.734,23,70.0,89.2599208590568,0.307386007991316,0.31202046,0.177737882,0.0475382,0.246179966,88.8,15.0,2019,520471
Freddy Galvis,CIN,ss,30,"5' 10""",190,S,R,2012,,0.086603098362759,0.22,0.712,7,16.0,86.4551115975665,0.311566602508977,0.23076923,0.184397163,0.081761006,0.188679245,87.0,14.0,2020,520471
Freddy Galvis,- - -,ss,31,"5' 10""",190,S,R,2012,,1.01958645079655,0.242,0.709,14,40.0,90.3304963636996,0.305398275760504,0.268656716,0.165730337,0.068527918,0.195431472,86.8,14.0,2021,520471
Freddy Peralta,MIL,P,22,"6' 0""",198,R,R,2018,,-0.232552282028768,0.038,0.076,0,1.0,-92.2650677270869,0.0338281049178197,0.076923076,0.0,0.0,0.481481481,81.7,-10.0,2018,642547
Freddy Peralta,MIL,P,23,"6' 0""",198,R,R,2018,,-0.0648155013344745,0.133,0.266,0,1.0,-39.2418818720978,0.115947635968526,0.222222222,0.0,0.0,0.375,73.2,-3.0,2019,642547
Freddy Peralta,MIL,P,24,"6' 0""",198,R,R,2018,,0.0,,,0,,,0.0,0.0,0.0,0.0,0.0,,,2020,642547
Freddy Peralta,MIL,P,25,"6' 0""",198,R,R,2018,,-0.151984473608905,0.093,0.207,0,0.0,-47.1180907571613,0.0956349508328871,0.19047619,0.0,0.022222222,0.488888888,82.3,-9.0,2021,642547
Freddy Peralta,MIL,P,26,"6' 0""",198,R,R,2018,,0.0,,,0,,,0.0,0.0,0.0,0.0,0.0,,,2022,642547
Félix Hernández,SEA,p,32,"6' 3""",220,R,R,2005,,-0.0413310318999782,0.0,0.0,0,0.0,-100.0,0.0,0.0,0.0,0.0,0.0,80.3,-32.0,2018,433587
Félix Hernández,SEA,p,33,"6' 3""",220,R,R,2005,,-0.0331790458820649,0.0,0.0,0,0.0,-100.0,0.0,0.0,0.0,0.0,0.666666666,95.9,-18.0,2019,433587
Félix Peña,LAA,P,28,"6' 2""",220,R,R,2016,,-0.0642176491408522,0.0,0.0,0,0.0,-100.0,0.0,0.0,0.0,0.0,0.166666666,87.7,-3.0,2018,570240
Félix Peña,LAA,P,29,"6' 2""",220,R,R,2016,,-0.0233679359993381,0.0,0.0,0,0.0,-100.0,0.0,0.0,0.0,0.0,0.0,87.1,-24.0,2019,570240
Félix Peña,LAA,P,30,"6' 2""",220,R,R,2016,,0.0,,,0,,,0.0,0.0,0.0,0.0,0.0,,,2020,570240
Félix Peña,LAA,P,31,"6' 2""",220,R,R,2016,,0.0,,,0,,,0.0,0.0,0.0,0.0,0.0,,,2021,570240
Gabe Speier,KCR,P,24,"5' 11""",200,L,L,2019,,0.0,0.0,0.0,0,0.0,,0.0,0.0,0.0,0.0,0.0,,,2019,642100
Gabe Speier,KCR,P,25,"5' 11""",200,L,L,2019,,0.0,,,0,,,0.0,0.0,0.0,0.0,0.0,,,2020,642100
Gabe Speier,KCR,P,26,"5' 11""",200,L,L,2019,,0.0,,,0,,,0.0,0.0,0.0,0.0,0.0,,,2021,642100
Gabe Speier,KCR,P,27,"5' 11""",200,L,L,2019,,0.0,,,0,,,0.0,0.0,0.0,0.0,0.0,,,2022,642100
Garrett Cleavinger,PHI,P,26,"6' 1""",225,R,L,2020,,0.0,,,0,,,0.0,0.0,0.0,0.0,0.0,,,2020,664076
Garrett Cleavinger,LAD,P,27,"6' 1""",225,R,L,2020,,0.0955923121009101,0.5,1.5,0,0.0,296.729329096826,0.620823264122009,1.0,0.5,0.0,0.333333333,91.4,16.0,2021,664076
Garrett Cleavinger,- - -,P,28,"6' 1""",225,R,L,2020,,0.0,,,0,,,0.0,0.0,0.0,0.0,0.0,,,2022,664076
Garrett Cooper,MIA,1b,27,"6' 4""",235,R,R,2017,,0.156681456378768,0.212,0.558,0,2.0,66.5697718776761,0.263230330065677,0.333333333,0.03030303,0.105263157,0.315789473,86.8,0.0,2018,643265
Garrett Cooper,MIA,1b,28,"6' 4""",235,R,R,2017,,1.40959773518423,0.281,0.79,15,50.0,110.675413254035,0.336544008266331,0.356589147,0.16535433,0.078384798,0.26128266,89.1,5.0,2019,643265
Garrett Cooper,MIA,1b,29,"6' 4""",235,R,R,2017,,0.295665542269661,0.283,0.853,6,20.0,131.211971799049,0.365216941761791,0.337349397,0.216666667,0.082706766,0.233082706,90.1,10.0,2020,643265
Garrett Cooper,MIA,1b,30,"6' 4""",235,R,R,2017,,0.827349996307656,0.284,0.845,9,33.0,128.962286388968,0.366894423246384,0.374100719,0.181395349,0.12,0.272,91.1,8.0,2021,643265
Garrett Cooper,MIA,1b,31,"6' 4""",235,R,R,2017,,1.21351139915193,0.261,0.752,9,50.0,110.288773914851,0.330059216983283,0.340206185,0.154589372,0.085287846,0.253731343,89.6,9.0,2022,643265
Garrett Hampson,COL,2b,23,"5' 10""",196,R,R,2018,,0.175987656113097,0.275,0.796,0,4.0,108.726907561855,0.354659716288249,0.392857142,0.125,0.145833333,0.25,85.3,12.0,2018,641658
Garrett Hampson,COL,2b,24,"5' 10""",196,R,R,2018,,-0.200819258116215,0.247,0.687,8,27.0,64.1846140868819,0.291815700906294,0.321951219,0.137123746,0.073394495,0.269113149,85.8,13.0,2019,641658
Garrett Hampson,COL,2b,25,"5' 10""",196,R,R,2018,,0.157729875358352,0.234,0.67,5,11.0,64.1485782065941,0.289696723058079,0.330097087,0.149700598,0.070652173,0.326086956,86.3,14.0,2020,641658
Garrett Hampson,COL,2b,26,"5' 10""",196,R,R,2018,,0.188980853379247,0.234,0.669,11,33.0,63.8108631340448,0.288218660710536,0.291411042,0.145695365,0.066801619,0.238866396,87.0,13.0,2021,641658
Garrett Hampson,COL,2b,27,"5' 10""",196,R,R,2018,,-0.202336099609497,0.211,0.594,2,15.0,56.4297024167435,0.266716250656966,0.294117647,0.095477387,0.092920353,0.278761061,86.5,10.0,2022,641658
Garrett Richards,LAA,p,30,"6' 2""",210,R,R,2011,5500000.0,0.0,,,0,,,0.0,0.0,0.0,0.0,0.0,,,2018,572070
Garrett Richards,SDP,p,31,"6' 2""",210,R,R,2011,5500000.0,-0.0357170206137906,0.0,0.0,0,0.0,-100.0,0.0,0.0,0.0,0.0,0.333333333,82.9,-21.0,2019,572070
Garrett Richards,SDP,p,32,"6' 2""",210,R,R,2011,5500000.0,0.0,,,0,,,0.0,0.0,0.0,0.0,0.0,,,2020,572070
Garrett Richards,BOS,p,33,"6' 2""",210,R,R,2011,5500000.0,0.0460281606920799,0.2,0.6,0,1.0,48.22431815198991,0.248329305648804,0.333333333,0.2,0.0,0.4,89.7,1.0,2021,572070
Garrett Richards,TEX,p,34,"6' 2""",210,R,R,2011,5500000.0,0.0,,,0,,,0.0,0.0,0.0,0.0,0.0,,,2022,572070
Garrett Stubbs,HOU,C,26,"5' 9""",170,L,R,2019,,-0.0655484440633923,0.2,0.568,0,2.0,55.8015705994315,0.253579478997451,0.25,0.085714285,0.102564102,0.179487179,84.8,13.0,2019,596117
Garrett Stubbs,HOU,C,27,"5' 9""",170,L,R,2019,,-0.147910124330975,0.125,0.236,0,1.0,-49.4064407957148,0.0980584224065145,0.111111111,0.0,0.0,0.0,84.4,2.0,2020,596117
Garrett Stubbs,HOU,C,28,"5' 9""",170,L,R,2019,,-0.15389859606207,0.176,0.457,0,3.0,25.8416701372138,0.205081873469883,0.222222222,0.058823529,0.052631578,0.184210526,84.8,14.0,2021,596117
Garrett Stubbs,PHI,C,29,"5' 9""",170,L,R,2019,,0.678958550453074,0.264,0.812,5,16.0,129.153780202355,0.354658215244611,0.323943661,0.198113207,0.115702479,0.247933884,85.2,15.0,2022,596117
Gary Sánchez,NYY,c,25,"6' 2""",251,R,R,2015,1500000.0,1.02590783694731,0.186,0.697,18,53.0,90.2945321834609,0.303812138696405,0.197183098,0.219814242,0.122994652,0.251336898,90.1,14.0,2018,596142
Gary Sánchez,NYY,c,26,"6' 2""",251,R,R,2015,1500000.0,2.07117343682521,0.232,0.841,34,77.0,116.483380886376,0.345867675260281,0.243697478,0.292929293,0.089686098,0.280269058,91.0,19.0,2019,596142
Gary Sánchez,NYY,c,27,"6' 2""",251,R,R,2015,1500000.0,-0.205646553133975,0.147,0.618,10,24.0,69.0109818493649,0.270666845059127,0.158536585,0.217948718,0.101123595,0.359550561,91.8,19.0,2020,596142
Gary Sánchez,NYY,c,28,"6' 2""",251,R,R,2015,1500000.0,1.14421085594555,0.204,0.73,23,54.0,100.909121809677,0.314426436577018,0.230125523,0.219321149,0.118181818,0.275,89.5,21.0,2021,596142
Gary Sánchez,MIN,c,29,"6' 2""",251,R,R,2015,1500000.0,1.38178878376315,0.205,0.659,16,61.0,88.2184895034502,0.290182284109152,0.257352941,0.171837709,0.08492569,0.288747346,90.5,14.0,2022,596142
Gavin Lux,LAD,LF,21,"5' 11""",190,L,R,2019,,0.294784592265888,0.24,0.705,2,9.0,85.9049819062626,0.300883974243955,0.326530612,0.16,0.085365853,0.292682926,88.8,13.0,2019,666158
Gavin Lux,LAD,LF,22,"5' 11""",190,L,R,2019,,0.0193817743857672,0.175,0.595,3,8.0,60.726027642966,0.259443217429562,0.195121951,0.174603175,0.086956521,0.275362318,87.1,14.0,2020,666158
Gavin Lux,LAD,LF,23,"5' 11""",190,L,R,2019,,0.971616825208036,0.242,0.692,7,46.0,90.3766426425148,0.303316236961456,0.299595141,0.12238806,0.107611548,0.217847769,89.8,11.0,2021,666158
Gavin Lux,LAD,LF,24,"5' 11""",190,L,R,2019,,2.69548454386973,0.276,0.745,6,42.0,113.392216129429,0.328241011139694,0.340557275,0.12351544,0.099787685,0.201698513,88.0,7.0,2022,666158
Geoff Hartlieb,PIT,P,25,"6' 5""",240,R,R,2019,,0.0,0.0,0.0,0,0.0,,0.0,0.0,0.0,0.0,0.0,,,2019,664129
Geoff Hartlieb,PIT,P,26,"6' 5""",240,R,R,2019,,0.0,,,0,,,0.0,0.0,0.0,0.0,0.0,,,2020,664129
Geoff Hartlieb,- - -,P,27,"6' 5""",240,R,R,2019,,0.0,0.0,0.0,0,0.0,,0.0,0.0,0.0,0.0,0.0,,,2021,664129
George Kontos,- - -,P,33,"6' 3""",225,R,R,2011,,0.0,0.0,0.0,0,0.0,,0.0,0.0,0.0,0.0,0.0,,,2018,502004
George Springer,HOU,cf,28,"6' 1""",220,R,R,2014,25000000.0,3.16992882527587,0.265,0.78,22,71.0,118.712314035972,0.339729045312126,0.302729528,0.169117647,0.103225806,0.196774193,88.6,10.0,2018,543807
George Springer,HOU,cf,29,"6' 1""",220,R,R,2014,25000000.0,6.09965494200109,0.292,0.974,39,96.0,155.154245807942,0.400479887842058,0.305135951,0.298538622,0.120503597,0.20323741,89.8,10.0,2019,543807
George Springer,HOU,cf,30,"6' 1""",220,R,R,2014,25000000.0,1.96604260388187,0.265,0.899,14,32.0,142.991582460559,0.378985994512385,0.258992805,0.275132275,0.108108108,0.171171171,88.7,18.0,2020,543807
George Springer,TOR,cf,31,"6' 1""",220,R,R,2014,25000000.0,2.62989460077139,0.264,0.907,22,50.0,140.143523018633,0.381227189477752,0.28643216,0.2909699,0.108187134,0.230994152,89.4,19.0,2021,543807
George Springer,TOR,cf,32,"6' 1""",220,R,R,2014,25000000.0,4.01951980065349,0.267,0.814,25,76.0,132.599316806844,0.352100313844153,0.284987277,0.204678362,0.092624356,0.171526586,88.7,14.0,2022,543807
Gerardo Parra,COL,If,31,"5' 11""",209,L,L,2009,1.0,-0.408040557013405,0.284,0.714,6,53.0,80.7831576763194,0.312838294190359,0.334365325,0.087281796,0.072234762,0.169300225,86.8,9.0,2018,467827
Gerardo Parra,- - -,If,32,"5' 11""",209,L,L,2009,1.0,-0.213787102765613,0.234,0.684,9,48.0,74.3218927516701,0.287687614509955,0.264423076,0.156934306,0.063122923,0.196013289,86.2,10.0,2019,467827
Gerardo Parra,WSN,If,34,"5' 11""",209,L,L,2009,1.0,-0.300214656095149,0.237,0.643,2,10.0,73.7784355083857,0.281889804129331,0.318181818,0.113402061,0.056074766,0.280373831,87.5,16.0,2021,467827
Germán Márquez,COL,p,23,"6' 1""",230,R,R,2016,1750000.0,0.672470016668736,0.3,0.65,1,5.0,60.8779018459081,0.283047514160474,0.354166666,0.05,0.0,0.169230769,87.2,2.0,2018,608566
Germán Márquez,COL,p,24,"6' 1""",230,R,R,2016,1750000.0,0.343804284282912,0.229,0.583,0,11.0,31.5101582552258,0.241944079597791,0.323529411,0.125,0.0,0.24137931,81.1,9.0,2019,608566
Germán Márquez,COL,p,25,"6' 1""",230,R,R,2016,1750000.0,0.0,,,0,,,0.0,0.0,0.0,0.0,0.0,,,2020,608566
Germán Márquez,COL,p,26,"6' 1""",230,R,R,2016,1750000.0,0.635597227674474,0.264,0.679,1,9.0,63.4626654211201,0.287682902138188,0.333333333,0.150943396,0.0,0.216666666,85.3,6.0,2021,608566
Germán Márquez,COL,p,27,"6' 1""",230,R,R,2016,1750000.0,0.0,,,0,,,0.0,0.0,0.0,0.0,0.0,,,2022,608566
Gerrit Cole,HOU,p,27,"6' 4""",220,R,R,2013,36000000.0,-0.0926731917836862,0.0,0.0,0,0.0,-100.0,0.0,0.0,0.0,0.0,0.888888888,82.9,42.0,2018,543037
Gerrit Cole,HOU,p,28,"6' 4""",220,R,R,2013,36000000.0,-0.0792641517468721,0.0,0.0,0,0.0,-100.0,0.0,0.0,0.0,0.0,0.714285714,85.0,-40.0,2019,543037
Gerrit Cole,NYY,p,29,"6' 4""",220,R,R,2013,36000000.0,0.0,,,0,,,0.0,0.0,0.0,0.0,0.0,,,2020,543037
Gerrit Cole,NYY,p,30,"6' 4""",220,R,R,2013,36000000.0,0.0,,,0,,,0.0,0.0,0.0,0.0,0.0,,,2021,543037
Gerrit Cole,NYY,p,31,"6' 4""",220,R,R,2013,36000000.0,0.0,,,0,,,0.0,0.0,0.0,0.0,0.0,,,2022,543037
Giancarlo Stanton,NYY,DH,28,"6' 5""",245,R,R,2010,,3.77566674918476,0.266,0.852,38,100.0,128.418222108179,0.359678845405579,0.333333333,0.243111831,0.09929078,0.29929078,93.6,12.0,2018,519317
Giancarlo Stanton,NYY,DH,29,"6' 5""",245,R,R,2010,,0.433846096562245,0.288,0.895,3,13.0,139.17172215979,0.379414095646805,0.424242424,0.20338983,0.166666666,0.333333333,92.7,8.0,2019,519317
Giancarlo Stanton,NYY,DH,30,"6' 5""",245,R,R,2010,,0.450423951942409,0.25,0.887,4,11.0,143.321201690097,0.379169985004093,0.333333333,0.25,0.159574468,0.287234042,91.1,8.0,2020,519317
Giancarlo Stanton,NYY,DH,31,"6' 5""",245,R,R,2010,,3.04788439647459,0.273,0.87,35,97.0,138.150251746692,0.369535226722902,0.323987538,0.243137255,0.10880829,0.271157167,95.1,10.0,2021,519317
Giancarlo Stanton,NYY,DH,32,"6' 5""",245,R,R,2010,,1.12114535385124,0.211,0.759,31,78.0,113.464102903421,0.326902519090138,0.227467811,0.251256281,0.110619469,0.303097345,95.0,11.0,2022,519317
Gio Gonzalez,- - -,p,32,"6' 0""",205,R,L,2008,,-0.238597412007831,0.078,0.194,0,1.0,-57.9169547668621,0.0879883972498087,0.2,0.019607843,0.018181818,0.563636363,82.6,6.0,2018,461829
Gio Gonzalez,MIL,p,33,"6' 0""",205,R,L,2008,,-0.210425401007693,0.04,0.117,0,0.0,-75.8996434214834,0.0599962220742152,0.125,0.0,0.035714285,0.607142857,76.9,11.0,2019,461829
Gio Gonzalez,CHW,p,34,"6' 0""",205,R,L,2008,,0.0,,,0,,,0.0,0.0,0.0,0.0,0.0,,,2020,461829
Gio Urshela,TOR,ss,26,"6' 0""",215,R,R,2015,2150000.0,-0.11504725546445,0.233,0.609,1,3.0,66.4069521418552,0.269860506057739,0.28125,0.093023256,0.04347826,0.217391304,85.7,18.0,2018,570482
Gio Urshela,NYY,ss,27,"6' 0""",215,R,R,2015,2150000.0,3.11798101913073,0.314,0.889,21,74.0,132.17395243961,0.369067366374166,0.349112426,0.219457013,0.052521008,0.182773109,90.5,14.0,2019,570482
Gio Urshela,NYY,ss,28,"6' 0""",215,R,R,2015,2150000.0,1.15891521035014,0.298,0.858,6,30.0,133.622954603136,0.365009210575586,0.314516129,0.19205298,0.103448275,0.14367816,91.4,12.0,2020,570482
Gio Urshela,NYY,ss,29,"6' 0""",215,R,R,2015,2150000.0,1.24470143928768,0.267,0.72,14,49.0,97.4277328375916,0.309274736437862,0.32885906,0.152380953,0.045248868,0.246606334,88.9,8.0,2021,570482
Gio Urshela,MIN,ss,30,"6' 0""",215,R,R,2015,2150000.0,2.57050053282906,0.285,0.767,13,64.0,118.021819719323,0.332397888049836,0.325814536,0.143712575,0.074410163,0.174228675,88.9,12.0,2022,570482
Giovanny Gallegos,- - -,P,26,"6' 2""",205,R,R,2017,,-0.0107779288009708,0.0,0.0,0,0.0,-100.0,0.0,0.0,0.0,0.0,0.0,82.0,-37.0,2018,606149
Giovanny Gallegos,STL,P,27,"6' 2""",205,R,R,2017,,-0.035584994994212,0.0,0.0,0,0.0,-100.0,0.0,0.0,0.0,0.0,0.333333333,,,2019,606149
Giovanny Gallegos,STL,P,28,"6' 2""",205,R,R,2017,,0.0,,,0,,,0.0,0.0,0.0,0.0,0.0,,,2020,606149
Giovanny Gallegos,STL,P,29,"6' 2""",205,R,R,2017,,0.0,0.0,0.0,0,0.0,,0.0,0.0,0.0,0.0,0.0,,,2021,606149
Giovanny Gallegos,STL,P,30,"6' 2""",205,R,R,2017,,0.0,,,0,,,0.0,0.0,0.0,0.0,0.0,,,2022,606149
Gleyber Torres,NYY,2b,21,"5' 10""",205,R,R,2018,22025000.0,2.48595356681158,0.271,0.82,24,77.0,121.260857569226,0.349190396194657,0.320689655,0.208816706,0.086776859,0.252066115,88.9,19.0,2018,650402
Gleyber Torres,NYY,2b,22,"5' 10""",205,R,R,2018,22025000.0,3.39038676696567,0.278,0.872,38,90.0,125.006648596939,0.358469968140125,0.296103896,0.256410256,0.079470198,0.213576158,88.9,17.0,2019,650402
Gleyber Torres,NYY,2b,23,"5' 10""",205,R,R,2018,22025000.0,0.559854102254006,0.243,0.724,3,16.0,106.600672541098,0.325552962720394,0.285714285,0.125,0.1375,0.175,88.6,15.0,2020,650402
Gleyber Torres,NYY,2b,24,"5' 10""",205,R,R,2018,22025000.0,1.37586381105193,0.259,0.697,9,51.0,95.7018897349501,0.306720863192635,0.314285714,0.106753812,0.096899224,0.201550387,87.1,14.0,2021,650402
Gleyber Torres,NYY,2b,25,"5' 10""",205,R,R,2018,22025000.0,2.64706178472138,0.257,0.761,24,76.0,114.410944981721,0.328243695055454,0.295212765,0.19391635,0.068181818,0.225524475,90.4,18.0,2022,650402
Gordon Beckham,SEA,2b,31,"6' 0""",188,R,R,2009,,0.0473380960378302,0.182,0.455,0,1.0,31.0615500882465,0.211710590869188,0.242424242,0.022727273,0.08,0.22,86.8,15.0,2018,493596
Gordon Beckham,DET,2b,32,"6' 0""",188,R,R,2009,,-0.593444016295585,0.215,0.643,6,15.0,67.1827599232991,0.274341543763876,0.281879194,0.156950673,0.054166666,0.283333333,86.2,14.0,2019,493596
Gorkys Hernández,SFG,CF,30,"6' 1""",196,R,R,2012,,0.32575747592863,0.234,0.676,15,40.0,83.4698926326645,0.291682477774365,0.28275862,0.157004831,0.059866962,0.250554323,87.5,13.0,2018,491676
Gorkys Hernández,BOS,CF,31,"6' 1""",196,R,R,2012,,-0.391834256393399,0.143,0.463,0,2.0,15.1823931640081,0.203719938885082,0.194444444,0.102040817,0.087719298,0.245614035,80.5,11.0,2019,491676
Greg Allen,CLE,CF,25,"5' 10""",187,S,R,2017,,0.52772808259898,0.257,0.653,2,20.0,76.4182397101708,0.287612312115156,0.320388349,0.086792453,0.048109965,0.199312714,86.7,8.0,2018,656185
Greg Allen,CLE,CF,26,"5' 10""",187,S,R,2017,,0.295102851824208,0.229,0.636,4,27.0,67.1783750251237,0.274288947363774,0.28,0.116883117,0.04296875,0.20703125,87.3,9.0,2019,656185
Greg Allen,- - -,CF,27,"5' 10""",187,S,R,2017,,0.0309724642530582,0.154,0.589,1,4.0,64.8427970567824,0.266737230122089,0.1875,0.153846154,0.09375,0.3125,82.9,23.0,2020,656185
Greg Allen,NYY,CF,28,"5' 10""",187,S,R,2017,,0.592953706922014,0.27,0.849,0,2.0,141.816265819425,0.374960131943226,0.4,0.162162162,0.104166666,0.270833333,86.3,23.0,2021,656185
Greg Allen,PIT,CF,29,"5' 10""",187,S,R,2017,,-0.0176988780700392,0.186,0.531,2,8.0,49.8891994080335,0.241674724425978,0.266666666,0.084745763,0.074626865,0.313432835,87.6,9.0,2022,656185
Greg Garcia,STL,2B,28,"6' 0""",200,L,R,2014,,-0.192039135804252,0.221,0.613,3,15.0,73.0995257949417,0.275841501152631,0.258741258,0.082872928,0.096153846,0.177884615,84.3,12.0,2018,594824
Greg Garcia,SDP,2B,29,"6' 0""",200,L,R,2014,,1.04236632047783,0.248,0.718,4,31.0,98.4400821379192,0.318595247494208,0.323008849,0.106109325,0.142473118,0.223118279,85.8,4.0,2019,594824
Greg Garcia,SDP,2B,30,"6' 0""",200,L,R,2014,,-0.126044459492355,0.2,0.529,0,11.0,52.1822130820047,0.243363497888341,0.279069767,0.05,0.098591549,0.253521126,83.4,11.0,2020,594824
Greg Holland,- - -,p,32,"5' 10""",210,R,R,2010,1.0,0.0,0.0,0.0,0,0.0,,0.0,0.0,0.0,0.0,0.0,,,2018,518813
Greg Holland,ARI,p,33,"5' 10""",210,R,R,2010,1.0,0.0,0.0,0.0,0,0.0,,0.0,0.0,0.0,0.0,0.0,,,2019,518813
Greg Holland,KCR,p,34,"5' 10""",210,R,R,2010,1.0,0.0,,,0,,,0.0,0.0,0.0,0.0,0.0,,,2020,518813
Greg Holland,KCR,p,35,"5' 10""",210,R,R,2010,1.0,0.0,0.0,0.0,0,0.0,,0.0,0.0,0.0,0.0,0.0,,,2021,518813
Greg Holland,TEX,p,36,"5' 10""",210,R,R,2010,1.0,0.0,,,0,,,0.0,0.0,0.0,0.0,0.0,,,2022,518813
Gregorio Petit,MIN,2B,33,"5' 10""",200,R,R,2008,,0.11180207539182,0.246,0.592,0,3.0,66.096854518465,0.269636220896422,0.319148936,0.032786885,0.089552238,0.208955223,85.7,16.0,2018,463610
Gregory Polanco,PIT,RF,26,"6' 5""",240,L,L,2014,,2.82970548718215,0.254,0.839,23,81.0,122.627262803644,0.353167402902636,0.286585365,0.245119306,0.114018691,0.218691588,88.8,20.0,2018,570256
Gregory Polanco,PIT,RF,27,"6' 5""",240,L,L,2014,,-0.113344380246385,0.242,0.726,6,17.0,86.8196410528169,0.305111278548385,0.31632653,0.183006536,0.071856287,0.293413173,89.6,19.0,2019,570256
Gregory Polanco,PIT,RF,28,"6' 5""",240,L,L,2014,,-0.693000589311582,0.153,0.539,7,22.0,40.1876668509875,0.231646082304806,0.193181818,0.171974522,0.074712643,0.373563218,92.9,21.0,2020,570256
Gregory Polanco,PIT,RF,29,"6' 5""",240,L,L,2014,,-1.04538683586606,0.208,0.637,11,36.0,68.5429541068587,0.275334571380364,0.257641921,0.145833333,0.094240837,0.272251308,89.9,16.0,2021,570256
Gregory Soto,DET,p,24,"6' 1""",247,L,L,2019,7750000.0,0.108679161895599,1.0,2.0,0,0.0,469.776890213322,0.869607269763947,1.0,0.0,0.0,0.0,92.4,13.0,2019,642397
Gregory Soto,DET,p,25,"6' 1""",247,L,L,2019,7750000.0,0.0,,,0,,,0.0,0.0,0.0,0.0,0.0,,,2020,642397
Gregory Soto,DET,p,26,"6' 1""",247,L,L,2019,7750000.0,0.0,0.0,0.0,0,0.0,,0.0,0.0,0.0,0.0,0.0,,,2021,642397
Gregory Soto,DET,p,27,"6' 1""",247,L,L,2019,7750000.0,0.0,,,0,,,0.0,0.0,0.0,0.0,0.0,,,2022,642397
Griffin Canning,LAA,p,23,"6' 2""",180,R,R,2019,2500000.0,-0.0233679359993381,0.0,0.0,0,0.0,-100.0,0.0,0.0,0.0,0.0,0.5,62.8,0.0,2019,656288
Griffin Canning,LAA,p,24,"6' 2""",180,R,R,2019,2500000.0,0.0,,,0,,,0.0,0.0,0.0,0.0,0.0,,,2020,656288
Griffin Canning,LAA,p,25,"6' 2""",180,R,R,2019,2500000.0,-0.0240467978680065,0.0,0.0,0,0.0,-100.0,0.0,0.0,0.0,0.0,0.0,,,2021,656288
Grégor Blanco,SFG,cf,34,"5' 10""",187,L,L,2008,,-0.527174811399781,0.217,0.579,2,12.0,58.2918562589824,0.254000302293513,0.3,0.100529101,0.0591133,0.285714285,84.4,15.0,2018,453923
Guillermo Heredia,SEA,LF,27,"5' 10""",195,R,L,2016,,0.932645903364175,0.236,0.66,5,19.0,87.664710308194,0.294657235253941,0.270042194,0.106164384,0.094955489,0.15430267,86.4,11.0,2018,628338
Guillermo Heredia,TBR,LF,28,"5' 10""",195,R,L,2016,,0.594173523759179,0.225,0.669,5,20.0,83.8465492087652,0.290846791329863,0.292857142,0.137254902,0.077922077,0.259740259,86.6,13.0,2019,628338
Guillermo Heredia,- - -,LF,29,"5' 10""",195,R,L,2016,,0.200450636474362,0.212,0.672,2,5.0,82.4269097944376,0.290758321682612,0.227272727,0.181818181,0.083333333,0.25,85.9,22.0,2020,628338
Guillermo Heredia,ATL,LF,30,"5' 10""",195,R,L,2016,,0.65963422619885,0.22,0.665,5,26.0,79.490560501015,0.29220513531635,0.281818181,0.134426229,0.09221902,0.233429394,86.6,13.0,2021,628338
Guillermo Heredia,ATL,LF,31,"5' 10""",195,R,L,2016,,-0.35942152928021,0.158,0.562,3,8.0,54.0947318307448,0.24577431417093,0.219512195,0.184210527,0.073170731,0.390243902,86.0,15.0,2022,628338
Génesis Cabrera,STL,P,22,"6' 2""",180,L,L,2019,,-0.0474466599922826,0.0,0.0,0,0.0,-100.0,0.0,0.0,0.0,0.0,1.0,71.4,-16.0,2019,650893
Génesis Cabrera,STL,P,23,"6' 2""",180,L,L,2019,,0.0,0.0,0.0,0,0.0,,0.0,0.0,0.0,0.0,0.0,,,2020,650893
Génesis Cabrera,STL,P,24,"6' 2""",180,L,L,2019,,0.0,0.0,0.0,0,0.0,,0.0,0.0,0.0,0.0,0.0,,,2021,650893
Génesis Cabrera,STL,P,25,"6' 2""",180,L,L,2019,,0.0,,,0,,,0.0,0.0,0.0,0.0,0.0,,,2022,650893
Hanley Ramirez,BOS,If,34,"6' 2""",235,R,R,2005,22000000.0,0.0361627748329579,0.254,0.708,6,29.0,89.1793431845042,0.30848534596272,0.282608695,0.141242937,0.071794871,0.179487179,91.9,12.0,2018,434670
Hanley Ramirez,CLE,If,35,"6' 2""",235,R,R,2005,22000000.0,-0.165801286938761,0.184,0.625,2,8.0,69.5664733267275,0.277819930461415,0.233333333,0.142857143,0.140350877,0.298245614,88.9,6.0,2019,434670
Hansel Robles,- - -,p,27,"6' 0""",220,R,R,2015,1.0,-0.0107555068185162,0.0,0.0,0,0.0,-100.0,0.0,0.0,0.0,0.0,1.0,,,2018,570663
Hansel Robles,LAA,p,28,"6' 0""",220,R,R,2015,1.0,0.0,0.0,0.0,0,0.0,,0.0,0.0,0.0,0.0,0.0,,,2019,570663
Hansel Robles,LAA,p,29,"6' 0""",220,R,R,2015,1.0,0.0,,,0,,,0.0,0.0,0.0,0.0,0.0,,,2020,570663
Hansel Robles,- - -,p,30,"6' 0""",220,R,R,2015,1.0,0.0,0.0,0.0,0,0.0,,0.0,0.0,0.0,0.0,0.0,,,2021,570663
Hansel Robles,BOS,p,31,"6' 0""",220,R,R,2015,1.0,0.0,,,0,,,0.0,0.0,0.0,0.0,0.0,,,2022,570663
Hanser Alberto,TEX,2b,25,"5' 11""",215,R,R,2015,,-0.166275095714411,0.185,0.5,0,0.0,27.2780089460512,0.224558659668626,0.217391304,0.074074074,0.066666666,0.133333333,81.2,20.0,2018,593643
Hanser Alberto,BAL,2b,26,"5' 11""",215,R,R,2015,,2.0833052517214,0.305,0.751,12,51.0,95.3946430737624,0.318341762045801,0.318279569,0.116412214,0.029090909,0.09090909,84.4,12.0,2019,593643
Hanser Alberto,BAL,2b,27,"5' 11""",215,R,R,2015,,0.356906715814286,0.283,0.699,3,22.0,87.2283842211341,0.301394793664524,0.313829787,0.109589041,0.021645021,0.129870129,82.3,13.0,2020,593643
Hanser Alberto,KCR,2b,28,"5' 11""",215,R,R,2015,,0.357851985612181,0.27,0.693,2,24.0,82.5754451704613,0.296281721962401,0.293023255,0.132780083,0.015686274,0.101960784,87.1,16.0,2021,593643
Hanser Alberto,LAD,2b,29,"5' 11""",215,R,R,2015,,-0.337049880786332,0.244,0.623,2,15.0,73.2781398309693,0.269575341692511,0.279069767,0.121794872,0.018867924,0.157232704,82.9,11.0,2022,593643
Harold Castro,DET,2B,24,"6' 0""",195,L,R,2018,,0.052508760703874,0.3,0.6,0,0.0,61.2309456349063,0.263859218358994,0.375,0.0,0.0,0.2,86.4,4.0,2018,605612
Harold Castro,DET,2B,25,"6' 0""",195,L,R,2018,,-0.138589334920544,0.291,0.689,5,38.0,79.2657863961683,0.292207207926613,0.367041198,0.093220339,0.024390243,0.23306233,87.2,9.0,2019,605612
Harold Castro,DET,2B,26,"6' 0""",195,L,R,2018,,0.363520858171959,0.347,0.836,0,3.0,136.733006495571,0.368875938433188,0.447368421,0.081632653,0.092592592,0.203703703,89.0,12.0,2020,605612
Harold Castro,DET,2B,27,"6' 0""",195,L,R,2018,,-0.502755969059221,0.283,0.669,3,37.0,82.6733898748959,0.290826526862472,0.351020408,0.076190476,0.041297935,0.21238938,88.6,10.0,2021,605612
Harold Castro,DET,2B,28,"6' 0""",195,L,R,2018,,-0.290499962947758,0.271,0.681,7,47.0,93.218980536535,0.296540529825693,0.31845238,0.109523809,0.038374717,0.178329571,87.0,11.0,2022,605612
Harold Ramírez,MIA,RF,24,"5' 11""",232,R,R,2019,,0.0397368224190123,0.276,0.728,11,50.0,92.1838961770394,0.308320066547609,0.328125,0.140142518,0.040358744,0.204035874,88.9,4.0,2019,623912
Harold Ramírez,MIA,RF,25,"5' 11""",232,R,R,2019,,-0.103457420599986,0.2,0.473,0,1.0,37.9531444403904,0.223987535996871,0.25,0.0,0.09090909,0.181818181,81.0,11.0,2020,623912
Harold Ramírez,CLE,RF,26,"5' 11""",232,R,R,2019,,-0.160921792380308,0.268,0.703,7,41.0,92.6904703258624,0.302198870148924,0.301075268,0.12979351,0.038781163,0.155124653,91.3,6.0,2021,623912
Harold Ramírez,TBR,RF,27,"5' 11""",232,R,R,2019,,1.2785259087955,0.3,0.747,6,58.0,117.726110761723,0.327228540237049,0.349544072,0.104218363,0.04367816,0.165517241,88.5,5.0,2022,623912
Harrison Bader,STL,cf,24,"5' 11""",219,R,R,2017,10250000.0,3.6806767476277904,0.264,0.756,12,37.0,106.895219843821,0.326421111680885,0.357723577,0.158311346,0.072599531,0.292740046,86.8,14.0,2018,664056
Harrison Bader,STL,cf,25,"5' 11""",219,R,R,2017,10250000.0,1.53891241318871,0.205,0.68,12,39.0,82.1936475803789,0.293273845218364,0.268181818,0.161383285,0.113300492,0.288177339,88.2,15.0,2019,664056
Harrison Bader,STL,cf,26,"5' 11""",219,R,R,2017,10250000.0,1.00432345257444,0.226,0.779,4,11.0,113.760101102974,0.337071797370911,0.317460317,0.216981132,0.104,0.32,86.0,16.0,2020,664056
Harrison Bader,STL,cf,27,"5' 11""",219,R,R,2017,10250000.0,2.93645473536073,0.267,0.784,16,50.0,108.132266392462,0.330698436574091,0.305970149,0.193460491,0.06733167,0.211970074,86.2,13.0,2021,664056
Harrison Bader,- - -,cf,28,"5' 11""",219,R,R,2017,10250000.0,1.44118814747035,0.25,0.65,5,30.0,84.3213455828234,0.286270300801189,0.299559471,0.106164383,0.047923322,0.198083067,83.4,17.0,2022,664056
Heath Hembree,BOS,p,29,"6' 4""",220,R,R,2013,2125000.0,-0.0113076022972373,0.0,0.0,0,0.0,-100.0,0.0,0.0,0.0,0.0,1.0,,,2018,592390
Heath Hembree,BOS,p,30,"6' 4""",220,R,R,2013,2125000.0,0.0,,,0,,,0.0,0.0,0.0,0.0,0.0,,,2019,592390
Heath Hembree,- - -,p,31,"6' 4""",220,R,R,2013,2125000.0,0.0,,,0,,,0.0,0.0,0.0,0.0,0.0,,,2020,592390
Heath Hembree,- - -,p,32,"6' 4""",220,R,R,2013,2125000.0,-0.0118252949246141,0.0,0.0,0,0.0,-100.0,0.0,0.0,0.0,0.0,1.0,,,2021,592390
Heath Hembree,- - -,p,33,"6' 4""",220,R,R,2013,2125000.0,0.0,,,0,,,0.0,0.0,0.0,0.0,0.0,,,2022,592390
Hector Noesí,MIA,P,32,"6' 4""",220,R,R,2011,,0.0318241082522052,0.25,0.5,0,0.0,32.6168671376344,0.217401817440987,1.0,0.0,0.0,0.6,90.8,-4.0,2019,456051
Hernán Pérez,MIL,SS,27,"6' 0""",213,R,R,2012,,0.642824664460788,0.253,0.676,9,29.0,80.1634272268379,0.291889564053074,0.299578059,0.132911393,0.050898203,0.21257485,87.9,11.0,2018,541650
Hernán Pérez,MIL,SS,28,"6' 0""",213,R,R,2012,,-0.487301024531903,0.228,0.641,8,18.0,62.1707396013427,0.270735580413068,0.283018867,0.150862069,0.044715447,0.268292682,88.5,9.0,2019,541650
Hernán Pérez,CHC,SS,29,"6' 0""",213,R,R,2012,,-0.0180586420963841,0.167,0.334,0,0.0,-14.7911176557785,0.147087633609772,0.25,0.0,0.0,0.333333333,91.9,7.0,2020,541650
Hernán Pérez,WSN,SS,30,"6' 0""",213,R,R,2012,,-0.322311799317624,0.053,0.196,0,0.0,-39.4057892425219,0.107737544037047,0.111111111,0.0,0.095238095,0.476190476,86.3,2.0,2021,541650
Hoby Milner,- - -,p,27,"6' 3""",187,L,L,2017,3750000.0,0.0,0.0,0.0,0,0.0,,0.0,0.0,0.0,0.0,0.0,,,2018,571948
Hoby Milner,TBR,p,28,"6' 3""",187,L,L,2017,3750000.0,0.0,,,0,,,0.0,0.0,0.0,0.0,0.0,,,2019,571948
Hoby Milner,LAA,p,29,"6' 3""",187,L,L,2017,3750000.0,0.0,,,0,,,0.0,0.0,0.0,0.0,0.0,,,2020,571948
Hoby Milner,MIL,p,30,"6' 3""",187,L,L,2017,3750000.0,0.0346001301589376,0.0,0.5,0,0.0,115.505885791956,0.34585827589035,0.0,0.0,0.5,0.5,,,2021,571948
Hoby Milner,MIL,p,31,"6' 3""",187,L,L,2017,3750000.0,0.0,,,0,,,0.0,0.0,0.0,0.0,0.0,,,2022,571948
Homer Bailey,CIN,p,32,"6' 4""",223,R,R,2007,7000000.0,-0.0466768979744871,0.115,0.263,0,0.0,-34.4956746061866,0.123263769679599,0.23076923,0.0,0.029411764,0.382352941,81.2,-7.0,2018,456701
Homer Bailey,- - -,p,33,"6' 4""",223,R,R,2007,7000000.0,0.0819323540933227,0.4,0.8,0,1.0,123.804891821052,0.347842907905579,0.5,0.0,0.0,0.2,75.0,-12.0,2019,456701
Homer Bailey,MIN,p,34,"6' 4""",223,R,R,2007,7000000.0,0.0,,,0,,,0.0,0.0,0.0,0.0,0.0,,,2020,456701
Howie Kendrick,WSN,If,34,"5' 11""",225,R,R,2006,,0.928872289423212,0.303,0.805,4,12.0,112.467475685407,0.342204344347588,0.35,0.171052632,0.03125,0.18125,90.2,8.0,2018,435062
Howie Kendrick,WSN,If,35,"5' 11""",225,R,R,2006,,2.75089101212211,0.344,0.967,17,62.0,146.597305779491,0.400162233892818,0.358974358,0.22754491,0.072972972,0.132432432,91.7,11.0,2019,435062
Howie Kendrick,WSN,If,36,"5' 11""",225,R,R,2006,,-0.224685623314332,0.275,0.705,2,14.0,82.8131362491294,0.297680532445713,0.31081081,0.10989011,0.07,0.17,88.8,7.0,2020,435062
Hunter Dozier,KCR,1B,26,"6' 4""",220,R,R,2016,,-0.934233401780008,0.229,0.673,11,34.0,79.098971367744,0.290505683145572,0.296296296,0.165745857,0.06185567,0.280927835,89.5,13.0,2018,641531
Hunter Dozier,KCR,1B,27,"6' 4""",220,R,R,2016,,3.16527797050074,0.279,0.87,26,84.0,123.317254538102,0.359902054275552,0.33898305,0.242829828,0.093856655,0.252559726,91.0,17.0,2019,641531
Hunter Dozier,KCR,1B,28,"6' 4""",220,R,R,2016,,0.71323651022281,0.228,0.736,6,12.0,103.135689583328,0.326453374278161,0.288461538,0.164556962,0.14516129,0.258064516,86.4,17.0,2020,641531
Hunter Dozier,KCR,1B,29,"6' 4""",220,R,R,2016,,-0.889205002006734,0.216,0.679,16,54.0,80.3105255395428,0.292930132447027,0.275541795,0.178644764,0.079189686,0.283609576,89.9,16.0,2021,641531
Hunter Dozier,KCR,1B,30,"6' 4""",220,R,R,2016,,-1.01066871108414,0.236,0.679,12,41.0,88.4318408103846,0.297727437853813,0.297546012,0.151515152,0.068,0.25,88.5,13.0,2022,641531
Hunter Harvey,BAL,p,24,"6' 3""",233,R,R,2019,6000000.0,0.0,0.0,0.0,0,0.0,,0.0,0.0,0.0,0.0,0.0,,,2019,640451
Hunter Harvey,BAL,p,25,"6' 3""",233,R,R,2019,6000000.0,0.0,,,0,,,0.0,0.0,0.0,0.0,0.0,,,2020,640451
Hunter Harvey,BAL,p,26,"6' 3""",233,R,R,2019,6000000.0,0.0,,,0,,,0.0,0.0,0.0,0.0,0.0,,,2021,640451
Hunter Harvey,WSN,p,27,"6' 3""",233,R,R,2019,6000000.0,0.0,,,0,,,0.0,0.0,0.0,0.0,0.0,,,2022,640451
Hunter Pence,SFG,rf,35,"6' 4""",216,R,R,2007,3000000.0,-0.962471887763855,0.226,0.59,4,24.0,58.620368780232496,0.254491963608545,0.281609195,0.106382979,0.044354838,0.237903225,88.2,6.0,2018,452254
Hunter Pence,TEX,rf,36,"6' 4""",216,R,R,2007,3000000.0,1.51062633284474,0.297,0.91,18,59.0,127.999517602085,0.376964562112772,0.333333333,0.255244755,0.082278481,0.21835443,91.3,10.0,2019,452254
Hunter Pence,SFG,rf,37,"6' 4""",216,R,R,2007,3000000.0,-0.708698491952162,0.096,0.411,2,6.0,8.59159627697101,0.180469389472689,0.085714285,0.153846154,0.053571428,0.267857142,87.6,4.0,2020,452254
Hunter Renfroe,SDP,RF,26,"6' 1""",230,R,R,2016,,1.71603765689681,0.248,0.806,26,68.0,114.463907901741,0.338293842682806,0.271062271,0.255583127,0.06802721,0.247165532,89.9,18.0,2018,592669
Hunter Renfroe,SDP,RF,27,"6' 1""",230,R,R,2016,,1.80092976639982,0.216,0.778,33,64.0,99.2481610236895,0.319828633120771,0.239382239,0.272727273,0.093117408,0.31174089,89.9,19.0,2019,592669
Hunter Renfroe,TBR,RF,28,"6' 1""",230,R,R,2016,,-0.136595455972387,0.156,0.645,8,22.0,77.9065462094218,0.277401841801705,0.141025641,0.237704918,0.100719424,0.26618705,89.6,17.0,2020,592669
Hunter Renfroe,BOS,RF,29,"6' 1""",230,R,R,2016,,2.56968889965868,0.259,0.816,31,96.0,112.851114121483,0.343962938218684,0.284153005,0.24184261,0.076923076,0.227272727,90.1,16.0,2021,592669
Hunter Renfroe,MIL,RF,30,"6' 1""",230,R,R,2016,,2.410019316393,0.255,0.807,29,72.0,123.826867141145,0.346547842255447,0.281345565,0.23628692,0.074712643,0.231800766,90.5,18.0,2022,592669
Hunter Strickland,SFG,p,29,"6' 3""",225,R,R,2014,,0.0,0.0,0.0,0,0.0,,0.0,0.0,0.0,0.0,0.0,,,2018,519326
Hunter Strickland,- - -,p,30,"6' 3""",225,R,R,2014,,0.0,0.0,0.0,0,0.0,,0.0,0.0,0.0,0.0,0.0,,,2019,519326
Hunter Strickland,NYM,p,31,"6' 3""",225,R,R,2014,,0.0,,,0,,,0.0,0.0,0.0,0.0,0.0,,,2020,519326
Hunter Strickland,- - -,p,32,"6' 3""",225,R,R,2014,,-0.0224453516760516,0.0,0.0,0,0.0,-100.0,0.0,0.0,0.0,0.0,0.5,97.6,33.0,2021,519326
Hunter Strickland,CIN,p,33,"6' 3""",225,R,R,2014,,0.0,0.0,0.0,0,0.0,,0.0,0.0,0.0,0.0,0.0,,,2022,519326
Hyun Jin Ryu,LAD,p,31,"6' 3""",250,R,L,2013,,0.34976565039994,0.269,0.629,0,2.0,78.3702918821515,0.282268515654973,0.538461538,0.038461538,0.066666666,0.433333333,97.4,7.0,2018,547943
Hyun Jin Ryu,LAD,p,32,"6' 3""",250,R,L,2013,,0.319986017347325,0.157,0.453,1,3.0,21.4171045539296,0.20245494409041,0.259259259,0.078431372,0.059701492,0.343283582,84.8,6.0,2019,547943
Hyun Jin Ryu,TOR,p,33,"6' 3""",250,R,L,2013,,0.0,,,0,,,0.0,0.0,0.0,0.0,0.0,,,2020,547943
Hyun Jin Ryu,TOR,p,34,"6' 3""",250,R,L,2013,,-0.0445523549327211,0.0,0.0,0,0.0,-100.0,0.0,0.0,0.0,0.0,0.5,79.6,27.0,2021,547943
Hyun Jin Ryu,TOR,p,35,"6' 3""",250,R,L,2013,,0.0,,,0,,,0.0,0.0,0.0,0.0,0.0,,,2022,547943
Héctor Neris,PHI,p,29,"6' 2""",227,R,R,2014,,-0.0113858044431502,0.0,0.0,0,0.0,-100.0,0.0,0.0,0.0,0.0,1.0,,,2018,593576
Héctor Neris,PHI,p,30,"6' 2""",227,R,R,2014,,-0.0125380544157124,0.0,0.0,0,0.0,-100.0,0.0,0.0,0.0,0.0,1.0,,,2019,593576
Héctor Neris,PHI,p,31,"6' 2""",227,R,R,2014,,0.0,0.0,0.0,0,0.0,,0.0,0.0,0.0,0.0,0.0,,,2020,593576
Héctor Neris,PHI,p,32,"6' 2""",227,R,R,2014,,-0.0112597384348332,0.0,0.0,0,0.0,-100.0,0.0,0.0,0.0,0.0,1.0,,,2021,593576
Héctor Neris,HOU,p,33,"6' 2""",227,R,R,2014,,0.0,,,0,,,0.0,0.0,0.0,0.0,0.0,,,2022,593576
Héctor Rondón,HOU,p,30,"6' 3""",225,R,R,2013,,0.0,0.0,0.0,0,0.0,,0.0,0.0,0.0,0.0,0.0,,,2018,444468
Héctor Rondón,HOU,p,31,"6' 3""",225,R,R,2013,,0.0,0.0,0.0,0,0.0,,0.0,0.0,0.0,0.0,0.0,,,2019,444468
Héctor Rondón,ARI,p,32,"6' 3""",225,R,R,2013,,0.0,,,0,,,0.0,0.0,0.0,0.0,0.0,,,2020,444468
Héctor Santiago,CHW,p,30,"6' 0""",215,R,L,2011,,-0.0424594848800753,0.0,0.0,0,0.0,-100.0,0.0,0.0,0.0,0.0,0.5,75.6,20.0,2018,502327
Héctor Santiago,- - -,p,31,"6' 0""",215,R,L,2011,,0.0,0.0,0.0,0,0.0,,0.0,0.0,0.0,0.0,0.0,,,2019,502327
Héctor Santiago,SEA,p,33,"6' 0""",215,R,L,2011,,0.0,,,0,,,0.0,0.0,0.0,0.0,0.0,,,2021,502327
Ian Desmond,COL,cf,32,"6' 3""",217,R,R,2009,,-0.318698345893955,0.236,0.729,22,88.0,82.2875807869144,0.315089857211777,0.278772378,0.185585585,0.08562197,0.235864297,89.9,0.0,2018,435622
Ian Desmond,COL,cf,33,"6' 3""",217,R,R,2009,,-0.16941402334709,0.255,0.789,20,65.0,87.6714266044117,0.327664053688447,0.303921568,0.223476298,0.070539419,0.246887966,90.9,9.0,2019,435622
Ian Gibaut,- - -,P,25,"6' 3""",250,R,R,2019,,0.0,,,0,,,0.0,0.0,0.0,0.0,0.0,,,2019,664139
Ian Gibaut,TEX,P,26,"6' 3""",250,R,R,2019,,0.0,,,0,,,0.0,0.0,0.0,0.0,0.0,,,2020,664139
Ian Gibaut,MIN,P,27,"6' 3""",250,R,R,2019,,0.0,,,0,,,0.0,0.0,0.0,0.0,0.0,,,2021,664139
Ian Gibaut,- - -,P,28,"6' 3""",250,R,R,2019,,0.0,,,0,,,0.0,0.0,0.0,0.0,0.0,,,2022,664139
Ian Hamilton,CHW,P,23,"6' 1""",200,R,R,2018,,0.0,,,0,,,0.0,0.0,0.0,0.0,0.0,,,2018,641656
Ian Hamilton,CHW,P,25,"6' 1""",200,R,R,2018,,0.0,,,0,,,0.0,0.0,0.0,0.0,0.0,,,2020,641656
Ian Hamilton,MIN,P,27,"6' 1""",200,R,R,2018,,0.0,,,0,,,0.0,0.0,0.0,0.0,0.0,,,2022,641656
Ian Happ,CHC,LF,23,"5' 10""",205,S,R,2017,,0.985655939520854,0.233,0.761,15,44.0,106.202754317517,0.328992557183533,0.36231884,0.175710594,0.151515151,0.361471861,89.4,14.0,2018,664023
Ian Happ,CHC,LF,24,"5' 10""",205,S,R,2017,,1.03963802997355,0.264,0.897,11,30.0,125.949137395808,0.367871219531084,0.285714285,0.3,0.096153846,0.25,89.8,16.0,2019,664023
Ian Happ,CHC,LF,25,"5' 10""",205,S,R,2017,,1.96885938937502,0.258,0.866,12,28.0,131.677140874491,0.368896396399585,0.31707317,0.247474748,0.129870129,0.272727272,91.1,9.0,2020,664023
Ian Happ,CHC,LF,26,"5' 10""",205,S,R,2017,,1.46616861807217,0.226,0.757,25,66.0,105.173728338992,0.328188042479653,0.280701754,0.208602151,0.11588785,0.291588785,89.5,10.0,2021,664023
Ian Happ,CHC,LF,27,"5' 10""",205,S,R,2017,,3.72280599845178,0.271,0.782,17,72.0,121.666904527913,0.339096021989077,0.335766423,0.169284467,0.090483619,0.232449297,89.7,11.0,2022,664023
Ian Kennedy,KCR,p,33,"6' 0""",210,R,R,2007,,0.0448031019067855,0.5,1.0,0,0.0,180.954443503829,0.439765363931656,0.5,0.0,0.0,0.0,81.9,10.0,2018,453178
Ian Kennedy,KCR,p,34,"6' 0""",210,R,R,2007,,0.0,0.0,0.0,0,0.0,,0.0,0.0,0.0,0.0,0.0,,,2019,453178
Ian Kennedy,KCR,p,35,"6' 0""",210,R,R,2007,,0.0,,,0,,,0.0,0.0,0.0,0.0,0.0,,,2020,453178
Ian Kennedy,- - -,p,36,"6' 0""",210,R,R,2007,,0.0,0.0,0.0,0,0.0,,0.0,0.0,0.0,0.0,0.0,,,2021,453178
Ian Kennedy,ARI,p,37,"6' 0""",210,R,R,2007,,0.0,0.0,0.0,0,0.0,,0.0,0.0,0.0,0.0,0.0,,,2022,453178
Ian Kinsler,- - -,2b,36,"6' 0""",200,R,R,2006,4000000.0,1.64073354621081,0.24,0.681,14,48.0,85.51258673125,0.297839878315336,0.25,0.13963039,0.074906367,0.119850187,85.3,18.0,2018,435079
Ian Kinsler,SDP,2b,37,"6' 0""",200,R,R,2006,4000000.0,0.0945444171789962,0.217,0.646,9,22.0,71.0208791185214,0.276744814954194,0.239795918,0.151162791,0.067615658,0.192170818,84.3,17.0,2019,435079
Ian Krol,LAA,P,27,"6' 1""",210,L,L,2013,,0.0,,,0,,,0.0,0.0,0.0,0.0,0.0,,,2018,571871
Ian Krol,DET,P,30,"6' 1""",210,L,L,2013,,0.0,,,0,,,0.0,0.0,0.0,0.0,0.0,,,2021,571871
Ichiro Suzuki,SEA,rf,44,"5' 11""",175,L,R,2001,750000.0,-0.564989687181787,0.205,0.46,0,0.0,31.5547335670858,0.212433305192501,0.243243243,0.0,0.063829787,0.14893617,81.3,6.0,2018,400085
Ichiro Suzuki,SEA,rf,45,"5' 11""",175,L,R,2001,750000.0,-0.085256049554578,0.0,0.167,0,0.0,-35.7654537203771,0.115049084027608,0.0,0.0,0.166666666,0.166666666,,,2019,400085
Ildemaro Vargas,ARI,2B,26,"5' 11""",202,S,R,2017,,0.0131871260860316,0.211,0.618,1,4.0,63.3912609768147,0.267947512865067,0.214285714,0.157894737,0.05,0.2,87.0,7.0,2018,545121
Ildemaro Vargas,ARI,2B,27,"5' 11""",202,S,R,2017,,0.399522541735051,0.269,0.712,6,24.0,81.4651815846331,0.300350410113402,0.279069767,0.144278607,0.042654028,0.113744075,87.3,3.0,2019,545121
Ildemaro Vargas,- - -,2B,28,"5' 11""",202,S,R,2017,,-0.294087151512927,0.196,0.536,1,3.0,39.3733767972261,0.22871564273481,0.219512195,0.117647059,0.037037037,0.185185185,85.3,2.0,2020,545121
Ildemaro Vargas,- - -,2B,29,"5' 11""",202,S,R,2017,,-0.851897066926622,0.156,0.438,0,7.0,16.1246122920082,0.19248711481327,0.2,0.064935065,0.072289156,0.204819277,84.6,3.0,2021,545121
Ildemaro Vargas,- - -,2B,30,"5' 11""",202,S,R,2017,,1.43732081065739,0.263,0.691,4,23.0,94.1341847883774,0.301636277550486,0.278688524,0.129186603,0.036036036,0.103603603,87.0,7.0,2022,545121
Isaac Paredes,DET,3B,21,"5' 11""",213,R,R,2020,,-0.293645594056508,0.22,0.568,1,6.0,58.6477355207422,0.254860704695737,0.28,0.07,0.074074074,0.222222222,86.5,7.0,2020,670623
Isaac Paredes,DET,3B,22,"5' 11""",213,R,R,2020,,-0.0388688776333877,0.208,0.625,1,5.0,71.4743786480582,0.274254420683498,0.225806451,0.111111111,0.117647058,0.129411764,85.5,18.0,2021,670623
Isaac Paredes,TBR,3B,23,"5' 11""",213,R,R,2020,,2.36152901883829,0.205,0.739,20,45.0,114.795460351025,0.323077353905505,0.195121951,0.229607251,0.115485564,0.175853018,87.4,16.0,2022,670623
Isiah Kiner-Falefa,TEX,2b,23,"5' 10""",195,R,R,2018,6000000.0,0.461629468827614,0.261,0.682,4,34.0,79.3836881301407,0.300914665674552,0.305841924,0.095505618,0.07070707,0.156565656,84.7,7.0,2018,643396
Isiah Kiner-Falefa,TEX,2b,24,"5' 10""",195,R,R,2018,6000000.0,-0.767872414762636,0.238,0.621,1,21.0,57.2055132120122,0.272290297762841,0.307189542,0.084158416,0.063063063,0.22072072,87.2,7.0,2019,643396
Isiah Kiner-Falefa,TEX,2b,25,"5' 10""",195,R,R,2018,6000000.0,1.04454321561587,0.28,0.699,3,10.0,93.0200108847561,0.307228659851509,0.31638418,0.090047393,0.061403508,0.140350877,87.2,1.0,2020,643396
Isiah Kiner-Falefa,TEX,2b,26,"5' 10""",195,R,R,2018,6000000.0,1.60563542513017,0.271,0.669,8,53.0,83.9544114071253,0.292692372017161,0.304267161,0.086614173,0.041358936,0.132939438,85.5,5.0,2021,643396
Isiah Kiner-Falefa,NYY,2b,27,"5' 10""",195,R,R,2018,6000000.0,1.49911031108843,0.261,0.641,4,48.0,84.0025220280084,0.285170993764138,0.296116504,0.066252588,0.06591337,0.13559322,86.2,4.0,2022,643396
Iván Nova,PIT,p,31,"6' 5""",250,R,R,2010,,-0.578246585913073,0.019,0.038,0,0.0,-100.0,0.0165949193936474,0.04347826,0.0,0.0,0.535714285,81.9,-5.0,2018,467100
Iván Nova,CHW,p,32,"6' 5""",250,R,R,2010,,-0.0576436660976455,0.0,0.0,0,0.0,-100.0,0.0,0.0,0.0,0.0,0.8,63.9,21.0,2019,467100
Iván Nova,DET,p,33,"6' 5""",250,R,R,2010,,0.0,,,0,,,0.0,0.0,0.0,0.0,0.0,,,2020,467100
J.A. Happ,- - -,p,35,"6' 5""",205,L,L,2007,,0.0968670531567101,0.333,0.762,0,0.0,120.957147319503,0.349798721926553,0.666666666,0.0,0.142857142,0.428571428,80.9,16.0,2018,457918
J.A. Happ,NYY,p,36,"6' 5""",205,L,L,2007,,-0.0461554056248074,0.0,0.0,0,0.0,-100.0,0.0,0.0,0.0,0.0,0.0,91.3,-20.0,2019,457918
J.A. Happ,NYY,p,37,"6' 5""",205,L,L,2007,,0.0,,,0,,,0.0,0.0,0.0,0.0,0.0,,,2020,457918
J.A. Happ,- - -,p,38,"6' 5""",205,L,L,2007,,-0.106547787892406,0.0,0.067,0,0.0,-76.8232396430576,0.0461144367853801,0.0,0.0,0.066666666,0.333333333,84.5,0.0,2021,457918
J.B. Wendelken,OAK,P,25,"6' 1""",242,R,R,2016,,0.0,0.0,0.0,0,0.0,,0.0,0.0,0.0,0.0,0.0,,,2018,605525
J.B. Wendelken,OAK,P,26,"6' 1""",242,R,R,2016,,0.0,0.0,0.0,0,0.0,,0.0,0.0,0.0,0.0,0.0,,,2019,605525
J.B. Wendelken,OAK,P,27,"6' 1""",242,R,R,2016,,0.0,,,0,,,0.0,0.0,0.0,0.0,0.0,,,2020,605525
J.B. Wendelken,- - -,P,28,"6' 1""",242,R,R,2016,,0.0,0.0,0.0,0,0.0,,0.0,0.0,0.0,0.0,0.0,,,2021,605525
J.B. Wendelken,ARI,P,29,"6' 1""",242,R,R,2016,,0.0,0.0,0.0,0,0.0,,0.0,0.0,0.0,0.0,0.0,,,2022,605525
J.D. Davis,HOU,3B,25,"6' 1""",218,R,R,2017,,-0.563538886851449,0.175,0.471,1,5.0,35.5208873475339,0.217819779847576,0.232876712,0.048543689,0.088495575,0.256637168,88.5,9.0,2018,605204
J.D. Davis,NYM,3B,26,"6' 1""",218,R,R,2017,,2.55380960806009,0.307,0.896,22,57.0,136.899420030074,0.373418759612445,0.354948805,0.219512195,0.083885209,0.214128035,91.5,10.0,2019,605204
J.D. Davis,NYM,3B,27,"6' 1""",218,R,R,2017,,0.612128784544734,0.247,0.76,6,19.0,117.574508832897,0.339131109547197,0.317829457,0.142105263,0.135371179,0.244541484,90.1,3.0,2020,605204
J.D. Davis,NYM,3B,28,"6' 1""",218,R,R,2017,,1.3319753627037,0.285,0.82,5,23.0,127.655927796624,0.357434798989977,0.425925925,0.150837988,0.113744075,0.322274881,89.7,13.0,2021,605204
J.D. Davis,- - -,3B,29,"6' 1""",218,R,R,2017,,1.1791321924485,0.248,0.758,12,35.0,118.100005601644,0.333338124411447,0.360215053,0.169811321,0.106849315,0.334246575,92.4,12.0,2022,605204
J.D. Martinez,BOS,dh,30,"6' 3""",230,R,R,2011,,5.85912138498486,0.33,1.031,43,130.0,170.38473262067,0.427484259336346,0.374677002,0.298769772,0.106317411,0.224961479,93.0,11.0,2018,502110
J.D. Martinez,BOS,dh,31,"6' 3""",230,R,R,2011,,3.9620234763060496,0.304,0.94,36,105.0,138.561348326893,0.386145011166332,0.342364532,0.252173913,0.109589041,0.210045662,91.4,13.0,2019,502110
J.D. Martinez,BOS,dh,32,"6' 3""",230,R,R,2011,,-0.664207351061776,0.213,0.68,7,27.0,75.6732357331402,0.289800560372507,0.258503401,0.17535545,0.092827004,0.248945147,89.5,15.0,2020,502110
J.D. Martinez,BOS,dh,33,"6' 3""",230,R,R,2011,,2.7465524350053,0.286,0.867,28,99.0,126.372791336839,0.363972085990024,0.340050377,0.231578947,0.086750788,0.236593059,92.1,17.0,2021,502110
J.D. Martinez,BOS,dh,34,"6' 3""",230,R,R,2011,,1.44471462687591,0.274,0.789,16,62.0,119.066204519676,0.342988299299972,0.344827586,0.174484053,0.087248322,0.24328859,89.1,14.0,2022,502110
J.J. Hoover,MIL,P,30,"6' 3""",240,R,R,2012,,0.0,0.0,0.0,0,0.0,,0.0,0.0,0.0,0.0,0.0,,,2018,543331
J.P. Crawford,PHI,SS,23,"6' 0""",202,L,R,2017,,0.211659214281814,0.214,0.712,3,12.0,95.0054252659696,0.313403904879535,0.285714285,0.17948718,0.094202898,0.268115942,88.2,16.0,2018,641487
J.P. Crawford,SEA,SS,24,"6' 0""",202,L,R,2017,,1.06126056288821,0.226,0.684,7,46.0,86.6815282906203,0.296096163851614,0.275193798,0.144927536,0.108585858,0.209595959,85.0,12.0,2019,641487
J.P. Crawford,SEA,SS,25,"6' 0""",202,L,R,2017,,1.4343398960561,0.255,0.674,2,24.0,94.8445244600696,0.302511808687243,0.303030303,0.083333334,0.099137931,0.168103448,85.8,11.0,2020,641487
J.P. Crawford,SEA,SS,26,"6' 0""",202,L,R,2017,,3.06447289606511,0.273,0.714,9,54.0,102.84920076356,0.314103502600733,0.32,0.103392569,0.084425036,0.165938864,86.3,10.0,2021,641487
J.P. Crawford,SEA,SS,27,"6' 0""",202,L,R,2017,,2.2219075993526,0.243,0.675,6,42.0,104.8667960667,0.305734309896257,0.274599542,0.092664092,0.112769485,0.132669983,85.1,9.0,2022,641487
J.T. Realmuto,MIA,c,27,"6' 0""",212,R,R,2014,15000000.0,4.65274585844569,0.277,0.824,21,74.0,126.640257214368,0.353133551114448,0.311797752,0.20754717,0.071563088,0.195856873,88.9,15.0,2018,592663
J.T. Realmuto,PHI,c,28,"6' 0""",212,R,R,2014,15000000.0,5.91111587633673,0.275,0.821,25,83.0,107.351314280825,0.339728704448474,0.309045226,0.217472119,0.069139966,0.207419898,90.3,14.0,2019,592663
J.T. Realmuto,PHI,c,29,"6' 0""",212,R,R,2014,15000000.0,1.8547650679352,0.266,0.84,11,32.0,124.498340097051,0.36073743563432,0.307017543,0.225433526,0.082051282,0.246153846,90.2,12.0,2020,592663
J.T. Realmuto,PHI,c,30,"6' 0""",212,R,R,2014,15000000.0,4.637088693089,0.263,0.782,17,73.0,108.567030006476,0.335628444987132,0.325301204,0.176470588,0.089385474,0.240223463,89.6,12.0,2021,592663
J.T. Realmuto,PHI,c,31,"6' 0""",212,R,R,2014,15000000.0,6.65213615947592,0.276,0.82,22,84.0,128.702025224843,0.353997536734039,0.317934782,0.202380953,0.072953736,0.211743772,90.3,13.0,2022,592663
Jace Peterson,- - -,2b,28,"6' 0""",215,L,R,2014,4750000.0,0.370427596576514,0.2,0.634,3,28.0,78.1981100436698,0.286156031306909,0.26,0.123809523,0.12601626,0.235772357,87.7,11.0,2018,607054
Jace Peterson,BAL,2b,29,"6' 0""",215,L,R,2014,4750000.0,-0.0924636505394514,0.22,0.599,2,11.0,54.3883837566973,0.257710920991721,0.266666666,0.11,0.055555555,0.222222222,88.4,10.0,2019,607054
Jace Peterson,MIL,2b,30,"6' 0""",215,L,R,2014,4750000.0,0.325034000930258,0.2,0.749,2,5.0,114.302648948905,0.343830542486222,0.291666666,0.155555555,0.245901639,0.327868852,89.2,7.0,2020,607054
Jace Peterson,MIL,2b,31,"6' 0""",215,L,R,2014,4750000.0,0.803019083651141,0.247,0.715,6,31.0,97.6516650939641,0.318386665835286,0.310160427,0.119691119,0.125827814,0.225165562,87.7,12.0,2021,607054
Jace Peterson,MIL,2b,32,"6' 0""",215,L,R,2014,4750000.0,2.11345393139297,0.236,0.698,8,34.0,96.0512669325115,0.305926835095441,0.303030303,0.145833333,0.100609756,0.259146341,88.6,10.0,2022,607054
Jack Flaherty,STL,p,22,"6' 4""",225,R,R,2017,17500000.0,0.124131298595059,0.152,0.34,0,0.0,-6.30974383229881,0.156995297720035,0.269230769,0.0,0.038461538,0.384615384,83.9,-5.0,2018,656427
Jack Flaherty,STL,p,23,"6' 4""",225,R,R,2017,17500000.0,0.170793990841064,0.185,0.452,0,4.0,17.8400001547504,0.19504969266423,0.263157894,0.055555555,0.03030303,0.257575757,86.5,7.0,2019,656427
Jack Flaherty,STL,p,24,"6' 4""",225,R,R,2017,17500000.0,0.0,,,0,,,0.0,0.0,0.0,0.0,0.0,,,2020,656427
Jack Flaherty,STL,p,25,"6' 4""",225,R,R,2017,17500000.0,0.303926071390434,0.118,0.598,1,3.0,72.4743122232097,0.275832899238752,0.1,0.176470589,0.192307692,0.269230769,86.4,9.0,2021,656427
Jack Flaherty,STL,p,26,"6' 4""",225,R,R,2017,17500000.0,0.0,,,0,,,0.0,0.0,0.0,0.0,0.0,,,2022,656427
Jackie Bradley Jr.,BOS,cf,28,"5' 10""",196,L,R,2013,,2.9359221845099,0.234,0.717,13,59.0,90.4398499177972,0.31033250084497,0.298780487,0.168776371,0.085981308,0.256074766,92.2,12.0,2018,598265
Jackie Bradley Jr.,BOS,cf,29,"5' 10""",196,L,R,2013,,1.98440782523386,0.225,0.738,21,62.0,89.4698873887803,0.313559590920195,0.28125,0.196356275,0.098765432,0.273368606,90.1,9.0,2019,598265
Jackie Bradley Jr.,BOS,cf,30,"5' 10""",196,L,R,2013,,1.56890102565927,0.283,0.814,7,22.0,118.406698605866,0.352197292778227,0.343065693,0.167539267,0.105990783,0.221198156,88.4,4.0,2020,598265
Jackie Bradley Jr.,MIL,cf,31,"5' 10""",196,L,R,2013,,-1.75898481776238,0.163,0.497,6,29.0,36.3139410880884,0.224008643738577,0.226190476,0.098191215,0.06542056,0.308411214,89.7,10.0,2021,598265
Jackie Bradley Jr.,- - -,cf,32,"5' 10""",196,L,R,2013,,-0.167074542438856,0.203,0.566,4,38.0,56.0328613571888,0.251507897415887,0.25095057,0.107558139,0.064864864,0.208108108,87.6,7.0,2022,598265
Jacob Barnes,MIL,p,28,"6' 2""",231,R,R,2016,,0.0,0.0,0.0,0,0.0,,0.0,0.0,0.0,0.0,0.0,,,2018,606930
Jacob Barnes,- - -,p,29,"6' 2""",231,R,R,2016,,0.0,0.0,0.0,0,0.0,,0.0,0.0,0.0,0.0,0.0,,,2019,606930
Jacob Barnes,LAA,p,30,"6' 2""",231,R,R,2016,,0.0,,,0,,,0.0,0.0,0.0,0.0,0.0,,,2020,606930
Jacob Barnes,- - -,p,31,"6' 2""",231,R,R,2016,,0.0,0.0,0.0,0,0.0,,0.0,0.0,0.0,0.0,0.0,,,2021,606930
Jacob Barnes,- - -,p,32,"6' 2""",231,R,R,2016,,0.0,,,0,,,0.0,0.0,0.0,0.0,0.0,,,2022,606930
Jacob deGrom,NYM,p,30,"6' 4""",180,L,R,2014,37000000.0,0.35926226356651,0.164,0.39,0,5.0,11.0790114694217,0.180291556976211,0.261904761,0.014925373,0.054054054,0.337837837,81.5,8.0,2018,594798
Jacob deGrom,NYM,p,31,"6' 4""",180,L,R,2014,37000000.0,0.625719295491083,0.2,0.569,2,6.0,52.7160739566166,0.244928174260734,0.25,0.123076923,0.057142857,0.271428571,85.2,2.0,2019,594798
Jacob deGrom,NYM,p,32,"6' 4""",180,L,R,2014,37000000.0,0.0,,,0,,,0.0,0.0,0.0,0.0,0.0,,,2020,594798
Jacob deGrom,NYM,p,33,"6' 4""",180,L,R,2014,37000000.0,0.460016054530043,0.364,0.758,0,6.0,110.24423694812,0.330644092776559,0.5,0.03030303,0.0,0.272727272,84.7,1.0,2021,594798
Jacob deGrom,NYM,p,34,"6' 4""",180,L,R,2014,37000000.0,0.0,,,0,,,0.0,0.0,0.0,0.0,0.0,,,2022,594798
Jacob Stallings,PIT,c,28,"6' 5""",225,R,R,2016,2500000.0,-0.152006327132912,0.216,0.484,0,5.0,35.0315530070724,0.222069136980103,0.275862068,0.0,0.073170731,0.219512195,89.6,11.0,2018,607732
Jacob Stallings,PIT,c,29,"6' 5""",225,R,R,2016,2500000.0,1.43944264265121,0.262,0.707,6,13.0,81.7587369556775,0.297386727788869,0.303448275,0.120418848,0.076190476,0.19047619,89.2,11.0,2019,607732
Jacob Stallings,PIT,c,30,"6' 5""",225,R,R,2016,2500000.0,0.983453115435568,0.248,0.702,3,18.0,91.5027057314904,0.309356607443897,0.337349397,0.128,0.104895104,0.279720279,88.6,12.0,2020,607732
Jacob Stallings,PIT,c,31,"6' 5""",225,R,R,2016,2500000.0,3.07009049902052,0.246,0.704,8,53.0,92.2924999413958,0.311877093912567,0.296819787,0.122994653,0.114754098,0.199063231,88.1,11.0,2021,607732
Jacob Stallings,MIA,c,32,"6' 5""",225,R,R,2016,2500000.0,-0.21765635294246,0.223,0.584,4,34.0,66.0537554825968,0.265366789566319,0.279693486,0.069364162,0.075520833,0.216145833,86.7,13.0,2022,607732
Jacob Turner,- - -,P,27,"6' 5""",215,R,R,2011,,0.0,0.0,0.0,0,0.0,,0.0,0.0,0.0,0.0,0.0,,,2018,545363
Jacob Webb,ATL,P,25,"6' 2""",210,R,R,2019,,-0.0126656859836906,0.0,0.0,0,0.0,-100.0,0.0,0.0,0.0,0.0,1.0,,,2019,657097
Jacob Webb,ATL,P,26,"6' 2""",210,R,R,2019,,0.0,,,0,,,0.0,0.0,0.0,0.0,0.0,,,2020,657097
Jacob Webb,ATL,P,27,"6' 2""",210,R,R,2019,,-0.0227377672570072,0.0,0.0,0,0.0,-100.0,0.0,0.0,0.0,0.0,1.0,,,2021,657097
JaCoby Jones,DET,CF,26,"6' 2""",211,R,R,2016,,0.469722633711498,0.207,0.63,11,34.0,68.1683380443763,0.274025318960264,0.280575539,0.156177156,0.051391862,0.304068522,88.8,13.0,2018,592444
JaCoby Jones,DET,CF,27,"6' 2""",211,R,R,2016,,0.974237635547839,0.235,0.74,11,26.0,92.2969868647944,0.311474818713737,0.304123711,0.194630873,0.081081081,0.282282282,91.7,14.0,2019,592444
JaCoby Jones,DET,CF,28,"6' 2""",211,R,R,2016,,0.895281983272033,0.268,0.848,5,14.0,129.54968283516,0.358387298054165,0.355932203,0.24742268,0.064814814,0.314814814,89.5,11.0,2020,592444
JaCoby Jones,DET,CF,29,"6' 2""",211,R,R,2016,,-0.715501011044331,0.17,0.46,2,9.0,23.7577164061122,0.203644116151901,0.267857142,0.08,0.047619047,0.4,89.4,10.0,2021,592444
Jaime Barria,LAA,P,21,"6' 1""",210,R,R,2018,,-0.0535147096625983,0.0,0.0,0,0.0,-100.0,0.0,0.0,0.0,0.0,0.2,82.0,-25.0,2018,642545
Jaime Barria,LAA,P,22,"6' 1""",210,R,R,2018,,-0.0233679359993381,0.0,0.0,0,0.0,-100.0,0.0,0.0,0.0,0.0,0.5,77.0,-33.0,2019,642545
Jaime Barria,LAA,P,23,"6' 1""",210,R,R,2018,,0.0,,,0,,,0.0,0.0,0.0,0.0,0.0,,,2020,642545
Jaime Barria,LAA,P,24,"6' 1""",210,R,R,2018,,-0.0326640855604724,0.0,0.0,0,0.0,-100.0,0.0,0.0,0.0,0.0,1.0,,,2021,642545
Jaime Barria,LAA,P,25,"6' 1""",210,R,R,2018,,0.0,,,0,,,0.0,0.0,0.0,0.0,0.0,,,2022,642545
Jaime García,- - -,p,31,"6' 2""",215,L,L,2008,,-0.0434655528312327,0.0,0.0,0,0.0,-100.0,0.0,0.0,0.0,0.0,1.0,,,2018,448802
Jake Arrieta,PHI,p,32,"6' 4""",230,R,R,2010,6000000.0,0.133693811910686,0.133,0.388,1,3.0,3.87956276504263,0.177022310594718,0.294117647,0.066666667,0.06,0.54,90.5,15.0,2018,453562
Jake Arrieta,PHI,p,33,"6' 4""",230,R,R,2010,6000000.0,0.0218854169161345,0.156,0.352,0,4.0,-13.7545127704862,0.154882659082827,0.269230769,0.022222222,0.02,0.38,87.0,21.0,2019,453562
Jake Arrieta,PHI,p,34,"6' 4""",230,R,R,2010,6000000.0,0.0,,,0,,,0.0,0.0,0.0,0.0,0.0,,,2020,453562
Jake Arrieta,- - -,p,35,"6' 4""",230,R,R,2010,6000000.0,0.167423142696544,0.13,0.361,0,0.0,21.1876471385935,0.182405059154217,0.428571428,0.0,0.066666666,0.533333333,77.4,11.0,2021,453562
Jake Bauers,TBR,1B,22,"6' 0""",216,L,L,2018,,0.0497597369489626,0.201,0.7,11,48.0,96.6917521270104,0.307556203301089,0.252336448,0.182662538,0.139175257,0.268041237,87.5,12.0,2018,641343
Jake Bauers,CLE,1B,23,"6' 0""",216,L,L,2018,,-0.761900848343112,0.226,0.683,12,43.0,82.0402175422562,0.296263300217072,0.29032258,0.14516129,0.106382978,0.271867612,88.1,15.0,2019,641343
Jake Bauers,- - -,1B,25,"6' 0""",216,L,L,2018,,-0.30762813329242,0.209,0.567,4,19.0,63.4141760326346,0.256919809804557,0.275,0.067375886,0.095238095,0.247619047,88.1,20.0,2021,641343
Jake Cave,MIN,CF,25,"6' 0""",200,L,L,2018,,1.06550988091522,0.265,0.786,13,45.0,108.980851929278,0.332478713598408,0.362573099,0.208480566,0.058252427,0.330097087,89.2,10.0,2018,595909
Jake Cave,MIN,CF,26,"6' 0""",200,L,L,2018,,1.09959629897058,0.258,0.806,8,25.0,114.021255446273,0.343402437996446,0.358333333,0.196969697,0.092105263,0.311403508,90.5,7.0,2019,595909
Jake Cave,MIN,CF,27,"6' 0""",200,L,L,2018,,0.5650998551759,0.221,0.674,4,15.0,84.7294359830042,0.292713045104732,0.323076923,0.168141592,0.040650406,0.357723577,87.4,8.0,2020,595909
Jake Cave,MIN,CF,28,"6' 0""",200,L,L,2018,,-0.515662899813361,0.189,0.542,3,13.0,50.2497812778304,0.240568012167505,0.282828282,0.103658536,0.056179775,0.348314606,87.0,8.0,2021,595909
Jake Cave,MIN,CF,29,"6' 0""",200,L,L,2018,,0.352981282042266,0.213,0.644,5,20.0,79.783849590885,0.278234846847879,0.267857142,0.170731707,0.062146892,0.276836158,90.7,14.0,2022,595909
Jake Cronenworth,SDP,2B,26,"5' 11""",187,L,R,2020,,1.90877734475223,0.285,0.831,4,20.0,126.373069164148,0.355716728294889,0.323741007,0.191860466,0.09375,0.15625,89.8,11.0,2020,630105
Jake Cronenworth,SDP,2B,27,"5' 11""",187,L,R,2020,,3.72522521140075,0.266,0.8,21,71.0,117.433871982348,0.340724149834371,0.2832244,0.194003528,0.085536547,0.139968895,88.6,12.0,2021,630105
Jake Cronenworth,SDP,2B,28,"5' 11""",187,L,R,2020,,3.63888415519957,0.239,0.722,17,88.0,108.58351913842,0.318297445774078,0.275167785,0.151618399,0.102339181,0.191520467,87.6,18.0,2022,630105
Jake Diekman,- - -,p,31,"6' 4""",195,R,L,2012,4000000.0,0.0,0.0,0.0,0,0.0,,0.0,0.0,0.0,0.0,0.0,,,2018,518617
Jake Diekman,- - -,p,32,"6' 4""",195,R,L,2012,4000000.0,0.0,0.0,0.0,0,0.0,,0.0,0.0,0.0,0.0,0.0,,,2019,518617
Jake Diekman,OAK,p,33,"6' 4""",195,R,L,2012,4000000.0,0.0,,,0,,,0.0,0.0,0.0,0.0,0.0,,,2020,518617
Jake Diekman,OAK,p,34,"6' 4""",195,R,L,2012,4000000.0,-0.0101051533831635,0.0,0.0,0,0.0,-100.0,0.0,0.0,0.0,0.0,1.0,,,2021,518617
Jake Diekman,- - -,p,35,"6' 4""",195,R,L,2012,4000000.0,0.0,,,0,,,0.0,0.0,0.0,0.0,0.0,,,2022,518617
Jake Elmore,PIT,SS,32,"5' 10""",180,R,R,2012,,-0.457053155217646,0.213,0.479,0,4.0,26.2933902434454,0.212728951658521,0.256410256,0.021276596,0.040816326,0.163265306,85.6,12.0,2019,518653
Jake Fraley,SEA,RF,24,"5' 11""",206,L,L,2019,,-0.389219462159716,0.15,0.371,0,1.0,-4.19318591816131,0.161731058504523,0.23076923,0.05,0.0,0.341463414,83.4,31.0,2019,641584
Jake Fraley,SEA,RF,25,"5' 11""",206,L,L,2019,,-0.169693964706013,0.154,0.51,0,0.0,45.5930833816465,0.230597931763221,0.266666666,0.115384616,0.068965517,0.379310344,82.6,28.0,2020,641584
Jake Fraley,SEA,RF,26,"5' 11""",206,L,L,2019,,1.09959444657595,0.21,0.721,9,36.0,108.514110221855,0.322486339186534,0.264705882,0.158878505,0.173584905,0.267924528,85.3,12.0,2021,641584
Jake Fraley,CIN,RF,27,"5' 11""",206,L,L,2019,,0.793949678420397,0.259,0.812,12,28.0,121.246743942834,0.35175335722241,0.289473684,0.208333333,0.105263157,0.218623481,85.1,14.0,2022,641584
Jake Lamb,ARI,1b,27,"6' 3""",220,L,R,2014,1000000.0,0.201310891294196,0.222,0.655,6,31.0,77.9466330386221,0.289731502532959,0.285714285,0.125603864,0.109243697,0.273109243,87.9,5.0,2018,571875
Jake Lamb,ARI,1b,28,"6' 3""",220,L,R,2014,1000000.0,0.0501838022644083,0.193,0.676,6,30.0,79.243636490812,0.296959625085195,0.234375,0.160427808,0.14159292,0.243362831,90.7,14.0,2019,571875
Jake Lamb,- - -,1b,29,"6' 3""",220,L,R,2014,1000000.0,-0.1769957983195,0.193,0.635,3,10.0,77.2407339817049,0.281276935278767,0.233333333,0.159090909,0.08080808,0.252525252,90.2,17.0,2020,571875
Jake Lamb,- - -,1b,30,"6' 3""",220,L,R,2014,1000000.0,-0.0344389245135926,0.194,0.674,7,19.0,85.990688302266,0.297751681594288,0.238636363,0.173611111,0.129411764,0.3,90.6,18.0,2021,571875
Jake Lamb,- - -,1b,31,"6' 3""",220,L,R,2014,1000000.0,0.0269213343444921,0.216,0.707,3,6.0,105.379270437326,0.313922411149687,0.321428571,0.175257732,0.099099099,0.342342342,91.5,15.0,2022,571875
Jake Marisnick,HOU,cf,27,"6' 4""",220,R,R,2013,,1.2122588459853,0.211,0.674,10,28.0,84.7376982529151,0.289942419220661,0.291666666,0.187793427,0.063829787,0.357446808,86.5,19.0,2018,545350
Jake Marisnick,HOU,cf,28,"6' 4""",220,R,R,2013,,1.0032475528584,0.233,0.7,10,34.0,84.8653364049686,0.296552444450439,0.310160427,0.178082192,0.053459119,0.298742138,86.7,12.0,2019,545350
Jake Marisnick,NYM,cf,29,"6' 4""",220,R,R,2013,,0.322850052112232,0.333,0.959,2,5.0,159.060135461161,0.401956158525804,0.428571428,0.272727273,0.029411764,0.294117647,87.1,7.0,2020,545350
Jake Marisnick,- - -,cf,30,"6' 4""",220,R,R,2013,,0.510957004657668,0.216,0.661,5,24.0,79.5821295758097,0.287289469217768,0.305555555,0.15909091,0.055555555,0.328282828,88.2,15.0,2021,545350
Jake Marisnick,PIT,cf,31,"6' 4""",220,R,R,2013,,0.40025703509421,0.234,0.662,2,6.0,77.9549449175033,0.282720060646534,0.31372549,0.155844156,0.048780487,0.292682926,88.4,20.0,2022,545350
Jake McGee,COL,p,31,"6' 4""",229,L,L,2010,2500000.0,0.0,0.0,0.0,0,0.0,,0.0,0.0,0.0,0.0,0.0,,,2018,459429
Jake McGee,COL,p,32,"6' 4""",229,L,L,2010,2500000.0,0.0,0.0,0.0,0,0.0,,0.0,0.0,0.0,0.0,0.0,,,2019,459429
Jake McGee,LAD,p,33,"6' 4""",229,L,L,2010,2500000.0,0.0,,,0,,,0.0,0.0,0.0,0.0,0.0,,,2020,459429
Jake McGee,SFG,p,34,"6' 4""",229,L,L,2010,2500000.0,0.0,0.0,0.0,0,0.0,,0.0,0.0,0.0,0.0,0.0,,,2021,459429
Jake McGee,- - -,p,35,"6' 4""",229,L,L,2010,2500000.0,0.0,,,0,,,0.0,0.0,0.0,0.0,0.0,,,2022,459429
Jake Odorizzi,MIN,p,28,"6' 2""",190,R,R,2012,,-0.0870857121327345,0.0,0.0,0,0.0,-100.0,0.0,0.0,0.0,0.0,0.25,83.7,-13.0,2018,543606
Jake Odorizzi,MIN,p,29,"6' 2""",190,R,R,2012,,-0.0349125578547267,0.0,0.0,0,0.0,-100.0,0.0,0.0,0.0,0.0,0.0,82.3,23.0,2019,543606
Jake Odorizzi,MIN,p,30,"6' 2""",190,R,R,2012,,0.0,,,0,,,0.0,0.0,0.0,0.0,0.0,,,2020,543606
Jake Odorizzi,HOU,p,31,"6' 2""",190,R,R,2012,,-0.0105570491508289,0.0,0.0,0,0.0,-100.0,0.0,0.0,0.0,0.0,0.0,59.2,43.0,2021,543606
Jake Odorizzi,- - -,p,32,"6' 2""",190,R,R,2012,,0.0,,,0,,,0.0,0.0,0.0,0.0,0.0,,,2022,543606
Jake Petricka,TOR,P,30,"6' 4""",218,R,R,2013,,-0.0108663882078082,0.0,0.0,0,0.0,-100.0,0.0,0.0,0.0,0.0,1.0,,,2018,502593
Jake Petricka,MIL,P,31,"6' 4""",218,R,R,2013,,0.0,0.0,0.0,0,0.0,,0.0,0.0,0.0,0.0,0.0,,,2019,502593
Jake Petricka,LAA,P,33,"6' 4""",218,R,R,2013,,0.0,0.0,0.0,0,0.0,,0.0,0.0,0.0,0.0,0.0,,,2021,502593
Jake Woodford,STL,P,23,"6' 4""",215,R,R,2020,,0.0,0.0,0.0,0,0.0,,0.0,0.0,0.0,0.0,0.0,,,2020,663765
Jake Woodford,STL,P,24,"6' 4""",215,R,R,2020,,-0.0594977815185375,0.111,0.222,0,0.0,-43.3146599025308,0.0976728134685093,0.222222222,0.0,0.0,0.45,87.9,-18.0,2021,663765
Jake Woodford,STL,P,25,"6' 4""",215,R,R,2020,,0.0,,,0,,,0.0,0.0,0.0,0.0,0.0,,,2022,663765
Jakob Junis,KCR,p,25,"6' 3""",238,R,R,2017,4000000.0,-0.022076442645391,0.0,0.0,0,0.0,-100.0,0.0,0.0,0.0,0.0,0.5,,,2018,596001
Jakob Junis,KCR,p,26,"6' 3""",238,R,R,2017,4000000.0,-0.0237376123655697,0.0,0.0,0,0.0,-100.0,0.0,0.0,0.0,0.0,0.0,77.5,-17.0,2019,596001
Jakob Junis,KCR,p,27,"6' 3""",238,R,R,2017,4000000.0,0.0,,,0,,,0.0,0.0,0.0,0.0,0.0,,,2020,596001
Jakob Junis,KCR,p,28,"6' 3""",238,R,R,2017,4000000.0,-0.0223164645867896,0.0,0.0,0,0.0,-100.0,0.0,0.0,0.0,0.0,0.5,,,2021,596001
Jakob Junis,SFG,p,29,"6' 3""",238,R,R,2017,4000000.0,0.0,,,0,,,0.0,0.0,0.0,0.0,0.0,,,2022,596001
Jalen Beeks,- - -,p,24,"5' 11""",215,L,L,2018,,-0.020610206003714,0.0,0.0,0,0.0,-100.0,0.0,0.0,0.0,0.0,0.5,82.9,-21.0,2018,656222
Jalen Beeks,TBR,p,25,"5' 11""",215,L,L,2018,,-0.032912652161842,0.0,0.0,0,0.0,-100.0,0.0,0.0,0.0,0.0,0.666666666,93.9,-32.0,2019,656222
Jalen Beeks,TBR,p,26,"5' 11""",215,L,L,2018,,0.0,,,0,,,0.0,0.0,0.0,0.0,0.0,,,2020,656222
Jalen Beeks,TBR,p,28,"5' 11""",215,L,L,2018,,0.0,,,0,,,0.0,0.0,0.0,0.0,0.0,,,2022,656222
James Hoyt,HOU,P,31,"6' 6""",230,R,R,2016,,0.0,,,0,,,0.0,0.0,0.0,0.0,0.0,,,2018,624586
James Hoyt,CLE,P,32,"6' 6""",230,R,R,2016,,0.0,0.0,0.0,0,0.0,,0.0,0.0,0.0,0.0,0.0,,,2019,624586
James Hoyt,MIA,P,33,"6' 6""",230,R,R,2016,,0.0,,,0,,,0.0,0.0,0.0,0.0,0.0,,,2020,624586
James Hoyt,LAA,P,34,"6' 6""",230,R,R,2016,,0.0,0.0,0.0,0,0.0,,0.0,0.0,0.0,0.0,0.0,,,2021,624586
James McCann,DET,c,28,"6' 2""",235,R,R,2014,2750000.0,-0.579524329164892,0.22,0.581,8,39.0,56.0862331989979,0.256320122816891,0.281967213,0.093676815,0.056892778,0.253829321,87.8,16.0,2018,543510
James McCann,CHW,c,29,"6' 2""",235,R,R,2014,2750000.0,1.94367045435923,0.273,0.788,18,60.0,107.55723959708,0.332549189087711,0.359154929,0.186788155,0.06302521,0.287815126,90.2,11.0,2019,543510
James McCann,CHW,c,30,"6' 2""",235,R,R,2014,2750000.0,1.44311866568549,0.289,0.896,7,15.0,141.164467545543,0.377998742971334,0.338709677,0.247422681,0.072072072,0.27027027,90.5,15.0,2020,543510
James McCann,NYM,c,31,"6' 2""",235,R,R,2014,2750000.0,0.332079680443448,0.232,0.643,10,46.0,78.2779207771195,0.281458738366473,0.304347826,0.117333333,0.077669902,0.279126213,87.3,9.0,2021,543510
James McCann,NYM,c,32,"6' 2""",235,R,R,2014,2750000.0,0.125710331310134,0.195,0.539,3,18.0,56.6650233404774,0.242608225782504,0.244094488,0.086206897,0.057591623,0.240837696,90.2,16.0,2022,543510
James Paxton,SEA,p,29,"6' 4""",212,L,L,2013,,0.0,,,0,,,0.0,0.0,0.0,0.0,0.0,,,2018,572020
James Paxton,NYY,p,30,"6' 4""",212,L,L,2013,,-0.0923108112496148,0.0,0.0,0,1.0,-100.0,0.0,0.0,0.0,0.0,0.625,,,2019,572020
James Paxton,NYY,p,31,"6' 4""",212,L,L,2013,,0.0,,,0,,,0.0,0.0,0.0,0.0,0.0,,,2020,572020
James Paxton,SEA,p,32,"6' 4""",212,L,L,2013,,0.0,,,0,,,0.0,0.0,0.0,0.0,0.0,,,2021,572020
James Pazos,SEA,P,27,"6' 2""",252,R,L,2015,,0.0,0.0,0.0,0,0.0,,0.0,0.0,0.0,0.0,0.0,,,2018,572021
James Pazos,COL,P,28,"6' 2""",252,R,L,2015,,0.0,0.0,0.0,0,0.0,,0.0,0.0,0.0,0.0,0.0,,,2019,572021
James Pazos,COL,P,29,"6' 2""",252,R,L,2015,,0.0,,,0,,,0.0,0.0,0.0,0.0,0.0,,,2020,572021
James Shields,CHW,p,36,"6' 3""",210,R,R,2006,,0.0115802386341459,0.167,0.334,0,0.0,-15.6705808903749,0.146588454643885,0.333333333,0.0,0.0,0.428571428,80.1,4.0,2018,448306
Jameson Taillon,PIT,p,26,"6' 5""",230,R,R,2016,17000000.0,-0.293543035896752,0.07,0.174,0,3.0,-60.6387852084116,0.0788861492584492,0.114285714,0.01754386,0.015873015,0.349206349,84.1,-3.0,2018,592791
Jameson Taillon,PIT,p,27,"6' 5""",230,R,R,2016,17000000.0,0.0292819728139433,0.25,0.5,0,0.0,29.3549178739976,0.217401817440987,0.4,0.0,0.0,0.272727272,85.6,2.0,2019,592791
Jameson Taillon,NYY,p,29,"6' 5""",230,R,R,2016,17000000.0,0.0362199335709092,0.0,0.5,0,0.0,122.149965764489,0.34585827589035,0.0,0.0,0.5,0.0,75.9,-12.0,2021,592791
Jameson Taillon,NYY,p,30,"6' 5""",230,R,R,2016,17000000.0,0.0,,,0,,,0.0,0.0,0.0,0.0,0.0,,,2022,592791
Jared Hughes,CIN,p,32,"6' 7""",240,R,R,2011,,0.0,0.0,0.0,0,0.0,,0.0,0.0,0.0,0.0,0.0,,,2018,453172
Jared Hughes,- - -,p,33,"6' 7""",240,R,R,2011,,-0.0260285730665077,0.0,0.0,0,0.0,-100.0,0.0,0.0,0.0,0.0,0.5,80.0,69.0,2019,453172
Jared Hughes,NYM,p,34,"6' 7""",240,R,R,2011,,0.0,,,0,,,0.0,0.0,0.0,0.0,0.0,,,2020,453172
Jared Walsh,LAA,1B,25,"6' 0""",210,L,L,2019,,-0.217486822024279,0.203,0.605,1,5.0,56.5181814559115,0.258933049994846,0.348837209,0.126582279,0.068965517,0.40229885,91.3,14.0,2019,665120
Jared Walsh,LAA,1B,26,"6' 0""",210,L,L,2019,,0.770538821846176,0.293,0.97,9,26.0,150.261048115791,0.393134964836968,0.256410256,0.353535354,0.046296296,0.138888888,88.1,13.0,2020,665120
Jared Walsh,LAA,1B,27,"6' 0""",210,L,L,2019,,2.37274793141072,0.277,0.849,29,98.0,126.008269785699,0.357296056389191,0.335227272,0.232075472,0.082051282,0.259829059,89.6,8.0,2021,665120
Jared Walsh,LAA,1B,28,"6' 0""",210,L,L,2019,,-0.771765102242588,0.215,0.643,15,44.0,77.3527287200762,0.278237547609541,0.281481481,0.158392435,0.059471365,0.303964757,90.1,11.0,2022,665120
Jarlín García,MIA,p,25,"6' 3""",240,L,L,2017,,-0.0547661536634113,0.0,0.1,0,0.0,-63.2402147624093,0.0689529597759247,0.0,0.0,0.09090909,0.636363636,86.2,-24.0,2018,606424
Jarlín García,MIA,p,26,"6' 3""",240,L,L,2017,,-0.0118446988353942,0.0,0.0,0,0.0,-100.0,0.0,0.0,0.0,0.0,1.0,,,2019,606424
Jarlín García,SFG,p,27,"6' 3""",240,L,L,2017,,0.0,,,0,,,0.0,0.0,0.0,0.0,0.0,,,2020,606424
Jarlín García,SFG,p,28,"6' 3""",240,L,L,2017,,-0.0214633915917213,0.0,0.0,0,0.0,-100.0,0.0,0.0,0.0,0.0,1.0,,,2021,606424
Jarlín García,SFG,p,29,"6' 3""",240,L,L,2017,,0.0,,,0,,,0.0,0.0,0.0,0.0,0.0,,,2022,606424
Jarrod Dyson,ARI,If,33,"5' 9""",165,L,R,2010,,-0.167850963882108,0.189,0.539,2,12.0,47.68675664095311,0.244443698689855,0.216374269,0.067961165,0.11392405,0.143459915,85.3,11.0,2018,502481
Jarrod Dyson,ARI,If,34,"5' 9""",165,L,R,2010,,0.656550532872193,0.23,0.633,7,27.0,68.4693306905035,0.280514604500815,0.275080906,0.09,0.1039823,0.190265486,83.6,10.0,2019,502481
Jarrod Dyson,- - -,If,35,"5' 9""",165,L,R,2010,,-0.213134394130151,0.18,0.411,0,5.0,15.2257892977725,0.192354292135972,0.22,0.0,0.06060606,0.166666666,82.7,6.0,2020,502481
Jarrod Dyson,- - -,If,36,"5' 9""",165,L,R,2010,,-0.187451393806856,0.207,0.549,0,10.0,46.4936225098586,0.24278561178952,0.27184466,0.081481481,0.067114093,0.22147651,83.5,4.0,2021,502481
Jarrod Saltalamacchia,DET,c,33,"6' 4""",235,S,R,2007,,-0.137046637300037,0.0,0.125,0,0.0,-60.0105030045461,0.0861911997199059,0.0,0.0,0.125,0.5,83.5,-7.0,2018,457454
Jason Adam,KCR,P,26,"6' 3""",229,R,R,2018,,0.0,0.0,0.0,0,0.0,,0.0,0.0,0.0,0.0,0.0,,,2018,592094
Jason Adam,TOR,P,27,"6' 3""",229,R,R,2018,,0.0,0.0,0.0,0,0.0,,0.0,0.0,0.0,0.0,0.0,,,2019,592094
Jason Adam,CHC,P,28,"6' 3""",229,R,R,2018,,0.0,,,0,,,0.0,0.0,0.0,0.0,0.0,,,2020,592094
Jason Adam,CHC,P,29,"6' 3""",229,R,R,2018,,0.0,0.0,0.0,0,0.0,,0.0,0.0,0.0,0.0,0.0,,,2021,592094
Jason Adam,TBR,P,30,"6' 3""",229,R,R,2018,,0.0,,,0,,,0.0,0.0,0.0,0.0,0.0,,,2022,592094
Jason Castro,MIN,c,31,"6' 3""",215,L,R,2010,,0.196997134038947,0.143,0.495,1,3.0,39.7520556151526,0.231030378792737,0.216216216,0.095238096,0.121621621,0.351351351,87.1,4.0,2018,488771
Jason Castro,MIN,c,32,"6' 3""",215,L,R,2010,,1.11926621959499,0.232,0.767,13,30.0,103.422389220534,0.327731216475911,0.306569343,0.202531646,0.12,0.32,91.3,14.0,2019,488771
Jason Castro,- - -,c,33,"6' 3""",215,L,R,2010,,0.198100386146143,0.188,0.668,2,9.0,83.5250513631928,0.293662991212762,0.288888888,0.1875,0.130434782,0.358695652,92.7,20.0,2020,488771
Jason Castro,HOU,c,34,"6' 3""",215,L,R,2010,,1.19248921888289,0.235,0.799,8,21.0,121.822290286024,0.347112361341715,0.310344827,0.208053692,0.139664804,0.301675977,90.5,14.0,2021,488771
Jason Castro,HOU,c,35,"6' 3""",215,L,R,2010,,-0.780622712166079,0.115,0.384,1,3.0,13.6083484106796,0.183275280350989,0.210526315,0.064102564,0.09090909,0.454545454,88.6,10.0,2022,488771
Jason Hammel,KCR,p,35,"6' 6""",225,R,R,2006,,-0.0331146632011284,0.0,0.0,0,0.0,-100.0,0.0,0.0,0.0,0.0,0.666666666,59.5,-4.0,2018,434628
Jason Heyward,CHC,rf,28,"6' 5""",240,L,L,2010,1000000.0,1.72861325347214,0.27,0.73,8,57.0,99.6962860054627,0.319254789032887,0.296791443,0.125,0.08588957,0.122699386,88.3,10.0,2018,518792
Jason Heyward,CHC,rf,29,"6' 5""",240,L,L,2010,1000000.0,2.40824610363135,0.251,0.772,21,62.0,99.5565654427305,0.327587752819878,0.28051948,0.177387914,0.115449915,0.186757215,88.8,11.0,2019,518792
Jason Heyward,CHC,rf,30,"6' 5""",240,L,L,2010,1000000.0,1.63172357035897,0.265,0.848,6,22.0,130.957271128734,0.367806239260568,0.311320754,0.19047619,0.165745856,0.204419889,87.6,11.0,2020,518792
Jason Heyward,CHC,rf,31,"6' 5""",240,L,L,2010,1000000.0,0.0599603533893357,0.214,0.627,8,30.0,70.3136630919533,0.274550186470151,0.246963562,0.133126935,0.076487252,0.19263456,88.2,8.0,2021,518792
Jason Heyward,CHC,rf,32,"6' 5""",240,L,L,2010,1000000.0,-0.26632452997249,0.204,0.555,1,10.0,63.1381646036854,0.25349944277315,0.259615384,0.0729927,0.072847682,0.211920529,87.6,13.0,2022,518792
Jason Kipnis,CLE,2b,31,"5' 11""",200,L,R,2011,,1.35249523947061,0.23,0.704,18,75.0,90.6192632965438,0.308422585759617,0.258064516,0.158490566,0.09983361,0.186356073,86.9,18.0,2018,543401
Jason Kipnis,CLE,2b,32,"5' 11""",200,L,R,2011,,0.353439893588354,0.245,0.714,17,65.0,85.5016167268867,0.301381239460574,0.264623955,0.165938865,0.078277886,0.17221135,88.1,14.0,2019,543401
Jason Kipnis,CHC,2b,33,"5' 11""",200,L,R,2011,,0.376355172751297,0.237,0.745,3,16.0,103.034284945255,0.325520196667424,0.333333333,0.166666666,0.133333333,0.303703703,86.2,18.0,2020,543401
Jason Vargas,NYM,p,35,"6' 0""",215,L,L,2005,,0.055311960529503,0.148,0.327,0,0.0,-8.97823464685052,0.150273303900446,0.210526315,0.0,0.032258064,0.258064516,77.8,3.0,2018,450306
Jason Vargas,- - -,p,36,"6' 0""",215,L,L,2005,,-0.293156556200113,0.075,0.15,0,0.0,-67.2735112288419,0.065220545232296,0.166666666,0.0,0.0,0.488888888,77.9,-1.0,2019,450306
Javier Báez,CHC,ss,25,"5' 11""",190,R,R,2014,23333333.0,5.83971212366674,0.29,0.88,34,111.0,131.187051420221,0.366384776883155,0.347188264,0.264026403,0.04496124,0.258914728,90.6,10.0,2018,595879
Javier Báez,CHC,ss,26,"5' 11""",190,R,R,2014,23333333.0,5.58389860805709,0.281,0.847,29,85.0,112.341343017142,0.3471013933527,0.344827586,0.25047081,0.049910873,0.278074866,91.0,8.0,2019,595879
Javier Báez,CHC,ss,27,"5' 11""",190,R,R,2014,23333333.0,0.688915736338374,0.203,0.598,8,24.0,57.1490636336229,0.256032484643003,0.262411347,0.157657658,0.029787234,0.319148936,89.4,10.0,2020,595879
Javier Báez,- - -,ss,28,"5' 11""",190,R,R,2014,23333333.0,4.12588104908374,0.265,0.813,31,87.0,116.635026161954,0.344007279395181,0.351724137,0.229083665,0.051188299,0.336380255,90.1,11.0,2021,595879
Javier Báez,DET,ss,29,"5' 11""",190,R,R,2014,23333333.0,1.96345128460567,0.238,0.671,17,67.0,89.3957118906541,0.291124974122881,0.291878172,0.154954955,0.044067796,0.249152542,87.9,10.0,2022,595879
Javy Guerra,MIA,P,32,"6' 1""",215,R,R,2011,,0.0,0.0,0.0,0,0.0,,0.0,0.0,0.0,0.0,0.0,,,2018,457915
Javy Guerra,SDP,P,22,"6' 0""",190,L,R,2018,,-0.272197738939706,0.125,0.388,0,1.0,23.0327110914245,0.201455276263388,0.285714285,0.0,0.157894736,0.47368421,72.6,-11.0,2018,642770
Javy Guerra,- - -,P,33,"6' 1""",215,R,R,2011,,-0.0629134554537399,0.0,0.0,0,0.0,-100.0,0.0,0.0,0.0,0.0,0.4,75.2,13.0,2019,457915
Javy Guerra,SDP,P,23,"6' 0""",190,L,R,2018,,0.0,0.0,0.0,0,0.0,,0.0,0.0,0.0,0.0,0.0,,,2019,642770
Javy Guerra,WSN,P,34,"6' 1""",215,R,R,2011,,0.0,,,0,,,0.0,0.0,0.0,0.0,0.0,,,2020,457915
Javy Guerra,SDP,P,24,"6' 0""",190,L,R,2018,,0.0,,,0,,,0.0,0.0,0.0,0.0,0.0,,,2020,642770
Javy Guerra,WSN,P,35,"6' 1""",215,R,R,2011,,-0.0112422530894115,0.0,0.0,0,0.0,-100.0,0.0,0.0,0.0,0.0,1.0,,,2021,457915
Javy Guerra,SDP,P,25,"6' 0""",190,L,R,2018,,0.0144612966197382,0.0,0.0,0,0.0,,0.0,0.0,0.0,0.0,0.0,,,2021,642770
Javy Guerra,- - -,P,26,"6' 0""",190,L,R,2018,,0.0,,,0,,,0.0,0.0,0.0,0.0,0.0,,,2022,642770
Jay Bruce,NYM,rf,31,"6' 3""",230,L,L,2008,,-0.463051871478585,0.223,0.68,9,37.0,88.3300872019796,0.295907745174333,0.262711864,0.147335424,0.113573407,0.207756232,88.3,21.0,2018,457803
Jay Bruce,- - -,rf,32,"6' 3""",230,L,L,2008,,0.591553489419057,0.216,0.784,26,59.0,97.7515027945277,0.317767614895875,0.2,0.306451613,0.057057057,0.246246246,89.9,22.0,2019,457803
Jay Bruce,PHI,rf,33,"6' 3""",230,L,L,2008,,-0.0962818906320973,0.198,0.721,6,14.0,82.5391215281787,0.297195187970704,0.196969696,0.270833334,0.067961165,0.233009708,89.0,15.0,2020,457803
Jay Bruce,NYY,rf,34,"6' 3""",230,L,L,2008,,-0.294914662674664,0.118,0.466,1,3.0,35.1029979467225,0.217047654665433,0.15,0.117647059,0.128205128,0.333333333,84.0,9.0,2021,457803
Jay Jackson,MIL,p,31,"6' 1""",195,R,R,2015,1500000.0,-0.0250705366645401,0.0,0.0,0,0.0,-100.0,0.0,0.0,0.0,0.0,1.0,,,2019,543351
Jay Jackson,SFG,p,33,"6' 1""",195,R,R,2015,1500000.0,-0.0107316957958606,0.0,0.0,0,0.0,-100.0,0.0,0.0,0.0,0.0,0.0,,,2021,543351
Jay Jackson,ATL,p,34,"6' 1""",195,R,R,2015,1500000.0,0.0,,,0,,,0.0,0.0,0.0,0.0,0.0,,,2022,543351
Jazz Chisholm Jr.,MIA,2B,22,"5' 11""",184,L,R,2020,,-0.220008707542262,0.161,0.563,2,6.0,53.9541531906632,0.248219161264358,0.2,0.160714286,0.080645161,0.306451612,87.1,16.0,2020,665862
Jazz Chisholm Jr.,MIA,2B,23,"5' 11""",184,L,R,2020,,1.82610498132167,0.248,0.728,18,53.0,93.5935421254526,0.312473882188891,0.319078947,0.176724138,0.067061143,0.285996055,90.2,9.0,2021,665862
Jazz Chisholm Jr.,MIA,2B,24,"5' 11""",184,L,R,2020,,2.52401619584108,0.254,0.86,14,45.0,134.273077855919,0.365135563661655,0.294117647,0.281690141,0.087136929,0.273858921,90.2,15.0,2022,665862
JB Shuck,MIA,LF,31,"5' 11""",195,L,L,2011,,-1.07813432694765,0.192,0.486,0,4.0,37.284476724725,0.219401112624577,0.231481481,0.038461538,0.070422535,0.154929577,84.6,7.0,2018,543776
JB Shuck,PIT,LF,32,"5' 11""",195,L,L,2011,,-0.111986494537592,0.213,0.594,0,2.0,69.3970119974948,0.278518800224577,0.27027027,0.042553191,0.140350877,0.175438596,86.7,0.0,2019,543776
JC Ramírez,LAA,P,29,"6' 3""",175,R,R,2013,,0.0,,,0,,,0.0,0.0,0.0,0.0,0.0,,,2018,500724
JC Ramírez,LAA,P,30,"6' 3""",175,R,R,2013,,0.0,,,0,,,0.0,0.0,0.0,0.0,0.0,,,2019,500724
Jean Segura,SEA,2b,28,"5' 10""",220,R,R,2012,8500000.0,3.78196119972677,0.304,0.756,10,63.0,109.402810333389,0.326512390432266,0.32748538,0.110921501,0.050632911,0.109177215,87.7,8.0,2018,516416
Jean Segura,PHI,2b,29,"5' 10""",220,R,R,2012,8500000.0,1.60931104452831,0.28,0.743,12,60.0,91.2103193797444,0.315092407844283,0.301619433,0.140625,0.048543689,0.118122977,88.2,7.0,2019,516416
Jean Segura,PHI,2b,30,"5' 10""",220,R,R,2012,8500000.0,1.28120247941403,0.266,0.769,7,25.0,106.045055408868,0.33279213002909,0.314285714,0.15625,0.105990783,0.207373271,87.7,11.0,2020,516416
Jean Segura,PHI,2b,31,"5' 10""",220,R,R,2012,8500000.0,3.48368676334999,0.29,0.784,14,58.0,109.791635000953,0.337512698097297,0.316901408,0.145914397,0.068783068,0.137566137,87.2,6.0,2021,516416
Jean Segura,PHI,2b,32,"5' 10""",220,R,R,2012,8500000.0,2.10107441873407,0.277,0.723,10,33.0,105.364802843711,0.319867528009909,0.306620209,0.110169491,0.064599483,0.149870801,87.6,4.0,2022,516416
Jeanmar Gómez,CHW,p,30,"6' 3""",215,R,R,2010,,0.0,,,0,,,0.0,0.0,0.0,0.0,0.0,,,2018,491646
Jeanmar Gómez,TEX,p,31,"6' 3""",215,R,R,2010,,0.0,,,0,,,0.0,0.0,0.0,0.0,0.0,,,2019,491646
Jed Lowrie,OAK,2b,34,"6' 0""",180,S,R,2008,850000.0,5.07767370505926,0.267,0.801,23,99.0,124.149647479877,0.347400272454359,0.303571428,0.181208054,0.114705882,0.188235294,89.2,17.0,2018,476704
Jed Lowrie,NYM,2b,35,"6' 0""",180,S,R,2008,850000.0,-0.142119520029325,0.0,0.125,0,0.0,-51.2211956750662,0.0862868130207062,0.0,0.0,0.125,0.5,79.8,23.0,2019,476704
Jed Lowrie,OAK,2b,37,"6' 0""",180,S,R,2008,850000.0,0.872241478550777,0.245,0.716,14,69.0,101.253327165998,0.311227974826342,0.289085545,0.153172866,0.095703125,0.2109375,90.7,16.0,2021,476704
Jed Lowrie,OAK,2b,38,"6' 0""",180,S,R,2008,850000.0,-0.986959423827355,0.18,0.508,3,16.0,48.9257991346664,0.229887317704118,0.212598425,0.083832335,0.081521739,0.211956521,86.2,16.0,2022,476704
Jedd Gyorko,STL,3b,29,"5' 10""",205,R,R,2013,,1.68930517971101,0.262,0.762,11,47.0,111.126113205123,0.332753188722762,0.303370786,0.153846153,0.109452736,0.191542288,87.1,15.0,2018,576397
Jedd Gyorko,- - -,3b,30,"5' 10""",205,R,R,2013,,-0.24058528991749,0.174,0.498,2,9.0,36.2457076470289,0.223893875532811,0.212121212,0.076086957,0.08910891,0.237623762,85.8,16.0,2019,576397
Jedd Gyorko,MIL,3b,31,"5' 10""",205,R,R,2013,,0.856399373269915,0.248,0.837,9,17.0,119.071940840242,0.35105306799732,0.277777777,0.256410257,0.111111111,0.281481481,88.6,15.0,2020,576397
Jeff Beliveau,CLE,P,31,"6' 1""",190,L,L,2012,,0.0,,,0,,,0.0,0.0,0.0,0.0,0.0,,,2018,542924
Jeff Brigham,MIA,P,26,"6' 0""",195,R,R,2018,,0.0552426601980239,0.333,0.666,0,0.0,86.5791277946234,0.293176909287771,0.5,0.0,0.0,0.25,97.6,10.0,2018,656257
Jeff Brigham,MIA,P,27,"6' 0""",195,R,R,2018,,-0.0118446988353942,0.0,0.0,0,0.0,-100.0,0.0,0.0,0.0,0.0,1.0,,,2019,656257
Jeff Brigham,MIA,P,28,"6' 0""",195,R,R,2018,,0.0,,,0,,,0.0,0.0,0.0,0.0,0.0,,,2020,656257
Jeff Brigham,MIA,P,30,"6' 0""",195,R,R,2018,,0.0,,,0,,,0.0,0.0,0.0,0.0,0.0,,,2022,656257
Jeff Hoffman,COL,p,25,"6' 5""",235,R,R,2016,11000000.0,-0.013125781448889,0.0,0.0,0,0.0,-100.0,0.0,0.0,0.0,0.0,0.0,,,2018,656546
Jeff Hoffman,COL,p,26,"6' 5""",235,R,R,2016,11000000.0,0.0588431614047454,0.238,0.476,0,1.0,8.64813225883784,0.207049349943797,0.416666666,0.0,0.0,0.375,81.3,-4.0,2019,656546
Jeff Hoffman,COL,p,27,"6' 5""",235,R,R,2016,11000000.0,0.0,,,0,,,0.0,0.0,0.0,0.0,0.0,,,2020,656546
Jeff Hoffman,CIN,p,28,"6' 5""",235,R,R,2016,11000000.0,-0.0154698097579146,0.133,0.266,0,1.0,-37.818488808379,0.117207376162211,0.166666666,0.0,0.0,0.1875,79.0,6.0,2021,656546
Jeff Hoffman,CIN,p,29,"6' 5""",235,R,R,2016,11000000.0,0.0,0.0,0.0,0,0.0,,0.0,0.0,0.0,0.0,0.0,,,2022,656546
Jeff Mathis,ARI,c,35,"6' 0""",205,R,R,2005,,1.18132413714568,0.2,0.544,1,20.0,46.9524852523981,0.243344766950166,0.292307692,0.071794871,0.091743119,0.302752293,87.6,15.0,2018,425772
Jeff Mathis,TEX,c,36,"6' 0""",205,R,R,2005,,-1.97919989790788,0.158,0.433,2,12.0,1.72671537864519,0.190260719124672,0.242857142,0.065789474,0.061475409,0.356557377,86.1,17.0,2019,425772
Jeff Mathis,TEX,c,37,"6' 0""",205,R,R,2005,,0.0848023451846243,0.161,0.576,3,9.0,50.2028795262454,0.244709759950638,0.194444444,0.193548387,0.073529411,0.352941176,89.6,21.0,2020,425772
Jeff Mathis,ATL,c,38,"6' 0""",205,R,R,2005,,-0.182386292568085,0.0,0.0,0,0.0,-100.0,0.0,0.0,0.0,0.0,0.555555555,90.8,21.0,2021,425772
Jeff McNeil,NYM,2B,26,"6' 0""",195,L,R,2018,,2.64623750880033,0.329,0.852,3,19.0,136.272713160783,0.367660062057982,0.358585858,0.142222223,0.056451612,0.096774193,86.6,15.0,2018,643446
Jeff McNeil,NYM,2B,27,"6' 0""",195,L,R,2018,,4.79044546785316,0.318,0.915,23,75.0,144.128297362837,0.384452327690293,0.336561743,0.213725491,0.061728395,0.132275132,89.0,14.0,2019,643446
Jeff McNeil,NYM,2B,28,"6' 0""",195,L,R,2018,,1.3351875196208,0.311,0.837,4,23.0,131.075351091083,0.359576529926724,0.335443037,0.142076503,0.095693779,0.114832535,86.6,11.0,2020,643446
Jeff McNeil,NYM,2B,29,"6' 0""",195,L,R,2018,,1.06301773756215,0.251,0.679,7,35.0,90.6605584484472,0.300511431805964,0.279503105,0.10880829,0.068075117,0.136150234,88.1,12.0,2021,643446
Jeff McNeil,NYM,2B,30,"6' 0""",195,L,R,2018,,5.50558202077624,0.326,0.836,9,62.0,140.459964079111,0.365155888556623,0.352564102,0.127579738,0.067911714,0.103565365,86.9,13.0,2022,643446
Jeff Samardzija,SFG,p,33,"6' 4""",233,R,R,2008,18000000.0,-0.0401330301663645,0.1,0.2,0,0.0,-52.6556442749356,0.0879530727863312,0.25,0.0,0.0,0.545454545,95.8,-11.0,2018,502188
Jeff Samardzija,SFG,p,34,"6' 4""",233,R,R,2008,18000000.0,-0.121937127598902,0.12,0.28,0,1.0,-33.3574491828078,0.118235149383545,0.3,0.04,0.0,0.535714285,87.1,-6.0,2019,502188
Jeff Samardzija,SFG,p,35,"6' 4""",233,R,R,2008,18000000.0,0.0,,,0,,,0.0,0.0,0.0,0.0,0.0,,,2020,502188
Jeffrey Springs,TEX,P,25,"6' 3""",218,L,L,2018,,0.0,0.0,0.0,0,0.0,,0.0,0.0,0.0,0.0,0.0,,,2018,605488
Jeffrey Springs,TEX,P,26,"6' 3""",218,L,L,2018,,0.0,0.0,0.0,0,0.0,,0.0,0.0,0.0,0.0,0.0,,,2019,605488
Jeffrey Springs,BOS,P,27,"6' 3""",218,L,L,2018,,0.0,,,0,,,0.0,0.0,0.0,0.0,0.0,,,2020,605488
Jeffrey Springs,TBR,P,28,"6' 3""",218,L,L,2018,,0.0,0.0,0.0,0,0.0,,0.0,0.0,0.0,0.0,0.0,,,2021,605488
Jeffrey Springs,TBR,P,29,"6' 3""",218,L,L,2018,,0.0,,,0,,,0.0,0.0,0.0,0.0,0.0,,,2022,605488
Jeimer Candelario,DET,3b,24,"6' 1""",222,S,R,2016,15000000.0,2.04830553150055,0.224,0.71,19,54.0,93.1723926471311,0.31066642552132,0.279452054,0.168831169,0.106623586,0.258481421,87.1,15.0,2018,600869
Jeimer Candelario,DET,3b,25,"6' 1""",222,S,R,2016,15000000.0,0.241697630341641,0.203,0.643,8,32.0,73.0095261704251,0.282956856256956,0.262008733,0.134328358,0.111398963,0.256476683,88.2,16.0,2019,600869
Jeimer Candelario,DET,3b,26,"6' 1""",222,S,R,2016,15000000.0,1.82449825392161,0.297,0.872,7,29.0,139.623470919712,0.373096413982725,0.372093023,0.205405405,0.097087378,0.237864077,90.2,13.0,2020,600869
Jeimer Candelario,DET,3b,27,"6' 1""",222,S,R,2016,15000000.0,3.86698477863228,0.271,0.794,16,67.0,118.855318336799,0.344367928695679,0.332512315,0.172351885,0.103833865,0.215654952,88.7,13.0,2021,600869
Jeimer Candelario,DET,3b,28,"6' 1""",222,S,R,2016,15000000.0,0.0218620748786016,0.217,0.633,13,50.0,79.5591007999727,0.277191682946528,0.257234726,0.144522145,0.059957173,0.23340471,87.2,14.0,2022,600869
Jerad Eickhoff,PHI,P,27,"6' 4""",246,R,R,2015,,-0.0113858044431502,0.0,0.0,0,0.0,-100.0,0.0,0.0,0.0,0.0,1.0,,,2018,595191
Jerad Eickhoff,PHI,P,28,"6' 4""",246,R,R,2015,,-0.165023746567257,0.0,0.067,0,0.0,-85.0784445808156,0.0460196336110433,0.0,0.0,0.052631578,0.368421052,89.4,-15.0,2019,595191
Jerad Eickhoff,NYM,P,30,"6' 4""",246,R,R,2015,,0.126280395426006,0.4,0.8,0,0.0,123.878184089452,0.351622128486633,0.4,0.0,0.0,0.0,51.5,-53.0,2021,595191
Jerad Eickhoff,PIT,P,31,"6' 4""",246,R,R,2015,,0.0,,,0,,,0.0,0.0,0.0,0.0,0.0,,,2022,595191
Jeremy Hellickson,WSN,p,31,"6' 1""",190,R,R,2010,,-0.211312895291336,0.063,0.157,0,1.0,-71.7743757794637,0.0664626751095057,0.105263157,0.03125,0.0,0.371428571,82.0,-1.0,2018,476451
Jeremy Hellickson,WSN,p,32,"6' 1""",190,R,R,2010,,0.0589956817586866,0.111,0.384,0,0.0,18.4464932817188,0.204563298008659,0.2,0.0,0.153846153,0.307692307,76.7,-12.0,2019,476451
Jeremy Jeffress,MIL,p,30,"6' 0""",205,R,R,2010,,0.0,0.0,0.0,0,0.0,,0.0,0.0,0.0,0.0,0.0,,,2018,502026
Jeremy Jeffress,MIL,p,31,"6' 0""",205,R,R,2010,,-0.0125352683322701,0.0,0.0,0,0.0,-100.0,0.0,0.0,0.0,0.0,1.0,,,2019,502026
Jeremy Jeffress,CHC,p,32,"6' 0""",205,R,R,2010,,0.0,0.0,0.0,0,0.0,,0.0,0.0,0.0,0.0,0.0,,,2020,502026
Jerry Blevins,NYM,p,34,"6' 4""",182,L,L,2007,,0.0520966964295494,0.5,1.0,0,1.0,184.451192511935,0.439765363931656,1.0,0.0,0.0,0.5,,,2018,460283
Jerry Blevins,ATL,p,35,"6' 4""",182,L,L,2007,,0.0,0.0,0.0,0,0.0,,0.0,0.0,0.0,0.0,0.0,,,2019,460283
Jesse Chavez,- - -,p,34,"6' 1""",180,R,R,2008,,-0.0118772925963887,0.0,0.0,0,0.0,-100.0,0.0,0.0,0.0,0.0,1.0,52.3,31.0,2018,445926
Jesse Chavez,TEX,p,35,"6' 1""",180,R,R,2008,,0.0472027784678858,0.5,1.0,0,0.0,167.11762936499,0.434803634881973,1.0,0.0,0.0,0.5,80.1,14.0,2019,445926
Jesse Chavez,TEX,p,36,"6' 1""",180,R,R,2008,,0.0,,,0,,,0.0,0.0,0.0,0.0,0.0,,,2020,445926
Jesse Chavez,ATL,p,37,"6' 1""",180,R,R,2008,,-0.03410665163262,0.0,0.0,0,0.0,-100.0,0.0,0.0,0.0,0.0,1.0,,,2021,445926
Jesse Chavez,- - -,p,38,"6' 1""",180,R,R,2008,,0.0,,,0,,,0.0,0.0,0.0,0.0,0.0,,,2022,445926
Jesse Hahn,KCR,p,29,"6' 5""",205,R,R,2014,,0.0,0.0,0.0,0,0.0,,0.0,0.0,0.0,0.0,0.0,,,2019,534910
Jesse Hahn,KCR,p,30,"6' 5""",205,R,R,2014,,0.0,,,0,,,0.0,0.0,0.0,0.0,0.0,,,2020,534910
Jesse Hahn,KCR,p,31,"6' 5""",205,R,R,2014,,0.0,,,0,,,0.0,0.0,0.0,0.0,0.0,,,2021,534910
Jesse Winker,CIN,dh,24,"6' 2""",206,L,L,2017,,1.18489971980129,0.299,0.836,7,43.0,127.446747333132,0.365631469477274,0.336244541,0.131672598,0.146706586,0.13772455,90.9,14.0,2018,608385
Jesse Winker,CIN,dh,25,"6' 2""",206,L,L,2017,,0.758847840484892,0.269,0.83,16,38.0,111.009767313035,0.350984911956088,0.286259541,0.204142012,0.098958333,0.15625,89.2,7.0,2019,608385
Jesse Winker,CIN,dh,26,"6' 2""",206,L,L,2017,,1.30345481676986,0.255,0.932,12,23.0,141.939073724084,0.395590466228339,0.282608695,0.288590604,0.153005464,0.25136612,92.1,10.0,2020,608385
Jesse Winker,CIN,dh,27,"6' 2""",206,L,L,2017,,3.24245780148595,0.305,0.95,24,71.0,148.142403970944,0.403338326279782,0.324074074,0.250591016,0.10927835,0.154639175,90.6,11.0,2021,608385
Jesse Winker,SEA,dh,28,"6' 2""",206,L,L,2017,,0.757525298142321,0.219,0.688,14,53.0,109.779231537185,0.31269264068359,0.251461988,0.125,0.153564899,0.188299817,87.7,17.0,2022,608385
Jesus Tinoco,COL,P,24,"6' 4""",258,R,R,2019,,-0.0254374688079304,0.2,0.4,0,0.0,-13.056314999012,0.173921453952789,1.0,0.0,0.0,0.666666666,106.0,-17.0,2019,622786
Jesus Tinoco,- - -,P,25,"6' 4""",258,R,R,2019,,0.0,,,0,,,0.0,0.0,0.0,0.0,0.0,,,2020,622786
Jesus Tinoco,COL,P,26,"6' 4""",258,R,R,2019,,0.0,,,0,,,0.0,0.0,0.0,0.0,0.0,,,2021,622786
Jesus Tinoco,TEX,P,27,"6' 4""",258,R,R,2019,,0.0,,,0,,,0.0,0.0,0.0,0.0,0.0,,,2022,622786
Jesús Aguilar,MIL,1b,28,"6' 3""",277,R,R,2014,3000000.0,3.01321876575017,0.274,0.891,35,108.0,134.918844078742,0.373838100297836,0.308641975,0.264227643,0.102473498,0.252650176,89.6,16.0,2018,542583
Jesús Aguilar,- - -,1b,29,"6' 3""",277,R,R,2014,3000000.0,-0.0843935570749174,0.236,0.714,12,50.0,88.7581589517957,0.307311099735114,0.271929824,0.152866242,0.116531165,0.219512195,89.3,14.0,2019,542583
Jesús Aguilar,MIA,1b,30,"6' 3""",277,R,R,2014,3000000.0,0.132937635984995,0.277,0.809,8,34.0,119.393456542997,0.34731920560201,0.305555555,0.180851064,0.106481481,0.185185185,89.3,16.0,2020,542583
Jesús Aguilar,MIA,1b,31,"6' 3""",277,R,R,2014,3000000.0,1.31992812337011,0.261,0.788,22,93.0,107.424337400102,0.333754800631852,0.278592375,0.198218263,0.090196078,0.182352941,89.6,19.0,2021,542583
Jesús Aguilar,- - -,1b,32,"6' 3""",277,R,R,2014,3000000.0,-0.718916839752025,0.235,0.66,16,51.0,82.0201122778592,0.288003968000412,0.278443113,0.144396551,0.055226824,0.234714003,87.8,19.0,2022,542583
Jesús Luzardo,OAK,P,21,"6' 0""",218,L,L,2019,,0.0,,,0,,,0.0,0.0,0.0,0.0,0.0,,,2019,666200
Jesús Luzardo,OAK,P,22,"6' 0""",218,L,L,2019,,0.0,,,0,,,0.0,0.0,0.0,0.0,0.0,,,2020,666200
Jesús Luzardo,- - -,P,23,"6' 0""",218,L,L,2019,,0.0129830602784803,0.0,0.211,0,0.0,-14.1071058304507,0.14562453721699,0.0,0.0,0.2,0.3,77.6,-22.0,2021,666200
Jesús Luzardo,MIA,P,24,"6' 0""",218,L,L,2019,,0.0,,,0,,,0.0,0.0,0.0,0.0,0.0,,,2022,666200
Jesús Sucre,TBR,C,30,"6' 0""",200,R,R,2013,,-0.950069199329823,0.209,0.5,1,17.0,35.944523505652,0.218536813743413,0.24025974,0.043956044,0.045454545,0.146464646,85.6,11.0,2018,491696
Jesús Sucre,BAL,C,31,"6' 0""",200,R,R,2013,,-0.191737956543334,0.21,0.511,0,3.0,36.3473234168236,0.23103585527904,0.265306122,0.032258064,0.059701492,0.19402985,88.0,8.0,2019,491696
Jesús Sánchez,MIA,RF,22,"6' 3""",222,L,R,2020,,-0.395413785795363,0.04,0.252,0,2.0,-18.1137149131211,0.139080943732426,0.071428571,0.04,0.137931034,0.379310344,95.4,8.0,2020,660821
Jesús Sánchez,MIA,RF,23,"6' 3""",222,L,R,2020,,0.953645521171811,0.251,0.808,14,36.0,110.891435237864,0.33908949215566,0.31617647,0.237885463,0.079681274,0.310756972,90.2,9.0,2021,660821
Jesús Sánchez,MIA,RF,24,"6' 3""",222,L,R,2020,,0.505831546480149,0.214,0.683,13,36.0,88.2821432002554,0.297875159857224,0.258373205,0.188498403,0.075801749,0.268221574,89.5,11.0,2022,660821
Jeurys Familia,- - -,p,28,"6' 3""",240,R,R,2012,6000000.0,0.0,0.0,0.0,0,0.0,,0.0,0.0,0.0,0.0,0.0,,,2018,544727
Jeurys Familia,NYM,p,29,"6' 3""",240,R,R,2012,6000000.0,0.0,0.0,0.0,0,0.0,,0.0,0.0,0.0,0.0,0.0,,,2019,544727
Jeurys Familia,NYM,p,30,"6' 3""",240,R,R,2012,6000000.0,0.0,,,0,,,0.0,0.0,0.0,0.0,0.0,,,2020,544727
Jeurys Familia,NYM,p,31,"6' 3""",240,R,R,2012,6000000.0,0.0,0.0,0.0,0,0.0,,0.0,0.0,0.0,0.0,0.0,,,2021,544727
Jeurys Familia,- - -,p,32,"6' 3""",240,R,R,2012,6000000.0,0.0,0.0,0.0,0,0.0,,0.0,0.0,0.0,0.0,0.0,,,2022,544727
Jhoulys Chacín,MIL,p,30,"6' 3""",215,R,R,2009,1250000.0,0.177623737511236,0.161,0.382,0,1.0,2.3685340035663,0.17545948291229,0.23076923,0.017857143,0.044117647,0.25,86.5,7.0,2018,468504
Jhoulys Chacín,- - -,p,31,"6' 3""",215,R,R,2009,1250000.0,0.0505197479875779,0.125,0.41,1,1.0,-0.708524918114044,0.174761805534363,0.153846153,0.125,0.04,0.4,88.2,22.0,2019,468504
Jhoulys Chacín,ATL,p,32,"6' 3""",215,R,R,2009,1250000.0,0.0,,,0,,,0.0,0.0,0.0,0.0,0.0,,,2020,468504
Jhoulys Chacín,COL,p,33,"6' 3""",215,R,R,2009,1250000.0,-0.0912782572711024,0.0,0.0,0,0.0,-100.0,0.0,0.0,0.0,0.0,0.285714285,81.6,-17.0,2021,468504
Jhoulys Chacín,COL,p,34,"6' 3""",215,R,R,2009,1250000.0,0.0,,,0,,,0.0,0.0,0.0,0.0,0.0,,,2022,468504
Ji Man Choi,- - -,dh,27,"6' 0""",260,L,R,2016,,1.07603291589347,0.263,0.862,10,32.0,136.192813795291,0.366979138417677,0.314960629,0.242105263,0.117647058,0.248868778,90.3,14.0,2018,596847
Ji Man Choi,TBR,dh,28,"6' 0""",260,L,R,2016,,1.50405479951452,0.261,0.822,19,63.0,122.459146606309,0.347938423058421,0.303448275,0.197560976,0.131416837,0.221765913,91.2,13.0,2019,596847
Ji Man Choi,TBR,dh,29,"6' 0""",260,L,R,2016,,0.0034273877552511,0.23,0.741,3,16.0,104.406268417623,0.316095080409017,0.290697674,0.180327869,0.137931034,0.248275862,89.0,16.0,2020,596847
Ji Man Choi,TBR,dh,30,"6' 0""",260,L,R,2016,,1.09224258981246,0.229,0.759,11,45.0,116.678544375219,0.334143431851121,0.3,0.182170543,0.147540983,0.285245901,91.2,15.0,2021,596847
Ji Man Choi,TBR,dh,31,"6' 0""",260,L,R,2016,,1.03124016560867,0.233,0.729,11,52.0,114.215427344705,0.322255752980709,0.32,0.154494382,0.138424821,0.293556085,92.2,11.0,2022,596847
Jim Johnson,LAA,p,35,"6' 6""",250,R,R,2006,,0.0,0.0,0.0,0,0.0,,0.0,0.0,0.0,0.0,0.0,,,2018,462382
Jimmy Herget,CIN,P,25,"6' 3""",170,R,R,2019,,0.0,0.0,0.0,0,0.0,,0.0,0.0,0.0,0.0,0.0,,,2019,623474
Jimmy Herget,TEX,P,26,"6' 3""",170,R,R,2019,,0.0,,,0,,,0.0,0.0,0.0,0.0,0.0,,,2020,623474
Jimmy Herget,- - -,P,27,"6' 3""",170,R,R,2019,,0.0,0.0,0.0,0,0.0,,0.0,0.0,0.0,0.0,0.0,,,2021,623474
Jimmy Herget,LAA,P,28,"6' 3""",170,R,R,2019,,0.0,,,0,,,0.0,0.0,0.0,0.0,0.0,,,2022,623474
Jimmy Nelson,MIL,p,30,"6' 6""",250,R,R,2013,,-0.0376058049968102,0.0,0.0,0,0.0,-100.0,0.0,0.0,0.0,0.0,1.0,,,2019,519076
Jimmy Nelson,LAD,p,32,"6' 6""",250,R,R,2013,,-0.0327031478419429,0.0,0.0,0,0.0,-100.0,0.0,0.0,0.0,0.0,1.0,,,2021,519076
Jimmy Yacabonis,BAL,P,26,"6' 3""",225,R,R,2017,,0.0,,,0,,,0.0,0.0,0.0,0.0,0.0,,,2018,642231
Jimmy Yacabonis,BAL,P,27,"6' 3""",225,R,R,2017,,0.0,0.0,0.0,0,0.0,,0.0,0.0,0.0,0.0,0.0,,,2019,642231
Jimmy Yacabonis,SEA,P,28,"6' 3""",225,R,R,2017,,0.0,,,0,,,0.0,0.0,0.0,0.0,0.0,,,2020,642231
Jimmy Yacabonis,- - -,P,30,"6' 3""",225,R,R,2017,,0.0,,,0,,,0.0,0.0,0.0,0.0,0.0,,,2022,642231
Jo Adell,LAA,CF,21,"6' 2""",215,R,R,2020,,-1.41588939804511,0.161,0.478,3,7.0,26.2010522302816,0.211990310387178,0.257575757,0.10483871,0.053030303,0.416666666,90.6,11.0,2020,666176
Jo Adell,LAA,CF,22,"6' 2""",215,R,R,2020,,0.150377541284025,0.246,0.703,4,26.0,89.1660933339827,0.302777630819691,0.29787234,0.161538461,0.057142857,0.228571428,86.2,10.0,2021,666176
Jo Adell,LAA,CF,23,"6' 2""",215,R,R,2020,,-0.218804602356087,0.224,0.637,8,27.0,77.2043705168775,0.278027402263292,0.337662337,0.149253731,0.038596491,0.375438596,87.4,17.0,2022,666176
Joakim Soria,- - -,p,34,"6' 3""",205,R,R,2007,,0.0,0.0,0.0,0,0.0,,0.0,0.0,0.0,0.0,0.0,,,2018,465657
Joakim Soria,OAK,p,35,"6' 3""",205,R,R,2007,,0.0,0.0,0.0,0,0.0,,0.0,0.0,0.0,0.0,0.0,,,2019,465657
Joakim Soria,OAK,p,36,"6' 3""",205,R,R,2007,,0.0,,,0,,,0.0,0.0,0.0,0.0,0.0,,,2020,465657
Joakim Soria,- - -,p,37,"6' 3""",205,R,R,2007,,0.0,0.0,0.0,0,0.0,,0.0,0.0,0.0,0.0,0.0,,,2021,465657
Joc Pederson,LAD,If,26,"6' 1""",220,L,L,2014,18500000.0,1.7917224948511,0.248,0.843,25,56.0,126.282230508902,0.353974904992314,0.253472222,0.273417722,0.090293453,0.191873589,91.5,16.0,2018,592626
Joc Pederson,LAD,If,27,"6' 1""",220,L,L,2014,18500000.0,2.82079686386296,0.249,0.877,36,74.0,125.774101239322,0.36173694243189,0.249180327,0.288888889,0.097276264,0.215953307,91.2,16.0,2019,592626
Joc Pederson,LAD,If,28,"6' 1""",220,L,L,2014,18500000.0,-0.143792207632286,0.19,0.682,7,16.0,85.7029319972087,0.297267769374987,0.2,0.20661157,0.079710144,0.246376811,92.9,12.0,2020,592626
Joc Pederson,- - -,If,29,"6' 1""",220,L,L,2014,18500000.0,0.311100685030351,0.238,0.732,18,61.0,95.8805994695288,0.315314739261001,0.280936454,0.184149184,0.081081081,0.243243243,91.0,14.0,2021,592626
Joc Pederson,SFG,If,30,"6' 1""",220,L,L,2014,18500000.0,2.3617593934344,0.274,0.874,23,70.0,144.407168783591,0.373204231678053,0.310344827,0.247368421,0.09699769,0.230946882,93.2,15.0,2022,592626
Joe Biagini,TOR,P,28,"6' 4""",230,R,R,2016,,0.0,0.0,0.0,0,0.0,,0.0,0.0,0.0,0.0,0.0,,,2018,607352
Joe Biagini,- - -,P,29,"6' 4""",230,R,R,2016,,0.0,0.0,0.0,0,0.0,,0.0,0.0,0.0,0.0,0.0,,,2019,607352
Joe Biagini,HOU,P,30,"6' 4""",230,R,R,2016,,0.0,,,0,,,0.0,0.0,0.0,0.0,0.0,,,2020,607352
Joe Biagini,CHC,P,31,"6' 4""",230,R,R,2016,,0.0,0.0,0.0,0,0.0,,0.0,0.0,0.0,0.0,0.0,,,2021,607352
Joe Jiménez,DET,P,23,"6' 3""",277,R,R,2017,,0.0,0.0,0.0,0,0.0,,0.0,0.0,0.0,0.0,0.0,,,2018,641729
Joe Jiménez,DET,P,24,"6' 3""",277,R,R,2017,,0.0,0.0,0.0,0,0.0,,0.0,0.0,0.0,0.0,0.0,,,2019,641729
Joe Jiménez,DET,P,25,"6' 3""",277,R,R,2017,,0.0,,,0,,,0.0,0.0,0.0,0.0,0.0,,,2020,641729
Joe Jiménez,DET,P,26,"6' 3""",277,R,R,2017,,0.0,0.0,0.0,0,0.0,,0.0,0.0,0.0,0.0,0.0,,,2021,641729
Joe Jiménez,DET,P,27,"6' 3""",277,R,R,2017,,0.0,,,0,,,0.0,0.0,0.0,0.0,0.0,,,2022,641729
Joe Kelly,BOS,p,30,"6' 1""",174,R,R,2012,,0.0,0.0,0.0,0,0.0,,0.0,0.0,0.0,0.0,0.0,,,2018,523260
Joe Kelly,LAD,p,31,"6' 1""",174,R,R,2012,,-0.0360750055607772,0.0,0.0,0,0.0,-100.0,0.0,0.0,0.0,0.0,0.666666666,,,2019,523260
Joe Kelly,LAD,p,32,"6' 1""",174,R,R,2012,,0.0,,,0,,,0.0,0.0,0.0,0.0,0.0,,,2020,523260
Joe Kelly,LAD,p,33,"6' 1""",174,R,R,2012,,-0.0327031478419429,0.0,0.0,0,0.0,-100.0,0.0,0.0,0.0,0.0,0.0,79.1,-19.0,2021,523260
Joe Kelly,CHW,p,34,"6' 1""",174,R,R,2012,,0.0,,,0,,,0.0,0.0,0.0,0.0,0.0,,,2022,523260
Joe Mantiply,NYY,P,28,"6' 4""",219,R,L,2016,,0.0,,,0,,,0.0,0.0,0.0,0.0,0.0,,,2019,573009
Joe Mantiply,ARI,P,29,"6' 4""",219,R,L,2016,,0.0,,,0,,,0.0,0.0,0.0,0.0,0.0,,,2020,573009
Joe Mantiply,ARI,P,30,"6' 4""",219,R,L,2016,,0.0,0.0,0.0,0,0.0,,0.0,0.0,0.0,0.0,0.0,,,2021,573009
Joe Mantiply,ARI,P,31,"6' 4""",219,R,L,2016,,0.0,0.0,0.0,0,0.0,,0.0,0.0,0.0,0.0,0.0,,,2022,573009
Joe Mauer,MIN,1b,35,"6' 5""",225,L,R,2004,,0.840639078501325,0.282,0.73,6,48.0,99.6393373794357,0.318789596553177,0.329974811,0.096707819,0.093922651,0.158379373,91.1,4.0,2018,408045
Joe Musgrove,PIT,P,25,"6' 5""",230,R,R,2016,,0.0510733789151867,0.161,0.355,0,0.0,-10.6354992999797,0.153722509261101,0.263157894,0.032258065,0.0,0.342857142,81.0,-5.0,2018,605397
Joe Musgrove,PIT,P,26,"6' 5""",230,R,R,2016,,0.205709518238261,0.157,0.424,0,3.0,6.71655891524491,0.182848474889431,0.25,0.078431372,0.032786885,0.311475409,86.8,11.0,2019,605397
Joe Musgrove,PIT,P,27,"6' 5""",230,R,R,2016,,0.0,,,0,,,0.0,0.0,0.0,0.0,0.0,,,2020,605397
Joe Musgrove,SDP,P,28,"6' 5""",230,R,R,2016,,-0.617404475115589,0.137,0.327,0,1.0,-11.176938689291,0.142835588950031,0.24137931,0.039215687,0.017543859,0.403508771,82.8,5.0,2021,605397
Joe Musgrove,SDP,P,29,"6' 5""",230,R,R,2016,,0.0,,,0,,,0.0,0.0,0.0,0.0,0.0,,,2022,605397
Joe Panik,SFG,2b,27,"6' 1""",205,L,R,2014,,0.272719507857046,0.254,0.639,4,24.0,75.4389970225497,0.279663207758333,0.265243902,0.07821229,0.06632653,0.076530612,86.5,10.0,2018,605412
Joe Panik,- - -,2b,28,"6' 1""",205,L,R,2014,,0.435058666981656,0.244,0.651,5,39.0,75.7322444840547,0.283744501259782,0.261538461,0.091324201,0.087576374,0.095723014,86.6,13.0,2019,605412
Joe Panik,TOR,2b,29,"6' 1""",205,L,R,2014,,0.0685266623245892,0.225,0.64,1,7.0,81.7108213049322,0.296190894241874,0.282608695,0.075,0.141843971,0.191489361,87.5,9.0,2020,605412
Joe Panik,- - -,2b,30,"6' 1""",205,L,R,2014,,-1.22497315389704,0.208,0.55,3,18.0,48.5981562208779,0.244042161632987,0.23,0.076271187,0.066147859,0.132295719,86.5,10.0,2021,605412
Joe Ross,WSN,p,25,"6' 4""",243,R,R,2015,4000000.0,-0.0580485247954786,0.0,0.0,0,0.0,-100.0,0.0,0.0,0.0,0.0,0.6,74.7,-20.0,2018,605452
Joe Ross,WSN,p,26,"6' 4""",243,R,R,2015,4000000.0,-0.0493979274887079,0.105,0.255,0,0.0,-35.9902801235253,0.121475452184677,0.222222222,0.0,0.05,0.5,87.3,8.0,2019,605452
Joe Ross,WSN,p,28,"6' 4""",243,R,R,2015,4000000.0,0.357453616350342,0.25,0.544,0,3.0,52.0222950466327,0.248414458597408,0.444444444,0.0,0.025641025,0.358974358,82.3,-2.0,2021,605452
Joe Smith,HOU,p,34,"6' 2""",211,R,R,2007,2500000.0,0.0,0.0,0.0,0,0.0,,0.0,0.0,0.0,0.0,0.0,,,2018,501925
Joe Smith,HOU,p,35,"6' 2""",211,R,R,2007,2500000.0,0.0,0.0,0.0,0,0.0,,0.0,0.0,0.0,0.0,0.0,,,2019,501925
Joe Smith,- - -,p,37,"6' 2""",211,R,R,2007,2500000.0,0.0,0.0,0.0,0,0.0,,0.0,0.0,0.0,0.0,0.0,,,2021,501925
Joe Smith,MIN,p,38,"6' 2""",211,R,R,2007,2500000.0,0.0,,,0,,,0.0,0.0,0.0,0.0,0.0,,,2022,501925
Joel Payamps,ARI,P,25,"6' 3""",214,R,R,2019,,0.0,0.0,0.0,0,0.0,,0.0,0.0,0.0,0.0,0.0,,,2019,606303
Joel Payamps,ARI,P,26,"6' 3""",214,R,R,2019,,0.0,,,0,,,0.0,0.0,0.0,0.0,0.0,,,2020,606303
Joel Payamps,- - -,P,27,"6' 3""",214,R,R,2019,,0.0,0.0,0.0,0,0.0,,0.0,0.0,0.0,0.0,0.0,,,2021,606303
Joel Payamps,- - -,P,28,"6' 3""",214,R,R,2019,,0.0,0.0,0.0,0,0.0,,0.0,0.0,0.0,0.0,0.0,,,2022,606303
Joely Rodríguez,TEX,p,28,"6' 1""",223,L,L,2016,,0.0,,,0,,,0.0,0.0,0.0,0.0,0.0,,,2020,570257
Joely Rodríguez,- - -,p,29,"6' 1""",223,L,L,2016,,0.0,0.0,0.0,0,0.0,,0.0,0.0,0.0,0.0,0.0,,,2021,570257
Joely Rodríguez,NYM,p,30,"6' 1""",223,L,L,2016,,0.0,0.0,0.0,0,0.0,,0.0,0.0,0.0,0.0,0.0,,,2022,570257
Joey Bart,SFG,C,23,"6' 2""",242,R,R,2020,,0.173579371066447,0.233,0.608,0,7.0,68.1778953194931,0.27070575469249,0.387096774,0.087378641,0.027027027,0.369369369,89.0,13.0,2020,663698
Joey Bart,SFG,C,24,"6' 2""",242,R,R,2020,,-0.011277554298689,0.333,0.666,0,1.0,85.0105841535381,0.293018440405528,0.5,0.0,0.0,0.333333333,87.1,26.0,2021,663698
Joey Bart,SFG,C,25,"6' 2""",242,R,R,2020,,0.363976780029267,0.215,0.66,11,25.0,90.4026802445772,0.294224238477622,0.326086956,0.149425288,0.089347079,0.384879725,87.3,16.0,2022,663698
Joey Gallo,TEX,rf,24,"6' 4""",250,L,R,2015,,2.16299279998982,0.206,0.81,40,92.0,108.170487348187,0.343099031148781,0.249011857,0.292,0.128249566,0.358752166,94.3,22.0,2018,608336
Joey Gallo,TEX,rf,25,"6' 4""",250,L,R,2015,,2.86364240716161,0.253,0.987,22,49.0,144.093906602683,0.400761327719035,0.367924528,0.34439834,0.175084175,0.383838383,94.8,22.0,2019,608336
Joey Gallo,TEX,rf,26,"6' 4""",250,L,R,2015,,0.57305455614311,0.181,0.679,10,26.0,85.8698632102407,0.296788460974182,0.240384615,0.196891191,0.128318584,0.349557522,91.2,27.0,2020,608336
Joey Gallo,- - -,rf,27,"6' 4""",250,L,R,2015,,4.42704010527939,0.199,0.809,38,77.0,122.559626443776,0.348488117298401,0.245967741,0.259036145,0.180194805,0.34577922,91.5,23.0,2021,608336
Joey Gallo,- - -,rf,28,"6' 4""",250,L,R,2015,,0.0305272046172523,0.16,0.637,19,47.0,84.4835118806329,0.285992186098564,0.218934911,0.197142857,0.136585365,0.397560975,89.6,24.0,2022,608336
Joey Lucchesi,SDP,P,25,"6' 5""",228,L,L,2018,,-0.0695509664767975,0.059,0.213,0,1.0,-34.1826448138684,0.11582512427599,0.142857142,0.0,0.102564102,0.538461538,83.9,-21.0,2018,664192
Joey Lucchesi,SDP,P,26,"6' 5""",228,L,L,2018,,-0.339534022546285,0.063,0.145,0,1.0,-66.1824189044179,0.0673289043562753,0.25,0.0,0.018518518,0.666666666,80.6,-6.0,2019,664192
Joey Lucchesi,SDP,P,27,"6' 5""",228,L,L,2018,,0.0,,,0,,,0.0,0.0,0.0,0.0,0.0,,,2020,664192
Joey Lucchesi,NYM,P,28,"6' 5""",228,L,L,2018,,-0.0599076504785653,0.0,0.091,0,0.0,-63.7775939620999,0.0628833228891546,0.0,0.0,0.09090909,0.636363636,64.8,-34.0,2021,664192
Joey Votto,CIN,1b,34,"6' 2""",220,L,R,2007,,3.06278323210963,0.284,0.836,12,67.0,130.155923403976,0.369686100529311,0.333333333,0.135188867,0.173354735,0.16211878,88.1,13.0,2018,458015
Joey Votto,CIN,1b,35,"6' 2""",220,L,R,2007,,0.789153803244082,0.261,0.768,15,47.0,98.2654510396922,0.3315330282493,0.312820512,0.150476191,0.125,0.202302631,88.9,15.0,2019,458015
Joey Votto,CIN,1b,36,"6' 2""",220,L,R,2007,,0.479850445388419,0.226,0.8,11,22.0,110.139849172089,0.347434321502308,0.234848484,0.220430108,0.165919282,0.192825112,87.4,15.0,2020,458015
Joey Votto,CIN,1b,37,"6' 2""",220,L,R,2007,,3.51932610162821,0.266,0.938,36,99.0,140.329964584697,0.391317623050661,0.287197231,0.296875,0.14446529,0.238273921,92.9,18.0,2021,458015
Joey Votto,CIN,1b,38,"6' 2""",220,L,R,2007,,-0.813443190760257,0.205,0.689,11,41.0,92.4521555322945,0.309642109465092,0.257009345,0.164596273,0.117021276,0.257978723,89.7,14.0,2022,458015
Joey Wendle,TBR,ss,28,"6' 1""",195,L,R,2016,2000000.0,3.94622358397954,0.3,0.789,7,61.0,117.279942520857,0.337726273319938,0.352791878,0.135523614,0.067889908,0.176146788,88.8,11.0,2018,621563
Joey Wendle,TBR,ss,29,"6' 1""",195,L,R,2016,2000000.0,0.512878083744361,0.231,0.633,3,19.0,73.0301739345402,0.274853966308637,0.272251308,0.109243698,0.053231939,0.178707224,87.4,12.0,2019,621563
Joey Wendle,TBR,ss,30,"6' 1""",195,L,R,2016,2000000.0,1.11983847152362,0.286,0.777,4,17.0,117.074817725506,0.334592904549479,0.338461538,0.148809524,0.054347826,0.190217391,86.7,5.0,2020,621563
Joey Wendle,TBR,ss,31,"6' 1""",195,L,R,2016,2000000.0,3.07378994979778,0.265,0.741,11,54.0,104.977037514846,0.316827741187343,0.327433628,0.156521739,0.055888223,0.225548902,87.9,6.0,2021,621563
Joey Wendle,MIA,ss,32,"6' 1""",195,L,R,2016,2000000.0,1.05809465021055,0.259,0.657,3,32.0,82.0172131007131,0.28871288186795,0.292929292,0.100864553,0.040431266,0.134770889,87.5,3.0,2022,621563
Johan Camargo,ATL,3B,24,"5' 11""",195,S,R,2017,,3.16531920025473,0.272,0.806,19,76.0,114.800929294821,0.346254375576973,0.314705882,0.185344827,0.097328244,0.20610687,87.9,12.0,2018,622666
Johan Camargo,ATL,3B,25,"5' 11""",195,S,R,2017,,-0.596303706471516,0.233,0.663,7,32.0,66.2767206039226,0.278555976128092,0.258241758,0.150862069,0.06048387,0.173387096,86.9,11.0,2019,622666
Johan Camargo,ATL,3B,26,"5' 11""",195,S,R,2017,,0.0708744780011291,0.2,0.611,4,9.0,58.6107348440187,0.262463866256353,0.24691358,0.166666666,0.047244094,0.275590551,87.3,10.0,2020,622666
Johan Camargo,ATL,3B,27,"5' 11""",195,S,R,2017,,-0.347922807742081,0.0,0.111,0,0.0,-60.4672388817548,0.0768573946423001,0.0,0.0,0.111111111,0.333333333,82.0,3.0,2021,622666
Johan Camargo,PHI,3B,28,"5' 11""",195,S,R,2017,,0.218817080684066,0.237,0.613,3,15.0,75.0777002409171,0.275573521671873,0.294642857,0.078947368,0.078313253,0.222891566,86.4,12.0,2022,622666
John Axford,- - -,p,35,"6' 5""",234,R,R,2009,,0.0,0.0,0.0,0,0.0,,0.0,0.0,0.0,0.0,0.0,,,2018,446099
John Axford,MIL,p,38,"6' 5""",234,R,R,2009,,0.0,0.0,0.0,0,0.0,,0.0,0.0,0.0,0.0,0.0,,,2021,446099
John Brebbia,STL,p,28,"6' 1""",205,L,R,2017,2750000.0,-0.0219692311862889,0.0,0.0,0,0.0,-100.0,0.0,0.0,0.0,0.0,0.5,73.0,-33.0,2018,605154
John Brebbia,STL,p,29,"6' 1""",205,L,R,2017,2750000.0,0.0501098989901379,1.0,2.0,0,0.0,459.79077657949,0.869607269763947,1.0,0.0,0.0,0.0,70.5,23.0,2019,605154
John Brebbia,SFG,p,31,"6' 1""",205,L,R,2017,2750000.0,-0.0107316957958606,0.0,0.0,0,0.0,-100.0,0.0,0.0,0.0,0.0,1.0,,,2021,605154
John Brebbia,SFG,p,32,"6' 1""",205,L,R,2017,2750000.0,0.0,,,0,,,0.0,0.0,0.0,0.0,0.0,,,2022,605154
John Curtiss,MIN,P,25,"6' 5""",220,R,R,2017,,0.0,,,0,,,0.0,0.0,0.0,0.0,0.0,,,2018,595928
John Curtiss,LAA,P,26,"6' 5""",220,R,R,2017,,0.0,,,0,,,0.0,0.0,0.0,0.0,0.0,,,2019,595928
John Curtiss,TBR,P,27,"6' 5""",220,R,R,2017,,0.0,,,0,,,0.0,0.0,0.0,0.0,0.0,,,2020,595928
John Curtiss,- - -,P,28,"6' 5""",220,R,R,2017,,-0.0581026874393224,0.0,0.0,0,0.0,-100.0,0.0,0.0,0.0,0.0,0.6,75.1,-44.0,2021,595928
John Gant,STL,P,25,"6' 4""",200,R,R,2016,,-0.0070989964834335,0.065,0.323,2,3.0,-23.6648187536753,0.131021191996913,0.0,0.193548387,0.0,0.411764705,78.6,-4.0,2018,607231
John Gant,STL,P,26,"6' 4""",200,R,R,2016,,-0.035584994994212,0.0,0.0,0,0.0,-100.0,0.0,0.0,0.0,0.0,0.666666666,90.3,33.0,2019,607231
John Gant,STL,P,27,"6' 4""",200,R,R,2016,,0.0,,,0,,,0.0,0.0,0.0,0.0,0.0,,,2020,607231
John Gant,- - -,P,28,"6' 4""",200,R,R,2016,,-0.196311914109876,0.0,0.0,0,0.0,-100.0,0.0,0.0,0.0,0.0,0.444444444,79.2,14.0,2021,607231
John Hicks,DET,C,28,"6' 2""",230,R,R,2015,,0.0782135539019893,0.26,0.715,9,32.0,93.1515930216832,0.310635945612978,0.336734693,0.142361111,0.07051282,0.269230769,87.7,14.0,2018,543308
John Hicks,DET,C,29,"6' 2""",230,R,R,2015,,-1.23640952551895,0.21,0.619,13,35.0,57.0210220010334,0.259316649343874,0.272727272,0.169278997,0.039039039,0.327327327,87.9,16.0,2019,543308
John Hicks,TEX,C,31,"6' 2""",230,R,R,2015,,0.284583456465593,0.258,0.935,4,7.0,145.677136353828,0.384028609721891,0.210526315,0.419354838,0.0,0.258064516,90.6,23.0,2021,543308
John King,TEX,P,25,"6' 2""",215,L,L,2020,,0.0,,,0,,,0.0,0.0,0.0,0.0,0.0,,,2020,667463
John King,TEX,P,26,"6' 2""",215,L,L,2020,,-0.0106911425644475,0.0,0.0,0,0.0,-100.0,0.0,0.0,0.0,0.0,0.0,,,2021,667463
John King,TEX,P,27,"6' 2""",215,L,L,2020,,0.0,,,0,,,0.0,0.0,0.0,0.0,0.0,,,2022,667463
John Means,BAL,p,25,"6' 4""",230,L,L,2018,,0.0,,,0,,,0.0,0.0,0.0,0.0,0.0,,,2018,607644
John Means,BAL,p,26,"6' 4""",230,L,L,2018,,0.159892029797901,1.0,2.0,0,0.0,407.59323953836,0.779950886964798,1.0,0.0,0.333333333,0.0,80.7,-34.0,2019,607644
John Means,BAL,p,27,"6' 4""",230,L,L,2018,,0.0,,,0,,,0.0,0.0,0.0,0.0,0.0,,,2020,607644
John Means,BAL,p,28,"6' 4""",230,L,L,2018,,0.0488639275911717,0.2,0.6,0,0.0,52.2311242900014,0.248329305648804,0.333333333,0.2,0.0,0.4,102.7,23.0,2021,607644
John Means,BAL,p,29,"6' 4""",230,L,L,2018,,0.0,,,0,,,0.0,0.0,0.0,0.0,0.0,,,2022,607644
John Ryan Murphy,ARI,C,27,"5' 11""",200,R,R,2013,,0.817137907685502,0.202,0.619,9,24.0,61.2005365188789,0.264668811451305,0.255813953,0.173076924,0.049327354,0.31838565,87.0,22.0,2018,571974
John Ryan Murphy,- - -,C,28,"5' 11""",200,R,R,2013,,0.310581041156142,0.175,0.659,4,7.0,65.6194847923501,0.275772943012956,0.225806451,0.238095238,0.085714285,0.4,87.9,18.0,2019,571974
John Ryan Murphy,PIT,C,29,"5' 11""",200,R,R,2013,,-0.139291608695781,0.172,0.433,0,2.0,18.5627237147149,0.198897677083169,0.333333333,0.034482758,0.063492063,0.444444444,83.0,7.0,2020,571974
John Schreiber,DET,P,25,"6' 2""",224,R,R,2019,,0.0,,,0,,,0.0,0.0,0.0,0.0,0.0,,,2019,670167
John Schreiber,DET,P,26,"6' 2""",224,R,R,2019,,0.0,,,0,,,0.0,0.0,0.0,0.0,0.0,,,2020,670167
John Schreiber,BOS,P,27,"6' 2""",224,R,R,2019,,0.0,,,0,,,0.0,0.0,0.0,0.0,0.0,,,2021,670167
John Schreiber,BOS,P,28,"6' 2""",224,R,R,2019,,0.0,,,0,,,0.0,0.0,0.0,0.0,0.0,,,2022,670167
Johnny Cueto,SFG,p,32,"5' 11""",229,R,R,2008,,-0.143149767024058,0.0,0.0,0,0.0,-100.0,0.0,0.0,0.0,0.0,0.23076923,81.0,-15.0,2018,456501
Johnny Cueto,SFG,p,33,"5' 11""",229,R,R,2008,,-0.0478930035855817,0.0,0.0,0,0.0,-100.0,0.0,0.0,0.0,0.0,0.75,82.9,-21.0,2019,456501
Johnny Cueto,SFG,p,34,"5' 11""",229,R,R,2008,,0.0,,,0,,,0.0,0.0,0.0,0.0,0.0,,,2020,456501
Johnny Cueto,SFG,p,35,"5' 11""",229,R,R,2008,,-0.0110129414143876,0.069,0.225,0,0.0,-27.5736361639359,0.119789384305477,0.1,0.0,0.081081081,0.243243243,75.9,-11.0,2021,456501
Johnny Cueto,CHW,p,36,"5' 11""",229,R,R,2008,,0.0,,,0,,,0.0,0.0,0.0,0.0,0.0,,,2022,456501
JoJo Romero,PHI,P,23,"5' 11""",215,L,L,2020,,0.0,,,0,,,0.0,0.0,0.0,0.0,0.0,,,2020,668941
JoJo Romero,PHI,P,24,"5' 11""",215,L,L,2020,,0.0,0.0,0.0,0,0.0,,0.0,0.0,0.0,0.0,0.0,,,2021,668941
JoJo Romero,- - -,P,25,"5' 11""",215,L,L,2020,,0.0,0.0,0.0,0,0.0,,0.0,0.0,0.0,0.0,0.0,,,2022,668941
Jon Berti,TOR,3B,28,"5' 10""",190,R,R,2018,,-0.0712524632561011,0.267,0.734,0,2.0,90.8221694428225,0.305638726552328,0.363636363,0.2,0.0,0.266666666,95.1,2.0,2018,542932
Jon Berti,MIA,3B,29,"5' 10""",190,R,R,2018,,1.55658129480365,0.273,0.754,6,24.0,104.065534207664,0.326455228627767,0.359550561,0.1328125,0.083623693,0.2543554,86.9,5.0,2019,542932
Jon Berti,MIA,3B,30,"5' 10""",190,R,R,2018,,0.603062007632235,0.258,0.738,2,14.0,112.796529044374,0.337328943265539,0.353658536,0.091666667,0.154362416,0.248322147,86.6,7.0,2020,542932
Jon Berti,MIA,3B,31,"5' 10""",190,R,R,2018,,0.231881762075175,0.21,0.624,4,19.0,73.9304209960392,0.282218985866617,0.264705882,0.103004292,0.11808118,0.22509225,87.1,2.0,2021,542932
Jon Berti,MIA,3B,32,"5' 10""",190,R,R,2018,,2.16398455898002,0.24,0.662,4,28.0,88.4212787773501,0.298078641590506,0.308270676,0.097765363,0.103960396,0.220297029,88.0,5.0,2022,542932
Jon Gray,COL,p,26,"6' 4""",225,R,R,2015,,-0.249033794335661,0.077,0.242,0,2.0,-51.4401413891934,0.114949090914293,0.181818181,0.038461539,0.049180327,0.491803278,83.0,-2.0,2018,592351
Jon Gray,COL,p,27,"6' 4""",225,R,R,2015,,-0.380281839450901,0.064,0.184,0,1.0,-65.6844890919051,0.0935941064357758,0.12,0.0,0.050847457,0.372881355,77.2,2.0,2019,592351
Jon Gray,COL,p,28,"6' 4""",225,R,R,2015,,0.0,,,0,,,0.0,0.0,0.0,0.0,0.0,,,2020,592351
Jon Gray,COL,p,29,"6' 4""",225,R,R,2015,,-0.314812428271798,0.106,0.212,0,3.0,-62.7290419009505,0.0935165235336791,0.333333333,0.0,0.0,0.64,87.1,20.0,2021,592351
Jon Gray,TEX,p,30,"6' 4""",225,R,R,2015,,0.0,,,0,,,0.0,0.0,0.0,0.0,0.0,,,2022,592351
Jon Jay,- - -,cf,33,"5' 11""",200,L,L,2010,,-0.0138684331100377,0.268,0.677,3,40.0,86.2895391977001,0.301314090594983,0.319444444,0.079696394,0.056313993,0.16211604,85.1,4.0,2018,445055
Jon Jay,CHW,cf,34,"5' 11""",200,L,L,2010,,-0.884610882092566,0.267,0.626,0,9.0,68.8039946702748,0.275249599400213,0.323529411,0.048484849,0.043956043,0.164835164,83.1,6.0,2019,445055
Jon Jay,ARI,cf,35,"5' 11""",200,L,L,2010,,-0.449434235339354,0.16,0.451,1,4.0,17.2893128215241,0.198899156168887,0.175,0.08,0.052631578,0.210526315,84.8,12.0,2020,445055
Jon Jay,LAA,cf,36,"5' 11""",200,L,L,2010,,0.0067259312959,0.357,0.714,0,1.0,96.7149693216312,0.313948329005923,0.416666666,0.0,0.0,0.142857142,83.2,4.0,2021,445055
Jon Lester,CHC,p,34,"6' 4""",249,L,L,2006,,-0.0788663362714545,0.119,0.288,1,9.0,-30.8572345358125,0.123864624459865,0.166666666,0.050847458,0.0,0.338461538,88.7,1.0,2018,452657
Jon Lester,CHC,p,35,"6' 4""",249,L,L,2006,,0.38981612255916,0.188,0.556,1,6.0,46.1518173207411,0.246075106116961,0.296296296,0.104166666,0.094339622,0.37735849,86.3,5.0,2019,452657
Jon Lester,CHC,p,36,"6' 4""",249,L,L,2006,,0.0,,,0,,,0.0,0.0,0.0,0.0,0.0,,,2020,452657
Jon Lester,- - -,p,37,"6' 4""",249,L,L,2006,,0.264195228141763,0.167,0.471,1,3.0,25.0792428874026,0.205370427370071,0.304347826,0.104166667,0.039215686,0.470588235,86.0,0.0,2021,452657
Jonah Heim,OAK,C,25,"6' 4""",220,S,R,2020,,-0.114650048135097,0.211,0.479,0,5.0,41.0344618523427,0.223332690029609,0.228571428,0.0,0.073170731,0.073170731,86.0,15.0,2020,641680
Jonah Heim,TEX,C,26,"6' 4""",220,S,R,2020,,0.736455709883537,0.196,0.597,10,32.0,59.3796294541419,0.256327028005895,0.21,0.162264151,0.052631578,0.203508771,87.1,15.0,2021,641680
Jonah Heim,TEX,C,27,"6' 4""",220,S,R,2020,,2.73987662973615,0.227,0.697,16,48.0,98.5009491290188,0.305674251582887,0.249180327,0.172413793,0.091111111,0.193333333,89.3,17.0,2022,641680
Jonathan Davis,TOR,CF,26,"5' 8""",190,R,R,2018,,-0.0976318377516702,0.2,0.499,0,0.0,38.3239519719974,0.228707492351532,0.263157894,0.04,0.037037037,0.222222222,79.9,-2.0,2018,641505
Jonathan Davis,TOR,CF,27,"5' 8""",190,R,R,2018,,-0.111253560760469,0.181,0.531,2,6.0,45.4072517712607,0.240197614786473,0.224137931,0.084337349,0.052631578,0.252631578,84.6,12.0,2019,641505
Jonathan Davis,TOR,CF,28,"5' 8""",190,R,R,2018,,0.144519216663128,0.259,0.808,1,6.0,118.329324354526,0.349658944390037,0.375,0.185185185,0.088235294,0.323529411,95.9,13.0,2020,641505
Jonathan Davis,- - -,CF,29,"5' 8""",190,R,R,2018,,-0.45948571372304,0.126,0.424,1,4.0,25.4390942908492,0.209961738401246,0.163934426,0.045977012,0.116504854,0.252427184,85.1,8.0,2021,641505
Jonathan Davis,MIL,CF,30,"5' 8""",190,R,R,2018,,0.571142381142014,0.224,0.581,0,4.0,77.149391379294,0.278283392058478,0.34,0.013157895,0.153846153,0.285714285,84.6,3.0,2022,641505
Jonathan Loáisiga,NYY,p,23,"5' 11""",195,R,R,2018,,-0.0215558576019416,0.0,0.0,0,0.0,-100.0,0.0,0.0,0.0,0.0,1.0,,,2018,642528
Jonathan Loáisiga,NYY,p,24,"5' 11""",195,R,R,2018,,0.0,,,0,,,0.0,0.0,0.0,0.0,0.0,,,2019,642528
Jonathan Loáisiga,NYY,p,25,"5' 11""",195,R,R,2018,,0.0,,,0,,,0.0,0.0,0.0,0.0,0.0,,,2020,642528
Jonathan Loáisiga,NYY,p,26,"5' 11""",195,R,R,2018,,0.0,0.0,0.0,0,0.0,,0.0,0.0,0.0,0.0,0.0,,,2021,642528
Jonathan Loáisiga,NYY,p,27,"5' 11""",195,R,R,2018,,0.0,0.0,0.0,0,0.0,,0.0,0.0,0.0,0.0,0.0,,,2022,642528
Jonathan Lucroy,OAK,c,32,"6' 0""",200,R,R,2010,,0.283378409013534,0.241,0.616,4,51.0,71.9457590454593,0.270900349965138,0.272727272,0.084337349,0.063876651,0.143171806,86.9,13.0,2018,518960
Jonathan Lucroy,- - -,c,33,"6' 0""",200,R,R,2010,,-0.289192281178546,0.232,0.66,8,36.0,74.1122309584875,0.28552427860575,0.253164556,0.122866894,0.082317073,0.155487804,86.8,12.0,2019,518960
Jonathan Lucroy,BOS,c,34,"6' 0""",200,R,R,2010,,0.0021574817429352,0.0,0.0,0,0.0,,0.0,0.0,0.0,0.0,0.0,,,2020,518960
Jonathan Lucroy,- - -,c,35,"6' 0""",200,R,R,2010,,0.0785601600809936,0.316,0.777,0,3.0,118.54195339015,0.350548763166774,0.4,0.052631579,0.130434782,0.173913043,91.9,22.0,2021,518960
Jonathan Schoop,- - -,2b,26,"6' 1""",247,R,R,2013,4500000.0,0.989296611688357,0.233,0.682,21,61.0,80.3131460286903,0.289794017392469,0.260997067,0.183932347,0.037924151,0.229540918,86.4,11.0,2018,570731
Jonathan Schoop,MIN,2b,27,"6' 1""",247,R,R,2013,4500000.0,2.09028239826283,0.256,0.777,23,59.0,101.004395480934,0.32415603072288,0.298305084,0.217090069,0.043103448,0.25,87.6,12.0,2019,570731
Jonathan Schoop,DET,2b,28,"6' 1""",247,R,R,2013,4500000.0,1.51742961350237,0.278,0.799,8,23.0,116.66170743021,0.339569081636992,0.316239316,0.197530864,0.04519774,0.220338983,87.2,9.0,2020,570731
Jonathan Schoop,DET,2b,29,"6' 1""",247,R,R,2013,4500000.0,2.17197063185876,0.278,0.755,22,84.0,105.087706273833,0.323994850723255,0.31722689,0.157303371,0.054896142,0.197329376,88.1,11.0,2021,570731
Jonathan Schoop,DET,2b,30,"6' 1""",247,R,R,2013,4500000.0,1.26212567939956,0.202,0.561,11,38.0,57.1372337575627,0.245431720156567,0.234332425,0.120582121,0.037254901,0.209803921,87.0,10.0,2022,570731
Jonathan Villar,- - -,2b,27,"6' 0""",233,S,R,2013,6000000.0,1.89164537327223,0.26,0.709,14,46.0,94.5568982217274,0.311790090474637,0.338607594,0.124463519,0.07961165,0.267961165,88.5,3.0,2018,542340
Jonathan Villar,BAL,2b,28,"6' 0""",233,S,R,2013,6000000.0,3.44631369024944,0.274,0.792,24,73.0,106.926371940698,0.33539229120048,0.340807174,0.179127726,0.085434173,0.246498599,88.9,8.0,2019,542340
Jonathan Villar,- - -,2b,29,"6' 0""",233,S,R,2013,6000000.0,-1.12938833594999,0.232,0.593,2,15.0,63.617113264391,0.265845267365619,0.312977099,0.059459459,0.091787439,0.260869565,86.7,2.0,2020,542340
Jonathan Villar,NYM,2b,30,"6' 0""",233,S,R,2013,6000000.0,1.96064571510088,0.249,0.738,18,42.0,103.084418897511,0.319627553165078,0.3125,0.167400881,0.091089108,0.261386138,88.0,7.0,2021,542340
Jonathan Villar,- - -,2b,31,"6' 0""",233,S,R,2013,6000000.0,-1.21615658715098,0.208,0.562,3,18.0,59.468253115353,0.249854256028998,0.274647887,0.094059406,0.068181818,0.268181818,89.6,-1.0,2022,542340
Jordan Hicks,STL,p,21,"6' 2""",217,R,R,2018,11000000.0,-0.0109846155931445,0.0,0.0,0,0.0,-100.0,0.0,0.0,0.0,0.0,1.0,,,2018,663855
Jordan Hicks,STL,p,22,"6' 2""",217,R,R,2018,11000000.0,0.0,0.0,0.0,0,0.0,,0.0,0.0,0.0,0.0,0.0,,,2019,663855
Jordan Hicks,STL,p,24,"6' 2""",217,R,R,2018,11000000.0,0.0,0.0,0.0,0,0.0,,0.0,0.0,0.0,0.0,0.0,,,2021,663855
Jordan Hicks,STL,p,25,"6' 2""",217,R,R,2018,11000000.0,0.0,,,0,,,0.0,0.0,0.0,0.0,0.0,,,2022,663855
Jordan Luplow,PIT,LF,24,"5' 11""",195,R,R,2017,,0.306429818593294,0.185,0.631,3,7.0,71.4379764851154,0.276556040476827,0.197183098,0.173913044,0.097087378,0.174757281,86.3,17.0,2018,656669
Jordan Luplow,CLE,LF,25,"5' 11""",195,R,R,2017,,2.39233209797174,0.276,0.923,15,38.0,140.922815628837,0.383325653743013,0.313333333,0.275555556,0.126436781,0.233716475,89.5,16.0,2019,656669
Jordan Luplow,CLE,LF,26,"5' 11""",195,R,R,2017,,0.188842346235225,0.192,0.663,2,8.0,83.6790063390331,0.293464428704718,0.224137931,0.166666666,0.130434782,0.206521739,83.5,25.0,2020,656669
Jordan Luplow,- - -,LF,27,"5' 11""",195,R,R,2017,,0.583213956380228,0.202,0.78,11,28.0,117.392957279156,0.337427874303235,0.231578947,0.251533743,0.14507772,0.295336787,86.8,23.0,2021,656669
Jordan Luplow,ARI,LF,28,"5' 11""",195,R,R,2017,,0.439154625142243,0.176,0.635,11,28.0,77.7187476321502,0.280973863959824,0.185185185,0.185365853,0.106837606,0.256410256,87.2,18.0,2022,656669
Jordan Lyles,- - -,p,27,"6' 5""",230,R,R,2011,8500000.0,0.001621103419511,0.0,0.167,0,1.0,-36.8162825226164,0.114921599626541,0.0,0.0,0.15,0.4,85.3,-20.0,2018,543475
Jordan Lyles,- - -,p,28,"6' 5""",230,R,R,2011,8500000.0,-0.181879689765056,0.089,0.217,0,4.0,-45.7587948980225,0.103998713036801,0.235294117,0.0,0.020833333,0.583333333,80.6,-9.0,2019,543475
Jordan Lyles,TEX,p,29,"6' 5""",230,R,R,2011,8500000.0,0.0,,,0,,,0.0,0.0,0.0,0.0,0.0,,,2020,543475
Jordan Lyles,TEX,p,30,"6' 5""",230,R,R,2011,8500000.0,-0.0641468568809034,0.0,0.0,0,0.0,-100.0,0.0,0.0,0.0,0.0,0.833333333,79.6,-56.0,2021,543475
Jordan Lyles,BAL,p,31,"6' 5""",230,R,R,2011,8500000.0,0.0,,,0,,,0.0,0.0,0.0,0.0,0.0,,,2022,543475
Jordan Montgomery,NYY,p,25,"6' 6""",228,L,L,2017,1250000.0,0.0,,,0,,,0.0,0.0,0.0,0.0,0.0,,,2018,656756
Jordan Montgomery,NYY,p,26,"6' 6""",228,L,L,2017,1250000.0,0.0,,,0,,,0.0,0.0,0.0,0.0,0.0,,,2019,656756
Jordan Montgomery,NYY,p,27,"6' 6""",228,L,L,2017,1250000.0,0.0,,,0,,,0.0,0.0,0.0,0.0,0.0,,,2020,656756
Jordan Montgomery,NYY,p,28,"6' 6""",228,L,L,2017,1250000.0,-0.0416510965281602,0.0,0.0,0,0.0,-100.0,0.0,0.0,0.0,0.0,1.0,,,2021,656756
Jordan Montgomery,- - -,p,29,"6' 6""",228,L,L,2017,1250000.0,0.0,,,0,,,0.0,0.0,0.0,0.0,0.0,,,2022,656756
Jordan Romano,TOR,p,26,"6' 5""",210,R,R,2019,2000000.0,0.0,0.0,0.0,0,0.0,,0.0,0.0,0.0,0.0,0.0,,,2019,605447
Jordan Romano,TOR,p,27,"6' 5""",210,R,R,2019,2000000.0,0.0,,,0,,,0.0,0.0,0.0,0.0,0.0,,,2020,605447
Jordan Romano,TOR,p,28,"6' 5""",210,R,R,2019,2000000.0,0.0,0.0,0.0,0,0.0,,0.0,0.0,0.0,0.0,0.0,,,2021,605447
Jordan Romano,TOR,p,29,"6' 5""",210,R,R,2019,2000000.0,0.0,,,0,,,0.0,0.0,0.0,0.0,0.0,,,2022,605447
Jordan Weems,OAK,P,27,"6' 4""",211,L,R,2020,,0.0,,,0,,,0.0,0.0,0.0,0.0,0.0,,,2020,607179
Jordan Weems,- - -,P,28,"6' 4""",211,L,R,2020,,0.0,0.0,0.0,0,0.0,,0.0,0.0,0.0,0.0,0.0,,,2021,607179
Jordan Weems,WSN,P,29,"6' 4""",211,L,R,2020,,0.0,,,0,,,0.0,0.0,0.0,0.0,0.0,,,2022,607179
Jordan Zimmermann,DET,p,32,"6' 2""",225,R,R,2009,,-0.0219987574651507,0.0,0.0,0,0.0,-100.0,0.0,0.0,0.0,0.0,1.0,,,2018,519455
Jordan Zimmermann,DET,p,33,"6' 2""",225,R,R,2009,,-0.0233075047639878,0.0,0.0,0,0.0,-100.0,0.0,0.0,0.0,0.0,1.0,,,2019,519455
Jordan Zimmermann,DET,p,34,"6' 2""",225,R,R,2009,,0.0,,,0,,,0.0,0.0,0.0,0.0,0.0,,,2020,519455
Jordan Zimmermann,MIL,p,35,"6' 2""",225,R,R,2009,,-0.0112226758380258,0.0,0.0,0,0.0,-100.0,0.0,0.0,0.0,0.0,1.0,,,2021,519455
Jordy Mercer,PIT,ss,31,"6' 3""",210,R,R,2012,,1.9285543476256,0.251,0.696,6,39.0,84.6298990989798,0.29629945237312,0.305921052,0.129441624,0.073394495,0.199541284,87.6,13.0,2018,474568
Jordy Mercer,DET,ss,32,"6' 3""",210,R,R,2012,,0.971409369832205,0.27,0.748,9,22.0,94.3233036190983,0.314470880561405,0.315789473,0.16796875,0.047970479,0.210332103,86.9,13.0,2019,474568
Jordy Mercer,- - -,ss,33,"6' 3""",210,R,R,2012,,-0.042600848916622,0.2,0.473,0,0.0,37.2308052752928,0.223987535996871,0.222222222,0.0,0.09090909,0.09090909,80.7,11.0,2020,474568
Jordy Mercer,WSN,ss,34,"6' 3""",210,R,R,2012,,0.0736623231257882,0.254,0.671,2,9.0,81.9160330618609,0.294410815858465,0.341463414,0.110169491,0.070866141,0.267716535,86.7,13.0,2021,474568
Jorge Alcala,MIN,P,23,"6' 3""",205,R,R,2019,,0.0,,,0,,,0.0,0.0,0.0,0.0,0.0,,,2019,660896
Jorge Alcala,MIN,P,24,"6' 3""",205,R,R,2019,,0.0,,,0,,,0.0,0.0,0.0,0.0,0.0,,,2020,660896
Jorge Alcala,MIN,P,25,"6' 3""",205,R,R,2019,,0.0,0.0,0.0,0,0.0,,0.0,0.0,0.0,0.0,0.0,,,2021,660896
Jorge Alcala,MIN,P,26,"6' 3""",205,R,R,2019,,0.0,,,0,,,0.0,0.0,0.0,0.0,0.0,,,2022,660896
Jorge Alfaro,PHI,C,25,"6' 1""",243,R,R,2016,,2.82911167824157,0.262,0.731,10,37.0,95.0703190259255,0.313501026752503,0.40609137,0.145348838,0.047745358,0.366047745,91.4,8.0,2018,595751
Jorge Alfaro,MIA,C,26,"6' 1""",243,R,R,2016,,1.14695709931343,0.262,0.737,18,57.0,94.5424824798912,0.311920020087012,0.363984674,0.162412993,0.047311827,0.331182795,90.6,5.0,2019,595751
Jorge Alfaro,MIA,C,27,"6' 1""",243,R,R,2016,,-0.34943963876361,0.226,0.624,3,16.0,68.9086717051953,0.270866001495207,0.333333333,0.11827957,0.04,0.36,89.2,3.0,2020,595751
Jorge Alfaro,MIA,C,28,"6' 1""",243,R,R,2016,,0.133708437986614,0.244,0.625,4,30.0,68.4512112321932,0.273788334280732,0.354166666,0.098305085,0.035369774,0.318327974,90.9,2.0,2021,595751
Jorge Alfaro,SDP,C,29,"6' 1""",243,R,R,2016,,0.381730123768109,0.246,0.668,7,40.0,89.9418271164597,0.291034513581408,0.363636363,0.13671875,0.040145985,0.357664233,89.4,8.0,2022,595751
Jorge De La Rosa,- - -,p,37,"6' 1""",215,L,L,2004,,0.0345683966481425,0.0,0.5,0,0.0,114.718138916356,0.344764798879623,0.0,0.0,0.5,0.0,62.7,-41.0,2018,407822
Jorge López,- - -,p,25,"6' 3""",200,R,R,2015,3000000.0,0.0818526491542807,0.5,1.5,0,2.0,301.826851007952,0.623637437820435,1.0,0.5,0.0,0.5,100.6,17.0,2018,605347
Jorge López,KCR,p,26,"6' 3""",200,R,R,2015,3000000.0,-0.0237376123655697,0.0,0.0,0,0.0,-100.0,0.0,0.0,0.0,0.0,0.0,61.3,27.0,2019,605347
Jorge López,- - -,p,27,"6' 3""",200,R,R,2015,3000000.0,0.0,,,0,,,0.0,0.0,0.0,0.0,0.0,,,2020,605347
Jorge López,BAL,p,28,"6' 3""",200,R,R,2015,3000000.0,-0.0218104728780051,0.0,0.0,0,0.0,-100.0,0.0,0.0,0.0,0.0,0.5,75.6,-34.0,2021,605347
Jorge López,- - -,p,29,"6' 3""",200,R,R,2015,3000000.0,0.0,0.0,0.0,0,0.0,,0.0,0.0,0.0,0.0,0.0,,,2022,605347
Jorge Mateo,SDP,ss,25,"6' 0""",200,R,R,2020,1000000.0,-0.129007332143251,0.154,0.454,0,2.0,20.9955148061959,0.196134951379564,0.266666666,0.115384616,0.035714285,0.392857142,93.5,28.0,2020,622761
Jorge Mateo,- - -,ss,26,"6' 0""",200,R,R,2020,1000000.0,0.400360357353072,0.247,0.669,4,14.0,83.0951777585368,0.290841893507884,0.323529411,0.128865979,0.0430622,0.263157894,85.4,14.0,2021,622761
Jorge Mateo,BAL,ss,27,"6' 0""",200,R,R,2020,1000000.0,2.75973195787284,0.221,0.646,13,50.0,82.8324835023091,0.281147596172311,0.285714285,0.157894737,0.05065666,0.275797373,86.8,15.0,2022,622761
Jorge Polanco,MIN,3b,24,"6' 0""",208,S,R,2014,20000000.0,1.4161000410999,0.288,0.772,6,42.0,111.261965158769,0.335821471972899,0.344680851,0.139072847,0.075075075,0.186186186,85.8,18.0,2018,593871
Jorge Polanco,MIN,3b,25,"6' 0""",208,S,R,2014,20000000.0,3.30860150881967,0.295,0.841,22,79.0,120.123421960467,0.352424950514521,0.328,0.190174326,0.085227272,0.164772727,88.0,19.0,2019,593871
Jorge Polanco,MIN,3b,26,"6' 0""",208,S,R,2014,20000000.0,0.61963474672689,0.258,0.658,4,19.0,82.0775392681766,0.288840911218098,0.29239766,0.09569378,0.057522123,0.154867256,86.6,16.0,2020,593871
Jorge Polanco,MIN,3b,27,"6' 0""",208,S,R,2014,20000000.0,3.98144924973918,0.269,0.826,33,98.0,123.67908466481,0.349227445373624,0.282167042,0.234693878,0.069875776,0.183229813,89.4,19.0,2021,593871
Jorge Polanco,MIN,3b,28,"6' 0""",208,S,R,2014,20000000.0,1.72718074352669,0.235,0.751,16,56.0,118.145736111619,0.332573412237941,0.268656716,0.170666667,0.143820224,0.213483146,89.0,22.0,2022,593871
Jorge Soler,KCR,rf,26,"6' 3""",235,R,R,2014,14000000.0,0.616881223897669,0.265,0.82,9,28.0,122.647940105083,0.354322629216116,0.340136054,0.201793722,0.108949416,0.26848249,89.6,11.0,2018,624585
Jorge Soler,KCR,rf,27,"6' 3""",235,R,R,2014,14000000.0,3.512324329397,0.265,0.923,48,117.0,135.804976084931,0.378366090567647,0.294277929,0.303904924,0.107511045,0.26215022,92.4,16.0,2019,624585
Jorge Soler,KCR,rf,28,"6' 3""",235,R,R,2014,14000000.0,0.448148648721903,0.228,0.769,8,24.0,106.862604311963,0.33189518229906,0.31707317,0.214765101,0.109195402,0.344827586,92.5,16.0,2020,624585
Jorge Soler,- - -,rf,29,"6' 3""",235,R,R,2014,14000000.0,0.0349277119704357,0.223,0.748,27,70.0,99.6853877484347,0.323231375277644,0.25,0.209302325,0.111295681,0.235880398,91.1,16.0,2021,624585
Jorge Soler,MIA,rf,30,"6' 3""",235,R,R,2014,14000000.0,0.383363545185076,0.207,0.695,13,34.0,93.0497872885786,0.304847700619384,0.25595238,0.192592593,0.101307189,0.294117647,91.2,14.0,2022,624585
Jose Altuve,HOU,LF,28,"5' 6""",167,R,R,2011,,5.80207230359664,0.316,0.837,13,61.0,134.892948947453,0.363440254451455,0.352144469,0.134831461,0.091819699,0.131886477,87.2,10.0,2018,514888
Jose Altuve,HOU,LF,29,"5' 6""",167,R,R,2011,,4.973234945292511,0.298,0.903,31,74.0,137.207800687113,0.373944717852681,0.302564102,0.252,0.074817518,0.149635036,87.4,10.0,2019,514888
Jose Altuve,HOU,LF,30,"5' 6""",167,R,R,2011,,-0.0888011849225929,0.219,0.63,5,18.0,73.7561264590794,0.277892707643055,0.25,0.125,0.08095238,0.185714285,86.7,9.0,2020,514888
Jose Altuve,HOU,LF,31,"5' 6""",167,R,R,2011,,5.24611388025697,0.278,0.839,31,83.0,128.397140904509,0.356841713366947,0.280412371,0.211314476,0.097345132,0.134218289,87.7,16.0,2021,514888
Jose Altuve,HOU,LF,32,"5' 6""",167,R,R,2011,,6.85767410780647,0.3,0.92,28,57.0,164.413543598613,0.396886723976199,0.314769975,0.233396585,0.109271523,0.144039735,85.9,16.0,2022,514888
Jose Alvarez,LAA,p,29,"5' 11""",195,L,L,2013,,0.0,0.0,0.0,0,0.0,,0.0,0.0,0.0,0.0,0.0,,,2018,501625
Jose Alvarez,PHI,p,30,"5' 11""",195,L,L,2013,,0.0,0.0,0.0,0,0.0,,0.0,0.0,0.0,0.0,0.0,,,2019,501625
Jose Alvarez,PHI,p,31,"5' 11""",195,L,L,2013,,0.0,,,0,,,0.0,0.0,0.0,0.0,0.0,,,2020,501625
Jose Alvarez,SFG,p,32,"5' 11""",195,L,L,2013,,0.0891268205569673,0.0,0.5,0,0.0,119.352003622605,0.34585827589035,0.0,0.0,0.4,0.4,,,2021,501625
Jose Alvarez,SFG,p,33,"5' 11""",195,L,L,2013,,0.0,,,0,,,0.0,0.0,0.0,0.0,0.0,,,2022,501625
Jose Iglesias,DET,ss,28,"5' 11""",195,R,R,2011,,1.55744136476621,0.269,0.699,5,48.0,88.6183460909983,0.303992895655932,0.290575916,0.12037037,0.040948275,0.101293103,84.8,12.0,2018,578428
Jose Iglesias,CIN,ss,29,"5' 11""",195,R,R,2011,,1.83608508182415,0.288,0.725,11,59.0,81.6183357868156,0.30612423086801,0.315294117,0.119047619,0.037735849,0.132075471,84.1,7.0,2019,578428
Jose Iglesias,BAL,ss,30,"5' 11""",195,R,R,2011,,1.61403083518361,0.373,0.956,3,24.0,159.867338503568,0.407457656065623,0.406504065,0.183098592,0.02,0.113333333,86.2,8.0,2020,578428
Jose Iglesias,- - -,ss,31,"5' 11""",195,R,R,2011,,1.78589763090185,0.271,0.7,9,48.0,89.4527423738171,0.303970387420542,0.305,0.120082815,0.04109589,0.146771037,85.4,11.0,2021,578428
Jose Iglesias,COL,ss,32,"5' 11""",195,R,R,2011,,1.32929718162342,0.292,0.708,3,47.0,87.0897337309205,0.31155565438485,0.326370757,0.088838269,0.036402569,0.119914346,83.8,6.0,2022,578428
Jose Lobatón,NYM,c,33,"6' 1""",212,S,R,2009,,-0.285249553731516,0.143,0.47,0,4.0,36.1764182579144,0.21785305989416,0.2,0.081632653,0.122807017,0.263157894,85.9,5.0,2018,446653
Jose Lobatón,CHC,c,36,"6' 1""",212,S,R,2009,,-0.34250474200433,0.0,0.154,0,0.0,-38.9580683000984,0.106417931043185,0.0,0.0,0.153846153,0.384615384,90.4,2.0,2021,446653
Jose Quintana,CHC,p,29,"6' 2""",224,R,L,2012,6000000.0,-0.332486781086021,0.077,0.154,0,0.0,-68.4139172341058,0.0676562098356394,0.153846153,0.0,0.0,0.448275862,82.0,-15.0,2018,500779
Jose Quintana,CHC,p,30,"6' 2""",224,R,L,2012,6000000.0,-0.328907699368138,0.093,0.204,0,3.0,-58.1048962434772,0.0869461717428984,0.185185185,0.018518519,0.0,0.428571428,80.0,-7.0,2019,500779
Jose Quintana,CHC,p,31,"6' 2""",224,R,L,2012,6000000.0,0.0,,,0,,,0.0,0.0,0.0,0.0,0.0,,,2020,500779
Jose Quintana,- - -,p,32,"6' 2""",224,R,L,2012,6000000.0,0.108170244801702,1.0,2.0,0,0.0,405.007771145622,0.785385936498642,1.0,0.0,0.5,0.0,76.2,4.0,2021,500779
Jose Quintana,- - -,p,33,"6' 2""",224,R,L,2012,6000000.0,0.0,,,0,,,0.0,0.0,0.0,0.0,0.0,,,2022,500779
Jose Trevino,TEX,C,25,"5' 9""",215,R,R,2018,,-0.0604037042025107,0.25,0.5,0,3.0,24.0871008983586,0.219882681965828,0.285714285,0.0,0.0,0.125,83.3,11.0,2018,624431
Jose Trevino,TEX,C,26,"5' 9""",215,R,R,2018,,-0.0211204191953097,0.258,0.655,2,13.0,58.58950298656391,0.274336630821228,0.311827956,0.125,0.023809523,0.214285714,86.8,8.0,2019,624431
Jose Trevino,TEX,C,27,"5' 9""",215,R,R,2018,,0.202621916317013,0.25,0.714,2,9.0,88.325439114149,0.30037393947927,0.278688524,0.184210526,0.036144578,0.180722891,87.9,10.0,2020,624431
Jose Trevino,TEX,C,28,"5' 9""",215,R,R,2018,,0.96136182409859,0.239,0.607,5,30.0,62.6713890221444,0.261198117780845,0.278761061,0.101754386,0.039735099,0.188741721,87.5,9.0,2021,624431
Jose Trevino,NYY,C,29,"5' 9""",215,R,R,2018,,3.8214664535107903,0.248,0.671,11,43.0,89.5713614770278,0.293059102874302,0.273764258,0.140298507,0.042492917,0.175637393,87.9,13.0,2022,624431
Josh Bell,PIT,1b,25,"6' 3""",261,S,R,2016,7000000.0,1.55790998918693,0.261,0.768,12,62.0,110.843442644802,0.335531397756324,0.305128205,0.149700599,0.132075471,0.17838765,90.2,9.0,2018,605137
Josh Bell,PIT,1b,26,"6' 3""",261,S,R,2016,7000000.0,3.05104839106454,0.277,0.936,37,116.0,134.872783714124,0.378455671668053,0.287598944,0.292220114,0.120717781,0.192495921,92.3,13.0,2019,605137
Josh Bell,PIT,1b,27,"6' 3""",261,S,R,2016,7000000.0,-0.374633162399025,0.226,0.669,8,22.0,76.2968809468035,0.286329193746663,0.272727272,0.138461539,0.098654708,0.264573991,91.7,6.0,2020,605137
Josh Bell,WSN,1b,28,"6' 3""",261,S,R,2016,7000000.0,2.16055426703673,0.261,0.823,27,88.0,119.229094575883,0.351823003890236,0.27613941,0.214859438,0.114436619,0.177816901,92.5,5.0,2021,605137
Josh Bell,- - -,1b,29,"6' 3""",261,S,R,2016,7000000.0,2.10964063457805,0.266,0.784,17,71.0,123.726859307909,0.343535323534161,0.296127562,0.155797102,0.125193199,0.157650695,88.9,8.0,2022,605137
Josh Donaldson,- - -,dh,32,"6' 1""",210,R,R,2010,,1.07993430338017,0.246,0.801,8,23.0,116.822428281348,0.344763004010723,0.301587301,0.203208556,0.141552511,0.246575342,90.2,12.0,2018,518626
Josh Donaldson,ATL,dh,33,"6' 1""",210,R,R,2010,,5.22508832284098,0.259,0.9,37,94.0,131.011824987964,0.377362353435209,0.292479108,0.262295082,0.151745068,0.235204855,92.8,13.0,2019,518626
Josh Donaldson,MIN,dh,34,"6' 1""",210,R,R,2010,,0.854009590464507,0.222,0.842,6,11.0,131.848504214522,0.361513364433062,0.23076923,0.24691358,0.176470588,0.235294117,92.8,6.0,2020,518626
Josh Donaldson,MIN,dh,35,"6' 1""",210,R,R,2010,,3.43233134815845,0.247,0.827,26,72.0,125.969900742678,0.352617356010374,0.267692307,0.227571116,0.136279926,0.209944751,94.1,15.0,2021,518626
Josh Donaldson,NYY,dh,36,"6' 1""",210,R,R,2010,,1.62316579416449,0.222,0.682,15,62.0,95.5714047619744,0.301558000450834,0.283489096,0.152719665,0.098901098,0.271062271,90.7,12.0,2022,518626
Josh Fields,LAD,P,32,"6' 0""",191,R,R,2013,,0.0,0.0,0.0,0,0.0,,0.0,0.0,0.0,0.0,0.0,,,2018,451661
Josh Hader,MIL,p,24,"6' 3""",188,L,L,2017,19000000.0,0.0287051939712587,0.5,1.0,0,0.0,178.969353918152,0.439765363931656,1.0,0.0,0.0,0.5,94.9,12.0,2018,623352
Josh Hader,MIL,p,25,"6' 3""",188,L,L,2017,19000000.0,-0.0250705366645401,0.0,0.0,0,0.0,-100.0,0.0,0.0,0.0,0.0,0.5,71.4,-40.0,2019,623352
Josh Hader,MIL,p,26,"6' 3""",188,L,L,2017,19000000.0,0.0,0.0,0.0,0,0.0,,0.0,0.0,0.0,0.0,0.0,,,2020,623352
Josh Hader,MIL,p,27,"6' 3""",188,L,L,2017,19000000.0,0.0,0.0,0.0,0,0.0,,0.0,0.0,0.0,0.0,0.0,,,2021,623352
Josh Hader,- - -,p,28,"6' 3""",188,L,L,2017,19000000.0,0.0,,,0,,,0.0,0.0,0.0,0.0,0.0,,,2022,623352
Josh Harrison,PIT,2b,30,"5' 8""",190,R,R,2011,2000000.0,0.121585094419382,0.25,0.656,8,37.0,76.9310028111865,0.284777062119178,0.285714285,0.113372093,0.048128342,0.181818181,85.9,16.0,2018,543281
Josh Harrison,DET,2b,31,"5' 8""",190,R,R,2011,2000000.0,-0.896951366342637,0.175,0.481,1,8.0,22.4683690650787,0.208227951104949,0.207207207,0.087591241,0.040816326,0.183673469,85.7,19.0,2019,543281
Josh Harrison,WSN,2b,32,"5' 8""",190,R,R,2011,2000000.0,0.167370911026055,0.278,0.77,3,14.0,107.7332503995,0.335419082379603,0.287878787,0.139240506,0.065934065,0.131868131,83.8,15.0,2020,543281
Josh Harrison,- - -,2b,33,"5' 8""",190,R,R,2011,2000000.0,2.33318480565138,0.279,0.741,8,60.0,104.21046316326,0.324502442212678,0.312941176,0.12079208,0.055555555,0.134408602,87.2,15.0,2021,543281
Josh Harrison,CHW,2b,34,"5' 8""",190,R,R,2011,2000000.0,1.5035846176897,0.256,0.687,7,27.0,97.4323728354464,0.304904878562224,0.296774193,0.113989638,0.049411764,0.167058823,87.4,15.0,2022,543281
Josh Lindblom,MIL,p,33,"6' 4""",240,R,R,2011,,0.0,,,0,,,0.0,0.0,0.0,0.0,0.0,,,2020,458676
Josh Lindblom,MIL,p,34,"6' 4""",240,R,R,2011,,-0.0112226758380258,0.0,0.0,0,0.0,-100.0,0.0,0.0,0.0,0.0,1.0,,,2021,458676
Josh Naylor,SDP,1b,22,"5' 10""",235,L,L,2019,18500000.0,-0.282828214703538,0.249,0.718,8,32.0,90.3049560395022,0.306178455301326,0.302197802,0.154150198,0.089605734,0.229390681,89.6,4.0,2019,647304
Josh Naylor,- - -,1b,23,"5' 10""",235,L,L,2019,18500000.0,0.0421284343560339,0.247,0.621,1,6.0,70.692845394763,0.274194517181915,0.273809523,0.082474227,0.048076923,0.115384615,86.8,8.0,2020,647304
Josh Naylor,CLE,1b,24,"5' 10""",235,L,L,2019,18500000.0,0.371023545960343,0.253,0.7,7,21.0,92.5843435198459,0.302041825507918,0.287292817,0.145922746,0.056,0.18,89.8,9.0,2021,647304
Josh Naylor,CLE,1b,25,"5' 10""",235,L,L,2019,18500000.0,1.85816044080876,0.256,0.771,20,79.0,117.890357163514,0.331412874976633,0.268361581,0.195991091,0.07630522,0.16064257,89.4,10.0,2022,647304
Josh Osich,SFG,P,29,"6' 2""",235,L,L,2015,,0.0,0.0,0.0,0,0.0,,0.0,0.0,0.0,0.0,0.0,,,2018,592612
Josh Osich,CHW,P,30,"6' 2""",235,L,L,2015,,-0.0115287332195291,0.0,0.0,0,0.0,-100.0,0.0,0.0,0.0,0.0,0.0,,,2019,592612
Josh Osich,- - -,P,31,"6' 2""",235,L,L,2015,,0.0,,,0,,,0.0,0.0,0.0,0.0,0.0,,,2020,592612
Josh Osich,CIN,P,32,"6' 2""",235,L,L,2015,,0.0,0.0,0.0,0,0.0,,0.0,0.0,0.0,0.0,0.0,,,2021,592612
Josh Phegley,OAK,c,30,"5' 10""",225,R,R,2013,,-0.184698117796175,0.204,0.599,2,15.0,64.0071549865503,0.25926706720801,0.257575757,0.139784946,0.058823529,0.264705882,85.1,14.0,2018,572033
Josh Phegley,OAK,c,31,"5' 10""",225,R,R,2013,,0.0939332127517045,0.239,0.693,12,62.0,82.5703349039171,0.291107143899974,0.258196721,0.171974522,0.043859649,0.184210526,84.1,17.0,2019,572033
Josh Phegley,CHC,c,32,"5' 10""",225,R,R,2013,,-0.199147333584786,0.063,0.417,1,2.0,13.0455163128518,0.189242906040616,0.0,0.1875,0.055555555,0.166666666,81.0,15.0,2020,572033
Josh Reddick,HOU,rf,31,"6' 2""",197,L,R,2009,,2.3452484032163,0.242,0.718,17,47.0,99.4313099970761,0.311474534801039,0.258064516,0.15704388,0.100616016,0.158110882,85.5,18.0,2018,502210
Josh Reddick,HOU,rf,32,"6' 2""",197,L,R,2009,,0.660475718211555,0.275,0.728,14,56.0,92.4306879421278,0.307738386162924,0.288372093,0.133732535,0.065454545,0.12,86.1,16.0,2019,502210
Josh Reddick,HOU,rf,33,"6' 2""",197,L,R,2009,,-0.134965210720248,0.245,0.694,4,23.0,91.6679955195903,0.304046499672119,0.293706293,0.132978723,0.095238095,0.2,85.9,19.0,2020,502210
Josh Reddick,ARI,rf,34,"6' 2""",197,L,R,2009,,-0.431335692269196,0.258,0.656,2,21.0,74.5015387770751,0.282765105555329,0.310924369,0.112582782,0.037974683,0.196202531,85.1,17.0,2021,502210
Josh Rojas,ARI,3B,25,"6' 1""",200,L,R,2019,,-0.102746954450843,0.217,0.624,2,16.0,67.472795577088,0.278993574677,0.294736842,0.094202898,0.114649681,0.261146496,89.0,10.0,2019,668942
Josh Rojas,ARI,3B,26,"6' 1""",200,L,R,2019,,-0.315736501475472,0.18,0.437,0,2.0,23.6711932193027,0.208563755239759,0.234042553,0.0,0.1,0.228571428,86.0,5.0,2020,668942
Josh Rojas,ARI,3B,27,"6' 1""",200,L,R,2019,,1.75694309296631,0.264,0.752,11,44.0,103.40663257471,0.327240273575572,0.345132743,0.146694215,0.105454545,0.249090909,88.2,8.0,2021,668942
Josh Rojas,ARI,3B,28,"6' 1""",200,L,R,2019,,2.53329420045818,0.269,0.74,9,56.0,108.500482683694,0.325991255862575,0.322580645,0.121896163,0.107843137,0.192156862,88.8,12.0,2022,668942
Josh Sborz,LAD,P,25,"6' 3""",215,R,R,2019,,0.0,0.0,0.0,0,0.0,,0.0,0.0,0.0,0.0,0.0,,,2019,622250
Josh Sborz,LAD,P,26,"6' 3""",215,R,R,2019,,0.0,,,0,,,0.0,0.0,0.0,0.0,0.0,,,2020,622250
Josh Sborz,TEX,P,27,"6' 3""",215,R,R,2019,,-0.0106911425644475,0.0,0.0,0,0.0,-100.0,0.0,0.0,0.0,0.0,1.0,,,2021,622250
Josh Sborz,TEX,P,28,"6' 3""",215,R,R,2019,,0.0,,,0,,,0.0,0.0,0.0,0.0,0.0,,,2022,622250
Josh Staumont,KCR,P,25,"6' 3""",200,R,R,2019,,0.0,,,0,,,0.0,0.0,0.0,0.0,0.0,,,2019,622251
Josh Staumont,KCR,P,26,"6' 3""",200,R,R,2019,,0.0,,,0,,,0.0,0.0,0.0,0.0,0.0,,,2020,622251
Josh Staumont,KCR,P,27,"6' 3""",200,R,R,2019,,0.0,0.0,0.0,0,0.0,,0.0,0.0,0.0,0.0,0.0,,,2021,622251
Josh Staumont,KCR,P,28,"6' 3""",200,R,R,2019,,0.0,0.0,0.0,0,0.0,,0.0,0.0,0.0,0.0,0.0,,,2022,622251
Josh Tomlin,CLE,p,33,"6' 1""",190,R,R,2010,,0.0,0.0,0.0,0,0.0,,0.0,0.0,0.0,0.0,0.0,,,2018,458708
Josh Tomlin,ATL,p,34,"6' 1""",190,R,R,2010,,-0.0759941159021435,0.0,0.0,0,0.0,-100.0,0.0,0.0,0.0,0.0,0.5,80.7,35.0,2019,458708
Josh Tomlin,ATL,p,35,"6' 1""",190,R,R,2010,,0.0,,,0,,,0.0,0.0,0.0,0.0,0.0,,,2020,458708
Josh Tomlin,ATL,p,36,"6' 1""",190,R,R,2010,,0.0886662317762337,0.333,0.833,0,0.0,144.799144273572,0.392692968249321,0.5,0.0,0.2,0.2,89.1,10.0,2021,458708
José Abreu,CHW,1b,31,"6' 3""",250,R,R,2014,19500000.0,1.69839909651112,0.265,0.798,22,78.0,114.229514531421,0.336944911396984,0.294117647,0.208416833,0.066907775,0.19710669,91.3,12.0,2018,547989
José Abreu,CHW,1b,32,"6' 3""",250,R,R,2014,19500000.0,1.8663275501733,0.284,0.833,33,123.0,115.40750942021,0.344156403932585,0.320261437,0.219242903,0.051948051,0.219336219,92.1,11.0,2019,547989
José Abreu,CHW,1b,33,"6' 3""",250,R,R,2014,19500000.0,2.9104667009149,0.317,0.987,19,60.0,163.85774101052,0.411134042959104,0.349693251,0.3,0.06870229,0.225190839,92.9,11.0,2020,547989
José Abreu,CHW,1b,34,"6' 3""",250,R,R,2014,19500000.0,2.83570184446947,0.261,0.832,30,117.0,124.630523428964,0.35393558369904,0.29280397,0.219081273,0.092564491,0.216995447,92.0,10.0,2021,547989
José Abreu,CHW,1b,35,"6' 3""",250,R,R,2014,19500000.0,3.79961062291695,0.304,0.824,15,75.0,137.286913928385,0.361357748420411,0.35,0.141430948,0.091310751,0.162002945,92.2,8.0,2022,547989
José Alvarado,TBR,P,23,"6' 2""",245,L,L,2017,,-0.0002941794124458,0.0,0.0,0,0.0,,0.0,0.0,0.0,0.0,0.0,,,2018,621237
José Alvarado,TBR,P,24,"6' 2""",245,L,L,2017,,0.0,0.0,0.0,0,0.0,,0.0,0.0,0.0,0.0,0.0,,,2019,621237
José Alvarado,TBR,P,25,"6' 2""",245,L,L,2017,,0.0,,,0,,,0.0,0.0,0.0,0.0,0.0,,,2020,621237
José Alvarado,PHI,P,26,"6' 2""",245,L,L,2017,,0.0,0.0,0.0,0,0.0,,0.0,0.0,0.0,0.0,0.0,,,2021,621237
José Alvarado,PHI,P,27,"6' 2""",245,L,L,2017,,-0.0092146104526271,0.0,0.0,0,0.0,-100.0,0.0,0.0,0.0,0.0,1.0,,,2022,621237
José Bautista,- - -,rf,37,"6' 0""",205,R,R,2004,,0.450881998938696,0.203,0.726,13,48.0,105.905004130252,0.324372208388686,0.262376237,0.175384615,0.167919799,0.278195488,90.8,19.0,2018,430832
José Berríos,MIN,P,24,"6' 0""",205,R,R,2016,,-0.0435428560663672,0.0,0.0,0,0.0,-100.0,0.0,0.0,0.0,0.0,0.5,86.7,5.0,2018,621244
José Berríos,MIN,P,25,"6' 0""",205,R,R,2016,,-0.0004432361808321,0.0,0.2,0,0.0,-24.8580704481467,0.13805890083313,0.0,0.0,0.2,0.8,,,2019,621244
José Berríos,MIN,P,26,"6' 0""",205,R,R,2016,,0.0,,,0,,,0.0,0.0,0.0,0.0,0.0,,,2020,621244
José Berríos,- - -,P,27,"6' 0""",205,R,R,2016,,-0.0432853128920575,0.0,0.0,0,0.0,-100.0,0.0,0.0,0.0,0.0,0.5,,,2021,621244
José Berríos,TOR,P,28,"6' 0""",205,R,R,2016,,0.0,,,0,,,0.0,0.0,0.0,0.0,0.0,,,2022,621244
José Cisnero,DET,p,30,"6' 3""",258,R,R,2013,1750000.0,0.0,,,0,,,0.0,0.0,0.0,0.0,0.0,,,2019,542585
José Cisnero,DET,p,31,"6' 3""",258,R,R,2013,1750000.0,0.0,,,0,,,0.0,0.0,0.0,0.0,0.0,,,2020,542585
José Cisnero,DET,p,32,"6' 3""",258,R,R,2013,1750000.0,-0.0108322088442246,0.0,0.0,0,0.0,,0.0,0.0,0.0,0.0,0.0,,,2021,542585
José Cisnero,DET,p,33,"6' 3""",258,R,R,2013,1750000.0,0.0,,,0,,,0.0,0.0,0.0,0.0,0.0,,,2022,542585
José De León,TBR,P,26,"6' 0""",220,R,R,2016,,0.0,0.0,0.0,0,0.0,,0.0,0.0,0.0,0.0,0.0,,,2019,592254
José De León,CIN,P,27,"6' 0""",220,R,R,2016,,0.0,,,0,,,0.0,0.0,0.0,0.0,0.0,,,2020,592254
José De León,CIN,P,28,"6' 0""",220,R,R,2016,,0.0316945149287071,0.25,0.5,0,1.0,28.8345236136585,0.219763830304146,0.5,0.0,0.0,0.4,85.7,7.0,2021,592254
José Leclerc,TEX,p,24,"6' 0""",195,R,R,2016,,0.0,0.0,0.0,0,0.0,,0.0,0.0,0.0,0.0,0.0,,,2018,600917
José Leclerc,TEX,p,25,"6' 0""",195,R,R,2016,,0.0,0.0,0.0,0,0.0,,0.0,0.0,0.0,0.0,0.0,,,2019,600917
José Leclerc,TEX,p,26,"6' 0""",195,R,R,2016,,0.0,,,0,,,0.0,0.0,0.0,0.0,0.0,,,2020,600917
José Leclerc,TEX,p,28,"6' 0""",195,R,R,2016,,0.0,,,0,,,0.0,0.0,0.0,0.0,0.0,,,2022,600917
José Peraza,CIN,2B,24,"6' 0""",210,R,R,2015,,3.09040523060978,0.288,0.742,14,58.0,96.3473282421277,0.319087181823264,0.306569343,0.128164557,0.042459736,0.109809663,85.8,15.0,2018,606299
José Peraza,CIN,2B,25,"6' 0""",210,R,R,2015,,-0.30833758489994,0.239,0.631,6,33.0,59.4607623551362,0.272304720085845,0.267515923,0.106382978,0.042183622,0.143920595,84.9,17.0,2019,606299
José Peraza,BOS,2B,26,"6' 0""",210,R,R,2015,,-0.097704962355953,0.225,0.617,1,8.0,61.88036333766591,0.269661069909732,0.258064516,0.117117117,0.041666666,0.15,85.4,20.0,2020,606299
José Peraza,NYM,2B,27,"6' 0""",210,R,R,2015,,0.647542188647488,0.204,0.646,6,20.0,77.6116441231061,0.280433563830017,0.209090909,0.176056338,0.058441558,0.168831168,85.6,21.0,2021,606299
José Pirela,SDP,LF,28,"6' 0""",220,R,R,2014,,0.0991938614146175,0.249,0.645,5,32.0,77.6057473080265,0.283130856388706,0.300578034,0.095890411,0.063424947,0.188160676,89.0,5.0,2018,517369
José Pirela,- - -,LF,29,"6' 0""",220,R,R,2014,,0.0278051710785074,0.182,0.614,1,2.0,59.2709633096214,0.261500159899394,0.214285714,0.181818182,0.083333333,0.291666666,86.5,23.0,2019,517369
José Quijada,MIA,P,23,"5' 11""",215,L,L,2019,,-0.0118446988353942,0.0,0.0,0,0.0,-100.0,0.0,0.0,0.0,0.0,1.0,,,2019,650671
José Quijada,LAA,P,24,"5' 11""",215,L,L,2019,,0.0,,,0,,,0.0,0.0,0.0,0.0,0.0,,,2020,650671
José Quijada,LAA,P,25,"5' 11""",215,L,L,2019,,0.0,0.0,0.0,0,0.0,,0.0,0.0,0.0,0.0,0.0,,,2021,650671
José Quijada,LAA,P,26,"5' 11""",215,L,L,2019,,0.0,,,0,,,0.0,0.0,0.0,0.0,0.0,,,2022,650671
José Ramírez,CLE,3B,25,"5' 8""",190,S,R,2013,,7.61611888139976,0.27,0.939,39,105.0,147.30230097748,0.391486283102636,0.251612903,0.282006921,0.151862464,0.11461318,89.0,19.0,2018,608070
José Ramírez,CLE,3B,26,"5' 8""",190,S,R,2013,,3.480666710706,0.255,0.806,23,83.0,107.861223112912,0.334441600571316,0.255754475,0.224066391,0.095940959,0.136531365,89.2,20.0,2019,608070
José Ramírez,CLE,3B,27,"5' 8""",190,S,R,2013,,3.1089963130526,0.292,0.993,17,46.0,166.717930829445,0.414712677790424,0.29375,0.315068494,0.122047244,0.169291338,88.7,23.0,2020,608070
José Ramírez,CLE,3B,28,"5' 8""",190,S,R,2013,,6.43135912042797,0.266,0.893,36,103.0,139.779671400154,0.371880668325546,0.255760368,0.271739131,0.113207547,0.136792452,90.0,18.0,2021,608070
José Ramírez,CLE,3B,29,"5' 8""",190,S,R,2013,,5.97507804629377,0.28,0.869,29,126.0,140.000212615326,0.362730881863071,0.278557114,0.234608985,0.100729927,0.119708029,87.7,21.0,2022,608070
José Reyes,NYM,ss,35,"6' 0""",195,S,R,2003,,-0.249253296762706,0.189,0.58,4,16.0,60.780021797367,0.254675522626164,0.21081081,0.131578947,0.087649402,0.155378486,85.4,13.0,2018,408314
José Ruiz,CHW,P,23,"6' 1""",245,R,R,2017,,0.0,,,0,,,0.0,0.0,0.0,0.0,0.0,,,2018,614179
José Ruiz,CHW,P,24,"6' 1""",245,R,R,2017,,0.0,0.0,0.0,0,0.0,,0.0,0.0,0.0,0.0,0.0,,,2019,614179
José Ruiz,CHW,P,25,"6' 1""",245,R,R,2017,,0.0,0.0,0.0,0,0.0,,0.0,0.0,0.0,0.0,0.0,,,2020,614179
José Ruiz,CHW,P,26,"6' 1""",245,R,R,2017,,-0.0107783720547081,0.0,0.0,0,0.0,-100.0,0.0,0.0,0.0,0.0,0.0,77.1,-4.0,2021,614179
José Ruiz,CHW,P,27,"6' 1""",245,R,R,2017,,0.0,,,0,,,0.0,0.0,0.0,0.0,0.0,,,2022,614179
José Suarez,LAA,P,21,"5' 10""",225,L,L,2019,,-0.0233679359993381,0.0,0.0,0,0.0,-100.0,0.0,0.0,0.0,0.0,0.5,83.1,-47.0,2019,660761
José Suarez,LAA,P,22,"5' 10""",225,L,L,2019,,0.0,,,0,,,0.0,0.0,0.0,0.0,0.0,,,2020,660761
José Suarez,LAA,P,23,"5' 10""",225,L,L,2019,,-0.010888028271121,0.0,0.0,0,0.0,-100.0,0.0,0.0,0.0,0.0,1.0,,,2021,660761
José Suarez,LAA,P,24,"5' 10""",225,L,L,2019,,0.0,,,0,,,0.0,0.0,0.0,0.0,0.0,,,2022,660761
José Ureña,MIA,p,26,"6' 2""",208,R,R,2015,,-0.292697753690651,0.042,0.124,0,1.0,-70.9086031020214,0.0574762285972128,0.153846153,0.020833334,0.019230769,0.673076923,78.4,8.0,2018,570632
José Ureña,MIA,p,27,"6' 2""",208,R,R,2015,,-0.206331684614077,0.0,0.05,0,0.0,-87.2055100089177,0.0345147252082825,0.0,0.0,0.045454545,0.636363636,74.0,-33.0,2019,570632
José Ureña,MIA,p,28,"6' 2""",208,R,R,2015,,0.0,,,0,,,0.0,0.0,0.0,0.0,0.0,,,2020,570632
José Ureña,DET,p,29,"6' 2""",208,R,R,2015,,-0.0106936140019221,0.0,0.0,0,0.0,-100.0,0.0,0.0,0.0,0.0,1.0,,,2021,570632
José Ureña,- - -,p,30,"6' 2""",208,R,R,2015,,0.0,,,0,,,0.0,0.0,0.0,0.0,0.0,,,2022,570632
José Urquidy,HOU,p,24,"6' 0""",225,R,R,2019,1500000.0,-0.0452938009982126,0.0,0.0,0,0.0,-100.0,0.0,0.0,0.0,0.0,0.75,75.1,-61.0,2019,664353
José Urquidy,HOU,p,25,"6' 0""",225,R,R,2019,1500000.0,0.0,,,0,,,0.0,0.0,0.0,0.0,0.0,,,2020,664353
José Urquidy,HOU,p,26,"6' 0""",225,R,R,2019,1500000.0,0.0303590768728829,0.25,0.5,0,0.0,35.7633661270374,0.219763830304146,1.0,0.0,0.0,0.75,90.7,7.0,2021,664353
José Urquidy,HOU,p,27,"6' 0""",225,R,R,2019,1500000.0,0.0,,,0,,,0.0,0.0,0.0,0.0,0.0,,,2022,664353
JT Chargois,LAD,P,27,"6' 3""",200,S,R,2016,,-0.0108618954035397,0.0,0.0,0,0.0,-100.0,0.0,0.0,0.0,0.0,0.0,65.4,-24.0,2018,608638
JT Chargois,LAD,P,28,"6' 3""",200,S,R,2016,,-0.0120250018535924,0.0,0.0,0,0.0,-100.0,0.0,0.0,0.0,0.0,1.0,,,2019,608638
JT Chargois,- - -,P,30,"6' 3""",200,S,R,2016,,0.0,0.0,0.0,0,0.0,,0.0,0.0,0.0,0.0,0.0,,,2021,608638
JT Chargois,TBR,P,31,"6' 3""",200,S,R,2016,,0.0,,,0,,,0.0,0.0,0.0,0.0,0.0,,,2022,608638
JT Riddle,MIA,SS,26,"6' 1""",190,L,R,2017,,1.33026274688233,0.231,0.654,9,36.0,78.8782725501667,0.281651587202782,0.26609442,0.146103896,0.060240963,0.201807228,87.6,8.0,2018,595375
JT Riddle,MIA,SS,27,"6' 1""",190,L,R,2017,,-0.579778581953454,0.189,0.601,6,12.0,53.6975042649451,0.249577580586724,0.226190476,0.181818182,0.035971223,0.302158273,88.9,10.0,2019,595375
JT Riddle,PIT,SS,28,"6' 1""",190,L,R,2017,,-0.950232305871804,0.149,0.398,1,1.0,2.35756942722172,0.174356897672017,0.16981132,0.074626866,0.028985507,0.188405797,88.8,7.0,2020,595375
JT Riddle,MIN,SS,29,"6' 1""",190,L,R,2017,,0.0538576150680843,0.333,0.666,0,0.0,85.694457310338,0.293018440405528,0.333333333,0.0,0.0,0.0,84.8,1.0,2021,595375
JT Riddle,CIN,SS,30,"6' 1""",190,L,R,2017,,0.0021553758527233,0.25,0.5,0,0.0,31.8154577596795,0.220962703227997,0.333333333,0.0,0.0,0.25,92.0,10.0,2022,595375
Juan Centeno,TEX,C,28,"5' 9""",195,L,R,2013,,-0.464205185655708,0.162,0.454,1,3.0,8.46747237218023,0.196993575284356,0.172413793,0.108108108,0.026315789,0.184210526,85.8,8.0,2018,518542
Juan Centeno,BOS,C,29,"5' 9""",195,L,R,2013,,-0.190344125050483,0.133,0.411,0,2.0,21.6473470590512,0.213278859853745,0.153846153,0.0,0.111111111,0.111111111,85.7,17.0,2019,518542
Juan Lagares,NYM,cf,29,"6' 2""",219,R,R,2013,1.0,0.541974048073158,0.339,0.765,0,6.0,110.752105757457,0.329465184892927,0.392156862,0.050847458,0.046875,0.140625,88.4,6.0,2018,501571
Juan Lagares,NYM,cf,30,"6' 2""",219,R,R,2013,1.0,-0.136973250185605,0.213,0.605,5,27.0,61.0076486502121,0.257583756814294,0.279329608,0.112403101,0.077192982,0.263157894,88.1,11.0,2019,501571
Juan Lagares,NYM,cf,31,"6' 2""",219,R,R,2013,1.0,0.0226407408657562,0.0,0.0,0,0.0,,0.0,0.0,0.0,0.0,0.0,,,2020,501571
Juan Lagares,LAA,cf,32,"6' 2""",219,R,R,2013,1.0,-0.399552418320466,0.236,0.638,6,38.0,69.8988654345947,0.274266314949414,0.293859649,0.13592233,0.036697247,0.232415902,90.6,9.0,2021,501571
Juan Lagares,LAA,cf,33,"6' 2""",219,R,R,2013,1.0,-0.3361907533775,0.183,0.46,0,0.0,24.0838920910545,0.202783694190364,0.244444444,0.066666667,0.032258064,0.241935483,88.4,14.0,2022,501571
Juan Minaya,CHW,P,27,"6' 4""",210,R,R,2016,,0.0,0.0,0.0,0,0.0,,0.0,0.0,0.0,0.0,0.0,,,2018,573668
Juan Minaya,CHW,P,28,"6' 4""",210,R,R,2016,,0.0,0.0,0.0,0,0.0,,0.0,0.0,0.0,0.0,0.0,,,2019,573668
Juan Minaya,MIN,P,30,"6' 4""",210,R,R,2016,,0.0,0.0,0.0,0,0.0,,0.0,0.0,0.0,0.0,0.0,,,2021,573668
Juan Minaya,MIN,P,31,"6' 4""",210,R,R,2016,,0.0,,,0,,,0.0,0.0,0.0,0.0,0.0,,,2022,573668
Juan Nicasio,SEA,p,31,"6' 4""",250,R,R,2011,,0.0,0.0,0.0,0,0.0,,0.0,0.0,0.0,0.0,0.0,,,2018,504379
Juan Nicasio,PHI,p,32,"6' 4""",250,R,R,2011,,-0.0250761088314247,0.0,0.0,0,0.0,-100.0,0.0,0.0,0.0,0.0,0.5,105.5,-13.0,2019,504379
Juan Nicasio,TEX,p,33,"6' 4""",250,R,R,2011,,0.0,,,0,,,0.0,0.0,0.0,0.0,0.0,,,2020,504379
Juan Soto,WSN,rf,19,"6' 1""",224,L,L,2018,51000000.0,3.6582088627804,0.292,0.923,22,70.0,145.581137397105,0.391763205607239,0.337883959,0.224637681,0.159919028,0.200404858,90.5,6.0,2018,665742
Juan Soto,WSN,rf,20,"6' 1""",224,L,L,2018,51000000.0,5.42888406447872,0.282,0.949,34,110.0,142.56490607655,0.394007508256813,0.311518324,0.265682657,0.163884673,0.20030349,91.9,12.0,2019,665742
Juan Soto,WSN,rf,21,"6' 1""",224,L,L,2018,51000000.0,2.51110320649826,0.351,1.185,13,37.0,201.640980604284,0.477631174351858,0.362831858,0.344155844,0.209183673,0.142857142,92.1,4.0,2020,665742
Juan Soto,WSN,rf,22,"6' 1""",224,L,L,2018,51000000.0,6.78977329261264,0.313,0.999,29,95.0,163.693974049859,0.420239422098393,0.332467532,0.221115538,0.221712538,0.142201834,93.0,6.0,2021,665742
Juan Soto,- - -,rf,23,"6' 1""",224,L,L,2018,51000000.0,3.66741068403806,0.242,0.853,27,62.0,145.722581073139,0.375850190673608,0.249376558,0.209923664,0.203313253,0.144578313,91.0,9.0,2022,665742
Julian Merryweather,TOR,P,28,"6' 4""",215,R,R,2020,,0.0,,,0,,,0.0,0.0,0.0,0.0,0.0,,,2020,657240
Julian Merryweather,TOR,P,29,"6' 4""",215,R,R,2020,,0.0,,,0,,,0.0,0.0,0.0,0.0,0.0,,,2021,657240
Julian Merryweather,TOR,P,30,"6' 4""",215,R,R,2020,,0.0,,,0,,,0.0,0.0,0.0,0.0,0.0,,,2022,657240
Julio Teheran,ATL,p,27,"6' 2""",205,R,R,2011,,0.224341569813516,0.175,0.44,1,4.0,10.6757823009002,0.190417677164078,0.1875,0.075,0.018518518,0.148148148,83.7,7.0,2018,527054
Julio Teheran,ATL,p,28,"6' 2""",205,R,R,2011,,-0.255697237281477,0.109,0.234,0,4.0,-51.1210190552952,0.099369652569294,0.1875,0.018181818,0.0,0.4,84.2,11.0,2019,527054
Julio Teheran,LAA,p,29,"6' 2""",205,R,R,2011,,0.0,,,0,,,0.0,0.0,0.0,0.0,0.0,,,2020,527054
Julio Teheran,DET,p,30,"6' 2""",205,R,R,2011,,0.0,,,0,,,0.0,0.0,0.0,0.0,0.0,,,2021,527054
Julio Urías,LAD,p,21,"6' 0""",225,L,L,2016,,-0.0108618954035397,0.0,0.0,0,0.0,-100.0,0.0,0.0,0.0,0.0,1.0,,,2018,628711
Julio Urías,LAD,p,22,"6' 0""",225,L,L,2016,,0.16622577604132,0.25,0.558,0,2.0,55.0426152983973,0.253778177958268,0.375,0.0,0.055555555,0.222222222,83.5,6.0,2019,628711
Julio Urías,LAD,p,23,"6' 0""",225,L,L,2016,,0.0,,,0,,,0.0,0.0,0.0,0.0,0.0,,,2020,628711
Julio Urías,LAD,p,24,"6' 0""",225,L,L,2016,,0.334492828233713,0.203,0.454,0,9.0,23.1841113473602,0.199929645657539,0.324324324,0.033898305,0.0,0.314285714,86.8,8.0,2021,628711
Julio Urías,LAD,p,25,"6' 0""",225,L,L,2016,,0.0,,,0,,,0.0,0.0,0.0,0.0,0.0,,,2022,628711
Junichi Tazawa,- - -,p,32,"5' 11""",200,R,R,2009,,0.0,0.0,0.0,0,0.0,,0.0,0.0,0.0,0.0,0.0,,,2018,547749
Junior Guerra,MIL,P,33,"6' 0""",235,R,R,2015,,-0.0313212199909969,0.114,0.314,0,0.0,-26.643841812832,0.132038724422455,0.181818181,0.085714286,0.0,0.351351351,81.3,11.0,2018,448855
Junior Guerra,MIL,P,34,"6' 0""",235,R,R,2015,,0.0350590834838196,0.333,0.666,0,0.0,74.706466231614,0.289869089921316,1.0,0.0,0.0,0.666666666,75.0,6.0,2019,448855
Junior Guerra,ARI,P,35,"6' 0""",235,R,R,2015,,0.0,,,0,,,0.0,0.0,0.0,0.0,0.0,,,2020,448855
Junior Guerra,LAA,P,36,"6' 0""",235,R,R,2015,,-0.0217760565422421,0.0,0.0,0,0.0,-100.0,0.0,0.0,0.0,0.0,0.5,74.9,6.0,2021,448855
Jurickson Profar,TEX,If,25,"5' 11""",184,S,R,2012,14000000.0,2.2000934530609,0.254,0.793,20,77.0,106.785323769936,0.341069203303596,0.269047619,0.204198474,0.09090909,0.148148148,87.3,12.0,2018,595777
Jurickson Profar,OAK,If,26,"5' 11""",184,S,R,2012,14000000.0,1.00564589202995,0.218,0.711,20,67.0,89.5216557306328,0.30138519498729,0.217983651,0.191721133,0.092664092,0.144787644,86.7,14.0,2019,595777
Jurickson Profar,SDP,If,27,"5' 11""",184,S,R,2012,14000000.0,0.946937886272858,0.278,0.771,7,25.0,112.682679173923,0.334984260411998,0.292517006,0.15,0.074257425,0.138613861,87.2,11.0,2020,595777
Jurickson Profar,SDP,If,28,"5' 11""",184,S,R,2012,14000000.0,-0.261171800755275,0.227,0.649,4,33.0,86.5334768436624,0.293178887559616,0.265734265,0.093484419,0.118932038,0.15776699,85.3,14.0,2021,595777
Jurickson Profar,SDP,If,29,"5' 11""",184,S,R,2012,14000000.0,2.53164158151334,0.243,0.722,15,58.0,109.904328841418,0.320229091535088,0.27173913,0.147826087,0.110942249,0.156534954,87.5,13.0,2022,595777
Justin Bour,- - -,1B,30,"6' 4""",270,L,R,2014,,0.629836039628863,0.227,0.745,20,59.0,106.932727863028,0.324402273664571,0.269503546,0.177304965,0.145708582,0.24750499,88.9,10.0,2018,571506
Justin Bour,LAA,1B,31,"6' 4""",270,L,R,2014,,-0.611826060055789,0.172,0.623,8,26.0,61.8496581800418,0.266816039646373,0.195652173,0.19205298,0.1,0.305882352,89.3,10.0,2019,571506
Justin Grimm,- - -,P,29,"6' 3""",210,R,R,2012,,0.0,,,0,,,0.0,0.0,0.0,0.0,0.0,,,2018,518748
Justin Grimm,MIL,P,31,"6' 3""",210,R,R,2012,,0.0,,,0,,,0.0,0.0,0.0,0.0,0.0,,,2020,518748
Justin Grimm,OAK,P,33,"6' 3""",210,R,R,2012,,0.0,0.0,0.0,0,0.0,,0.0,0.0,0.0,0.0,0.0,,,2022,518748
Justin Miller,WSN,P,31,"6' 3""",225,R,R,2014,,-0.0116097048057041,0.0,0.0,0,0.0,-100.0,0.0,0.0,0.0,0.0,0.0,66.0,-3.0,2018,502522
Justin Miller,WSN,P,32,"6' 3""",225,R,R,2014,,0.0,0.0,0.0,0,0.0,,0.0,0.0,0.0,0.0,0.0,,,2019,502522
Justin Miller,- - -,P,34,"6' 3""",225,R,R,2014,,0.0,0.0,0.0,0,0.0,,0.0,0.0,0.0,0.0,0.0,,,2021,502522
Justin Smoak,TOR,1b,31,"6' 4""",220,S,L,2010,5000000.0,2.4037625683733,0.242,0.807,25,77.0,120.403929733806,0.348988033227018,0.296636085,0.215841584,0.139730639,0.262626262,89.5,15.0,2018,475253
Justin Smoak,TOR,1b,32,"6' 4""",220,S,L,2010,5000000.0,0.487599039130291,0.208,0.748,22,61.0,101.577798386352,0.323249996068252,0.222996515,0.198067633,0.158,0.212,90.3,17.0,2019,475253
Justin Smoak,- - -,1b,33,"6' 4""",220,S,L,2010,5000000.0,-0.546576176109994,0.176,0.611,5,15.0,62.6772686352684,0.264773012110681,0.219178082,0.184873949,0.075757575,0.318181818,89.6,15.0,2020,475253
Justin Topa,MIL,P,29,"6' 4""",200,R,R,2020,,0.0,,,0,,,0.0,0.0,0.0,0.0,0.0,,,2020,623437
Justin Topa,MIL,P,30,"6' 4""",200,R,R,2020,,-0.0112226758380258,0.0,0.0,0,0.0,-100.0,0.0,0.0,0.0,0.0,1.0,,,2021,623437
Justin Topa,MIL,P,31,"6' 4""",200,R,R,2020,,0.0,,,0,,,0.0,0.0,0.0,0.0,0.0,,,2022,623437
Justin Turner,LAD,1b,33,"5' 11""",208,R,R,2009,,4.13784374283173,0.312,0.924,14,52.0,154.293916710962,0.395898002541093,0.33444816,0.205479452,0.110328638,0.126760563,89.1,18.0,2018,457759
Justin Turner,LAD,1b,34,"5' 11""",208,R,R,2009,,3.89839941052874,0.29,0.881,27,67.0,131.088112995823,0.369847816054838,0.303523035,0.219206681,0.092896174,0.160291438,90.3,18.0,2019,457759
Justin Turner,LAD,1b,35,"5' 11""",208,R,R,2009,,1.34410397483064,0.307,0.86,4,23.0,137.721313469816,0.376043423243931,0.347107438,0.153333334,0.102857142,0.148571428,90.3,17.0,2020,457759
Justin Turner,LAD,1b,36,"5' 11""",208,R,R,2009,,4.04399129683132,0.278,0.832,27,87.0,126.214445084001,0.358458499990258,0.292270531,0.193245779,0.099673202,0.160130718,90.9,19.0,2021,457759
Justin Turner,LAD,1b,37,"5' 11""",208,R,R,2009,,2.29602757554376,0.278,0.788,13,81.0,123.326722120511,0.34276993710218,0.312834224,0.160256411,0.093984962,0.167293233,89.5,18.0,2022,457759
Justin Upton,LAA,of,30,"6' 1""",215,R,R,2007,22125000.0,2.65972533992073,0.257,0.807,30,85.0,121.078916276193,0.348030824189872,0.321321321,0.206378987,0.104404567,0.287112561,90.7,12.0,2018,457708
Justin Upton,LAA,of,31,"6' 1""",215,R,R,2007,22125000.0,-0.25378684272131,0.215,0.725,12,40.0,88.9863730838346,0.306939715286717,0.261194029,0.200913242,0.125,0.3046875,87.2,18.0,2019,457708
Justin Upton,LAA,of,32,"6' 1""",215,R,R,2007,22125000.0,-0.0226630761195234,0.204,0.711,9,22.0,91.0514397319309,0.306680794221809,0.21875,0.217687075,0.06626506,0.259036144,91.7,19.0,2020,457708
Justin Upton,LAA,of,33,"6' 1""",215,R,R,2007,22125000.0,0.246693330870745,0.211,0.705,17,41.0,90.6839284855035,0.305023697439653,0.253807106,0.198113208,0.107734806,0.29558011,90.1,16.0,2021,457708
Justin Upton,SEA,of,34,"6' 1""",215,R,R,2007,22125000.0,-0.380655108542025,0.125,0.471,1,3.0,52.0438118057954,0.230911994189547,0.208333333,0.083333333,0.105263157,0.403508771,88.5,27.0,2022,457708
Justin Verlander,HOU,p,35,"6' 5""",240,R,R,2005,13000000.0,0.0221226014748679,0.2,0.4,0,0.0,6.91883630785008,0.175906145572662,0.333333333,0.0,0.0,0.4,78.2,-7.0,2018,434378
Justin Verlander,HOU,p,36,"6' 5""",240,R,R,2005,13000000.0,-0.0226469004991063,0.0,0.0,0,0.0,-100.0,0.0,0.0,0.0,0.0,0.5,67.0,-19.0,2019,434378
Justin Verlander,HOU,p,37,"6' 5""",240,R,R,2005,13000000.0,0.0,,,0,,,0.0,0.0,0.0,0.0,0.0,,,2020,434378
Justin Verlander,HOU,p,39,"6' 5""",240,R,R,2005,13000000.0,0.0,,,0,,,0.0,0.0,0.0,0.0,0.0,,,2022,434378
Justin Wilson,CHC,p,30,"6' 2""",205,L,L,2012,,-0.0112875862621655,0.0,0.0,0,0.0,-100.0,0.0,0.0,0.0,0.0,1.0,,,2018,458677
Justin Wilson,NYM,p,31,"6' 2""",205,L,L,2012,,0.0,0.0,0.0,0,0.0,,0.0,0.0,0.0,0.0,0.0,,,2019,458677
Justin Wilson,NYM,p,32,"6' 2""",205,L,L,2012,,0.0,,,0,,,0.0,0.0,0.0,0.0,0.0,,,2020,458677
Justin Wilson,- - -,p,33,"6' 2""",205,L,L,2012,,0.0,0.0,0.0,0,0.0,,0.0,0.0,0.0,0.0,0.0,,,2021,458677
Justin Wilson,CIN,p,34,"6' 2""",205,L,L,2012,,0.0,,,0,,,0.0,0.0,0.0,0.0,0.0,,,2022,458677
Ke'Bryan Hayes,PIT,3B,23,"5' 11""",215,R,R,2020,,1.88921136688014,0.376,1.124,5,11.0,193.847440554952,0.464345539769819,0.45,0.305882353,0.094736842,0.210526315,92.8,7.0,2020,663647
Ke'Bryan Hayes,PIT,3B,24,"5' 11""",215,R,R,2020,,1.87026031822241,0.257,0.689,6,38.0,85.4132633622496,0.301292274335418,0.32103321,0.116022099,0.078282828,0.219696969,90.2,3.0,2021,663647
Ke'Bryan Hayes,PIT,3B,25,"5' 11""",215,R,R,2020,,3.11132286997345,0.244,0.659,7,41.0,85.993861530985,0.294476742297411,0.306878306,0.100990099,0.085714285,0.217857142,91.0,5.0,2022,663647
Keegan Akin,BAL,P,25,"6' 0""",235,L,L,2020,,0.0,,,0,,,0.0,0.0,0.0,0.0,0.0,,,2020,669211
Keegan Akin,BAL,P,26,"6' 0""",235,L,L,2020,,-0.0218104728780051,0.0,0.0,0,0.0,-100.0,0.0,0.0,0.0,0.0,1.0,,,2021,669211
Keegan Akin,BAL,P,27,"6' 0""",235,L,L,2020,,0.0,,,0,,,0.0,0.0,0.0,0.0,0.0,,,2022,669211
Keibert Ruiz,LAD,C,21,"5' 11""",238,S,R,2020,,0.0383068750079136,0.25,0.875,1,1.0,125.612139224302,0.357705518603325,0.25,0.375,0.0,0.375,87.5,24.0,2020,660688
Keibert Ruiz,- - -,C,22,"5' 11""",238,S,R,2020,,0.517892084715931,0.273,0.742,3,15.0,101.731716639369,0.324600577354431,0.276315789,0.136363637,0.0625,0.09375,86.0,19.0,2021,660688
Keibert Ruiz,WSN,C,23,"5' 11""",238,S,R,2020,,1.54146801672063,0.251,0.673,7,36.0,91.9628850989249,0.298864944389573,0.27138643,0.109137056,0.069284064,0.115473441,88.0,15.0,2022,660688
Kelvin Herrera,- - -,p,28,"5' 10""",220,R,R,2011,9000000.0,0.0,0.0,0.0,0,0.0,,0.0,0.0,0.0,0.0,0.0,,,2018,516969
Kelvin Herrera,CHW,p,29,"5' 10""",220,R,R,2011,9000000.0,0.0,0.0,0.0,0,0.0,,0.0,0.0,0.0,0.0,0.0,,,2019,516969
Kelvin Herrera,CHW,p,30,"5' 10""",220,R,R,2011,9000000.0,0.0,,,0,,,0.0,0.0,0.0,0.0,0.0,,,2020,516969
Ken Giles,- - -,p,27,"6' 3""",197,R,R,2014,3500000.0,0.0,0.0,0.0,0,0.0,,0.0,0.0,0.0,0.0,0.0,,,2018,571704
Ken Giles,TOR,p,28,"6' 3""",197,R,R,2014,3500000.0,0.0,0.0,0.0,0,0.0,,0.0,0.0,0.0,0.0,0.0,,,2019,571704
Ken Giles,TOR,p,29,"6' 3""",197,R,R,2014,3500000.0,0.0,,,0,,,0.0,0.0,0.0,0.0,0.0,,,2020,571704
Ken Giles,SEA,p,31,"6' 3""",197,R,R,2014,3500000.0,0.0,,,0,,,0.0,0.0,0.0,0.0,0.0,,,2022,571704
Kendall Graveman,OAK,p,27,"6' 2""",215,R,R,2014,1350000.0,0.0,,,0,,,0.0,0.0,0.0,0.0,0.0,,,2018,608665
Kendall Graveman,SEA,p,29,"6' 2""",215,R,R,2014,1350000.0,0.0,,,0,,,0.0,0.0,0.0,0.0,0.0,,,2020,608665
Kendall Graveman,- - -,p,30,"6' 2""",215,R,R,2014,1350000.0,0.0,0.0,0.0,0,0.0,,0.0,0.0,0.0,0.0,0.0,,,2021,608665
Kendall Graveman,CHW,p,31,"6' 2""",215,R,R,2014,1350000.0,0.0,0.0,0.0,0,0.0,,0.0,0.0,0.0,0.0,0.0,,,2022,608665
Kendrys Morales,TOR,dh,35,"6' 1""",242,S,R,2006,11000000.0,0.612851255310241,0.249,0.769,21,57.0,106.998947874673,0.329344284380966,0.271523178,0.188861985,0.106157112,0.201698513,92.3,10.0,2018,434778
Kendrys Morales,- - -,dh,36,"6' 1""",242,S,R,2006,11000000.0,-0.607310792429097,0.194,0.566,2,12.0,62.9066864691486,0.263755922293782,0.216783216,0.058823529,0.129353233,0.129353233,91.3,10.0,2019,434778
Kenley Jansen,LAD,p,30,"6' 5""",265,S,R,2010,11000000.0,0.0,0.0,0.0,0,0.0,,0.0,0.0,0.0,0.0,0.0,,,2018,445276
Kenley Jansen,LAD,p,31,"6' 5""",265,S,R,2010,11000000.0,-0.0120250018535924,0.0,0.0,0,0.0,-100.0,0.0,0.0,0.0,0.0,1.0,,,2019,445276
Kenley Jansen,LAD,p,32,"6' 5""",265,S,R,2010,11000000.0,0.0,,,0,,,0.0,0.0,0.0,0.0,0.0,,,2020,445276
Kenley Jansen,LAD,p,33,"6' 5""",265,S,R,2010,11000000.0,-0.0109010490316112,0.0,0.0,0,0.0,-100.0,0.0,0.0,0.0,0.0,1.0,,,2021,445276
Kenley Jansen,ATL,p,34,"6' 5""",265,S,R,2010,11000000.0,0.0,,,0,,,0.0,0.0,0.0,0.0,0.0,,,2022,445276
Kenta Maeda,LAD,p,30,"6' 1""",185,R,R,2016,12000000.0,-0.163273887272278,0.094,0.188,0,0.0,-55.138099775948,0.0824560057371855,0.130434782,0.0,0.0,0.225,79.5,8.0,2018,628317
Kenta Maeda,LAD,p,31,"6' 1""",185,R,R,2016,12000000.0,0.458768397571957,0.25,0.542,0,6.0,40.6841065468904,0.231862522661686,0.342857142,0.041666666,0.0,0.213114754,82.8,8.0,2019,628317
Kenta Maeda,MIN,p,32,"6' 1""",185,R,R,2016,12000000.0,0.0,,,0,,,0.0,0.0,0.0,0.0,0.0,,,2020,628317
Kenta Maeda,MIN,p,33,"6' 1""",185,R,R,2016,12000000.0,-0.0039278529308052,0.333,0.666,0,0.0,85.694457310338,0.293018440405528,0.5,0.0,0.0,0.25,84.7,32.0,2021,628317
Keone Kela,- - -,p,25,"6' 1""",220,R,R,2015,1.0,0.0,0.0,0.0,0,0.0,,0.0,0.0,0.0,0.0,0.0,,,2018,605309
Keone Kela,PIT,p,26,"6' 1""",220,R,R,2015,1.0,0.0,0.0,0.0,0,0.0,,0.0,0.0,0.0,0.0,0.0,,,2019,605309
Keone Kela,PIT,p,27,"6' 1""",220,R,R,2015,1.0,0.0,,,0,,,0.0,0.0,0.0,0.0,0.0,,,2020,605309
Keone Kela,SDP,p,28,"6' 1""",220,R,R,2015,1.0,0.0,0.0,0.0,0,0.0,,0.0,0.0,0.0,0.0,0.0,,,2021,605309
Keston Hiura,MIL,1B,22,"5' 10""",208,R,R,2019,,2.23434144109547,0.303,0.938,19,49.0,138.861682248502,0.387790372976309,0.402116402,0.267515924,0.07183908,0.307471264,91.4,16.0,2019,669374
Keston Hiura,MIL,1B,23,"5' 10""",208,R,R,2019,,0.474620843056994,0.212,0.707,13,32.0,87.7153949069404,0.303567307405784,0.272727272,0.198156682,0.06504065,0.345528455,87.4,14.0,2020,669374
Keston Hiura,MIL,1B,24,"5' 10""",208,R,R,2019,,-0.795058618374568,0.168,0.557,4,19.0,53.0136822247898,0.249703900019328,0.268817204,0.132947977,0.071065989,0.390862944,90.7,16.0,2021,669374
Keston Hiura,MIL,1B,25,"5' 10""",208,R,R,2019,,0.664087145468544,0.226,0.765,14,32.0,115.184032732708,0.333907948400741,0.354545454,0.222222222,0.086466165,0.417293233,91.7,16.0,2022,669374
Ketel Marte,ARI,2B,24,"6' 0""",210,S,R,2015,,2.9869645252222,0.26,0.769,14,59.0,104.907595780575,0.33008205704391,0.282051282,0.176923077,0.093103448,0.136206896,88.8,6.0,2018,606466
Ketel Marte,ARI,2B,25,"6' 0""",210,S,R,2015,,6.34226843392476,0.329,0.981,32,92.0,149.85578505795,0.40473624273611,0.342163355,0.263620387,0.084394904,0.136942675,90.0,12.0,2019,606466
Ketel Marte,ARI,2B,26,"6' 0""",210,S,R,2015,,0.607405195626505,0.287,0.732,2,17.0,94.3566112191099,0.315608416459499,0.310559006,0.121546962,0.035897435,0.107692307,89.2,10.0,2020,606466
Ketel Marte,ARI,2B,27,"6' 0""",210,S,R,2015,,2.39323803427822,0.318,0.909,14,50.0,140.776441589278,0.384739776827254,0.352059925,0.214705883,0.0828877,0.160427807,91.1,10.0,2021,606466
Ketel Marte,ARI,2B,28,"6' 0""",210,S,R,2015,,1.80500984620361,0.24,0.728,12,52.0,102.412178369797,0.31708728794579,0.276041666,0.166666667,0.098566308,0.181003584,90.1,13.0,2022,606466
Kevan Smith,CHW,C,30,"6' 4""",230,R,R,2016,,0.583742026980215,0.292,0.728,3,21.0,103.735690716629,0.321567192753369,0.311258278,0.087719299,0.053475935,0.096256684,87.9,0.0,2018,607345
Kevan Smith,LAA,C,31,"6' 4""",230,R,R,2016,,-0.439644631789536,0.251,0.711,5,20.0,88.0041162081429,0.305487374558833,0.286666666,0.141361257,0.075829383,0.17535545,89.5,6.0,2019,607345
Kevan Smith,TBR,C,32,"6' 4""",230,R,R,2016,,0.21332299214271,0.258,0.83,1,8.0,136.808053651826,0.363406142672977,0.368421052,0.193548387,0.131578947,0.289473684,85.8,2.0,2020,607345
Kevan Smith,- - -,C,33,"6' 4""",230,R,R,2016,,-0.681281051976936,0.168,0.448,0,3.0,17.4390851321424,0.196026221794241,0.25,0.031578948,0.094339622,0.29245283,87.5,6.0,2021,607345
Kevin Gausman,- - -,p,27,"6' 2""",205,L,R,2013,22000000.0,0.0145431712859553,0.048,0.248,0,0.0,-18.0083793401653,0.145505964756012,0.1,0.0,0.16,0.44,76.7,-22.0,2018,592332
Kevin Gausman,- - -,p,28,"6' 2""",205,L,R,2013,22000000.0,-0.269174360241168,0.037,0.074,0,0.0,-95.1236192897625,0.032207676657924,0.111111111,0.0,0.0,0.666666666,72.5,-22.0,2019,592332
Kevin Gausman,SFG,p,29,"6' 2""",205,L,R,2013,22000000.0,0.0,,,0,,,0.0,0.0,0.0,0.0,0.0,,,2020,592332
Kevin Gausman,SFG,p,30,"6' 2""",205,L,R,2013,22000000.0,0.224582632702453,0.185,0.396,0,4.0,10.5774363615497,0.178490987995215,0.416666666,0.0,0.032258064,0.5,83.1,-5.0,2021,592332
Kevin Gausman,TOR,p,31,"6' 2""",205,L,R,2013,22000000.0,0.0,,,0,,,0.0,0.0,0.0,0.0,0.0,,,2022,592332
Kevin Ginkel,ARI,P,25,"6' 4""",235,L,R,2019,,0.0,0.0,0.0,0,0.0,,0.0,0.0,0.0,0.0,0.0,,,2019,656464
Kevin Ginkel,ARI,P,26,"6' 4""",235,L,R,2019,,0.0,,,0,,,0.0,0.0,0.0,0.0,0.0,,,2020,656464
Kevin Ginkel,ARI,P,27,"6' 4""",235,L,R,2019,,0.0,0.0,0.0,0,0.0,,0.0,0.0,0.0,0.0,0.0,,,2021,656464
Kevin Ginkel,ARI,P,28,"6' 4""",235,L,R,2019,,0.0,0.0,0.0,0,0.0,,0.0,0.0,0.0,0.0,0.0,,,2022,656464
Kevin Jepsen,TEX,p,33,"6' 3""",235,R,R,2008,,0.0,,,0,,,0.0,0.0,0.0,0.0,0.0,,,2018,448178
Kevin Kiermaier,TBR,cf,28,"6' 1""",210,L,R,2013,,1.54407507334169,0.217,0.652,7,29.0,79.0657512670388,0.281726945366084,0.275423728,0.153614458,0.068119891,0.247956403,86.0,7.0,2018,595281
Kevin Kiermaier,TBR,cf,29,"6' 1""",210,L,R,2013,,2.50343237702887,0.228,0.676,14,55.0,79.1181730090204,0.283855531200673,0.266666666,0.170022371,0.054166666,0.216666666,89.2,7.0,2019,595281
Kevin Kiermaier,TBR,cf,30,"6' 1""",210,L,R,2013,,1.3889131449833,0.217,0.683,3,22.0,94.1464999333571,0.30111440752126,0.29032258,0.144927536,0.125786163,0.264150943,87.7,0.0,2020,595281
Kevin Kiermaier,TBR,cf,31,"6' 1""",210,L,R,2013,,2.81556676769271,0.259,0.716,4,37.0,100.553567589157,0.310281965689561,0.345381526,0.129310345,0.084615384,0.253846153,86.6,1.0,2021,595281
Kevin Kiermaier,TBR,cf,32,"6' 1""",210,L,R,2013,,0.964332481752704,0.228,0.65,7,22.0,88.7336063285952,0.286161448890807,0.289855072,0.140776699,0.063348416,0.276018099,87.9,5.0,2022,595281
Kevin Newman,PIT,ss,24,"6' 0""",195,R,R,2018,2750000.0,-0.921151184560612,0.209,0.478,0,6.0,27.4916817650273,0.210784748196602,0.275362318,0.021978022,0.041237113,0.237113402,83.5,6.0,2018,621028
Kevin Newman,PIT,ss,25,"6' 0""",195,R,R,2018,2750000.0,2.16997514783955,0.308,0.799,12,64.0,109.328646090579,0.339467185837494,0.333333333,0.137931034,0.052730696,0.116760828,85.3,8.0,2019,621028
Kevin Newman,PIT,ss,26,"6' 0""",195,R,R,2018,2750000.0,-0.452257132788561,0.224,0.557,1,10.0,52.7980552349966,0.250743016164902,0.25,0.051282051,0.069767441,0.122093023,85.5,9.0,2020,621028
Kevin Newman,PIT,ss,27,"6' 0""",195,R,R,2018,2750000.0,-0.385161498155116,0.226,0.574,5,39.0,51.6050316007929,0.249272834489105,0.236286919,0.083172147,0.048736462,0.07400722,85.3,10.0,2021,621028
Kevin Newman,PIT,ss,28,"6' 0""",195,R,R,2018,2750000.0,1.2252143962293,0.274,0.688,2,24.0,91.5369663238132,0.302583371777488,0.322175732,0.097222222,0.051779935,0.155339805,85.8,13.0,2022,621028
Kevin Pillar,TOR,cf,29,"6' 0""",210,R,R,2013,,1.49651262309699,0.252,0.708,15,59.0,88.1939253280301,0.30178728028857,0.281481481,0.173828125,0.033210332,0.180811808,87.3,17.0,2018,607680
Kevin Pillar,- - -,cf,30,"6' 0""",210,R,R,2013,,0.583439901880429,0.259,0.719,21,88.0,84.1116548323602,0.29769555547866,0.269685039,0.173486088,0.027906976,0.137984496,86.4,14.0,2019,607680
Kevin Pillar,- - -,cf,31,"6' 0""",210,R,R,2013,,0.671589473137201,0.288,0.798,6,26.0,105.090909874315,0.340844263364603,0.335403726,0.173076923,0.058295964,0.183856502,87.1,13.0,2020,607680
Kevin Pillar,NYM,cf,32,"6' 0""",210,R,R,2013,,0.600477211041778,0.231,0.692,15,47.0,88.3347004152303,0.296932722546525,0.260869565,0.184615385,0.031700288,0.233429394,85.8,20.0,2021,607680
Kevin Pillar,LAD,cf,33,"6' 0""",210,R,R,2013,,-0.0160319681276368,0.083,0.321,0,0.0,-8.47278304096177,0.150016995576712,0.125,0.083333333,0.076923076,0.307692307,88.2,11.0,2022,607680
Kevin Plawecki,NYM,c,27,"6' 2""",208,R,R,2015,,0.475308925344579,0.21,0.685,7,30.0,92.0960784531192,0.301544036308344,0.257485029,0.159663866,0.101083032,0.234657039,86.9,12.0,2018,608700
Kevin Plawecki,CLE,c,28,"6' 2""",208,R,R,2015,,0.557301908875572,0.222,0.629,3,17.0,66.5234853770111,0.273320643723696,0.256,0.120253164,0.068965517,0.178160919,85.6,15.0,2019,608700
Kevin Plawecki,BOS,c,29,"6' 2""",208,R,R,2015,,0.265064480238316,0.341,0.856,1,17.0,132.767165906471,0.373165549856893,0.402985074,0.12195122,0.056179775,0.15730337,88.9,13.0,2020,608700
Kevin Plawecki,BOS,c,30,"6' 2""",208,R,R,2015,,0.362769935589945,0.287,0.738,3,15.0,100.210937254746,0.325258219657942,0.328125,0.101910828,0.069364161,0.150289017,87.3,13.0,2021,608700
Kevin Plawecki,- - -,c,31,"6' 2""",208,R,R,2015,,-0.433641026721215,0.22,0.572,1,13.0,60.4216366363789,0.259429626851469,0.264705882,0.06547619,0.075268817,0.17204301,89.3,11.0,2022,608700
Kevin Quackenbush,CIN,P,29,"6' 4""",235,R,R,2014,,0.0,0.0,0.0,0,0.0,,0.0,0.0,0.0,0.0,0.0,,,2018,534812
Kevin Quackenbush,LAD,P,32,"6' 4""",235,R,R,2014,,0.0,0.0,0.0,0,0.0,,0.0,0.0,0.0,0.0,0.0,,,2021,534812
Keynan Middleton,LAA,p,24,"6' 3""",230,R,R,2017,,0.0,,,0,,,0.0,0.0,0.0,0.0,0.0,,,2018,641871
Keynan Middleton,LAA,p,25,"6' 3""",230,R,R,2017,,0.0,,,0,,,0.0,0.0,0.0,0.0,0.0,,,2019,641871
Keynan Middleton,LAA,p,26,"6' 3""",230,R,R,2017,,0.0,,,0,,,0.0,0.0,0.0,0.0,0.0,,,2020,641871
Keynan Middleton,SEA,p,27,"6' 3""",230,R,R,2017,,0.0,0.0,0.0,0,0.0,,0.0,0.0,0.0,0.0,0.0,,,2021,641871
Keynan Middleton,ARI,p,28,"6' 3""",230,R,R,2017,,0.0,0.0,0.0,0,0.0,,0.0,0.0,0.0,0.0,0.0,,,2022,641871
Khris Davis,OAK,dh,30,"5' 11""",205,R,R,2013,,2.92909263172865,0.247,0.875,48,123.0,136.310037790778,0.36522018863534,0.261111111,0.302083334,0.090214067,0.267584097,92.5,18.0,2018,501981
Khris Davis,OAK,dh,31,"5' 11""",205,R,R,2013,,-0.956821264663493,0.22,0.68,23,73.0,81.1005102968851,0.288933897580741,0.26433121,0.166320166,0.088180112,0.2739212,90.2,13.0,2019,501981
Khris Davis,OAK,dh,32,"5' 11""",205,R,R,2013,,-0.134104270999158,0.2,0.632,2,10.0,82.8010434096043,0.284317642751366,0.258620689,0.129411764,0.101010101,0.262626262,87.7,19.0,2020,501981
Khris Davis,- - -,dh,33,"5' 11""",205,R,R,2013,,-0.383045706243496,0.206,0.635,3,10.0,73.6933461834227,0.274224529140874,0.257142857,0.156862746,0.087719298,0.271929824,89.9,14.0,2021,501981
Kirby Yates,SDP,p,31,"5' 10""",205,L,R,2014,5000000.0,-0.0220608013749513,0.0,0.0,0,0.0,-100.0,0.0,0.0,0.0,0.0,0.0,81.1,-9.0,2018,489446
Kirby Yates,SDP,p,32,"5' 10""",205,L,R,2014,5000000.0,0.0,0.0,0.0,0,0.0,,0.0,0.0,0.0,0.0,0.0,,,2019,489446
Kirby Yates,SDP,p,33,"5' 10""",205,L,R,2014,5000000.0,0.0,,,0,,,0.0,0.0,0.0,0.0,0.0,,,2020,489446
Kirby Yates,ATL,p,35,"5' 10""",205,L,R,2014,5000000.0,0.0,,,0,,,0.0,0.0,0.0,0.0,0.0,,,2022,489446
Kolby Allard,ATL,P,20,"6' 1""",195,L,L,2018,,0.166552937087758,1.0,2.0,0,0.0,471.11930061372,0.879530727863312,1.0,0.0,0.0,0.0,82.1,14.0,2018,663465
Kolby Allard,TEX,P,21,"6' 1""",195,L,L,2018,,-0.0254401915754417,0.0,0.0,0,0.0,-100.0,0.0,0.0,0.0,0.0,0.0,77.1,54.0,2019,663465
Kolby Allard,TEX,P,22,"6' 1""",195,L,L,2018,,0.0,,,0,,,0.0,0.0,0.0,0.0,0.0,,,2020,663465
Kolby Allard,TEX,P,23,"6' 1""",195,L,L,2018,,-0.021382285128895,0.0,0.0,0,0.0,-100.0,0.0,0.0,0.0,0.0,0.5,85.9,64.0,2021,663465
Kolby Allard,TEX,P,24,"6' 1""",195,L,L,2018,,0.0,,,0,,,0.0,0.0,0.0,0.0,0.0,,,2022,663465
Kole Calhoun,LAA,rf,30,"5' 10""",205,L,L,2012,,0.258884252272061,0.208,0.652,19,57.0,76.8542292743475,0.283223676116957,0.24057971,0.16089613,0.096014492,0.240942028,90.4,12.0,2018,594777
Kole Calhoun,LAA,rf,31,"5' 10""",205,L,L,2012,,2.1215732348001,0.232,0.792,33,74.0,104.522512808593,0.329911067317694,0.264623955,0.235507247,0.110759493,0.256329113,89.5,15.0,2019,594777
Kole Calhoun,ARI,rf,32,"5' 10""",205,L,L,2012,,1.35778893820087,0.226,0.864,16,40.0,125.267655268273,0.362419517416703,0.2109375,0.3,0.122807017,0.219298245,89.4,17.0,2020,594777
Kole Calhoun,ARI,rf,33,"5' 10""",205,L,L,2012,,-0.293476231574961,0.235,0.67,5,17.0,80.6925274846236,0.292290944319505,0.280991735,0.138554216,0.082417582,0.225274725,88.5,17.0,2021,594777
Kole Calhoun,TEX,rf,34,"5' 10""",205,L,L,2012,,-1.26366754188754,0.196,0.587,12,49.0,66.4425195688355,0.260264360960924,0.263374485,0.134020619,0.063679245,0.320754716,90.8,15.0,2022,594777
Kolten Wong,STL,2b,27,"5' 7""",185,L,R,2013,,1.79965707715093,0.249,0.72,9,38.0,98.922328293436,0.314488652213734,0.275261324,0.138810199,0.076167076,0.147420147,87.6,9.0,2018,543939
Kolten Wong,STL,2b,28,"5' 7""",185,L,R,2013,,3.25827898664782,0.285,0.784,11,59.0,108.876302044987,0.334000070188125,0.32133676,0.138075314,0.0856102,0.15118397,86.1,13.0,2019,543939
Kolten Wong,STL,2b,29,"5' 7""",185,L,R,2013,,1.09814977175029,0.265,0.676,1,16.0,92.2518176596552,0.304500059383672,0.311258278,0.06077348,0.096153846,0.144230769,86.5,11.0,2020,543939
Kolten Wong,MIL,2b,30,"5' 7""",185,L,R,2013,,2.61093708843082,0.272,0.782,14,50.0,109.484770966741,0.336593815605412,0.304843304,0.175280899,0.06300813,0.168699186,88.3,13.0,2021,543939
Kolten Wong,MIL,2b,31,"5' 7""",185,L,R,2013,,2.33331740830752,0.251,0.769,15,47.0,116.546350983879,0.335900299205741,0.280120481,0.179069768,0.092555331,0.177062374,87.0,14.0,2022,543939
Kris Bryant,CHC,3b,26,"6' 5""",230,R,R,2015,26000000.0,2.80997628376525,0.272,0.834,13,52.0,126.081397496698,0.358743507951961,0.341911764,0.187660668,0.105032822,0.234135667,85.8,18.0,2018,592178
Kris Bryant,CHC,3b,27,"6' 5""",230,R,R,2015,26000000.0,4.36264210003226,0.282,0.903,31,77.0,133.547636482843,0.379468948072732,0.330623306,0.239410682,0.116719242,0.228706624,87.5,19.0,2019,592178
Kris Bryant,CHC,3b,28,"6' 5""",230,R,R,2015,26000000.0,0.131784571052156,0.206,0.644,4,11.0,76.6032510950722,0.285493538493202,0.264367816,0.145038168,0.081632653,0.272108843,86.1,21.0,2020,592178
Kris Bryant,- - -,3b,29,"6' 5""",230,R,R,2015,26000000.0,3.08218760058265,0.265,0.834,25,73.0,124.329786516628,0.35624711845339,0.312676056,0.216374269,0.105802047,0.230375426,88.2,15.0,2021,592178
Kris Bryant,COL,3b,30,"6' 5""",230,R,R,2015,26000000.0,0.629670428028624,0.306,0.851,5,14.0,126.901476982431,0.369779170547401,0.338461538,0.16875,0.093922651,0.14917127,85.0,13.0,2022,592178
Kris Bubic,KCR,P,22,"6' 3""",220,L,L,2020,,0.0,,,0,,,0.0,0.0,0.0,0.0,0.0,,,2020,663460
Kris Bubic,KCR,P,23,"6' 3""",220,L,L,2020,,-0.0557911637083018,0.0,0.0,0,0.0,-100.0,0.0,0.0,0.0,0.0,0.2,92.7,-24.0,2021,663460
Kris Bubic,KCR,P,24,"6' 3""",220,L,L,2020,,0.0,,,0,,,0.0,0.0,0.0,0.0,0.0,,,2022,663460
Kris Medlen,ARI,p,32,"5' 10""",190,S,R,2009,,-0.0115418558623735,0.0,0.0,0,0.0,-100.0,0.0,0.0,0.0,0.0,1.0,,,2018,450665
Kristopher Negrón,- - -,3B,32,"6' 0""",190,R,R,2012,,0.063244381459368,0.219,0.555,1,4.0,51.3875192230979,0.242349770936099,0.272727272,0.09375,0.03030303,0.272727272,85.5,6.0,2018,502117
Kristopher Negrón,- - -,3B,33,"6' 0""",190,R,R,2012,,0.167184087596399,0.247,0.631,2,8.0,65.7695676193035,0.268773218731821,0.346938775,0.090909091,0.060975609,0.31707317,84.9,11.0,2019,502117
Kurt Suzuki,ATL,c,34,"5' 11""",210,R,R,2007,,0.963552880125754,0.271,0.776,12,50.0,107.055942480817,0.334663004912052,0.275167785,0.172910663,0.05670103,0.110824742,87.2,18.0,2018,435559
Kurt Suzuki,WSN,c,35,"5' 11""",210,R,R,2007,,0.521063406919054,0.264,0.81,17,63.0,105.198726195991,0.336974822468572,0.247826086,0.221428571,0.064724919,0.116504854,86.0,19.0,2019,435559
Kurt Suzuki,WSN,c,36,"5' 11""",210,R,R,2007,,0.143110090351658,0.27,0.745,2,17.0,101.821983911392,0.326467172119969,0.301075268,0.126126126,0.085271317,0.147286821,83.9,18.0,2020,435559
Kurt Suzuki,LAA,c,37,"5' 11""",210,R,R,2007,,-0.435556008822608,0.224,0.636,6,16.0,74.8246531535434,0.281555411766986,0.25,0.118721461,0.048582995,0.178137651,85.2,15.0,2021,435559
Kurt Suzuki,LAA,c,38,"5' 11""",210,R,R,2007,,-0.828551303147449,0.18,0.561,4,15.0,60.236892536137,0.253993432733077,0.194444444,0.115107913,0.094339622,0.182389937,85.2,24.0,2022,435559
Kyle Barraclough,MIA,P,28,"6' 3""",229,R,R,2015,,0.0,0.0,0.0,0,0.0,,0.0,0.0,0.0,0.0,0.0,,,2018,607457
Kyle Barraclough,- - -,P,29,"6' 3""",229,R,R,2015,,0.0,0.0,0.0,0,0.0,,0.0,0.0,0.0,0.0,0.0,,,2019,607457
Kyle Barraclough,MIN,P,31,"6' 3""",229,R,R,2015,,0.0,0.0,0.0,0,0.0,,0.0,0.0,0.0,0.0,0.0,,,2021,607457
Kyle Barraclough,LAA,P,32,"6' 3""",229,R,R,2015,,0.0,,,0,,,0.0,0.0,0.0,0.0,0.0,,,2022,607457
Kyle Crick,PIT,P,25,"6' 4""",225,L,R,2017,,0.0,0.0,0.0,0,0.0,,0.0,0.0,0.0,0.0,0.0,,,2018,605195
Kyle Crick,PIT,P,26,"6' 4""",225,L,R,2017,,0.0,0.0,0.0,0,0.0,,0.0,0.0,0.0,0.0,0.0,,,2019,605195
Kyle Crick,PIT,P,27,"6' 4""",225,L,R,2017,,0.0,,,0,,,0.0,0.0,0.0,0.0,0.0,,,2020,605195
Kyle Crick,PIT,P,28,"6' 4""",225,L,R,2017,,0.0,0.0,0.0,0,0.0,,0.0,0.0,0.0,0.0,0.0,,,2021,605195
Kyle Crick,CHW,P,29,"6' 4""",225,L,R,2017,,0.0,,,0,,,0.0,0.0,0.0,0.0,0.0,,,2022,605195
Kyle Farmer,LAD,2b,27,"5' 11""",205,R,R,2017,,0.133330394269673,0.235,0.636,0,9.0,75.8067937669049,0.278431910433267,0.296296296,0.088235294,0.064935064,0.194805194,86.5,12.0,2018,571657
Kyle Farmer,CIN,2b,28,"5' 11""",205,R,R,2017,,0.0799055402575774,0.23,0.689,9,27.0,70.2703520077291,0.288803595061205,0.284482758,0.180327869,0.050761421,0.299492385,85.4,17.0,2019,571657
Kyle Farmer,CIN,2b,29,"5' 11""",205,R,R,2017,,0.22861175323529,0.266,0.642,0,4.0,72.1400206235396,0.289888099261693,0.333333333,0.046875,0.071428571,0.185714285,89.6,18.0,2020,571657
Kyle Farmer,CIN,2b,30,"5' 11""",205,R,R,2017,,2.12135201919461,0.263,0.732,16,63.0,91.4084026889348,0.316043877171837,0.296,0.15320911,0.041587901,0.183364839,87.2,16.0,2021,571657
Kyle Farmer,CIN,2b,31,"5' 11""",205,R,R,2017,,1.53734433747396,0.255,0.701,14,78.0,91.9556849610865,0.308916035699762,0.286396181,0.131178707,0.056603773,0.16981132,85.5,13.0,2022,571657
Kyle Finnegan,WSN,p,28,"6' 2""",198,R,R,2020,9500000.0,0.0,,,0,,,0.0,0.0,0.0,0.0,0.0,,,2020,640448
Kyle Finnegan,WSN,p,29,"6' 2""",198,R,R,2020,9500000.0,0.0,0.0,0.0,0,0.0,,0.0,0.0,0.0,0.0,0.0,,,2021,640448
Kyle Finnegan,WSN,p,30,"6' 2""",198,R,R,2020,9500000.0,0.0,,,0,,,0.0,0.0,0.0,0.0,0.0,,,2022,640448
Kyle Freeland,COL,P,25,"6' 4""",204,L,L,2017,,-0.265170956393693,0.092,0.242,0,2.0,-54.5302427449356,0.110324356093336,0.24,0.030769231,0.028169014,0.563380281,81.8,4.0,2018,607536
Kyle Freeland,COL,P,26,"6' 4""",204,L,L,2017,,-0.0602803964914583,0.087,0.279,0,0.0,-30.9943954095555,0.146542232770186,0.25,0.0,0.096774193,0.483870967,87.9,-12.0,2019,607536
Kyle Freeland,COL,P,27,"6' 4""",204,L,L,2017,,0.0,,,0,,,0.0,0.0,0.0,0.0,0.0,,,2020,607536
Kyle Freeland,COL,P,28,"6' 4""",204,L,L,2017,,-0.365688772152959,0.182,0.434,0,4.0,3.23305710899193,0.195009895496898,0.352941176,0.030303031,0.05,0.425,86.9,16.0,2021,607536
Kyle Freeland,COL,P,29,"6' 4""",204,L,L,2017,,0.0,,,0,,,0.0,0.0,0.0,0.0,0.0,,,2022,607536
Kyle Gibson,MIN,p,30,"6' 6""",200,R,R,2013,5250000.0,0.110014807225934,1.0,2.0,0,0.0,482.291587303323,0.879530727863312,1.0,0.0,0.0,0.0,92.2,5.0,2018,502043
Kyle Gibson,MIN,p,31,"6' 6""",200,R,R,2013,5250000.0,0.0691502596824472,0.0,0.5,0,0.0,115.201319876227,0.345147252082825,0.0,0.0,0.25,0.25,,,2019,502043
Kyle Gibson,TEX,p,32,"6' 6""",200,R,R,2013,5250000.0,0.0,,,0,,,0.0,0.0,0.0,0.0,0.0,,,2020,502043
Kyle Gibson,- - -,p,33,"6' 6""",200,R,R,2013,5250000.0,0.0701418742122147,0.138,0.379,1,2.0,-4.59951878584478,0.160127054000723,0.166666666,0.103448276,0.0,0.333333333,84.3,-11.0,2021,502043
Kyle Gibson,PHI,p,34,"6' 6""",200,R,R,2013,5250000.0,0.0,,,0,,,0.0,0.0,0.0,0.0,0.0,,,2022,502043
Kyle Hendricks,CHC,p,28,"6' 3""",190,R,R,2014,,-0.295327993712942,0.067,0.18,0,1.0,-56.8800251614302,0.0849181653991822,0.137931034,0.016666667,0.03030303,0.469696969,83.0,5.0,2018,543294
Kyle Hendricks,CHC,p,29,"6' 3""",190,R,R,2014,,0.0641964796205984,0.148,0.36,0,5.0,-6.98097913397647,0.164977544232419,0.32,0.018518518,0.03125,0.453125,85.2,5.0,2019,543294
Kyle Hendricks,CHC,p,30,"6' 3""",190,R,R,2014,,0.0,0.0,0.0,0,0.0,,0.0,0.0,0.0,0.0,0.0,,,2020,543294
Kyle Hendricks,CHC,p,31,"6' 3""",190,R,R,2014,,-0.070457338921345,0.115,0.283,0,1.0,-23.6274325243614,0.130006596997932,0.23076923,0.019230769,0.032786885,0.426229508,83.6,-2.0,2021,543294
Kyle Hendricks,CHC,p,32,"6' 3""",190,R,R,2014,,0.0,,,0,,,0.0,0.0,0.0,0.0,0.0,,,2022,543294
Kyle Higashioka,NYY,c,28,"6' 1""",202,R,R,2017,6750000.0,0.194776538437913,0.167,0.56,3,6.0,52.286709719649,0.248115224928796,0.16981132,0.152777778,0.075949367,0.202531645,88.4,28.0,2018,543309
Kyle Higashioka,NYY,c,29,"6' 1""",202,R,R,2017,6750000.0,0.314842601598017,0.214,0.675,3,11.0,65.0576411080686,0.269830848041334,0.321428571,0.25,0.0,0.45614035,89.8,18.0,2019,543309
Kyle Higashioka,NYY,c,30,"6' 1""",202,R,R,2017,6750000.0,0.395820641478324,0.25,0.771,4,10.0,102.401781325612,0.319422004123529,0.242424242,0.270833333,0.0,0.229166666,89.7,18.0,2020,543309
Kyle Higashioka,NYY,c,31,"6' 1""",202,R,R,2017,6750000.0,0.668543834115332,0.181,0.635,10,29.0,72.3494208639472,0.272164277273332,0.2,0.207253886,0.08056872,0.279620853,90.5,22.0,2021,543309
Kyle Higashioka,NYY,c,32,"6' 1""",202,R,R,2017,6750000.0,1.60013261376073,0.227,0.653,10,31.0,82.0458916143255,0.282399480178104,0.245614035,0.161572053,0.048387096,0.209677419,90.9,17.0,2022,543309
Kyle Nelson,CLE,P,23,"6' 1""",175,L,L,2020,,0.0,,,0,,,0.0,0.0,0.0,0.0,0.0,,,2020,669459
Kyle Nelson,CLE,P,24,"6' 1""",175,L,L,2020,,0.0,0.0,0.0,0,0.0,,0.0,0.0,0.0,0.0,0.0,,,2021,669459
Kyle Nelson,ARI,P,25,"6' 1""",175,L,L,2020,,-0.0113421992254964,0.0,0.0,0,0.0,,0.0,0.0,0.0,0.0,0.0,,,2022,669459
Kyle Ryan,CHC,P,27,"6' 5""",215,L,L,2014,,0.0201915747766378,0.0,0.333,0,0.0,35.6841857634219,0.230098168055216,0.0,0.0,0.333333333,0.333333333,,,2019,594986
Kyle Ryan,CHC,P,28,"6' 5""",215,L,L,2014,,0.0,,,0,,,0.0,0.0,0.0,0.0,0.0,,,2020,594986
Kyle Ryan,CHC,P,29,"6' 5""",215,L,L,2014,,-0.022151232685954,0.0,0.0,0,0.0,-100.0,0.0,0.0,0.0,0.0,0.0,75.6,30.0,2021,594986
Kyle Schwarber,CHC,If,25,"5' 11""",229,L,R,2015,30000000.0,2.24631730480797,0.238,0.823,26,61.0,115.393097371326,0.342747089687301,0.287878787,0.228971962,0.152941176,0.274509803,90.9,12.0,2018,656941
Kyle Schwarber,CHC,If,26,"5' 11""",229,L,R,2015,30000000.0,2.12525334079521,0.25,0.87,38,92.0,118.792570979264,0.356948020931118,0.275659824,0.281663516,0.114754098,0.255737704,93.5,15.0,2019,656941
Kyle Schwarber,CHC,If,27,"5' 11""",229,L,R,2015,30000000.0,0.530833956596573,0.188,0.701,11,24.0,90.676698923495,0.306806101927308,0.219298245,0.204188482,0.133928571,0.294642857,92.8,9.0,2020,656941
Kyle Schwarber,- - -,If,28,"5' 11""",229,L,R,2015,30000000.0,2.67445758885158,0.266,0.928,32,71.0,145.254394336836,0.391612041630644,0.305785123,0.288220551,0.135881104,0.269639065,92.3,15.0,2021,656941
Kyle Schwarber,PHI,If,29,"5' 11""",229,L,R,2015,30000000.0,2.22943923480022,0.218,0.827,46,94.0,129.099343980047,0.354578603853335,0.24024024,0.285961872,0.128550074,0.298953662,93.3,19.0,2022,656941
Kyle Seager,SEA,3b,30,"6' 0""",216,L,R,2011,,0.641787167659478,0.221,0.673,22,78.0,82.9954546121476,0.287814877154915,0.25058548,0.17838765,0.06031746,0.219047619,89.7,18.0,2018,572122
Kyle Seager,SEA,3b,31,"6' 0""",216,L,R,2011,,2.44846144961157,0.239,0.789,23,63.0,110.626483352321,0.331500582312892,0.248251748,0.229007634,0.099322799,0.194130925,89.5,18.0,2019,572122
Kyle Seager,SEA,3b,32,"6' 0""",216,L,R,2011,,1.76274370481218,0.241,0.788,9,40.0,118.966510115638,0.337733224946625,0.239520958,0.192118226,0.129032258,0.133064516,89.1,18.0,2020,572122
Kyle Seager,SEA,3b,33,"6' 0""",216,L,R,2011,,2.25267363718112,0.212,0.723,35,101.0,98.4777045640395,0.307634636938215,0.226277372,0.225538972,0.088059701,0.240298507,89.0,19.0,2021,572122
Kyle Tucker,HOU,rf,21,"6' 3""",212,L,R,2018,60000000.0,-0.446449728527091,0.141,0.439,0,4.0,28.3602082504182,0.207326473461257,0.176470588,0.0625,0.083333333,0.180555555,90.7,16.0,2018,663656
Kyle Tucker,HOU,rf,22,"6' 3""",212,L,R,2018,60000000.0,0.596268992497719,0.269,0.856,4,11.0,120.585519989023,0.34936742463582,0.325581395,0.268656716,0.055555555,0.277777777,92.0,16.0,2019,663656
Kyle Tucker,HOU,rf,23,"6' 3""",212,L,R,2018,60000000.0,1.81953213626451,0.268,0.837,9,42.0,122.207418968498,0.348638257621664,0.303225806,0.244019139,0.078947368,0.201754385,91.1,15.0,2020,663656
Kyle Tucker,HOU,rf,24,"6' 3""",212,L,R,2018,60000000.0,4.92862056765244,0.294,0.916,30,92.0,145.748566737438,0.382518057950905,0.304347826,0.262845849,0.093474426,0.158730158,91.4,18.0,2021,663656
Kyle Tucker,HOU,rf,25,"6' 3""",212,L,R,2018,60000000.0,4.86588111206998,0.257,0.808,30,107.0,129.642292717812,0.3476341959844,0.26128266,0.220588235,0.096880131,0.155993431,90.0,19.0,2022,663656
Kyle Wright,ATL,P,22,"6' 4""",215,R,R,2018,,0.0,0.0,0.0,0,0.0,,0.0,0.0,0.0,0.0,0.0,,,2018,657140
Kyle Wright,ATL,P,23,"6' 4""",215,R,R,2018,,-0.0759941159021435,0.0,0.0,0,0.0,-100.0,0.0,0.0,0.0,0.0,0.666666666,84.1,-38.0,2019,657140
Kyle Wright,ATL,P,24,"6' 4""",215,R,R,2018,,0.0,,,0,,,0.0,0.0,0.0,0.0,0.0,,,2020,657140
Kyle Wright,ATL,P,25,"6' 4""",215,R,R,2018,,0.0732488443740041,0.333,1.0,0,0.0,158.570335415634,0.41388217608134,0.5,0.333333333,0.0,0.333333333,102.5,0.0,2021,657140
Kyle Wright,ATL,P,26,"6' 4""",215,R,R,2018,,0.0,,,0,,,0.0,0.0,0.0,0.0,0.0,,,2022,657140
LaMonte Wade Jr.,MIN,CF,25,"5' 11""",215,L,L,2019,,-0.0504041441716153,0.196,0.723,2,5.0,98.2987445080656,0.320155522097712,0.2,0.178571429,0.159420289,0.130434782,88.7,12.0,2019,664774
LaMonte Wade Jr.,MIN,CF,26,"5' 11""",215,L,L,2019,,0.0134221719462886,0.231,0.626,0,1.0,79.3403927968807,0.284844300963662,0.3,0.076923077,0.09090909,0.204545454,85.0,15.0,2020,664774
LaMonte Wade Jr.,SFG,CF,27,"5' 11""",215,L,L,2019,,1.89643193009475,0.253,0.808,18,56.0,117.531448509466,0.34305705700783,0.288793103,0.229166667,0.086614173,0.2335958,90.1,20.0,2021,664774
LaMonte Wade Jr.,SFG,CF,28,"5' 11""",215,L,L,2019,,0.102562066290379,0.207,0.664,8,26.0,92.8355324559897,0.297782214051748,0.232704402,0.152073733,0.103585657,0.20318725,87.7,21.0,2022,664774
Lance Lynn,- - -,p,31,"6' 5""",280,S,R,2011,,-0.0433272856351253,0.0,0.0,0,0.0,-100.0,0.0,0.0,0.0,0.0,0.5,92.8,21.0,2018,458681
Lance Lynn,TEX,p,32,"6' 5""",280,S,R,2011,,-0.0254401915754417,0.0,0.0,0,0.0,-100.0,0.0,0.0,0.0,0.0,1.0,,,2019,458681
Lance Lynn,TEX,p,33,"6' 5""",280,S,R,2011,,0.0,,,0,,,0.0,0.0,0.0,0.0,0.0,,,2020,458681
Lance Lynn,CHW,p,34,"6' 5""",280,S,R,2011,,0.0186962920435659,0.2,0.4,0,2.0,4.25846742013725,0.175811064243317,0.5,0.0,0.0,0.6,83.6,6.0,2021,458681
Lance Lynn,CHW,p,35,"6' 5""",280,S,R,2011,,0.0,,,0,,,0.0,0.0,0.0,0.0,0.0,,,2022,458681
Lance McCullers Jr.,HOU,P,24,"6' 1""",200,L,R,2015,,-0.0205940431299023,0.0,0.0,0,0.0,-100.0,0.0,0.0,0.0,0.0,0.5,95.4,-5.0,2018,621121
Lance McCullers Jr.,HOU,P,26,"6' 1""",200,L,R,2015,,0.0,,,0,,,0.0,0.0,0.0,0.0,0.0,,,2020,621121
Lance McCullers Jr.,HOU,P,27,"6' 1""",200,L,R,2015,,-0.0427206961256589,0.0,0.0,0,0.0,-100.0,0.0,0.0,0.0,0.0,0.75,88.4,-19.0,2021,621121
Lance McCullers Jr.,HOU,P,28,"6' 1""",200,L,R,2015,,0.0,,,0,,,0.0,0.0,0.0,0.0,0.0,,,2022,621121
Lane Thomas,STL,rf,23,"5' 11""",195,R,R,2019,5250000.0,0.701362787638437,0.316,1.093,4,12.0,181.511236955143,0.444864103739912,0.307692307,0.368421053,0.09090909,0.181818181,91.7,6.0,2019,657041
Lane Thomas,STL,rf,24,"5' 11""",195,R,R,2019,5250000.0,-0.231014498283712,0.111,0.45,1,2.0,25.4438547439114,0.203327342867851,0.136363636,0.138888889,0.1,0.325,91.0,15.0,2020,657041
Lane Thomas,- - -,rf,25,"5' 11""",195,R,R,2019,5250000.0,0.910762659368576,0.235,0.753,7,28.0,103.835503855141,0.32775925978055,0.29299363,0.17699115,0.140151515,0.238636363,91.0,12.0,2021,657041
Lane Thomas,WSN,rf,26,"5' 11""",195,R,R,2019,5250000.0,1.36888716877109,0.241,0.705,17,52.0,98.021128136637,0.307724948564585,0.290960451,0.162650602,0.074817518,0.240875912,86.4,13.0,2022,657041
Leody Taveras,TEX,OF,21,"6' 2""",210,S,R,2020,,0.394110285117351,0.227,0.703,4,6.0,92.7397133797599,0.30681938694832,0.319444444,0.168067227,0.104477611,0.320895522,88.9,14.0,2020,665750
Leody Taveras,TEX,OF,22,"6' 2""",210,S,R,2020,,-0.235392371243885,0.161,0.477,3,9.0,27.5467474362504,0.209221271069154,0.225225225,0.109195402,0.048648648,0.324324324,87.2,7.0,2021,665750
Leody Taveras,TEX,OF,23,"6' 2""",210,S,R,2020,,1.21352962317725,0.261,0.675,5,34.0,92.5065000368069,0.297183278027703,0.34375,0.105095542,0.061583577,0.258064516,89.3,12.0,2022,665750
Leonys Martin,- - -,CF,30,"6' 2""",200,L,R,2011,,1.48512339666914,0.255,0.748,11,33.0,101.488864284456,0.322941622104157,0.301724137,0.16981132,0.084985835,0.218130311,89.0,18.0,2018,547982
Leonys Martin,CLE,CF,31,"6' 2""",200,L,R,2011,,-0.406169088009474,0.199,0.619,9,19.0,63.845801227335,0.269361486151757,0.255033557,0.144067796,0.079545454,0.295454545,87.3,17.0,2019,547982
Leury García,CHW,cf,27,"5' 8""",190,S,R,2013,5500000.0,0.980138990827038,0.271,0.679,4,32.0,85.5121883535638,0.294862352174147,0.354838709,0.104651163,0.032727272,0.25090909,88.0,7.0,2018,544725
Leury García,CHW,cf,28,"5' 8""",190,S,R,2013,5500000.0,1.30327614145517,0.279,0.688,8,40.0,81.7844940887632,0.294442244868302,0.353348729,0.098786829,0.033980582,0.224919093,88.1,6.0,2019,544725
Leury García,CHW,cf,29,"5' 8""",190,S,R,2013,5500000.0,0.444752751302633,0.271,0.758,3,8.0,105.802406075144,0.32636527031187,0.276595744,0.169491526,0.063492063,0.142857142,87.3,8.0,2020,544725
Leury García,CHW,cf,30,"5' 8""",190,S,R,2013,5500000.0,1.50435403172969,0.267,0.711,5,54.0,96.4561194617373,0.312243580305448,0.333333333,0.108433735,0.08649789,0.20464135,86.1,4.0,2021,544725
Leury García,CHW,cf,31,"5' 8""",190,S,R,2013,5500000.0,-1.10098693133256,0.21,0.5,3,20.0,38.370758836813,0.221245714079458,0.255319148,0.056666666,0.022222222,0.206349206,87.0,6.0,2022,544725
Lewis Brinson,MIA,CF,24,"6' 5""",212,R,R,2017,,-1.24914115439095,0.199,0.578,11,42.0,56.3258092724638,0.247898920150312,0.256916996,0.138743456,0.041871921,0.295566502,89.5,7.0,2018,621446
Lewis Brinson,MIA,CF,25,"6' 5""",212,R,R,2017,,-1.59314368059392,0.173,0.457,0,15.0,24.6825776340915,0.205291565826961,0.25490196,0.048672567,0.052419354,0.298387096,87.0,10.0,2019,621446
Lewis Brinson,MIA,CF,26,"6' 5""",212,R,R,2017,,-0.2136165739301,0.226,0.636,3,12.0,71.6191780916581,0.274970741144248,0.287671232,0.141509434,0.053571428,0.267857142,88.1,8.0,2020,621446
Lewis Brinson,MIA,CF,27,"6' 5""",212,R,R,2017,,-0.298172581051499,0.226,0.639,9,33.0,69.1580118839983,0.274875861550697,0.273195876,0.149635036,0.044827586,0.248275862,88.5,14.0,2021,621446
Lewis Brinson,SFG,CF,28,"6' 5""",212,R,R,2017,,-0.0022937719289573,0.167,0.683,3,4.0,87.1597188750255,0.289481501830252,0.157894736,0.305555556,0.051282051,0.358974358,87.8,12.0,2022,621446
Liam Hendriks,OAK,p,29,"6' 0""",235,R,R,2011,5000000.0,0.0,0.0,0.0,0,0.0,,0.0,0.0,0.0,0.0,0.0,,,2018,521230
Liam Hendriks,OAK,p,30,"6' 0""",235,R,R,2011,5000000.0,0.0,0.0,0.0,0,0.0,,0.0,0.0,0.0,0.0,0.0,,,2019,521230
Liam Hendriks,OAK,p,31,"6' 0""",235,R,R,2011,5000000.0,0.0,,,0,,,0.0,0.0,0.0,0.0,0.0,,,2020,521230
Liam Hendriks,CHW,p,32,"6' 0""",235,R,R,2011,5000000.0,0.0,0.0,0.0,0,0.0,,0.0,0.0,0.0,0.0,0.0,,,2021,521230
Liam Hendriks,CHW,p,33,"6' 0""",235,R,R,2011,5000000.0,0.0,0.0,0.0,0,0.0,,0.0,0.0,0.0,0.0,0.0,,,2022,521230
Logan Forsythe,- - -,2b,31,"6' 1""",205,R,R,2011,,-0.0861881156873759,0.232,0.604,2,27.0,70.8962067210661,0.273657477332885,0.292682926,0.059299192,0.098557692,0.19951923,87.3,10.0,2018,523253
Logan Forsythe,TEX,2b,32,"6' 1""",205,R,R,2011,,-0.60210449400966,0.227,0.678,7,39.0,74.8213451583995,0.298336631287643,0.306603773,0.126182965,0.119891008,0.272479564,89.2,12.0,2019,523253
Logan Forsythe,MIA,2b,33,"6' 1""",205,R,R,2011,,-0.269955734253408,0.118,0.446,1,2.0,25.1980806183817,0.204671508387515,0.142857142,0.117647059,0.105263157,0.315789473,89.6,14.0,2020,523253
Logan Morrison,MIN,1b,30,"6' 3""",245,L,L,2010,,-0.663178415475691,0.186,0.644,15,39.0,75.4264175638546,0.283307824128185,0.196428571,0.182389937,0.09470752,0.222841225,88.7,20.0,2018,489149
Logan Morrison,PHI,1b,31,"6' 3""",245,L,L,2010,,-0.143752084256993,0.2,0.663,2,3.0,68.3058314667189,0.280132867788014,0.217391304,0.2,0.078947368,0.263157894,87.7,22.0,2019,489149
Logan Morrison,MIL,1b,32,"6' 3""",245,L,L,2010,,-0.194766271816911,0.12,0.494,1,2.0,33.3861666734543,0.221292150872094,0.125,0.16,0.107142857,0.285714285,87.1,13.0,2020,489149
Logan Webb,SFG,P,22,"6' 2""",221,R,R,2019,,0.0119344371249909,0.111,0.311,0,0.0,-8.62143774485156,0.15599017739296,0.142857142,0.0,0.09090909,0.181818181,86.7,-5.0,2019,657277
Logan Webb,SFG,P,23,"6' 2""",221,R,R,2019,,0.0,,,0,,,0.0,0.0,0.0,0.0,0.0,,,2020,657277
Logan Webb,SFG,P,24,"6' 2""",221,R,R,2019,,0.250588864608961,0.13,0.45,1,7.0,19.1314931555569,0.191652789711952,0.208333333,0.152173913,0.037735849,0.396226415,88.3,14.0,2021,657277
Logan Webb,SFG,P,25,"6' 2""",221,R,R,2019,,0.0,,,0,,,0.0,0.0,0.0,0.0,0.0,,,2022,657277
Lonnie Chisenhall,CLE,rf,29,"6' 2""",190,L,R,2011,,0.421763382662523,0.321,0.846,1,9.0,130.151486866706,0.366353366964607,0.366197183,0.130952381,0.084210526,0.126315789,84.9,21.0,2018,502082
Lorenzo Cain,MIL,cf,32,"6' 2""",214,R,R,2010,16000000.0,5.95423349117963,0.308,0.812,10,38.0,124.911211689174,0.358860388999994,0.356979405,0.109461967,0.114516129,0.151612903,89.1,5.0,2018,456715
Lorenzo Cain,MIL,cf,33,"6' 2""",214,R,R,2010,16000000.0,1.43677206625157,0.26,0.697,11,48.0,82.7908095258101,0.302208371388567,0.300668151,0.112099644,0.080256821,0.170144462,89.4,7.0,2019,456715
Lorenzo Cain,MIL,cf,34,"6' 2""",214,R,R,2010,16000000.0,0.193111106463635,0.333,0.818,0,2.0,119.973049261725,0.352417689561844,0.375,0.055555555,0.142857142,0.095238095,89.0,-4.0,2020,456715
Lorenzo Cain,MIL,cf,35,"6' 2""",214,R,R,2010,16000000.0,1.50625087318159,0.257,0.73,8,36.0,97.9265201979198,0.318809574925816,0.287128712,0.143968872,0.09090909,0.167832167,88.4,7.0,2021,456715
Lorenzo Cain,MIL,cf,36,"6' 2""",214,R,R,2010,16000000.0,-0.672974531247245,0.179,0.465,1,9.0,31.5406410628333,0.211581921730286,0.229357798,0.055172414,0.051282051,0.23076923,87.9,4.0,2022,456715
Lou Trivino,OAK,p,26,"6' 5""",232,R,R,2018,,0.0,0.0,0.0,0,0.0,,0.0,0.0,0.0,0.0,0.0,,,2018,642152
Lou Trivino,OAK,p,27,"6' 5""",232,R,R,2018,,0.0,0.0,0.0,0,0.0,,0.0,0.0,0.0,0.0,0.0,,,2019,642152
Lou Trivino,OAK,p,28,"6' 5""",232,R,R,2018,,0.0,,,0,,,0.0,0.0,0.0,0.0,0.0,,,2020,642152
Lou Trivino,OAK,p,29,"6' 5""",232,R,R,2018,,0.0,0.0,0.0,0,0.0,,0.0,0.0,0.0,0.0,0.0,,,2021,642152
Lou Trivino,- - -,p,30,"6' 5""",232,R,R,2018,,0.0,,,0,,,0.0,0.0,0.0,0.0,0.0,,,2022,642152
Louis Coleman,DET,P,32,"6' 4""",205,R,R,2011,,0.0,0.0,0.0,0,0.0,,0.0,0.0,0.0,0.0,0.0,,,2018,488786
Lourdes Gurriel Jr.,TOR,If,24,"6' 3""",215,R,R,2018,14000000.0,0.647392314394795,0.281,0.755,11,35.0,102.217169177128,0.322337034333255,0.32596685,0.164658635,0.034220532,0.2243346,91.1,11.0,2018,666971
Lourdes Gurriel Jr.,TOR,If,25,"6' 3""",215,R,R,2018,14000000.0,1.7970906634752,0.277,0.868,20,50.0,124.948205601119,0.357804902290043,0.317535545,0.26433121,0.058309037,0.250728862,90.4,14.0,2019,666971
Lourdes Gurriel Jr.,TOR,If,26,"6' 3""",215,R,R,2018,14000000.0,1.26274972232945,0.308,0.882,11,33.0,133.561480033324,0.371899986373527,0.350993377,0.225961539,0.0625,0.214285714,90.8,10.0,2020,666971
Lourdes Gurriel Jr.,TOR,If,27,"6' 3""",215,R,R,2018,14000000.0,1.72108058715374,0.276,0.785,21,84.0,107.448544591594,0.332845716949739,0.305483028,0.19,0.059149722,0.188539741,89.7,10.0,2021,666971
Lourdes Gurriel Jr.,TOR,If,28,"6' 3""",215,R,R,2018,14000000.0,1.5292651982991,0.291,0.743,5,52.0,114.644917700787,0.32666839747225,0.346049046,0.10816777,0.062880324,0.168356997,90.6,11.0,2022,666971
Lucas Duda,- - -,1b,32,"6' 4""",255,L,R,2010,,-0.170357621895063,0.241,0.731,14,50.0,95.9428552210435,0.315444922447205,0.302325581,0.176829268,0.076294277,0.277929155,89.5,20.0,2018,446263
Lucas Duda,KCR,1b,33,"6' 4""",255,L,R,2010,,-1.12300142540752,0.171,0.576,4,15.0,45.7952641320669,0.245279956167027,0.197183098,0.152380952,0.092436974,0.268907563,91.5,22.0,2019,446263
Lucas Giolito,CHW,p,23,"6' 6""",245,R,R,2016,,-0.0636892257861969,0.0,0.0,0,0.0,-100.0,0.0,0.0,0.0,0.0,0.666666666,68.4,30.0,2018,608337
Lucas Giolito,CHW,p,24,"6' 6""",245,R,R,2016,,0.0266842284403614,0.25,0.5,0,2.0,29.6799926492364,0.217401817440987,1.0,0.0,0.0,0.75,89.2,16.0,2019,608337
Lucas Giolito,CHW,p,25,"6' 6""",245,R,R,2016,,0.0,,,0,,,0.0,0.0,0.0,0.0,0.0,,,2020,608337
Lucas Giolito,CHW,p,26,"6' 6""",245,R,R,2016,,0.0368703010315217,0.25,0.5,0,0.0,33.9606377568386,0.219763830304146,1.0,0.0,0.0,0.75,105.6,0.0,2021,608337
Lucas Giolito,CHW,p,27,"6' 6""",245,R,R,2016,,0.0,,,0,,,0.0,0.0,0.0,0.0,0.0,,,2022,608337
Lucas Luetge,NYY,P,34,"6' 4""",205,L,L,2012,,0.0,0.0,0.0,0,0.0,,0.0,0.0,0.0,0.0,0.0,,,2021,476595
Lucas Luetge,NYY,P,35,"6' 4""",205,L,L,2012,,0.0,,,0,,,0.0,0.0,0.0,0.0,0.0,,,2022,476595
Lucas Sims,- - -,p,24,"6' 2""",213,R,R,2017,3000000.0,-0.023350952886347,0.0,0.0,0,0.0,-100.0,0.0,0.0,0.0,0.0,0.5,,,2018,608371
Lucas Sims,CIN,p,25,"6' 2""",213,R,R,2017,3000000.0,-0.0313151309475532,0.125,0.25,0,0.0,-47.7277622624965,0.108700908720493,0.333333333,0.0,0.0,0.625,92.3,5.0,2019,608371
Lucas Sims,CIN,p,26,"6' 2""",213,R,R,2017,3000000.0,0.0,,,0,,,0.0,0.0,0.0,0.0,0.0,,,2020,608371
Lucas Sims,CIN,p,27,"6' 2""",213,R,R,2017,3000000.0,-0.0236505898492282,0.0,0.0,0,0.0,-100.0,0.0,0.0,0.0,0.0,0.5,54.6,-49.0,2021,608371
Lucas Sims,CIN,p,28,"6' 2""",213,R,R,2017,3000000.0,0.0,,,0,,,0.0,0.0,0.0,0.0,0.0,,,2022,608371
Luis Arraez,MIN,2b,22,"5' 10""",186,L,R,2019,12000000.0,1.7826890485988,0.334,0.838,4,28.0,125.518973281108,0.360402679280059,0.354729729,0.104294478,0.098360655,0.079234972,87.1,11.0,2019,650333
Luis Arraez,MIN,2b,23,"5' 10""",186,L,R,2019,12000000.0,0.501388004358357,0.321,0.766,0,13.0,113.840971708501,0.335219890618127,0.352941176,0.080357143,0.066115702,0.09090909,87.5,12.0,2020,650333
Luis Arraez,MIN,2b,24,"5' 10""",186,L,R,2019,12000000.0,1.59077591200433,0.294,0.733,2,42.0,104.604723773086,0.321001530818219,0.322916666,0.081775701,0.089770354,0.100208768,88.4,10.0,2021,650333
Luis Arraez,MIN,2b,25,"5' 10""",186,L,R,2019,12000000.0,2.72831055784436,0.316,0.795,8,49.0,130.10277018638,0.34951022470652,0.330661322,0.104204753,0.082918739,0.071310116,88.9,13.0,2022,650333
Luis Avilán,- - -,p,28,"6' 2""",235,L,L,2012,1.0,-0.0106148712200188,0.0,0.0,0,0.0,-100.0,0.0,0.0,0.0,0.0,1.0,,,2018,501593
Luis Avilán,NYM,p,29,"6' 2""",235,L,L,2012,1.0,0.0,0.0,0.0,0,0.0,,0.0,0.0,0.0,0.0,0.0,,,2019,501593
Luis Avilán,NYY,p,30,"6' 2""",235,L,L,2012,1.0,0.0,,,0,,,0.0,0.0,0.0,0.0,0.0,,,2020,501593
Luis Avilán,WSN,p,31,"6' 2""",235,L,L,2012,1.0,0.0,0.0,0.0,0,0.0,,0.0,0.0,0.0,0.0,0.0,,,2021,501593
Luis Campusano,SDP,C,21,"5' 10""",232,R,R,2020,,0.12073416077218,0.333,1.833,1,1.0,338.455434204261,0.676890254020691,0.0,1.0,0.0,0.5,101.1,22.0,2020,669134
Luis Campusano,SDP,C,22,"5' 10""",232,R,R,2020,,-0.362545696670954,0.088,0.272,0,1.0,-11.5826262638137,0.142211372915067,0.130434782,0.0,0.105263157,0.289473684,94.6,15.0,2021,669134
Luis Campusano,SDP,C,23,"5' 10""",232,R,R,2020,,-0.055999832055561,0.25,0.593,1,5.0,66.8166470524767,0.25721461057663,0.297297297,0.083333333,0.02,0.22,87.7,16.0,2022,669134
Luis Castillo,CIN,2b,25,"6' 2""",200,R,R,2017,6250000.0,-0.162074093146564,0.102,0.25,0,2.0,-39.9188162182581,0.115147339515999,0.166666666,0.016949152,0.03076923,0.353846153,79.8,-2.0,2018,622491
Luis Castillo,CIN,2b,26,"6' 2""",200,R,R,2017,6250000.0,-0.392017546823195,0.097,0.21,0,0.0,-60.1417348909043,0.0897532345787171,0.2,0.016129032,0.0,0.484848484,76.9,12.0,2019,622491
Luis Castillo,CIN,2b,27,"6' 2""",200,R,R,2017,6250000.0,0.0,,,0,,,0.0,0.0,0.0,0.0,0.0,,,2020,622491
Luis Castillo,CIN,2b,28,"6' 2""",200,R,R,2017,6250000.0,0.120148142242549,0.163,0.384,0,2.0,-4.16622717212314,0.168986830711365,0.307692307,0.040816326,0.016949152,0.389830508,84.0,1.0,2021,622491
Luis Castillo,- - -,2b,29,"6' 2""",200,R,R,2017,6250000.0,0.0,,,0,,,0.0,0.0,0.0,0.0,0.0,,,2022,622491
Luis Cessa,NYY,P,26,"6' 0""",222,R,R,2016,,-0.0107779288009708,0.0,0.0,0,0.0,-100.0,0.0,0.0,0.0,0.0,1.0,,,2018,570666
Luis Cessa,NYY,P,27,"6' 0""",222,R,R,2016,,-0.0115388514062018,0.0,0.0,0,0.0,-100.0,0.0,0.0,0.0,0.0,1.0,,,2019,570666
Luis Cessa,NYY,P,28,"6' 0""",222,R,R,2016,,0.0,,,0,,,0.0,0.0,0.0,0.0,0.0,,,2020,570666
Luis Cessa,- - -,P,29,"6' 0""",222,R,R,2016,,0.0,0.0,0.0,0,0.0,,0.0,0.0,0.0,0.0,0.0,,,2021,570666
Luis Cessa,CIN,P,30,"6' 0""",222,R,R,2016,,0.0,,,0,,,0.0,0.0,0.0,0.0,0.0,,,2022,570666
Luis García,PHI,p,31,"6' 2""",240,R,R,2013,1750000.0,0.0,0.0,0.0,0,0.0,,0.0,0.0,0.0,0.0,0.0,,,2018,472610
Luis García,LAA,p,32,"6' 2""",240,R,R,2013,1750000.0,0.0,0.0,0.0,0,0.0,,0.0,0.0,0.0,0.0,0.0,,,2019,472610
Luis García,TEX,p,33,"6' 2""",240,R,R,2013,1750000.0,0.0,,,0,,,0.0,0.0,0.0,0.0,0.0,,,2020,472610
Luis García,STL,p,34,"6' 2""",240,R,R,2013,1750000.0,0.0,0.0,0.0,0,0.0,,0.0,0.0,0.0,0.0,0.0,,,2021,472610
Luis García,SDP,p,35,"6' 2""",240,R,R,2013,1750000.0,0.0,,,0,,,0.0,0.0,0.0,0.0,0.0,,,2022,472610
Luis García Jr.,WSN,2B,20,"6' 1""",216,L,R,2020,,-0.446811105267374,0.276,0.668,2,16.0,78.5212415921764,0.291180968284607,0.339805825,0.089552239,0.035971223,0.208633093,83.5,-4.0,2020,671277
Luis García Jr.,WSN,2B,21,"6' 1""",216,L,R,2020,,-0.679440793299071,0.242,0.686,6,22.0,79.98088610426,0.291433278864961,0.272727272,0.169491526,0.044534412,0.174089068,86.8,4.0,2021,671277
Luis García Jr.,WSN,2B,22,"6' 1""",216,L,R,2020,,0.200399040958935,0.275,0.703,7,45.0,94.6468631379443,0.302790184179942,0.336996336,0.133333333,0.029177718,0.222811671,87.3,5.0,2022,671277
Luis Guillorme,NYM,3B,23,"5' 10""",190,L,R,2018,,-0.184728516064883,0.209,0.523,0,5.0,52.0183213782961,0.241562509053462,0.21875,0.029850747,0.094594594,0.04054054,87.2,7.0,2018,641645
Luis Guillorme,NYM,3B,24,"5' 10""",190,L,R,2018,,0.169264253119819,0.246,0.685,1,3.0,88.1648045861774,0.299034222083933,0.304347826,0.114754098,0.1,0.2,87.0,17.0,2019,641645
Luis Guillorme,NYM,3B,25,"5' 10""",190,L,R,2018,,0.87106834524831,0.333,0.865,0,9.0,145.042981913851,0.380728846087175,0.463414634,0.105263158,0.147058823,0.25,89.8,11.0,2020,641645
Luis Guillorme,NYM,3B,26,"5' 10""",190,L,R,2018,,0.501868085372194,0.265,0.685,1,5.0,97.1595914572648,0.310511246615765,0.314814814,0.045454545,0.147435897,0.147435897,86.4,5.0,2021,641645
Luis Guillorme,NYM,3B,27,"5' 10""",190,L,R,2018,,1.76864938657057,0.273,0.691,2,17.0,103.705946855502,0.311404207743794,0.317269076,0.067340068,0.101492537,0.137313432,86.2,4.0,2022,641645
Luis Perdomo,SDP,P,25,"6' 2""",218,R,R,2016,,0.0479095624194255,0.25,0.472,0,1.0,19.0210261452504,0.195451272858514,0.333333333,0.0,0.0,0.333333333,90.5,21.0,2018,606131
Luis Perdomo,SDP,P,26,"6' 2""",218,R,R,2016,,-0.0105405534470337,0.143,0.286,0,1.0,-28.9027086511019,0.124229609966278,0.2,0.0,0.0,0.285714285,84.0,1.0,2019,606131
Luis Perdomo,SDP,P,27,"6' 2""",218,R,R,2016,,0.0,,,0,,,0.0,0.0,0.0,0.0,0.0,,,2020,606131
Luis Perdomo,MIL,P,29,"6' 2""",218,R,R,2016,,0.0,,,0,,,0.0,0.0,0.0,0.0,0.0,,,2022,606131
Luis Rengifo,LAA,2b,22,"5' 9""",204,S,R,2019,3500000.0,0.561906706143603,0.238,0.685,7,33.0,83.1894077947147,0.298368465753249,0.3,0.12605042,0.098522167,0.229064039,87.1,10.0,2019,650859
Luis Rengifo,LAA,2b,23,"5' 9""",204,S,R,2019,3500000.0,-0.631872901849294,0.156,0.469,1,3.0,36.368008073572895,0.226835464055722,0.206349206,0.044444445,0.132075471,0.245283018,87.6,4.0,2020,650859
Luis Rengifo,LAA,2b,24,"5' 9""",204,S,R,2019,3500000.0,-0.914221615450932,0.201,0.556,6,18.0,49.2130027745024,0.243655727508871,0.219696969,0.109195402,0.047368421,0.2,85.8,12.0,2021,650859
Luis Rengifo,LAA,2b,25,"5' 9""",204,S,R,2019,3500000.0,1.66524517670576,0.264,0.723,17,52.0,102.382314731416,0.313691273156334,0.284987277,0.165644172,0.033268101,0.154598825,86.9,10.0,2022,650859
Luis Robert Jr.,CHW,CF,22,"6' 2""",225,R,R,2020,,1.34599844830536,0.233,0.738,11,31.0,98.6746894554973,0.315957823859321,0.3,0.202970297,0.088105726,0.321585903,87.9,17.0,2020,673357
Luis Robert Jr.,CHW,CF,23,"6' 2""",225,R,R,2020,,3.41836450811203,0.338,0.945,13,43.0,155.019948942095,0.39890533827119,0.394088669,0.229090909,0.047297297,0.206081081,91.2,14.0,2021,673357
Luis Robert Jr.,CHW,CF,24,"6' 2""",225,R,R,2020,,2.14440809384283,0.284,0.745,12,56.0,111.074634966438,0.324228770583868,0.328767123,0.142105263,0.042394014,0.19201995,89.3,10.0,2022,673357
Luis Severino,NYY,p,24,"6' 2""",218,R,R,2015,22333333.0,-0.0538896447718121,0.0,0.0,0,0.0,-100.0,0.0,0.0,0.0,0.0,0.8,89.2,39.0,2018,622663
Luis Severino,NYY,p,25,"6' 2""",218,R,R,2015,22333333.0,0.0,,,0,,,0.0,0.0,0.0,0.0,0.0,,,2019,622663
Luis Severino,NYY,p,27,"6' 2""",218,R,R,2015,22333333.0,0.0,,,0,,,0.0,0.0,0.0,0.0,0.0,,,2021,622663
Luis Severino,NYY,p,28,"6' 2""",218,R,R,2015,22333333.0,0.0,,,0,,,0.0,0.0,0.0,0.0,0.0,,,2022,622663
Luis Torrens,SDP,C,23,"5' 11""",217,R,R,2017,,0.044670101011019,0.214,0.599,0,0.0,67.2761943710472,0.271029233932495,0.375,0.071428571,0.125,0.375,86.7,-4.0,2019,620443
Luis Torrens,- - -,C,24,"5' 11""",217,R,R,2017,,-0.152197205037736,0.257,0.696,1,6.0,97.4170418555659,0.307163870179808,0.314814814,0.114285714,0.089743589,0.192307692,93.0,14.0,2020,620443
Luis Torrens,SEA,C,25,"5' 11""",217,R,R,2017,,0.240603702620144,0.243,0.73,15,47.0,100.901034885317,0.311220639896646,0.293617021,0.187861272,0.074074074,0.261904761,90.9,6.0,2021,620443
Luis Torrens,SEA,C,26,"5' 11""",217,R,R,2017,,-0.462319262704522,0.225,0.581,3,15.0,73.4119295592348,0.261179349867694,0.31,0.072847683,0.072289156,0.301204819,90.3,9.0,2022,620443
Luis Urías,SDP,SS,21,"5' 9""",202,R,R,2018,,0.181913944395897,0.208,0.618,2,5.0,68.1313124247856,0.268951143858568,0.216216216,0.145833333,0.056603773,0.188679245,86.9,2.0,2018,649966
Luis Urías,SDP,SS,22,"5' 9""",202,R,R,2018,,-0.0635270041300827,0.223,0.655,4,24.0,82.2760773066748,0.29392383041152,0.283870967,0.102325582,0.100401606,0.224899598,87.3,10.0,2019,649966
Luis Urías,MIL,SS,23,"5' 9""",202,R,R,2018,,0.355697051579334,0.239,0.602,0,11.0,67.5314085433592,0.273001059889793,0.337662337,0.055045871,0.083333333,0.266666666,87.7,2.0,2020,649966
Luis Urías,MIL,SS,24,"5' 9""",202,R,R,2018,,2.32097404323147,0.249,0.79,23,75.0,111.966809919812,0.340412834503723,0.279661016,0.195918368,0.110526315,0.203508771,87.9,14.0,2021,649966
Luis Urías,MIL,SS,25,"5' 9""",202,R,R,2018,,2.3810509959376,0.239,0.739,16,47.0,110.310779482376,0.326780957311897,0.273648648,0.16502463,0.105932203,0.209745762,87.3,18.0,2022,649966
Luis Valbuena,LAA,3b,32,"5' 10""",215,L,R,2008,7500000.0,-0.784568993173754,0.199,0.588,9,33.0,56.071796339862,0.252768961797681,0.276729559,0.135338346,0.065972222,0.347222222,89.7,18.0,2018,472528
Luke Farrell,CHC,P,27,"6' 6""",200,L,R,2017,,-0.0564379320777857,0.0,0.0,0,0.0,-100.0,0.0,0.0,0.0,0.0,0.6,92.1,-13.0,2018,608652
Luke Farrell,TEX,P,28,"6' 6""",200,L,R,2017,,0.0,,,0,,,0.0,0.0,0.0,0.0,0.0,,,2019,608652
Luke Farrell,TEX,P,29,"6' 6""",200,L,R,2017,,0.0,,,0,,,0.0,0.0,0.0,0.0,0.0,,,2020,608652
Luke Farrell,MIN,P,30,"6' 6""",200,L,R,2017,,0.0,,,0,,,0.0,0.0,0.0,0.0,0.0,,,2021,608652
Luke Farrell,- - -,P,31,"6' 6""",200,L,R,2017,,0.0,,,0,,,0.0,0.0,0.0,0.0,0.0,,,2022,608652
Luke Gregerson,STL,p,34,"6' 3""",205,L,R,2009,5500000.0,0.0,0.0,0.0,0,0.0,,0.0,0.0,0.0,0.0,0.0,,,2018,502381
Luke Gregerson,STL,p,35,"6' 3""",205,L,R,2009,5500000.0,0.0,0.0,0.0,0,0.0,,0.0,0.0,0.0,0.0,0.0,,,2019,502381
Luke Jackson,ATL,p,26,"6' 2""",210,R,R,2015,,0.039031728576361,0.0,0.5,0,0.0,113.805641316124,0.344764798879623,0.0,0.0,0.333333333,0.0,88.4,-26.0,2018,592426
Luke Jackson,ATL,p,27,"6' 2""",210,R,R,2015,,0.0,0.0,0.0,0,0.0,,0.0,0.0,0.0,0.0,0.0,,,2019,592426
Luke Jackson,ATL,p,28,"6' 2""",210,R,R,2015,,0.0,,,0,,,0.0,0.0,0.0,0.0,0.0,,,2020,592426
Luke Jackson,ATL,p,29,"6' 2""",210,R,R,2015,,0.0,0.0,0.0,0,0.0,,0.0,0.0,0.0,0.0,0.0,,,2021,592426
Luke Maile,TOR,c,27,"6' 3""",225,R,R,2015,,2.0079396306996,0.248,0.699,3,27.0,93.7345338024831,0.309906524497193,0.350746268,0.118811881,0.108225108,0.29004329,89.3,11.0,2018,571912
Luke Maile,TOR,c,28,"6' 3""",225,R,R,2015,,-0.396413487716219,0.151,0.44,2,9.0,14.3258812098757,0.19424146883131,0.19047619,0.084033613,0.062015503,0.255813953,84.7,13.0,2019,571912
Luke Maile,MIL,c,30,"6' 3""",225,R,R,2015,,0.254420220523586,0.3,0.815,0,3.0,123.147427171355,0.357616024858811,0.391304347,0.133333333,0.088235294,0.205882352,79.6,1.0,2021,571912
Luke Maile,CLE,c,31,"6' 3""",225,R,R,2015,,0.692658694086287,0.221,0.627,3,17.0,82.4901957795292,0.281269512419562,0.291338582,0.104972375,0.092233009,0.262135922,84.5,17.0,2022,571912
Luke Voit,- - -,1B,27,"6' 2""",258,R,R,2017,,1.59604131734802,0.322,1.069,15,36.0,188.274236473124,0.447259493866322,0.364705882,0.34965035,0.105590062,0.267080745,92.8,15.0,2018,572228
Luke Voit,NYY,1B,28,"6' 2""",258,R,R,2017,,1.42492111576152,0.263,0.842,21,62.0,125.914964370709,0.359812981383068,0.344569288,0.2004662,0.139215686,0.278431372,89.9,13.0,2019,572228
Luke Voit,NYY,1B,29,"6' 2""",258,R,R,2017,,1.40269754153141,0.277,0.948,22,52.0,153.012607580735,0.393320770345183,0.268115942,0.333333333,0.072649572,0.23076923,88.9,15.0,2020,572228
Luke Voit,NYY,1B,30,"6' 2""",258,R,R,2017,,0.552962466757306,0.239,0.765,11,35.0,112.864959229922,0.332118481273968,0.3125,0.197183099,0.087136929,0.307053941,90.7,16.0,2021,572228
Luke Voit,- - -,1B,31,"6' 2""",258,R,R,2017,,0.421057004050048,0.226,0.71,22,69.0,102.553681851794,0.311386057413865,0.298360655,0.176,0.096830985,0.315140845,89.8,18.0,2022,572228
Luke Weaver,STL,p,24,"6' 2""",180,R,R,2016,11000000.0,0.0663752956592577,0.158,0.337,0,2.0,-8.98417575139875,0.15299266576767,0.25,0.0,0.02173913,0.304347826,80.9,0.0,2018,596133
Luke Weaver,ARI,p,25,"6' 2""",180,R,R,2016,11000000.0,-0.0182213637087418,0.105,0.363,1,4.0,-23.2922843429354,0.140457168221474,0.125,0.157894737,0.0,0.523809523,91.2,25.0,2019,596133
Luke Weaver,ARI,p,26,"6' 2""",180,R,R,2016,11000000.0,0.0,,,0,,,0.0,0.0,0.0,0.0,0.0,,,2020,596133
Luke Weaver,ARI,p,27,"6' 2""",180,R,R,2016,11000000.0,-0.011001127254031,0.105,0.255,0,1.0,-29.6628267139982,0.122491359710693,0.285714285,0.0,0.045454545,0.545454545,85.8,-2.0,2021,596133
Luke Weaver,- - -,p,28,"6' 2""",180,R,R,2016,11000000.0,-0.0113421992254964,0.0,0.0,0,0.0,,0.0,0.0,0.0,0.0,0.0,,,2022,596133
Madison Bumgarner,SFG,p,28,"6' 4""",240,R,L,2009,17000000.0,0.11258065897293,0.159,0.379,0,4.0,-1.29540899706702,0.164820282355599,0.28,0.045454545,0.02173913,0.434782608,91.0,17.0,2018,518516
Madison Bumgarner,SFG,p,29,"6' 4""",240,R,L,2009,17000000.0,0.399273118735202,0.127,0.458,2,4.0,28.4874071883992,0.212630088130633,0.285714285,0.095238096,0.118421052,0.526315789,88.4,16.0,2019,518516
Madison Bumgarner,ARI,p,30,"6' 4""",240,R,L,2009,17000000.0,0.0,,,0,,,0.0,0.0,0.0,0.0,0.0,,,2020,518516
Madison Bumgarner,ARI,p,31,"6' 4""",240,R,L,2009,17000000.0,0.229634866572644,0.103,0.408,0,3.0,31.4503494418595,0.216523878574371,0.363636363,0.025641026,0.173076923,0.557692307,87.2,25.0,2021,518516
Madison Bumgarner,ARI,p,32,"6' 4""",240,R,L,2009,17000000.0,0.0,,,0,,,0.0,0.0,0.0,0.0,0.0,,,2022,518516
Magneuris Sierra,MIA,CF,22,"5' 11""",178,L,L,2017,,-1.03505382714273,0.19,0.433,0,7.0,18.9484065663277,0.191958821133563,0.259259259,0.020408163,0.038461538,0.25,83.6,3.0,2018,642423
Magneuris Sierra,MIA,CF,23,"5' 11""",178,L,L,2017,,0.328131095350979,0.35,0.806,0,1.0,117.331759084713,0.346703711010161,0.424242424,0.075,0.047619047,0.166666666,86.9,5.0,2019,642423
Magneuris Sierra,MIA,CF,24,"5' 11""",178,L,L,2017,,0.152798637253305,0.25,0.697,0,7.0,92.9713227739478,0.307306025542465,0.305555555,0.113636363,0.094339622,0.16981132,83.7,4.0,2020,642423
Magneuris Sierra,MIA,CF,25,"5' 11""",178,L,L,2017,,-0.250821991542341,0.23,0.549,0,5.0,46.10172874853,0.239400035955689,0.301886792,0.038277512,0.066666666,0.222222222,82.3,8.0,2021,642423
Magneuris Sierra,LAA,CF,26,"5' 11""",178,L,L,2017,,-0.435130684309715,0.165,0.442,0,5.0,18.7212958875211,0.19518772300921,0.227272727,0.076923077,0.041666666,0.260416666,82.2,7.0,2022,642423
Maikel Franco,PHI,3B,25,"6' 1""",225,R,R,2014,,1.40507329853687,0.27,0.781,22,68.0,104.947234191165,0.328283102881961,0.269886363,0.19630485,0.062365591,0.133333333,88.0,10.0,2018,596748
Maikel Franco,PHI,3B,26,"6' 1""",225,R,R,2014,,-0.575807410244712,0.234,0.706,17,56.0,68.920447755481,0.28107096790393,0.235668789,0.174807198,0.084112149,0.142523364,89.0,15.0,2019,596748
Maikel Franco,KCR,3B,27,"6' 1""",225,R,R,2014,,1.05584631912952,0.278,0.778,8,38.0,105.000721707635,0.329176577654752,0.298342541,0.179372198,0.065843621,0.1563786,86.7,8.0,2020,596748
Maikel Franco,BAL,3B,28,"6' 1""",225,R,R,2014,,-0.622112344820174,0.21,0.608,11,47.0,61.8695359841562,0.262592063204526,0.225165562,0.145888594,0.049627791,0.166253101,88.2,9.0,2021,596748
Maikel Franco,WSN,3B,29,"6' 1""",225,R,R,2014,,-0.453532954323094,0.229,0.597,9,39.0,65.9350910307345,0.260800052856662,0.262068965,0.113207547,0.030927835,0.193298969,87.0,11.0,2022,596748
Manny Machado,- - -,ss,25,"6' 2""",218,R,R,2012,30000000.0,7.24865017750914,0.297,0.905,37,107.0,140.781778410939,0.376574340242725,0.304435483,0.240506329,0.098730606,0.146685472,91.6,14.0,2018,592518
Manny Machado,SDP,ss,26,"6' 2""",218,R,R,2012,30000000.0,2.51787684038166,0.256,0.796,32,85.0,109.157516515392,0.334953464182677,0.274418604,0.206132879,0.098335854,0.19364599,91.1,13.0,2019,592518
Manny Machado,SDP,ss,27,"6' 2""",218,R,R,2012,30000000.0,2.65704805955533,0.304,0.95,16,47.0,149.998333659767,0.391494382381439,0.297142857,0.276785714,0.102362204,0.145669291,90.2,16.0,2020,592518
Manny Machado,SDP,ss,28,"6' 2""",218,R,R,2012,30000000.0,4.47575628836249,0.278,0.836,28,106.0,123.259856321993,0.349688370265658,0.28988764,0.210992908,0.0984375,0.159375,93.1,14.0,2021,592518
Manny Machado,SDP,ss,29,"6' 2""",218,R,R,2012,30000000.0,7.12919389865884,0.298,0.897,32,102.0,151.891971006233,0.381634796549469,0.337349397,0.233564014,0.097826086,0.206521739,91.5,16.0,2022,592518
Manny Piña,MIL,c,31,"6' 0""",222,R,R,2011,4000000.0,1.80508449552014,0.252,0.702,9,28.0,86.3371217378097,0.301129293334377,0.284518828,0.14379085,0.06231454,0.183976261,84.9,14.0,2018,444489
Manny Piña,MIL,c,32,"6' 0""",222,R,R,2011,4000000.0,1.29529657852271,0.228,0.724,7,25.0,86.5083916750672,0.307882585217444,0.284313725,0.183544304,0.089385474,0.279329608,88.5,16.0,2019,444489
Manny Piña,MIL,c,33,"6' 0""",222,R,R,2011,4000000.0,0.650648292999072,0.231,0.743,2,5.0,104.04368977935,0.328294568591648,0.269230769,0.17948718,0.066666666,0.244444444,88.5,26.0,2020,444489
Manny Piña,MIL,c,34,"6' 0""",222,R,R,2011,4000000.0,1.79194692721221,0.189,0.732,13,33.0,95.537724279448,0.315134025537051,0.161538461,0.25,0.10576923,0.182692307,86.5,19.0,2021,444489
Manny Piña,ATL,c,35,"6' 0""",222,R,R,2011,4000000.0,-0.124436828190171,0.143,0.378,0,2.0,13.8121804679276,0.186862254843992,0.142857142,0.0,0.058823529,0.058823529,81.9,9.0,2022,444489
Manuel Margot,SDP,rf,23,"5' 10""",229,R,R,2016,,1.02599756010343,0.245,0.676,8,51.0,80.8353845344106,0.287964424618487,0.280927835,0.13836478,0.061657032,0.16955684,89.3,11.0,2018,622534
Manuel Margot,SDP,rf,24,"5' 10""",229,R,R,2016,,1.62696868032657,0.234,0.691,12,37.0,83.5047748713241,0.295799214043388,0.27181208,0.153266332,0.0861678,0.199546485,87.7,14.0,2019,622534
Manuel Margot,TBR,rf,25,"5' 10""",229,R,R,2016,,0.490729060326503,0.269,0.679,1,11.0,93.8132944034548,0.300627881625913,0.316666666,0.08275862,0.081761006,0.157232704,89.4,8.0,2020,622534
Manuel Margot,TBR,rf,26,"5' 10""",229,R,R,2016,,2.0808240611126,0.254,0.695,10,57.0,94.4246701699824,0.301212527617457,0.28115942,0.128266033,0.079741379,0.150862068,87.9,11.0,2021,622534
Manuel Margot,TBR,rf,27,"5' 10""",229,R,R,2016,,1.33706819368836,0.274,0.7,4,47.0,104.316279505297,0.308233880206366,0.332075471,0.101190477,0.066115702,0.187327823,89.5,10.0,2022,622534
Marc Rzepczynski,- - -,p,32,"6' 2""",220,L,L,2009,5500000.0,0.0,,,0,,,0.0,0.0,0.0,0.0,0.0,,,2018,519240
Marcell Ozuna,STL,dh,27,"6' 1""",251,R,R,2013,12000000.0,1.88543487158459,0.28,0.758,23,88.0,106.99687372854,0.326573249816895,0.309050772,0.152920962,0.060509554,0.175159235,91.3,11.0,2018,542303
Marcell Ozuna,STL,dh,28,"6' 1""",251,R,R,2013,12000000.0,2.09081297069071,0.241,0.8,29,89.0,109.897449071831,0.335558665626882,0.256559766,0.230927835,0.112932604,0.207650273,91.7,13.0,2019,542303
Marcell Ozuna,ATL,dh,29,"6' 1""",251,R,R,2013,12000000.0,2.64589145225572,0.338,1.067,18,56.0,178.269469630431,0.443672792929592,0.390728476,0.298245614,0.142322097,0.224719101,93.0,16.0,2020,542303
Marcell Ozuna,ATL,dh,30,"6' 1""",251,R,R,2013,12000000.0,-0.240824852012486,0.213,0.644,7,26.0,74.2283768330805,0.284108413526645,0.244444444,0.143617021,0.091346153,0.221153846,89.7,14.0,2021,542303
Marcell Ozuna,ATL,dh,31,"6' 1""",251,R,R,2013,12000000.0,-0.33028943041663,0.226,0.687,23,56.0,89.6651005571018,0.29779494349538,0.252279635,0.187234043,0.061143984,0.240631163,89.4,17.0,2022,542303
Marco Estrada,TOR,p,34,"6' 0""",180,R,R,2008,4000000.0,-0.0108663882078082,0.0,0.0,0,0.0,-100.0,0.0,0.0,0.0,0.0,1.0,,,2018,462136
Marco Estrada,OAK,p,35,"6' 0""",180,R,R,2008,4000000.0,0.0,,,0,,,0.0,0.0,0.0,0.0,0.0,,,2019,462136
Marco Gonzales,SEA,p,26,"6' 1""",205,L,L,2014,,-0.0309982731580256,0.0,0.0,0,0.0,-100.0,0.0,0.0,0.0,0.0,0.666666666,,,2018,594835
Marco Gonzales,SEA,p,27,"6' 1""",205,L,L,2014,,0.0620452961182928,0.2,0.6,0,0.0,50.9962805984777,0.243332839012146,1.0,0.2,0.0,0.666666666,93.2,14.0,2019,594835
Marco Gonzales,SEA,p,28,"6' 1""",205,L,L,2014,,0.0,,,0,,,0.0,0.0,0.0,0.0,0.0,,,2020,594835
Marco Gonzales,SEA,p,29,"6' 1""",205,L,L,2014,,-0.0405911845565194,0.0,0.0,0,0.0,-100.0,0.0,0.0,0.0,0.0,0.5,97.0,17.0,2021,594835
Marco Gonzales,SEA,p,30,"6' 1""",205,L,L,2014,,0.0,,,0,,,0.0,0.0,0.0,0.0,0.0,,,2022,594835
Marcus Semien,OAK,ss,27,"6' 0""",195,R,R,2013,25000000.0,2.91398926120277,0.255,0.706,15,70.0,96.9062542735446,0.307477624331202,0.296146044,0.132911392,0.086770981,0.186344238,86.8,16.0,2018,543760
Marcus Semien,OAK,ss,28,"6' 0""",195,R,R,2013,25000000.0,6.50319029988563,0.285,0.891,33,92.0,137.677036774568,0.372586550648581,0.294455066,0.237442923,0.116465863,0.136546184,88.9,15.0,2019,543760
Marcus Semien,OAK,ss,29,"6' 0""",195,R,R,2013,25000000.0,0.279733902479808,0.223,0.679,7,23.0,92.6734646136782,0.298732735342899,0.259740259,0.151658767,0.105932203,0.211864406,86.2,19.0,2020,543760
Marcus Semien,TOR,ss,30,"6' 0""",195,R,R,2013,25000000.0,5.95452980748321,0.265,0.872,45,102.0,130.942090041654,0.367611065589262,0.275862068,0.273006135,0.09116022,0.201657458,89.7,20.0,2021,543760
Marcus Semien,TEX,ss,31,"6' 0""",195,R,R,2013,25000000.0,4.36647652975248,0.248,0.733,26,83.0,106.623200790309,0.317179199411066,0.262955854,0.181126332,0.073204419,0.165745856,87.3,20.0,2022,543760
Marcus Stroman,TOR,p,27,"5' 7""",180,R,R,2014,18500000.0,0.0410085462101153,0.333,0.666,0,0.0,82.3181697392843,0.293176909287771,0.5,0.0,0.0,0.333333333,75.2,13.0,2018,573186
Marcus Stroman,- - -,p,28,"5' 7""",180,R,R,2014,18500000.0,-0.216586518357121,0.043,0.086,0,0.0,-82.173419035635,0.0378090117288672,0.1,0.0,0.0,0.52,85.6,-6.0,2019,573186
Marcus Stroman,NYM,p,30,"5' 7""",180,R,R,2014,18500000.0,0.090813953454434,0.098,0.301,0,1.0,-11.4447275552403,0.14340591322292,0.185185185,0.039215686,0.068965517,0.413793103,80.0,-3.0,2021,573186
Marcus Stroman,CHC,p,31,"5' 7""",180,R,R,2014,18500000.0,0.0,,,0,,,0.0,0.0,0.0,0.0,0.0,,,2022,573186
Mark Canha,OAK,If,29,"6' 1""",200,R,R,2015,,1.90079898303602,0.249,0.777,17,52.0,115.013430321925,0.334011999561506,0.282442748,0.2,0.08272506,0.214111922,87.0,15.0,2018,592192
Mark Canha,OAK,If,30,"6' 1""",200,R,R,2015,,3.93043503412804,0.273,0.913,26,58.0,146.468866932888,0.385585933322868,0.308243727,0.243902439,0.134808853,0.21529175,89.1,15.0,2019,592192
Mark Canha,OAK,If,31,"6' 1""",200,R,R,2015,,1.49024182613021,0.246,0.795,5,33.0,128.694338064921,0.351328164092765,0.306569343,0.162303665,0.152263374,0.222222222,89.7,19.0,2020,592192
Mark Canha,OAK,If,32,"6' 1""",200,R,R,2015,,2.91632874042922,0.231,0.745,17,61.0,115.983141728736,0.333024903678894,0.27393617,0.156069364,0.1232,0.2048,87.3,13.0,2021,592192
Mark Canha,NYM,If,33,"6' 1""",200,R,R,2015,,2.51800521818032,0.266,0.77,13,61.0,125.558770339448,0.343363326270126,0.308988764,0.136363636,0.088560885,0.178966789,87.7,11.0,2022,592192
Mark Leiter Jr.,- - -,P,27,"6' 0""",210,R,R,2017,,-0.0341574125624924,0.0,0.0,0,0.0,-100.0,0.0,0.0,0.0,0.0,0.666666666,84.1,-26.0,2018,643410
Mark Leiter Jr.,CHC,P,31,"6' 0""",210,R,R,2017,,0.0,,,0,,,0.0,0.0,0.0,0.0,0.0,,,2022,643410
Mark Melancon,SFG,p,33,"6' 1""",215,R,R,2009,,0.0,0.0,0.0,0,0.0,,0.0,0.0,0.0,0.0,0.0,,,2018,453343
Mark Melancon,- - -,p,34,"6' 1""",215,R,R,2009,,0.0,0.0,0.0,0,0.0,,0.0,0.0,0.0,0.0,0.0,,,2019,453343
Mark Melancon,ATL,p,35,"6' 1""",215,R,R,2009,,0.0,0.0,0.0,0,0.0,,0.0,0.0,0.0,0.0,0.0,,,2020,453343
Mark Melancon,SDP,p,36,"6' 1""",215,R,R,2009,,-0.010550600990778,0.0,0.0,0,0.0,-100.0,0.0,0.0,0.0,0.0,0.0,,,2021,453343
Mark Melancon,ARI,p,37,"6' 1""",215,R,R,2009,,0.0,0.0,0.0,0,0.0,,0.0,0.0,0.0,0.0,0.0,,,2022,453343
Mark Reynolds,WSN,1b,34,"6' 2""",220,R,R,2007,,0.30777671110543,0.248,0.804,13,40.0,112.43493821992,0.342155647838218,0.287878787,0.22815534,0.102127659,0.272340425,88.8,18.0,2018,448602
Mark Reynolds,COL,1b,35,"6' 2""",220,R,R,2007,,-0.840479479617995,0.17,0.601,4,20.0,48.2536316620399,0.267499950197008,0.246753246,0.140740741,0.135802469,0.351851851,88.9,18.0,2019,448602
Mark Trumbo,BAL,dh,32,"6' 4""",225,R,R,2010,,0.302470492898862,0.261,0.765,17,44.0,107.114208719056,0.328529872208334,0.302631578,0.190909091,0.067039106,0.243016759,92.8,10.0,2018,444432
Mark Trumbo,BAL,dh,33,"6' 4""",225,R,R,2010,,-0.250404649447887,0.172,0.502,0,3.0,27.7881819976418,0.21838052042069,0.208333333,0.103448275,0.064516129,0.161290322,90.0,9.0,2019,444432
Martín Maldonado,- - -,c,31,"6' 0""",230,R,R,2011,,1.94890191970419,0.225,0.627,9,44.0,72.1177628980558,0.274912355551079,0.279850746,0.126005362,0.03960396,0.242574257,85.7,15.0,2018,455117
Martín Maldonado,- - -,c,32,"6' 0""",230,R,R,2011,,0.768308753189356,0.213,0.671,12,27.0,75.6128527088772,0.288112584471381,0.25,0.165165165,0.085561497,0.229946524,88.2,13.0,2019,455117
Martín Maldonado,HOU,c,33,"6' 0""",230,R,R,2011,,0.851606785741082,0.215,0.728,6,24.0,106.927829008524,0.326327955064598,0.294871794,0.162962963,0.163636363,0.309090909,86.1,19.0,2020,455117
Martín Maldonado,HOU,c,34,"6' 0""",230,R,R,2011,,0.295885806001898,0.172,0.572,12,36.0,61.4156667101978,0.257723668042351,0.221276595,0.128686327,0.110328638,0.298122065,88.0,18.0,2021,455117
Martín Maldonado,HOU,c,35,"6' 0""",230,R,R,2011,,0.756548216308001,0.186,0.6,15,45.0,70.8130780198766,0.264304218769074,0.227906976,0.165697675,0.058047493,0.306068601,88.4,15.0,2022,455117
Martín Prado,MIA,3b,34,"6' 0""",215,R,R,2006,,0.111523100900436,0.244,0.592,1,18.0,66.4685284408202,0.263078806217778,0.291925465,0.060913705,0.052631578,0.167464114,87.5,9.0,2018,445988
Martín Prado,MIA,3b,35,"6' 0""",215,R,R,2006,,-1.21999312910797,0.233,0.559,2,15.0,49.22305572877431,0.242748147707719,0.268292682,0.06122449,0.046153846,0.157692307,87.0,8.0,2019,445988
Martín Pérez,TEX,p,27,"6' 0""",210,L,L,2012,,-0.0356318770222081,0.0,0.0,0,0.0,-100.0,0.0,0.0,0.0,0.0,1.0,56.4,33.0,2018,527048
Martín Pérez,MIN,p,28,"6' 0""",210,L,L,2012,,-0.0349125578547267,0.0,0.0,0,0.0,-100.0,0.0,0.0,0.0,0.0,0.666666666,,,2019,527048
Martín Pérez,BOS,p,29,"6' 0""",210,L,L,2012,,0.0,,,0,,,0.0,0.0,0.0,0.0,0.0,,,2020,527048
Martín Pérez,BOS,p,30,"6' 0""",210,L,L,2012,,-0.0341914697810082,0.0,0.0,0,0.0,-100.0,0.0,0.0,0.0,0.0,1.0,,,2021,527048
Martín Pérez,TEX,p,31,"6' 0""",210,L,L,2012,,0.0,,,0,,,0.0,0.0,0.0,0.0,0.0,,,2022,527048
Marwin Gonzalez,HOU,rf,29,"6' 1""",205,S,R,2012,,1.8404077624516,0.247,0.733,16,68.0,103.606753399403,0.317593257107279,0.300859598,0.161554193,0.096014492,0.228260869,88.9,11.0,2018,503556
Marwin Gonzalez,MIN,rf,30,"6' 1""",205,S,R,2012,,1.47714332027903,0.264,0.736,15,55.0,93.576441455603,0.313173241573921,0.309904153,0.150588236,0.066954643,0.211663066,90.7,11.0,2019,503556
Marwin Gonzalez,MIN,rf,31,"6' 1""",205,S,R,2012,,0.393718895940476,0.211,0.606,5,22.0,68.8086769375663,0.269466547510732,0.240601503,0.108571429,0.085427135,0.20603015,89.2,13.0,2020,503556
Marwin Gonzalez,- - -,rf,32,"6' 1""",205,S,R,2012,,-0.57891779572899,0.199,0.579,5,28.0,56.5395377382293,0.259455422365588,0.257731958,0.105072464,0.065146579,0.254071661,87.9,9.0,2021,503556
Marwin Gonzalez,NYY,rf,33,"6' 1""",205,S,R,2012,,0.332565559455024,0.185,0.576,6,18.0,63.8322807855255,0.256600397474626,0.222222222,0.135869565,0.06763285,0.260869565,88.0,19.0,2022,503556
Masahiro Tanaka,NYY,p,29,"6' 2""",214,R,R,2014,,-0.0546657542562685,0.0,0.0,0,0.0,-100.0,0.0,0.0,0.0,0.0,0.166666666,72.1,-9.0,2018,547888
Masahiro Tanaka,NYY,p,30,"6' 2""",214,R,R,2014,,-0.0115388514062018,0.0,0.0,0,0.0,-100.0,0.0,0.0,0.0,0.0,0.0,85.5,-51.0,2019,547888
Masahiro Tanaka,NYY,p,31,"6' 2""",214,R,R,2014,,0.0,,,0,,,0.0,0.0,0.0,0.0,0.0,,,2020,547888
Mason Williams,CIN,CF,26,"6' 1""",195,L,R,2015,,0.184382743327974,0.293,0.729,2,6.0,93.6439264626769,0.315041192742281,0.369565217,0.105691057,0.053030303,0.219696969,87.8,10.0,2018,592863
Mason Williams,BAL,CF,27,"6' 1""",195,L,R,2015,,0.098947975124399,0.267,0.624,0,2.0,66.5747430230749,0.275729370467803,0.32,0.033333334,0.088235294,0.176470588,87.6,15.0,2019,592863
Mason Williams,BAL,CF,28,"6' 1""",195,L,R,2015,,-0.408671783517262,0.111,0.333,0,0.0,-26.324828783926,0.135591487089793,0.222222222,0.111111111,0.0,0.5,84.3,-5.0,2020,592863
Mason Williams,NYM,CF,29,"6' 1""",195,L,R,2015,,-0.0400316204565534,0.212,0.63,1,1.0,70.8052810872149,0.269960872001118,0.260869565,0.121212121,0.108108108,0.243243243,85.8,10.0,2021,592863
Matt Adams,- - -,1b,29,"6' 3""",263,L,R,2012,,0.482651752847782,0.239,0.786,21,57.0,107.612562819998,0.333801938031248,0.245283018,0.238562092,0.080118694,0.21661721,88.7,19.0,2018,571431
Matt Adams,WSN,1b,30,"6' 3""",263,L,R,2012,,-0.194558877811546,0.226,0.741,20,56.0,85.0862863987799,0.306276836668152,0.284090909,0.238709678,0.06006006,0.345345345,88.6,20.0,2019,571431
Matt Adams,ATL,1b,31,"6' 3""",263,L,R,2012,,-0.424188351330834,0.184,0.563,2,9.0,43.8378003248005,0.240092013396469,0.24137931,0.163265306,0.039215686,0.352941176,90.1,21.0,2020,571431
Matt Adams,COL,1b,32,"6' 3""",263,L,R,2012,,-0.508652801644658,0.167,0.444,0,2.0,5.01093992883681,0.19774545614536,0.222222222,0.027777778,0.1,0.225,82.2,11.0,2021,571431
Matt Albers,MIL,p,35,"6' 1""",225,L,R,2006,,0.0,0.0,0.0,0,0.0,,0.0,0.0,0.0,0.0,0.0,,,2018,458006
Matt Albers,MIL,p,36,"6' 1""",225,L,R,2006,,0.0,0.0,0.0,0,0.0,,0.0,0.0,0.0,0.0,0.0,,,2019,458006
Matt Andriese,- - -,P,28,"6' 2""",215,R,R,2015,,-0.0115418558623735,0.0,0.0,0,0.0,-100.0,0.0,0.0,0.0,0.0,1.0,,,2018,542882
Matt Andriese,ARI,P,29,"6' 2""",215,R,R,2015,,-0.0752949146122028,0.0,0.0,0,0.0,-100.0,0.0,0.0,0.0,0.0,0.5,79.5,-33.0,2019,542882
Matt Andriese,LAA,P,30,"6' 2""",215,R,R,2015,,0.0,,,0,,,0.0,0.0,0.0,0.0,0.0,,,2020,542882
Matt Andriese,- - -,P,31,"6' 2""",215,R,R,2015,,0.0,0.0,0.0,0,0.0,,0.0,0.0,0.0,0.0,0.0,,,2021,542882
Matt Barnes,BOS,p,28,"6' 4""",208,R,R,2014,,0.0,0.0,0.0,0,0.0,,0.0,0.0,0.0,0.0,0.0,,,2018,598264
Matt Barnes,BOS,p,29,"6' 4""",208,R,R,2014,,-0.0121797388842084,0.0,0.0,0,0.0,-100.0,0.0,0.0,0.0,0.0,1.0,,,2019,598264
Matt Barnes,BOS,p,30,"6' 4""",208,R,R,2014,,0.0,,,0,,,0.0,0.0,0.0,0.0,0.0,,,2020,598264
Matt Barnes,BOS,p,31,"6' 4""",208,R,R,2014,,0.0,0.0,0.0,0,0.0,,0.0,0.0,0.0,0.0,0.0,,,2021,598264
Matt Barnes,BOS,p,32,"6' 4""",208,R,R,2014,,0.0,,,0,,,0.0,0.0,0.0,0.0,0.0,,,2022,598264
Matt Belisle,- - -,p,38,"6' 3""",230,R,R,2003,,0.0,0.0,0.0,0,0.0,,0.0,0.0,0.0,0.0,0.0,,,2018,279571
Matt Bowman,STL,P,27,"6' 0""",185,R,R,2016,,-0.0109846155931445,0.0,0.0,0,0.0,-100.0,0.0,0.0,0.0,0.0,0.0,92.3,-2.0,2018,621199
Matt Bowman,CIN,P,28,"6' 0""",185,R,R,2016,,-0.0130142865332539,0.0,0.0,0,0.0,-100.0,0.0,0.0,0.0,0.0,0.0,102.1,-3.0,2019,621199
Matt Bush,TEX,P,32,"5' 10""",193,R,R,2016,,0.0,0.0,0.0,0,0.0,,0.0,0.0,0.0,0.0,0.0,,,2018,456713
Matt Bush,TEX,P,35,"5' 10""",193,R,R,2016,,0.0,,,0,,,0.0,0.0,0.0,0.0,0.0,,,2021,456713
Matt Bush,- - -,P,36,"5' 10""",193,R,R,2016,,0.0,,,0,,,0.0,0.0,0.0,0.0,0.0,,,2022,456713
Matt Carpenter,STL,dh,32,"6' 4""",224,L,R,2011,,4.12750771712784,0.257,0.897,36,81.0,139.587288397987,0.375349004460394,0.29144385,0.265957447,0.150664697,0.23338257,90.7,22.0,2018,572761
Matt Carpenter,STL,dh,33,"6' 4""",224,L,R,2011,,1.65791232079088,0.226,0.726,15,46.0,96.307956311804,0.314816773544747,0.285198555,0.165865385,0.12804878,0.262195121,87.8,19.0,2019,572761
Matt Carpenter,STL,dh,34,"6' 4""",224,L,R,2011,,0.320863914522462,0.186,0.639,4,24.0,84.6029043401411,0.292916689600263,0.25,0.128571429,0.136094674,0.284023668,88.1,17.0,2020,572761
Matt Carpenter,STL,dh,35,"6' 4""",224,L,R,2011,,-0.296588946294607,0.169,0.58,3,21.0,67.9410246473138,0.268857702132194,0.25,0.106280193,0.140562248,0.309236947,90.0,21.0,2021,572761
Matt Carpenter,NYY,dh,36,"6' 4""",224,L,R,2011,,2.36281904762036,0.305,1.139,15,37.0,215.646895979211,0.471641656991683,0.303797468,0.421875,0.123376623,0.227272727,89.8,22.0,2022,572761
Matt Chapman,OAK,3b,25,"6' 1""",220,R,R,2017,18000000.0,6.37115067685515,0.278,0.864,24,68.0,139.030802635143,0.369207215386552,0.33773087,0.23034735,0.094155844,0.237012987,93.1,15.0,2018,656305
Matt Chapman,OAK,3b,26,"6' 1""",220,R,R,2017,18000000.0,5.443507611835609,0.249,0.848,36,91.0,125.314036934394,0.35430692478792,0.270471464,0.25728988,0.108955223,0.219402985,92.7,17.0,2019,656305
Matt Chapman,OAK,3b,27,"6' 1""",220,R,R,2017,18000000.0,1.07881826856405,0.232,0.811,10,25.0,117.690088285301,0.335260446134367,0.29113924,0.302816901,0.052631578,0.355263157,93.6,24.0,2020,656305
Matt Chapman,OAK,3b,28,"6' 1""",220,R,R,2017,18000000.0,3.69677055196312,0.21,0.717,27,72.0,101.431006578728,0.311490901796764,0.27184466,0.192816635,0.128617363,0.324758842,89.7,19.0,2021,656305
Matt Chapman,TOR,3b,29,"6' 1""",220,R,R,2017,18000000.0,3.86456739447638,0.229,0.757,27,76.0,117.515154865034,0.330734010088828,0.277456647,0.204460966,0.109500805,0.273752012,92.2,19.0,2022,656305
Matt Davidson,CHW,DH,27,"6' 3""",230,R,R,2013,,0.768718801126266,0.228,0.738,20,62.0,103.676597045682,0.321480596498136,0.313492063,0.191244239,0.104838709,0.33266129,89.9,14.0,2018,571602
Matt Davidson,CIN,DH,29,"6' 3""",230,R,R,2013,,-0.281394631176421,0.163,0.629,3,11.0,57.9995505532439,0.268474038611067,0.148148148,0.23255814,0.085106382,0.276595744,92.8,18.0,2020,571602
Matt Davidson,- - -,DH,31,"6' 3""",230,R,R,2013,,-0.298836990165183,0.147,0.54,2,3.0,52.8708184071998,0.239507762161461,0.157894736,0.176470588,0.081081081,0.351351351,87.3,13.0,2022,571602
Matt Duffy,TBR,ss,27,"6' 2""",190,R,R,2014,,2.43450981668166,0.294,0.727,4,44.0,107.341234134331,0.323162024486877,0.352941176,0.071570576,0.083928571,0.166071428,86.8,5.0,2018,622110
Matt Duffy,TBR,ss,28,"6' 2""",190,R,R,2014,,0.0562160717101545,0.252,0.67,1,12.0,89.5403916408329,0.299265565956838,0.305084745,0.074829932,0.112426035,0.171597633,87.0,5.0,2019,622110
Matt Duffy,CHC,ss,30,"6' 2""",190,R,R,2014,,1.2099577659839,0.287,0.738,5,30.0,104.406533484395,0.327007588947782,0.351351351,0.093425606,0.077639751,0.195652173,87.5,7.0,2021,622110
Matt Duffy,LAA,ss,31,"6' 2""",190,R,R,2014,,-0.0381900714905096,0.25,0.619,2,16.0,77.9278170977016,0.279052144602725,0.3125,0.061403508,0.06882591,0.202429149,87.1,10.0,2022,622110
Matt Festa,SEA,P,25,"6' 1""",195,R,R,2018,,0.0,0.0,0.0,0,0.0,,0.0,0.0,0.0,0.0,0.0,,,2018,670036
Matt Festa,SEA,P,26,"6' 1""",195,R,R,2018,,0.0,0.0,0.0,0,0.0,,0.0,0.0,0.0,0.0,0.0,,,2019,670036
Matt Festa,SEA,P,29,"6' 1""",195,R,R,2018,,0.0,,,0,,,0.0,0.0,0.0,0.0,0.0,,,2022,670036
Matt Grace,WSN,P,29,"6' 4""",215,L,L,2015,,0.015087679673564,0.333,0.666,0,0.0,79.7088961317482,0.293176909287771,0.333333333,0.0,0.0,0.0,91.1,15.0,2018,594840
Matt Grace,WSN,P,30,"6' 4""",215,L,L,2015,,-0.0377480732722439,0.0,0.0,0,0.0,-100.0,0.0,0.0,0.0,0.0,1.0,,,2019,594840
Matt Grace,ARI,P,31,"6' 4""",215,L,L,2015,,0.0,,,0,,,0.0,0.0,0.0,0.0,0.0,,,2020,594840
Matt Harvey,- - -,p,29,"6' 4""",220,R,R,2012,1.0,-0.276789714694838,0.075,0.184,0,1.0,-57.000445885629,0.0890396746722135,0.117647058,0.0,0.035087719,0.333333333,85.9,2.0,2018,518774
Matt Harvey,LAA,p,30,"6' 4""",220,R,R,2012,1.0,0.0,,,0,,,0.0,0.0,0.0,0.0,0.0,,,2019,518774
Matt Harvey,KCR,p,31,"6' 4""",220,R,R,2012,1.0,0.0,,,0,,,0.0,0.0,0.0,0.0,0.0,,,2020,518774
Matt Harvey,BAL,p,32,"6' 4""",220,R,R,2012,1.0,-0.0654314201282338,0.0,0.0,0,0.0,-100.0,0.0,0.0,0.0,0.0,0.5,76.4,22.0,2021,518774
Matt Holliday,COL,If,38,"6' 4""",240,R,R,2004,,0.0967417036163836,0.283,0.849,2,3.0,123.658088287888,0.377006152042976,0.393939393,0.150943397,0.184615384,0.276923076,90.9,13.0,2018,407812
Matt Joyce,OAK,rf,33,"6' 2""",194,L,R,2008,,0.155886635343347,0.208,0.675,7,15.0,91.1386497950436,0.299025738680804,0.241610738,0.144927536,0.142276422,0.215447154,87.4,15.0,2018,459964
Matt Joyce,ATL,rf,34,"6' 2""",194,L,R,2008,,1.29100469455296,0.295,0.858,7,23.0,127.394208425029,0.371840718914481,0.351351351,0.155,0.159663865,0.18907563,87.7,17.0,2019,459964
Matt Joyce,MIA,rf,35,"6' 2""",194,L,R,2008,,-0.225554153792254,0.252,0.682,2,14.0,94.5385065660631,0.309679339060912,0.352941176,0.078740158,0.135135135,0.277027027,86.7,13.0,2020,459964
Matt Joyce,PHI,rf,36,"6' 2""",194,L,R,2008,,-0.401246323718682,0.091,0.479,2,7.0,32.5636660159558,0.218684960657091,0.078947368,0.127272728,0.173913043,0.231884057,85.7,15.0,2021,459964
Matt Kemp,LAD,If,33,"6' 4""",225,R,R,2006,,2.01891676830209,0.29,0.819,21,85.0,122.290193914775,0.348000307877858,0.339339339,0.19047619,0.071146245,0.227272727,89.5,16.0,2018,461314
Matt Kemp,CIN,If,34,"6' 4""",225,R,R,2006,,-0.637846148585493,0.2,0.493,1,5.0,17.2627816157623,0.207897168013357,0.268292682,0.083333333,0.016129032,0.306451612,87.3,14.0,2019,461314
Matt Kemp,COL,If,35,"6' 4""",225,R,R,2006,,-0.10015651462569,0.239,0.745,6,21.0,85.2697164080076,0.321682175607172,0.314285714,0.179487179,0.113636363,0.31060606,85.3,12.0,2020,461314
Matt Koch,ARI,P,27,"6' 3""",215,L,R,2016,,-0.0120433657239802,0.059,0.259,0,0.0,-17.1507767257052,0.147405976057053,0.166666666,0.0,0.130434782,0.478260869,83.5,9.0,2018,571863
Matt Koch,ARI,P,28,"6' 3""",215,L,R,2016,,-0.0752949146122028,0.0,0.0,0,0.0,-100.0,0.0,0.0,0.0,0.0,0.833333333,86.0,28.0,2019,571863
Matt Koch,SEA,P,31,"6' 3""",215,L,R,2016,,0.0,,,0,,,0.0,0.0,0.0,0.0,0.0,,,2022,571863
Matt Moore,TEX,p,29,"6' 3""",210,L,L,2011,,0.0,0.0,0.0,0,0.0,,0.0,0.0,0.0,0.0,0.0,,,2018,519043
Matt Moore,DET,p,30,"6' 3""",210,L,L,2011,,0.0,,,0,,,0.0,0.0,0.0,0.0,0.0,,,2019,519043
Matt Moore,PHI,p,32,"6' 3""",210,L,L,2011,,-0.225194777661976,0.0,0.0,0,0.0,-100.0,0.0,0.0,0.0,0.0,0.65,80.0,-25.0,2021,519043
Matt Moore,TEX,p,33,"6' 3""",210,L,L,2011,,0.0,,,0,,,0.0,0.0,0.0,0.0,0.0,,,2022,519043
Matt Olson,OAK,1B,24,"6' 4""",225,L,R,2016,,2.79849588417177,0.247,0.788,29,84.0,118.970840520947,0.339811214573307,0.292307692,0.206896551,0.106060606,0.246969696,93.3,18.0,2018,621566
Matt Olson,OAK,1B,25,"6' 4""",225,L,R,2016,,3.80812380677804,0.267,0.896,36,91.0,134.579795370399,0.368007046094647,0.3,0.277432712,0.093235831,0.252285191,92.7,19.0,2019,621566
Matt Olson,OAK,1B,26,"6' 4""",225,L,R,2016,,0.528419018881842,0.195,0.734,14,42.0,104.319313960955,0.315737276901434,0.226890756,0.228571428,0.13877551,0.314285714,92.3,20.0,2020,621566
Matt Olson,OAK,1B,27,"6' 4""",225,L,R,2016,,4.96288294284098,0.271,0.911,39,111.0,146.7514564945,0.37855533211747,0.268867924,0.269026548,0.1307578,0.167904903,91.6,16.0,2021,621566
Matt Olson,ATL,1B,28,"6' 4""",225,L,R,2016,,3.12941201401873,0.24,0.802,34,103.0,121.095907355878,0.343761583943388,0.274038461,0.237012987,0.107296137,0.243204577,92.9,16.0,2022,621566
Matt Reynolds,WSN,3B,27,"6' 1""",210,R,R,2016,,-0.112230660732931,0.154,0.368,0,1.0,0.679583840122533,0.174899360963276,0.222222222,0.0,0.071428571,0.285714285,84.8,12.0,2018,608703
Matt Reynolds,KCR,3B,29,"6' 1""",210,R,R,2016,,-0.207688916766519,0.0,0.0,0,0.0,-100.0,0.0,0.0,0.0,0.0,0.636363636,81.5,2.0,2020,608703
Matt Reynolds,- - -,3B,31,"6' 1""",210,R,R,2016,,0.389598374842556,0.246,0.652,3,23.0,81.1250171849542,0.293076499200919,0.347560975,0.086065574,0.095588235,0.286764705,90.2,6.0,2022,608703
Matt Shoemaker,LAA,p,31,"6' 2""",225,R,R,2013,2000000.0,0.0,,,0,,,0.0,0.0,0.0,0.0,0.0,,,2018,533167
Matt Shoemaker,TOR,p,32,"6' 2""",225,R,R,2013,2000000.0,0.0,,,0,,,0.0,0.0,0.0,0.0,0.0,,,2019,533167
Matt Shoemaker,TOR,p,33,"6' 2""",225,R,R,2013,2000000.0,0.0,,,0,,,0.0,0.0,0.0,0.0,0.0,,,2020,533167
Matt Shoemaker,MIN,p,34,"6' 2""",225,R,R,2013,2000000.0,0.0,,,0,,,0.0,0.0,0.0,0.0,0.0,,,2021,533167
Matt Strahm,SDP,p,26,"6' 2""",190,R,L,2016,7500000.0,-0.0882432054998052,0.0,0.0,0,0.0,-100.0,0.0,0.0,0.0,0.0,0.5,86.9,2.0,2018,621381
Matt Strahm,SDP,p,27,"6' 2""",190,R,L,2016,7500000.0,0.365772092979013,0.286,0.729,0,1.0,97.4332771027111,0.317058542500372,0.666666666,0.095238095,0.074074074,0.444444444,94.4,9.0,2019,621381
Matt Strahm,SDP,p,28,"6' 2""",190,R,L,2016,7500000.0,0.0,0.0,0.0,0,0.0,,0.0,0.0,0.0,0.0,0.0,,,2020,621381
Matt Strahm,SDP,p,29,"6' 2""",190,R,L,2016,7500000.0,0.0,0.0,0.0,0,0.0,,0.0,0.0,0.0,0.0,0.0,,,2021,621381
Matt Strahm,BOS,p,30,"6' 2""",190,R,L,2016,7500000.0,0.0,,,0,,,0.0,0.0,0.0,0.0,0.0,,,2022,621381
Matt Thaiss,LAA,C,24,"5' 11""",215,L,R,2019,,-0.248189402813776,0.211,0.715,8,23.0,86.2792008595082,0.302936957376759,0.264367816,0.210884354,0.103658536,0.31707317,89.1,16.0,2019,642136
Matt Thaiss,LAA,C,25,"5' 11""",215,L,R,2019,,-0.170663135686856,0.143,0.566,1,1.0,60.1610689079441,0.26157660484314,0.166666666,0.142857143,0.16,0.32,88.1,9.0,2020,642136
Matt Thaiss,LAA,C,26,"5' 11""",215,L,R,2019,,-0.0475734329754902,0.143,0.393,0,0.0,17.2426097495547,0.196346484124661,0.166666666,0.0,0.125,0.125,86.2,20.0,2021,642136
Matt Thaiss,LAA,C,27,"5' 11""",215,L,R,2019,,-0.177631668593092,0.217,0.64,2,8.0,83.0016669123731,0.286239114403725,0.295454545,0.101449275,0.135802469,0.296296296,88.5,7.0,2022,642136
Matt Wieters,WSN,c,32,"6' 5""",235,S,R,2009,,0.468166798602267,0.238,0.704,8,30.0,89.4827849609915,0.30780479323105,0.260869565,0.136170213,0.110701107,0.16605166,87.1,18.0,2018,446308
Matt Wieters,STL,c,33,"6' 5""",235,S,R,2009,,-0.267384957535917,0.214,0.703,11,27.0,81.466668022853,0.292164242984167,0.223214285,0.220238095,0.06557377,0.256830601,88.8,14.0,2019,446308
Matt Wieters,STL,c,34,"6' 5""",235,S,R,2009,,-0.0671667999346891,0.2,0.529,0,4.0,57.6927137964064,0.252164405584335,0.28,0.028571428,0.073170731,0.243902439,84.7,14.0,2020,446308
Matt Wisler,- - -,P,25,"6' 3""",215,R,R,2015,,-0.104908856489499,0.0,0.0,0,0.0,-100.0,0.0,0.0,0.0,0.0,0.444444444,88.5,0.0,2018,605538
Matt Wisler,- - -,P,26,"6' 3""",215,R,R,2015,,-0.0119056735379302,0.0,0.0,0,0.0,-100.0,0.0,0.0,0.0,0.0,0.0,100.7,-16.0,2019,605538
Matt Wisler,MIN,P,27,"6' 3""",215,R,R,2015,,0.0,,,0,,,0.0,0.0,0.0,0.0,0.0,,,2020,605538
Matt Wisler,- - -,P,28,"6' 3""",215,R,R,2015,,-0.0107316957958606,0.0,0.0,0,0.0,-100.0,0.0,0.0,0.0,0.0,1.0,,,2021,605538
Matt Wisler,TBR,P,29,"6' 3""",215,R,R,2015,,0.0,,,0,,,0.0,0.0,0.0,0.0,0.0,,,2022,605538
Matthew Boyd,DET,P,27,"6' 3""",223,L,L,2015,,-0.0219987574651507,0.0,0.0,0,0.0,-100.0,0.0,0.0,0.0,0.0,1.0,61.9,-30.0,2018,571510
Matthew Boyd,DET,P,28,"6' 3""",223,L,L,2015,,0.0493966389652215,0.5,1.0,0,0.0,175.707563547221,0.434803634881973,1.0,0.0,0.0,0.5,96.0,3.0,2019,571510
Matthew Boyd,DET,P,29,"6' 3""",223,L,L,2015,,0.0,,,0,,,0.0,0.0,0.0,0.0,0.0,,,2020,571510
Matthew Boyd,DET,P,30,"6' 3""",223,L,L,2015,,0.108745570430966,0.333,0.833,0,0.0,151.512160783612,0.392692968249321,0.5,0.0,0.2,0.2,93.3,15.0,2021,571510
Matthew Boyd,SEA,P,31,"6' 3""",223,L,L,2015,,0.0,,,0,,,0.0,0.0,0.0,0.0,0.0,,,2022,571510
Matthew den Dekker,NYM,LF,30,"6' 2""",210,L,L,2013,,-0.590336533452728,0.0,0.095,0,1.0,-65.5078269496917,0.0656694855008807,0.0,0.0,0.095238095,0.428571428,85.9,25.0,2018,544925
Mauricio Dubón,- - -,2B,24,"5' 11""",173,R,R,2019,,0.406224876026741,0.274,0.74,4,9.0,94.1000303846833,0.312478227658315,0.304878048,0.160377359,0.045045045,0.18018018,84.8,9.0,2019,643289
Mauricio Dubón,SFG,2B,25,"5' 11""",173,R,R,2019,,0.792282206404457,0.274,0.726,4,19.0,99.3834216546777,0.317962814058576,0.327731092,0.114649681,0.084745762,0.20338983,86.2,17.0,2020,643289
Mauricio Dubón,SFG,2B,26,"5' 11""",173,R,R,2019,,0.156265934335867,0.24,0.655,5,22.0,75.0914625266563,0.277756265369622,0.282442748,0.137142857,0.048128342,0.219251336,86.1,15.0,2021,643289
Mauricio Dubón,- - -,2B,27,"5' 11""",173,R,R,2019,,0.190470263656029,0.214,0.565,5,24.0,59.0793046075407,0.247990516078381,0.220657276,0.098765432,0.049056603,0.113207547,84.7,17.0,2022,643289
Max Fried,ATL,p,24,"6' 4""",190,L,L,2017,27250000.0,-0.0397055484605799,0.125,0.25,0,0.0,-43.0959570887128,0.109941340982914,0.2,0.0,0.0,0.375,81.4,-16.0,2018,608331
Max Fried,ATL,p,25,"6' 4""",190,L,L,2017,27250000.0,0.466814327486744,0.196,0.53,0,4.0,38.4960137126088,0.236153773597029,0.275,0.071428571,0.076923076,0.246153846,86.5,-4.0,2019,608331
Max Fried,ATL,p,26,"6' 4""",190,L,L,2017,27250000.0,0.0,,,0,,,0.0,0.0,0.0,0.0,0.0,,,2020,608331
Max Fried,ATL,p,27,"6' 4""",190,L,L,2017,27250000.0,0.743228908790307,0.273,0.649,0,5.0,77.2914966439767,0.288821519431421,0.405405405,0.054545455,0.059701492,0.268656716,90.3,-1.0,2021,608331
Max Fried,ATL,p,28,"6' 4""",190,L,L,2017,27250000.0,0.0,,,0,,,0.0,0.0,0.0,0.0,0.0,,,2022,608331
Max Kepler,MIN,If,25,"6' 4""",225,L,L,2015,,2.26496341001155,0.224,0.727,20,58.0,98.0177514837873,0.316413313884453,0.236276849,0.184210526,0.116202945,0.157119476,89.5,16.0,2018,596146
Max Kepler,MIN,If,26,"6' 4""",225,L,L,2015,,3.86512750114338,0.252,0.855,36,90.0,121.868193006823,0.355004725840268,0.244274809,0.267175573,0.10067114,0.166107382,89.7,18.0,2019,596146
Max Kepler,MIN,If,27,"6' 4""",225,L,L,2015,,1.18581965604209,0.228,0.76,9,23.0,109.003790872605,0.328156941399282,0.236220472,0.210526316,0.112244897,0.183673469,88.5,22.0,2020,596146
Max Kepler,MIN,If,28,"6' 4""",225,L,L,2015,,2.20796475554767,0.211,0.719,19,54.0,96.5402230239411,0.309067819887118,0.225396825,0.201877934,0.110204081,0.195918367,89.8,16.0,2021,596146
Max Kepler,MIN,If,29,"6' 4""",225,L,L,2015,,1.6302996482327,0.227,0.666,9,43.0,93.7975407080707,0.298084857892454,0.249211356,0.121134021,0.10986547,0.147982062,89.1,11.0,2022,596146
Max Muncy,LAD,3B,27,"5' 10""",215,L,R,2015,,4.33188515543738,0.263,0.973,35,79.0,161.750223827404,0.407057326843864,0.298701298,0.318987342,0.164241164,0.272349272,90.3,18.0,2018,571970
Max Muncy,LAD,3B,28,"5' 10""",215,L,R,2015,,4.37989418374142,0.251,0.889,35,98.0,132.819279251954,0.372490126867684,0.283387622,0.264887063,0.152801358,0.252971137,89.7,14.0,2019,571970
Max Muncy,LAD,3B,29,"5' 10""",215,L,R,2015,,0.239366061356068,0.192,0.72,12,27.0,98.1629836777302,0.316137036172355,0.203007518,0.197044335,0.157258064,0.241935483,88.5,14.0,2020,571970
Max Muncy,LAD,3B,30,"5' 10""",215,L,R,2015,,4.50787701024131,0.249,0.895,36,94.0,139.364174804336,0.378691488778571,0.257309941,0.277665996,0.140202702,0.202702702,91.2,15.0,2021,571970
Max Muncy,LAD,3B,31,"5' 10""",215,L,R,2015,,2.03899367175479,0.196,0.713,21,69.0,106.33406307781,0.317918667662228,0.227272727,0.1875,0.159292035,0.249557522,90.3,21.0,2022,571970
Max Scherzer,WSN,p,33,"6' 3""",208,R,R,2008,3000000.0,0.732090966683244,0.243,0.545,0,6.0,46.8997780244171,0.244073836770776,0.303571428,0.028571429,0.012820512,0.179487179,82.5,-1.0,2018,453286
Max Scherzer,WSN,p,34,"6' 3""",208,R,R,2008,3000000.0,0.0517318397548113,0.182,0.364,0,2.0,-11.9881047914581,0.158110412684354,0.357142857,0.0,0.0,0.44262295,85.9,-9.0,2019,453286
Max Scherzer,WSN,p,35,"6' 3""",208,R,R,2008,3000000.0,0.0,,,0,,,0.0,0.0,0.0,0.0,0.0,,,2020,453286
Max Scherzer,- - -,p,36,"6' 3""",208,R,R,2008,3000000.0,-0.699390633900353,0.0,0.0,0,1.0,-100.0,0.0,0.0,0.0,0.0,0.444444444,85.6,-5.0,2021,453286
Max Scherzer,NYM,p,37,"6' 3""",208,R,R,2008,3000000.0,0.0,,,0,,,0.0,0.0,0.0,0.0,0.0,,,2022,453286
Max Stassi,HOU,c,27,"5' 9""",210,R,R,2013,,2.90448546144146,0.226,0.71,8,27.0,100.193388725613,0.312591289997101,0.302158273,0.167420815,0.092,0.296,89.9,6.0,2018,545358
Max Stassi,- - -,c,28,"5' 9""",210,R,R,2013,,-0.331546783715712,0.136,0.378,1,5.0,3.28768268022246,0.177365078812554,0.202380952,0.03030303,0.081632653,0.333333333,89.3,12.0,2019,545358
Max Stassi,LAA,c,29,"5' 9""",210,R,R,2013,,1.15759380301513,0.278,0.885,7,20.0,134.519812144997,0.370150595619565,0.276923076,0.255555556,0.104761904,0.2,91.6,15.0,2020,545358
Max Stassi,LAA,c,30,"5' 9""",210,R,R,2013,,2.93188694297513,0.241,0.752,13,35.0,105.409409582536,0.326814213703419,0.325443786,0.184397163,0.087774294,0.31661442,89.9,11.0,2021,545358
Max Stassi,LAA,c,31,"5' 9""",210,R,R,2013,,-0.0909420619870223,0.18,0.57,9,30.0,63.2430801041422,0.258251615386596,0.239436619,0.123123123,0.101333333,0.298666666,88.6,10.0,2022,545358
Melky Cabrera,CLE,If,33,"5' 10""",210,S,L,2005,,0.0463211670788475,0.28,0.755,6,39.0,102.736178779752,0.326178793641303,0.303317535,0.14,0.071942446,0.136690647,90.7,9.0,2018,466320
Melky Cabrera,PIT,If,34,"5' 10""",210,S,L,2005,,-0.315956365174771,0.28,0.712,7,47.0,84.214192094491,0.30113453400954,0.3,0.119047619,0.042821158,0.103274559,88.2,9.0,2019,466320
Merrill Kelly,ARI,p,30,"6' 2""",202,R,R,2019,20000000.0,-0.562164075743164,0.019,0.075,0,2.0,-88.0146059861211,0.0416703014462083,0.037037037,0.0,0.033333333,0.416666666,84.1,-9.0,2019,518876
Merrill Kelly,ARI,p,31,"6' 2""",202,R,R,2019,20000000.0,0.0,,,0,,,0.0,0.0,0.0,0.0,0.0,,,2020,518876
Merrill Kelly,ARI,p,32,"6' 2""",202,R,R,2019,20000000.0,-0.124299601448135,0.064,0.222,0,1.0,-35.7852326656437,0.113071046623529,0.15,0.021276595,0.068965517,0.465517241,76.4,-4.0,2021,518876
Merrill Kelly,ARI,p,33,"6' 2""",202,R,R,2019,20000000.0,0.0,,,0,,,0.0,0.0,0.0,0.0,0.0,,,2022,518876
Michael A. Taylor,WSN,cf,27,"6' 4""",215,R,R,2014,,1.00860101856483,0.227,0.644,6,28.0,71.1048330487786,0.280299820299224,0.32034632,0.130311614,0.075324675,0.301298701,88.5,8.0,2018,572191
Michael A. Taylor,WSN,cf,28,"6' 4""",215,R,R,2014,,0.165166552628849,0.25,0.669,1,3.0,73.8204382347729,0.28908156595732,0.396226415,0.113636363,0.072164948,0.350515463,91.5,9.0,2019,572191
Michael A. Taylor,WSN,cf,29,"6' 4""",215,R,R,2014,,-0.127638953155466,0.196,0.677,5,16.0,75.8284063457799,0.287102989476137,0.216666666,0.22826087,0.06060606,0.272727272,89.0,12.0,2020,572191
Michael A. Taylor,KCR,cf,30,"6' 4""",215,R,R,2014,,1.92688294212777,0.244,0.653,12,54.0,75.3045616300696,0.28552239226751,0.319277108,0.111801242,0.0625,0.272727272,89.4,12.0,2021,572191
Michael A. Taylor,KCR,cf,31,"6' 4""",215,R,R,2014,,1.80465487673194,0.254,0.67,9,43.0,88.1280356803977,0.297297106177796,0.321070234,0.103864734,0.076754385,0.239035087,86.3,12.0,2022,572191
Michael Brantley,CLE,dh,31,"6' 2""",209,L,L,2009,,3.50752693389719,0.309,0.832,17,76.0,125.017412270601,0.358829860183128,0.318637274,0.159649123,0.07606973,0.095087163,90.2,9.0,2018,488726
Michael Brantley,HOU,dh,32,"6' 2""",209,L,L,2009,,3.98887371459336,0.311,0.875,22,90.0,132.393426727189,0.366826303561779,0.3197556,0.191304348,0.080062794,0.103610675,88.8,11.0,2019,488726
Michael Brantley,HOU,dh,33,"6' 2""",209,L,L,2009,,1.14633289606826,0.3,0.84,5,22.0,131.399514673527,0.362059981427728,0.335766423,0.176470588,0.09090909,0.14973262,88.7,10.0,2020,488726
Michael Brantley,HOU,dh,34,"6' 2""",209,L,L,2009,,2.129137997991,0.311,0.799,8,47.0,121.425519195903,0.346525226236565,0.337408312,0.125799574,0.064960629,0.104330708,89.5,10.0,2021,488726
Michael Brantley,HOU,dh,35,"6' 2""",209,L,L,2009,,1.09476036960582,0.288,0.786,5,26.0,127.726832713533,0.344920999159778,0.311004784,0.127572017,0.111913357,0.108303249,89.8,11.0,2022,488726
Michael Conforto,NYM,dh,25,"5' 11""",215,L,R,2015,,3.44619580927694,0.243,0.798,28,82.0,119.352511735363,0.34233680055255,0.288888888,0.20441989,0.131661442,0.2492163,88.1,12.0,2018,624424
Michael Conforto,NYM,dh,26,"5' 11""",215,L,R,2015,,4.1419053283062,0.257,0.857,33,92.0,126.978616168871,0.358276454694164,0.29032258,0.236794171,0.129629629,0.229938271,89.2,16.0,2019,624424
Michael Conforto,NYM,dh,27,"5' 11""",215,L,R,2015,,1.92234918124692,0.322,0.927,9,31.0,158.25302814026,0.400733890451587,0.411764705,0.193069307,0.103004291,0.244635193,88.4,11.0,2020,624424
Michael Conforto,NYM,dh,28,"5' 11""",215,L,R,2015,,1.46017887487915,0.232,0.728,14,55.0,104.346171514351,0.321568963908348,0.275862068,0.15270936,0.123173277,0.217118997,88.5,13.0,2021,624424
Michael Feliz,PIT,P,25,"6' 4""",250,R,R,2015,,-0.0225068917836219,0.0,0.0,0,0.0,-100.0,0.0,0.0,0.0,0.0,0.5,87.3,-39.0,2018,593140
Michael Feliz,PIT,P,26,"6' 4""",250,R,R,2015,,0.0,0.0,0.0,0,0.0,,0.0,0.0,0.0,0.0,0.0,,,2019,593140
Michael Feliz,PIT,P,27,"6' 4""",250,R,R,2015,,0.0,,,0,,,0.0,0.0,0.0,0.0,0.0,,,2020,593140
Michael Feliz,- - -,P,28,"6' 4""",250,R,R,2015,,0.0,0.0,0.0,0,0.0,,0.0,0.0,0.0,0.0,0.0,,,2021,593140
Michael Feliz,BOS,P,29,"6' 4""",250,R,R,2015,,0.0,,,0,,,0.0,0.0,0.0,0.0,0.0,,,2022,593140
Michael Fulmer,DET,p,25,"6' 2""",221,R,R,2016,,-0.0769956534289015,0.0,0.0,0,0.0,-100.0,0.0,0.0,0.0,0.0,0.571428571,92.7,-19.0,2018,605242
Michael Fulmer,DET,p,27,"6' 2""",221,R,R,2016,,0.0,,,0,,,0.0,0.0,0.0,0.0,0.0,,,2020,605242
Michael Fulmer,DET,p,28,"6' 2""",221,R,R,2016,,0.0,0.0,0.0,0,0.0,,0.0,0.0,0.0,0.0,0.0,,,2021,605242
Michael Fulmer,- - -,p,29,"6' 2""",221,R,R,2016,,0.0,0.0,0.0,0,0.0,,0.0,0.0,0.0,0.0,0.0,,,2022,605242
Michael King,NYY,p,24,"6' 3""",210,R,R,2019,25000000.0,0.0,,,0,,,0.0,0.0,0.0,0.0,0.0,,,2019,650633
Michael King,NYY,p,25,"6' 3""",210,R,R,2019,25000000.0,0.0,,,0,,,0.0,0.0,0.0,0.0,0.0,,,2020,650633
Michael King,NYY,p,26,"6' 3""",210,R,R,2019,25000000.0,0.0,0.0,0.0,0,0.0,,0.0,0.0,0.0,0.0,0.0,,,2021,650633
Michael King,NYY,p,27,"6' 3""",210,R,R,2019,25000000.0,0.0,,,0,,,0.0,0.0,0.0,0.0,0.0,,,2022,650633
Michael Kopech,CHW,p,22,"6' 3""",220,R,R,2018,,0.0,,,0,,,0.0,0.0,0.0,0.0,0.0,,,2018,656629
Michael Kopech,CHW,p,25,"6' 3""",220,R,R,2018,,-0.0107783720547081,0.0,0.0,0,0.0,-100.0,0.0,0.0,0.0,0.0,0.0,80.4,-41.0,2021,656629
Michael Kopech,CHW,p,26,"6' 3""",220,R,R,2018,,0.0,,,0,,,0.0,0.0,0.0,0.0,0.0,,,2022,656629
Michael Lorenzen,CIN,p,26,"6' 1""",217,R,R,2015,8000000.0,0.436294983550905,0.29,1.043,4,10.0,172.030429054026,0.432356693527915,0.277777777,0.419354839,0.058823529,0.264705882,93.3,3.0,2018,547179
Michael Lorenzen,CIN,p,27,"6' 1""",217,R,R,2015,8000000.0,0.0353219102463936,0.208,0.596,1,6.0,53.02571577798111,0.262482790452129,0.3,0.104166667,0.094339622,0.320754716,96.5,0.0,2019,547179
Michael Lorenzen,CIN,p,28,"6' 1""",217,R,R,2015,8000000.0,0.0556819366602335,0.0,1.0,0,0.0,361.73328682128,0.728442668914795,0.0,0.0,0.0,0.0,,,2020,547179
Michael Lorenzen,CIN,p,29,"6' 1""",217,R,R,2015,8000000.0,-0.0072041418515229,0.0,0.0,0,0.0,-100.0,0.0,0.0,0.0,0.0,1.0,,,2021,547179
Michael Lorenzen,LAA,p,30,"6' 1""",217,R,R,2015,8000000.0,0.0,,,0,,,0.0,0.0,0.0,0.0,0.0,,,2022,547179
Michael Pineda,MIN,p,30,"6' 7""",280,R,R,2011,5500000.0,-0.0465500771396355,0.0,0.0,0,0.0,-100.0,0.0,0.0,0.0,0.0,0.25,81.7,-13.0,2019,501381
Michael Pineda,MIN,p,31,"6' 7""",280,R,R,2011,5500000.0,0.0,,,0,,,0.0,0.0,0.0,0.0,0.0,,,2020,501381
Michael Pineda,MIN,p,32,"6' 7""",280,R,R,2011,5500000.0,-0.0315137038856547,0.0,0.0,0,0.0,-100.0,0.0,0.0,0.0,0.0,0.333333333,82.2,-48.0,2021,501381
Michael Pineda,DET,p,33,"6' 7""",280,R,R,2011,5500000.0,0.0,,,0,,,0.0,0.0,0.0,0.0,0.0,,,2022,501381
Michael Pérez,TBR,C,25,"5' 10""",195,L,R,2018,,0.168487812000941,0.284,0.696,1,11.0,90.0561246033956,0.297832310954227,0.357142857,0.108108108,0.0375,0.2375,88.2,18.0,2018,605421
Michael Pérez,TBR,C,26,"5' 10""",195,L,R,2018,,0.301623046302782,0.217,0.671,0,2.0,92.1635945094396,0.30314416885376,0.37037037,0.108695652,0.145454545,0.345454545,92.5,16.0,2019,605421
Michael Pérez,TBR,C,27,"5' 10""",195,L,R,2018,,-0.298858230398877,0.167,0.475,1,13.0,36.2285848932515,0.216546286818802,0.228070175,0.071428572,0.075268817,0.29032258,87.3,15.0,2020,605421
Michael Pérez,PIT,C,28,"5' 10""",195,L,R,2018,,-0.689834109217678,0.143,0.511,7,21.0,35.8249922314273,0.22499268832414,0.17037037,0.147619048,0.082251082,0.294372294,85.7,10.0,2021,605421
Michael Pérez,- - -,C,29,"5' 10""",195,L,R,2018,,-0.242668208546633,0.149,0.512,6,14.0,41.6066368392443,0.228440137309882,0.144578313,0.148760331,0.075757575,0.242424242,88.8,18.0,2022,605421
Michael Soroka,ATL,p,20,"6' 5""",250,R,R,2018,7500000.0,-0.0196544997955405,0.125,0.25,0,0.0,-43.0959570887128,0.109941340982914,0.142857142,0.0,0.0,0.125,84.6,-6.0,2018,647336
Michael Soroka,ATL,p,21,"6' 5""",250,R,R,2018,7500000.0,-0.204847771172525,0.077,0.22,0,3.0,-42.5482263526698,0.112454463328634,0.133333333,0.0,0.031746031,0.349206349,79.1,-8.0,2019,647336
Michael Soroka,ATL,p,22,"6' 5""",250,R,R,2018,7500000.0,0.0,,,0,,,0.0,0.0,0.0,0.0,0.0,,,2020,647336
Michael Wacha,STL,p,26,"6' 6""",215,R,R,2013,16000000.0,-0.123071549579956,0.08,0.195,0,1.0,-48.2832224119192,0.0941765789802258,0.125,0.0,0.03125,0.28125,79.3,-1.0,2018,608379
Michael Wacha,STL,p,27,"6' 6""",215,R,R,2013,16000000.0,0.040048444336188,0.167,0.361,0,3.0,-8.67784765969226,0.154575015107791,0.4,0.027777778,0.0,0.538461538,81.9,7.0,2019,608379
Michael Wacha,NYM,p,28,"6' 6""",215,R,R,2013,16000000.0,0.0,,,0,,,0.0,0.0,0.0,0.0,0.0,,,2020,608379
Michael Wacha,TBR,p,29,"6' 6""",215,R,R,2013,16000000.0,-0.0303377329711327,0.0,0.0,0,0.0,-100.0,0.0,0.0,0.0,0.0,1.0,,,2021,608379
Michael Wacha,BOS,p,30,"6' 6""",215,R,R,2013,16000000.0,0.0,,,0,,,0.0,0.0,0.0,0.0,0.0,,,2022,608379
Mickey Moniak,PHI,RF,22,"6' 1""",195,L,R,2020,,-0.122845637140579,0.214,0.603,0,0.0,85.9621991127067,0.302379031976064,0.375,0.0,0.222222222,0.333333333,88.1,-8.0,2020,666160
Mickey Moniak,PHI,RF,23,"6' 1""",195,L,R,2020,,-0.310581692577891,0.091,0.349,1,3.0,-13.968624547901,0.147087495667594,0.125,0.090909091,0.081081081,0.432432432,90.9,9.0,2021,666160
Mickey Moniak,- - -,RF,24,"6' 1""",195,L,R,2020,,-0.473863354805168,0.17,0.509,3,8.0,39.2275555060003,0.223417328821646,0.254237288,0.132075472,0.035714285,0.392857142,84.9,19.0,2022,666160
Miguel Andujar,NYY,If,23,"6' 0""",211,R,R,2017,4000000.0,3.86913718541816,0.297,0.855,27,92.0,129.300064151173,0.360971102552698,0.315673289,0.230366492,0.041254125,0.160066006,89.2,12.0,2018,609280
Miguel Andujar,NYY,If,24,"6' 0""",211,R,R,2017,4000000.0,-0.916744883927112,0.128,0.271,0,1.0,-35.8913501418611,0.120570165770394,0.162162162,0.0,0.020408163,0.224489795,83.6,14.0,2019,609280
Miguel Andujar,NYY,If,25,"6' 0""",211,R,R,2017,4000000.0,-0.386032458775031,0.242,0.632,1,5.0,71.3744734123466,0.274117867763226,0.269230769,0.112903226,0.046153846,0.138461538,85.9,14.0,2020,609280
Miguel Andujar,NYY,If,26,"6' 0""",211,R,R,2017,4000000.0,-0.0345927483055489,0.253,0.667,6,12.0,82.88033850983,0.287747749943792,0.272727272,0.12987013,0.043209876,0.172839506,87.1,6.0,2021,609280
Miguel Andujar,- - -,If,27,"6' 0""",211,R,R,2017,4000000.0,-0.260922947503253,0.235,0.568,1,17.0,56.1278863607307,0.247406188079289,0.280373831,0.075757576,0.035714285,0.192857142,84.4,9.0,2022,609280
Miguel Cabrera,DET,dh,35,"6' 4""",267,R,R,2003,,0.768219342393197,0.299,0.843,3,22.0,126.890655599629,0.360077390483781,0.352380952,0.149253732,0.140127388,0.171974522,94.4,7.0,2018,408234
Miguel Cabrera,DET,dh,36,"6' 4""",267,R,R,2003,,-0.276035083798211,0.282,0.744,12,59.0,96.9873210250075,0.318409830823951,0.335978835,0.115618661,0.087431693,0.196721311,90.3,12.0,2019,408234
Miguel Cabrera,DET,dh,37,"6' 4""",267,R,R,2003,,0.277649195165143,0.25,0.746,10,35.0,105.040588050865,0.32260064923245,0.28275862,0.166666666,0.103896103,0.22077922,93.2,12.0,2020,408234
Miguel Cabrera,DET,dh,38,"6' 4""",267,R,R,2003,,-0.459169854950716,0.256,0.702,15,75.0,92.1582275365198,0.30486202817906,0.304597701,0.129237288,0.076045627,0.2243346,91.4,10.0,2021,408234
Miguel Cabrera,DET,dh,39,"6' 4""",267,R,R,2003,,-1.30773607126523,0.254,0.622,5,43.0,78.2009292897623,0.275267870065778,0.324324324,0.062972292,0.064665127,0.233256351,89.9,5.0,2022,408234
Miguel Castro,BAL,p,23,"6' 7""",201,R,R,2015,,0.0,0.0,0.0,0,0.0,,0.0,0.0,0.0,0.0,0.0,,,2018,612434
Miguel Castro,BAL,p,24,"6' 7""",201,R,R,2015,,0.0,0.0,0.0,0,0.0,,0.0,0.0,0.0,0.0,0.0,,,2019,612434
Miguel Castro,- - -,p,25,"6' 7""",201,R,R,2015,,0.0,,,0,,,0.0,0.0,0.0,0.0,0.0,,,2020,612434
Miguel Castro,NYM,p,26,"6' 7""",201,R,R,2015,,0.0,0.0,0.0,0,0.0,,0.0,0.0,0.0,0.0,0.0,,,2021,612434
Miguel Castro,NYY,p,27,"6' 7""",201,R,R,2015,,0.0,,,0,,,0.0,0.0,0.0,0.0,0.0,,,2022,612434
Miguel Díaz,SDP,P,23,"6' 0""",221,R,R,2017,,0.0,0.0,0.0,0,0.0,,0.0,0.0,0.0,0.0,0.0,,,2018,622766
Miguel Díaz,SDP,P,24,"6' 0""",221,R,R,2017,,-0.0119056735379302,0.0,0.0,0,0.0,-100.0,0.0,0.0,0.0,0.0,1.0,,,2019,622766
Miguel Díaz,SDP,P,26,"6' 0""",221,R,R,2017,,-0.0316518037194432,0.0,0.0,0,0.0,-100.0,0.0,0.0,0.0,0.0,0.333333333,74.5,-26.0,2021,622766
Miguel Díaz,DET,P,27,"6' 0""",221,R,R,2017,,0.0,,,0,,,0.0,0.0,0.0,0.0,0.0,,,2022,622766
Miguel González,CHW,p,34,"6' 1""",180,R,R,2012,,0.0,,,0,,,0.0,0.0,0.0,0.0,0.0,,,2018,456068
Miguel Montero,WSN,c,34,"5' 11""",221,L,R,2006,,-0.207748533243,0.0,0.154,0,0.0,-77.789143789743,0.0574607998132706,0.0,0.0,0.153846153,0.23076923,85.2,13.0,2018,471083
Miguel Rojas,MIA,ss,29,"5' 10""",188,R,R,2014,5500000.0,1.42414902042881,0.252,0.643,11,53.0,78.8459167205097,0.281603162534834,0.27184466,0.094262295,0.045454545,0.130681818,84.7,9.0,2018,500743
Miguel Rojas,MIA,ss,30,"5' 10""",188,R,R,2014,5500000.0,1.25997554315274,0.284,0.71,5,46.0,90.0084505978889,0.304999644054282,0.313539192,0.095238095,0.060836501,0.117870722,87.4,9.0,2019,500743
Miguel Rojas,MIA,ss,31,"5' 10""",188,R,R,2014,5500000.0,1.39662507929139,0.304,0.888,4,20.0,140.102453459899,0.378680519178404,0.330097087,0.192,0.111888111,0.125874125,87.2,12.0,2020,500743
Miguel Rojas,MIA,ss,32,"5' 10""",188,R,R,2014,5500000.0,1.92925233070765,0.265,0.714,9,48.0,92.7964276250221,0.311247392436386,0.295399515,0.127272727,0.06864564,0.13729128,86.2,12.0,2021,500743
Miguel Rojas,MIA,ss,33,"5' 10""",188,R,R,2014,5500000.0,1.09279186030004,0.236,0.606,6,36.0,67.9166920913115,0.268091280153482,0.257985257,0.087048833,0.051282051,0.120315581,86.1,10.0,2022,500743
Miguel Sanó,MIN,1b,25,"6' 4""",272,R,R,2015,,0.0906615697366339,0.199,0.679,13,41.0,83.1788871162734,0.294668344151615,0.285714285,0.19924812,0.103678929,0.384615384,90.3,12.0,2018,593934
Miguel Sanó,MIN,1b,26,"6' 4""",272,R,R,2015,,2.73576966947399,0.247,0.922,34,79.0,137.752369274642,0.378490676097826,0.319148936,0.328947368,0.125284738,0.362186788,93.9,16.0,2019,593934
Miguel Sanó,MIN,1b,27,"6' 4""",272,R,R,2015,,0.537586662893911,0.204,0.756,13,25.0,101.358858603918,0.31699428897278,0.301204819,0.274193548,0.087804878,0.43902439,95.2,20.0,2020,593934
Miguel Sanó,MIN,1b,28,"6' 4""",272,R,R,2015,,0.878440666824813,0.223,0.778,30,75.0,111.703920297187,0.331506800988935,0.290697674,0.242553191,0.110902255,0.343984962,93.4,18.0,2021,593934
Miguel Sanó,MIN,1b,29,"6' 4""",272,R,R,2015,,-0.914429733559005,0.083,0.344,1,3.0,7.90960710435437,0.176426943758844,0.114285714,0.05,0.126760563,0.352112676,93.9,30.0,2022,593934
Mike Clevinger,CLE,p,27,"6' 4""",215,R,R,2016,,-0.0445005443041318,0.0,0.0,0,0.0,-100.0,0.0,0.0,0.0,0.0,1.0,,,2018,605182
Mike Clevinger,CLE,p,28,"6' 4""",215,R,R,2016,,-0.0232997616229924,0.0,0.0,0,0.0,-100.0,0.0,0.0,0.0,0.0,0.5,82.9,-21.0,2019,605182
Mike Clevinger,- - -,p,29,"6' 4""",215,R,R,2016,,0.0,,,0,,,0.0,0.0,0.0,0.0,0.0,,,2020,605182
Mike Clevinger,SDP,p,31,"6' 4""",215,R,R,2016,,0.0,,,0,,,0.0,0.0,0.0,0.0,0.0,,,2022,605182
Mike Dunn,COL,p,33,"6' 0""",212,L,L,2009,6333333.0,0.0,0.0,0.0,0,0.0,,0.0,0.0,0.0,0.0,0.0,,,2018,445197
Mike Dunn,COL,p,34,"6' 0""",212,L,L,2009,6333333.0,0.0,0.0,0.0,0,0.0,,0.0,0.0,0.0,0.0,0.0,,,2019,445197
Mike Fiers,- - -,P,33,"6' 2""",211,R,R,2011,,0.0,,,0,,,0.0,0.0,0.0,0.0,0.0,,,2018,571666
Mike Fiers,OAK,P,34,"6' 2""",211,R,R,2011,,0.0,,,0,,,0.0,0.0,0.0,0.0,0.0,,,2019,571666
Mike Fiers,OAK,P,35,"6' 2""",211,R,R,2011,,0.0,,,0,,,0.0,0.0,0.0,0.0,0.0,,,2020,571666
Mike Fiers,OAK,P,36,"6' 2""",211,R,R,2011,,0.0,,,0,,,0.0,0.0,0.0,0.0,0.0,,,2021,571666
Mike Foltynewicz,ATL,P,26,"6' 4""",195,R,R,2014,,-0.495757895686645,0.052,0.121,0,4.0,-81.9218531542928,0.0518333850235775,0.176470588,0.01724138,0.0,0.621212121,76.0,-8.0,2018,592314
Mike Foltynewicz,ATL,P,27,"6' 4""",195,R,R,2014,,-0.323181611431321,0.057,0.114,0,1.0,-83.6684943481195,0.0496918439865112,0.125,0.0,0.0,0.5,77.5,-4.0,2019,592314
Mike Foltynewicz,ATL,P,28,"6' 4""",195,R,R,2014,,0.0,,,0,,,0.0,0.0,0.0,0.0,0.0,,,2020,592314
Mike Foltynewicz,TEX,P,29,"6' 4""",195,R,R,2014,,-0.021382285128895,0.0,0.0,0,0.0,-100.0,0.0,0.0,0.0,0.0,1.0,,,2021,592314
Mike Ford,NYY,1B,26,"6' 0""",225,L,R,2019,,0.926243832644687,0.259,0.909,12,25.0,134.42655201016,0.372398004398583,0.242718446,0.300699301,0.104294478,0.171779141,91.9,16.0,2019,645801
Mike Ford,NYY,1B,27,"6' 0""",225,L,R,2019,,-0.67499171102461,0.135,0.496,2,11.0,36.8328164780858,0.223682298546746,0.140350877,0.135135135,0.083333333,0.19047619,89.7,8.0,2020,645801
Mike Ford,NYY,1B,28,"6' 0""",225,L,R,2019,,-0.185123395533571,0.133,0.561,3,5.0,60.2641572408398,0.254280709884536,0.147058823,0.15,0.152777777,0.319444444,90.9,16.0,2021,645801
Mike Ford,- - -,1B,29,"6' 0""",225,L,R,2019,,-0.287749193617946,0.206,0.615,3,10.0,81.046819834617,0.280170568283772,0.272727272,0.106870229,0.114093959,0.268456375,88.7,18.0,2022,645801
Mike Freeman,CHC,SS,30,"6' 0""",195,L,R,2016,,-0.0232675775349576,0.0,0.0,0,0.0,-100.0,0.0,0.0,0.0,0.0,0.0,,,2018,502273
Mike Freeman,CLE,SS,31,"6' 0""",195,L,R,2016,,1.00388650506692,0.277,0.752,4,24.0,102.963109348916,0.327199370676769,0.387931034,0.11299435,0.103286384,0.286384976,85.6,9.0,2019,502273
Mike Freeman,CLE,SS,32,"6' 0""",195,L,R,2016,,0.0118736398188027,0.237,0.618,0,3.0,71.1820552914845,0.275217161622158,0.321428571,0.078947368,0.069767441,0.255813953,84.8,20.0,2020,502273
Mike Freeman,CIN,SS,33,"6' 0""",195,L,R,2016,,-0.292569953635826,0.186,0.448,0,3.0,19.6293063031698,0.20560011267662,0.282051282,0.0,0.076923076,0.307692307,80.1,11.0,2021,502273
Mike Leake,SEA,p,30,"5' 10""",165,R,R,2010,,-0.0413310318999782,0.0,0.0,0,0.0,-100.0,0.0,0.0,0.0,0.0,1.0,,,2018,502190
Mike Leake,- - -,p,31,"5' 10""",165,R,R,2010,,-0.143818288687551,0.048,0.139,0,1.0,-69.604972225394,0.0709046260877089,0.1,0.0,0.041666666,0.458333333,69.6,5.0,2019,502190
Mike Mayers,STL,P,26,"6' 2""",220,R,R,2016,,0.0356828771866006,0.0,0.5,0,0.0,119.151890739905,0.344764798879623,0.0,0.0,0.5,0.5,,,2018,594577
Mike Mayers,STL,P,27,"6' 2""",220,R,R,2016,,-0.0118616649980707,0.0,0.0,0,0.0,-100.0,0.0,0.0,0.0,0.0,1.0,,,2019,594577
Mike Mayers,LAA,P,28,"6' 2""",220,R,R,2016,,0.0,,,0,,,0.0,0.0,0.0,0.0,0.0,,,2020,594577
Mike Mayers,LAA,P,29,"6' 2""",220,R,R,2016,,0.0,0.0,0.0,0,0.0,,0.0,0.0,0.0,0.0,0.0,,,2021,594577
Mike Mayers,LAA,P,30,"6' 2""",220,R,R,2016,,0.0,,,0,,,0.0,0.0,0.0,0.0,0.0,,,2022,594577
Mike Minor,TEX,p,30,"6' 4""",210,R,L,2010,,0.0759612854591802,0.333,1.0,0,0.0,157.753491062857,0.41575829188029,0.5,0.333333333,0.0,0.333333333,99.5,27.0,2018,501985
Mike Minor,TEX,p,31,"6' 4""",210,R,L,2010,,-0.127200957877208,0.0,0.0,0,0.0,-100.0,0.0,0.0,0.0,0.0,0.6,87.5,-4.0,2019,501985
Mike Minor,- - -,p,32,"6' 4""",210,R,L,2010,,0.0,,,0,,,0.0,0.0,0.0,0.0,0.0,,,2020,501985
Mike Minor,KCR,p,33,"6' 4""",210,R,L,2010,,-0.0781076268008728,0.0,0.0,0,0.0,-100.0,0.0,0.0,0.0,0.0,0.571428571,85.4,-2.0,2021,501985
Mike Minor,CIN,p,34,"6' 4""",210,R,L,2010,,0.0,,,0,,,0.0,0.0,0.0,0.0,0.0,,,2022,501985
Mike Montgomery,CHC,P,28,"6' 5""",220,L,L,2015,,-0.113850153131592,0.091,0.209,0,1.0,-48.215372334933,0.0978859347455642,0.23076923,0.0,0.028571428,0.571428571,79.2,-8.0,2018,543557
Mike Montgomery,- - -,P,29,"6' 5""",220,L,L,2015,,-0.0016589572406605,0.167,0.334,0,0.0,-17.6009883500976,0.144934544960658,0.333333333,0.0,0.0,0.5,84.2,36.0,2019,543557
Mike Montgomery,KCR,P,30,"6' 5""",220,L,L,2015,,0.0,,,0,,,0.0,0.0,0.0,0.0,0.0,,,2020,543557
Mike Morin,SEA,P,27,"6' 4""",220,R,R,2014,,0.0,0.0,0.0,0,0.0,,0.0,0.0,0.0,0.0,0.0,,,2018,573046
Mike Morin,- - -,P,28,"6' 4""",220,R,R,2014,,0.0,0.0,0.0,0,0.0,,0.0,0.0,0.0,0.0,0.0,,,2019,573046
Mike Morin,MIA,P,29,"6' 4""",220,R,R,2014,,0.0,,,0,,,0.0,0.0,0.0,0.0,0.0,,,2020,573046
Mike Moustakas,- - -,3b,29,"6' 0""",230,L,R,2011,,1.94591645854068,0.251,0.774,28,95.0,105.053533881524,0.328735808153001,0.258928571,0.207678883,0.077165354,0.162204724,89.5,20.0,2018,519058
Mike Moustakas,MIL,3b,30,"6' 0""",230,L,R,2011,,2.73238439948922,0.254,0.845,35,87.0,112.943599972617,0.348231128563329,0.25,0.261950287,0.090753424,0.167808219,89.5,17.0,2019,519058
Mike Moustakas,CIN,3b,31,"6' 0""",230,L,R,2011,,0.535795148160343,0.23,0.799,8,27.0,104.934431112444,0.339551334763751,0.24742268,0.237410072,0.110429447,0.220858895,88.8,16.0,2020,519058
Mike Moustakas,CIN,3b,32,"6' 0""",230,L,R,2011,,-0.39778401593519,0.208,0.654,6,22.0,70.3009841593916,0.283566695393868,0.23880597,0.163934426,0.08737864,0.22330097,87.0,19.0,2021,519058
Mike Moustakas,CIN,3b,33,"6' 0""",230,L,R,2011,,-0.463798886817666,0.214,0.64,7,25.0,76.0886995616552,0.28571103121105,0.2716763,0.130952381,0.084210526,0.263157894,87.6,19.0,2022,519058
Mike Tauchman,COL,RF,27,"6' 1""",215,L,L,2017,,-0.405214510787125,0.094,0.319,0,0.0,-21.2558698876952,0.160123742289013,0.176470588,0.03125,0.108108108,0.405405405,81.4,-1.0,2018,643565
Mike Tauchman,NYY,RF,28,"6' 1""",215,L,L,2017,,3.02459670480994,0.277,0.865,13,47.0,128.455342526149,0.36356912170713,0.333333333,0.226923077,0.114864864,0.239864864,88.7,11.0,2019,643565
Mike Tauchman,NYY,RF,29,"6' 1""",215,L,L,2017,,0.116933046883926,0.242,0.647,0,14.0,79.2516423151945,0.285619617612274,0.328571428,0.063157894,0.126126126,0.234234234,84.9,11.0,2020,643565
Mike Tauchman,- - -,RF,30,"6' 1""",215,L,L,2017,,-0.108517508774559,0.181,0.567,4,15.0,63.270169137581,0.259609905042146,0.25,0.102409639,0.120418848,0.303664921,87.5,10.0,2021,643565
Mike Trout,LAA,RF,26,"6' 1""",235,R,R,2011,,9.41622068580653,0.312,1.088,39,79.0,188.316303483878,0.446560934954083,0.346153846,0.316348196,0.200657894,0.203947368,91.1,19.0,2018,545361
Mike Trout,LAA,RF,27,"6' 1""",235,R,R,2011,,7.64515668565495,0.291,1.083,45,104.0,176.56422379657,0.436430159790931,0.297734627,0.35319149,0.183333333,0.2,90.9,22.0,2019,545361
Mike Trout,LAA,RF,28,"6' 1""",235,R,R,2011,,2.35515089443268,0.281,0.993,17,46.0,159.769393235213,0.407018456277968,0.3,0.32160804,0.145228215,0.232365145,93.7,23.0,2020,545361
Mike Trout,LAA,RF,29,"6' 1""",235,R,R,2011,,2.14720638127248,0.333,1.09,8,18.0,189.15439794741,0.450738621941695,0.455882352,0.29059829,0.184931506,0.280821917,91.9,13.0,2021,545361
Mike Trout,LAA,RF,30,"6' 1""",235,R,R,2011,,6.02759184072984,0.283,0.999,40,80.0,175.874761709265,0.417791318747759,0.323076923,0.347031964,0.108216432,0.278557114,91.6,25.0,2022,545361
Mike Wright Jr.,BAL,P,28,"6' 6""",240,R,R,2015,,-0.0107838129030816,0.0,0.0,0,0.0,-100.0,0.0,0.0,0.0,0.0,0.0,73.8,-44.0,2018,605541
Mike Wright Jr.,- - -,P,29,"6' 6""",240,R,R,2015,,0.0,,,0,,,0.0,0.0,0.0,0.0,0.0,,,2019,605541
Mike Wright Jr.,CHW,P,31,"6' 6""",240,R,R,2015,,-0.0108322088442246,,,0,,,0.0,0.0,0.0,0.0,0.0,,,2021,605541
Mike Yastrzemski,SFG,rf,28,"5' 10""",180,L,L,2019,11500000.0,2.47417824986324,0.272,0.852,21,55.0,120.151486988636,0.352538654594375,0.325203252,0.245283019,0.07785888,0.260340632,89.6,20.0,2019,573262
Mike Yastrzemski,SFG,rf,29,"5' 10""",180,L,L,2019,11500000.0,1.88370602717467,0.297,0.968,10,35.0,158.004308546342,0.406737177361287,0.37007874,0.270833333,0.133333333,0.244444444,88.2,18.0,2020,573262
Mike Yastrzemski,SFG,rf,30,"5' 10""",180,L,L,2019,11500000.0,2.128273042787,0.224,0.768,25,71.0,106.338247982647,0.325834505245853,0.253968253,0.232905983,0.095864661,0.246240601,89.5,19.0,2021,573262
Mike Yastrzemski,SFG,rf,31,"5' 10""",180,L,L,2019,11500000.0,1.50073238048822,0.214,0.697,17,57.0,98.986049291935,0.306777165971924,0.261261261,0.177319588,0.109318996,0.252688172,89.9,20.0,2022,573262
Mike Zagurski,MIL,P,35,"6' 0""",240,L,L,2007,,0.0,0.0,0.0,0,0.0,,0.0,0.0,0.0,0.0,0.0,,,2018,489448
Mike Zunino,SEA,c,27,"6' 2""",235,R,R,2013,6000000.0,1.95934225495218,0.201,0.669,20,44.0,82.8520464919586,0.287604725949558,0.268292682,0.209115281,0.059259259,0.37037037,89.5,18.0,2018,572287
Mike Zunino,TBR,c,28,"6' 2""",235,R,R,2013,6000000.0,0.56667080852098,0.165,0.544,9,32.0,46.2410782638668,0.235244271870715,0.220125786,0.146616542,0.069204152,0.339100346,88.4,19.0,2019,572287
Mike Zunino,TBR,c,29,"6' 2""",235,R,R,2013,6000000.0,-0.232772362453074,0.147,0.598,4,10.0,66.4342138391806,0.260650658891315,0.205882352,0.213333334,0.071428571,0.44047619,88.2,27.0,2020,572287
Mike Zunino,TBR,c,30,"6' 2""",235,R,R,2013,6000000.0,4.0704385306161,0.216,0.86,33,62.0,133.13631652814,0.358497362931569,0.23076923,0.342342342,0.090666666,0.352,90.7,23.0,2021,572287
Mike Zunino,TBR,c,31,"6' 2""",235,R,R,2013,6000000.0,-0.284955863193231,0.148,0.499,5,16.0,41.4038197802467,0.219120097838766,0.184615384,0.15652174,0.048780487,0.373983739,91.8,21.0,2022,572287
Miles Mikolas,STL,p,29,"6' 4""",230,R,R,2012,2250000.0,0.282965376059878,0.143,0.421,2,6.0,9.92356517250575,0.181290536215811,0.24137931,0.111111111,0.028169014,0.464788732,83.0,6.0,2018,571945
Miles Mikolas,STL,p,30,"6' 4""",230,R,R,2012,2250000.0,-0.0992736449985939,0.136,0.289,0,2.0,-28.8439187340743,0.123795170905226,0.25,0.016949152,0.0,0.43548387,81.6,5.0,2019,571945
Miles Mikolas,STL,p,32,"6' 4""",230,R,R,2012,2250000.0,-0.0682886704155796,0.0,0.111,0,0.0,-56.8429198370358,0.0768573946423001,0.0,0.0,0.066666666,0.333333333,92.2,30.0,2021,571945
Miles Mikolas,STL,p,33,"6' 4""",230,R,R,2012,2250000.0,0.0,,,0,,,0.0,0.0,0.0,0.0,0.0,,,2022,571945
Mitch Garver,MIN,c,27,"6' 1""",220,R,R,2017,,0.3493934576126,0.268,0.749,7,45.0,103.55523435939,0.324527977819902,0.330357142,0.145695364,0.086567164,0.214925373,88.9,13.0,2018,641598
Mitch Garver,MIN,c,28,"6' 1""",220,R,R,2017,,3.92842572157508,0.273,0.995,31,67.0,155.304333223454,0.404442575980694,0.276923076,0.356913183,0.114206128,0.242339832,91.0,15.0,2019,641598
Mitch Garver,MIN,c,29,"6' 1""",220,R,R,2017,,-0.35722691177979,0.167,0.511,2,5.0,42.8716854494916,0.231594973140293,0.294117647,0.097222222,0.086419753,0.456790123,92.4,19.0,2020,641598
Mitch Garver,MIN,c,30,"6' 1""",220,R,R,2017,,2.10053365199594,0.256,0.875,13,34.0,138.786861350558,0.371583676141967,0.32,0.260869565,0.127572016,0.292181069,92.3,19.0,2021,641598
Mitch Garver,TEX,c,31,"6' 1""",220,R,R,2017,,0.195190476952487,0.207,0.702,10,24.0,100.328757223372,0.308263291869053,0.228346456,0.196808511,0.106976744,0.246511627,88.9,18.0,2022,641598
Mitch Haniger,SEA,rf,27,"6' 1""",214,R,R,2016,14500000.0,4.98438580589485,0.285,0.859,26,93.0,136.771236839143,0.366618263177212,0.335664335,0.208053691,0.102489019,0.216691068,90.2,13.0,2018,571745
Mitch Haniger,SEA,rf,28,"6' 1""",214,R,R,2016,14500000.0,1.1948193015514,0.22,0.777,15,32.0,106.574109006203,0.325508841808806,0.256578947,0.243902439,0.106007067,0.286219081,88.4,18.0,2019,571745
Mitch Haniger,SEA,rf,30,"6' 1""",214,R,R,2016,14500000.0,2.13987969498612,0.253,0.803,39,100.0,120.258038750957,0.339864804713577,0.28095238,0.232258064,0.078147612,0.244573082,89.3,15.0,2021,571745
Mitch Haniger,SEA,rf,31,"6' 1""",214,R,R,2016,14500000.0,0.934349505519727,0.246,0.737,11,34.0,114.331990929993,0.319141500122179,0.293333333,0.183035714,0.080971659,0.263157894,91.9,18.0,2022,571745
Mitch Keller,PIT,P,23,"6' 3""",213,R,R,2019,,-0.134889791541057,0.0,0.0,0,0.0,-100.0,0.0,0.0,0.0,0.0,0.272727272,87.9,-13.0,2019,656605
Mitch Keller,PIT,P,24,"6' 3""",213,R,R,2019,,0.0,,,0,,,0.0,0.0,0.0,0.0,0.0,,,2020,656605
Mitch Keller,PIT,P,25,"6' 3""",213,R,R,2019,,-0.0043661964869144,0.107,0.274,0,0.0,-23.2995733369454,0.134019968907038,0.214285714,0.0,0.0625,0.4375,86.8,-34.0,2021,656605
Mitch Keller,PIT,P,26,"6' 3""",213,R,R,2019,,0.0,,,0,,,0.0,0.0,0.0,0.0,0.0,,,2022,656605
Mitch Moreland,BOS,1b,32,"6' 3""",245,L,L,2010,,0.892757274137855,0.245,0.758,15,68.0,100.700475702238,0.325368489556553,0.287671232,0.188118812,0.108932461,0.222222222,91.0,12.0,2018,519048
Mitch Moreland,BOS,1b,33,"6' 3""",245,L,L,2010,,0.874983796057474,0.252,0.835,19,58.0,112.193123227682,0.347157605548403,0.2705314,0.255033557,0.101492537,0.220895522,90.8,10.0,2019,519048
Mitch Moreland,- - -,1b,34,"6' 3""",245,L,L,2010,,0.891961083707172,0.265,0.893,10,29.0,135.545297203543,0.371666875680288,0.276595744,0.286764706,0.09868421,0.210526315,88.2,12.0,2020,519048
Mitch Moreland,OAK,1b,35,"6' 3""",245,L,L,2010,,-0.112273130029051,0.227,0.701,10,30.0,93.5523083531581,0.299832138277236,0.25609756,0.187772926,0.071428571,0.23015873,91.0,13.0,2021,519048
Mookie Betts,BOS,SS,25,"5' 9""",180,R,R,2014,,10.186041822156,0.346,1.078,32,80.0,184.996973602166,0.448897133664329,0.368159203,0.294230769,0.131921824,0.148208469,92.1,18.0,2018,605141
Mookie Betts,BOS,SS,26,"5' 9""",180,R,R,2014,,5.8021917647058,0.295,0.915,29,80.0,134.630028136589,0.380332258343697,0.308823529,0.229480737,0.137393767,0.14305949,91.0,19.0,2019,605141
Mookie Betts,LAD,SS,27,"5' 9""",180,R,R,2014,,2.7399487311744,0.292,0.928,16,39.0,146.620540319424,0.389520244209134,0.289156626,0.269406393,0.097560975,0.154471544,90.7,19.0,2020,605141
Mookie Betts,LAD,SS,28,"5' 9""",180,R,R,2014,,3.92113847318133,0.264,0.854,23,58.0,130.717203370309,0.365386722840532,0.276243093,0.223175966,0.123636363,0.156363636,90.3,19.0,2021,605141
Mookie Betts,LAD,SS,29,"5' 9""",180,R,R,2014,,5.98945044391607,0.269,0.873,35,82.0,144.266313345214,0.373393480020323,0.272311212,0.263986014,0.086071987,0.162754303,90.5,19.0,2022,605141
Mychal Givens,BAL,p,28,"6' 0""",250,R,R,2015,5000000.0,0.0,0.0,0.0,0,0.0,,0.0,0.0,0.0,0.0,0.0,,,2018,571710
Mychal Givens,BAL,p,29,"6' 0""",250,R,R,2015,5000000.0,0.0,0.0,0.0,0,0.0,,0.0,0.0,0.0,0.0,0.0,,,2019,571710
Mychal Givens,- - -,p,30,"6' 0""",250,R,R,2015,5000000.0,0.0,,,0,,,0.0,0.0,0.0,0.0,0.0,,,2020,571710
Mychal Givens,- - -,p,31,"6' 0""",250,R,R,2015,5000000.0,0.0,0.0,0.0,0,0.0,,0.0,0.0,0.0,0.0,0.0,,,2021,571710
Mychal Givens,- - -,p,32,"6' 0""",250,R,R,2015,5000000.0,0.0,0.0,0.0,0,0.0,,0.0,0.0,0.0,0.0,0.0,,,2022,571710
Myles Straw,HOU,CF,23,"5' 9""",178,R,R,2018,,0.21429327164906,0.333,1.067,1,1.0,192.557285028771,0.447941952943802,0.25,0.333333333,0.1,0.0,84.2,10.0,2018,664702
Myles Straw,HOU,CF,24,"5' 9""",178,R,R,2018,,1.00457571448693,0.269,0.721,0,7.0,102.860367208657,0.323159452029101,0.345238095,0.074074074,0.1484375,0.1875,84.3,9.0,2019,664702
Myles Straw,HOU,CF,25,"5' 9""",178,R,R,2018,,-0.252589841682147,0.207,0.5,0,8.0,36.5002896696789,0.223494062590045,0.283333333,0.048780487,0.046511627,0.255813953,87.4,16.0,2020,664702
Myles Straw,- - -,CF,26,"5' 9""",178,R,R,2018,,3.07678026417675,0.271,0.697,4,48.0,97.8022350921679,0.310829292567596,0.336343115,0.076241135,0.105015673,0.189655172,87.1,12.0,2021,664702
Myles Straw,CLE,CF,27,"5' 9""",178,R,R,2018,,1.46789906821612,0.221,0.564,0,32.0,65.3671586967557,0.257015197666406,0.261061946,0.052336449,0.090604026,0.145973154,87.0,10.0,2022,664702
Nabil Crismatt,STL,P,25,"6' 1""",220,R,R,2020,,0.0,,,0,,,0.0,0.0,0.0,0.0,0.0,,,2020,622503
Nabil Crismatt,SDP,P,26,"6' 1""",220,R,R,2020,,-0.11605660865723,0.0,0.0,0,0.0,-100.0,0.0,0.0,0.0,0.0,0.545454545,68.5,-38.0,2021,622503
Nabil Crismatt,SDP,P,27,"6' 1""",220,R,R,2020,,0.0,,,0,,,0.0,0.0,0.0,0.0,0.0,,,2022,622503
Nate Jones,CHW,p,32,"6' 5""",230,R,R,2012,,0.0,0.0,0.0,0,0.0,,0.0,0.0,0.0,0.0,0.0,,,2018,518858
Nate Jones,CHW,p,33,"6' 5""",230,R,R,2012,,0.0,,,0,,,0.0,0.0,0.0,0.0,0.0,,,2019,518858
Nate Jones,CIN,p,34,"6' 5""",230,R,R,2012,,0.0,,,0,,,0.0,0.0,0.0,0.0,0.0,,,2020,518858
Nate Jones,- - -,p,35,"6' 5""",230,R,R,2012,,-0.0109010490316112,0.0,0.0,0,0.0,-100.0,0.0,0.0,0.0,0.0,0.0,69.2,20.0,2021,518858
Nate Karns,BAL,P,31,"6' 3""",225,R,R,2013,,0.0,,,0,,,0.0,0.0,0.0,0.0,0.0,,,2019,501992
Nathan Eovaldi,- - -,p,28,"6' 2""",217,R,R,2011,25000000.0,0.0262851126923821,0.111,0.311,0,1.0,-8.55653456906351,0.156906032562256,0.5,0.0,0.1,0.7,84.1,3.0,2018,543135
Nathan Eovaldi,BOS,p,29,"6' 2""",217,R,R,2011,25000000.0,-0.0243594777684169,0.0,0.0,0,0.0,-100.0,0.0,0.0,0.0,0.0,0.5,,,2019,543135
Nathan Eovaldi,BOS,p,30,"6' 2""",217,R,R,2011,25000000.0,0.0,,,0,,,0.0,0.0,0.0,0.0,0.0,,,2020,543135
Nathan Eovaldi,BOS,p,31,"6' 2""",217,R,R,2011,25000000.0,0.0228540120539811,0.0,0.333,0,0.0,36.2245033202322,0.2305721839269,0.0,0.0,0.333333333,0.333333333,70.3,-38.0,2021,543135
Nathan Eovaldi,BOS,p,32,"6' 2""",217,R,R,2011,25000000.0,0.0,,,0,,,0.0,0.0,0.0,0.0,0.0,,,2022,543135
Nathaniel Lowe,TBR,1B,23,"6' 4""",220,L,R,2019,,0.0839663857413448,0.263,0.779,7,19.0,109.09635036484,0.328180522961024,0.340206185,0.190789474,0.076923076,0.295857988,91.3,13.0,2019,663993
Nathaniel Lowe,TBR,1B,24,"6' 4""",220,L,R,2019,,0.159292070426874,0.224,0.749,4,11.0,102.888946480502,0.313879581722053,0.314285714,0.208955223,0.118421052,0.368421052,88.9,7.0,2020,663993
Nathaniel Lowe,TEX,1B,25,"6' 4""",220,L,R,2019,,2.03477152662412,0.264,0.772,18,72.0,113.898696426609,0.337003415264189,0.339473684,0.150807899,0.124610591,0.252336448,90.8,5.0,2021,663993
Nathaniel Lowe,TEX,1B,26,"6' 4""",220,L,R,2019,,3.08563471265329,0.302,0.85,27,76.0,142.720314374945,0.368309775741067,0.362768496,0.190556493,0.074418604,0.227906976,90.2,8.0,2022,663993
Neftalí Feliz,- - -,p,33,"6' 3""",235,R,R,2009,5350000.0,0.0,0.0,0.0,0,0.0,,0.0,0.0,0.0,0.0,0.0,,,2021,491703
Neil Ramírez,CLE,P,29,"6' 4""",215,R,R,2014,,-0.0111251360760329,0.0,0.0,0,0.0,-100.0,0.0,0.0,0.0,0.0,1.0,,,2018,519166
Neil Ramírez,- - -,P,30,"6' 4""",215,R,R,2014,,0.0,0.0,0.0,0,0.0,,0.0,0.0,0.0,0.0,0.0,,,2019,519166
Neil Walker,NYY,1b,32,"6' 2""",214,S,R,2009,,-0.566817849252024,0.219,0.663,11,46.0,81.8413345537814,0.291424767126011,0.256916996,0.135446686,0.105527638,0.218592964,88.1,14.0,2018,435522
Neil Walker,MIA,1b,33,"6' 2""",214,S,R,2009,,0.705779389862108,0.261,0.739,8,38.0,99.4218588632342,0.319367501767058,0.316205533,0.133531157,0.11023622,0.202099737,86.2,12.0,2019,435522
Neil Walker,PHI,1b,34,"6' 2""",214,S,R,2009,,-0.179520312117588,0.231,0.552,0,3.0,42.64952638765649,0.236787138915643,0.333333333,0.076923077,0.024390243,0.31707317,86.9,22.0,2020,435522
Nelson Cruz,SEA,dh,37,"6' 2""",230,R,R,2005,1000000.0,2.84201124568432,0.256,0.851,37,97.0,132.828590761237,0.360840683605891,0.264462809,0.252408478,0.093062605,0.20642978,93.8,13.0,2018,443558
Nelson Cruz,MIN,dh,38,"6' 2""",230,R,R,2005,1000000.0,4.53780878710719,0.311,1.031,41,108.0,164.021598081582,0.417331708245911,0.350877192,0.328193832,0.107485604,0.251439539,93.7,13.0,2019,443558
Nelson Cruz,MIN,dh,39,"6' 2""",230,R,R,2005,1000000.0,1.9444847617042,0.303,0.992,16,33.0,166.039710421955,0.411437227395163,0.36036036,0.291891892,0.116822429,0.271028037,91.6,9.0,2020,443558
Nelson Cruz,- - -,dh,40,"6' 2""",230,R,R,2005,1000000.0,1.87823406526836,0.265,0.831,32,86.0,123.01302908287,0.346223847594178,0.285714285,0.231968811,0.087328767,0.215753424,92.9,12.0,2021,443558
Nelson Cruz,WSN,dh,41,"6' 2""",230,R,R,2005,1000000.0,-0.460316638904422,0.234,0.65,10,64.0,86.9866317307175,0.291587318625175,0.295031055,0.102678571,0.096646942,0.234714003,90.9,7.0,2022,443558
Nestor Cortes,BAL,p,23,"5' 10""",225,R,L,2018,,0.0,,,0,,,0.0,0.0,0.0,0.0,0.0,,,2018,641482
Nestor Cortes,NYY,p,24,"5' 10""",225,R,L,2018,,0.0,0.0,0.0,0,0.0,,0.0,0.0,0.0,0.0,0.0,,,2019,641482
Nestor Cortes,SEA,p,25,"5' 10""",225,R,L,2018,,0.0,,,0,,,0.0,0.0,0.0,0.0,0.0,,,2020,641482
Nestor Cortes,NYY,p,26,"5' 10""",225,R,L,2018,,-0.01041277413204,0.0,0.0,0,0.0,-100.0,0.0,0.0,0.0,0.0,0.0,65.2,4.0,2021,641482
Nestor Cortes,NYY,p,27,"5' 10""",225,R,L,2018,,0.0,,,0,,,0.0,0.0,0.0,0.0,0.0,,,2022,641482
Nick Ahmed,ARI,ss,28,"6' 1""",201,R,R,2014,,4.03736704834159,0.234,0.701,16,70.0,84.5880711055317,0.299671270311835,0.265151515,0.176356589,0.070921985,0.193262411,86.9,12.0,2018,605113
Nick Ahmed,ARI,ss,29,"6' 1""",201,R,R,2014,,3.39868574111115,0.254,0.753,19,82.0,90.8674524597115,0.314701268623113,0.279816513,0.183453237,0.0832,0.1808,87.8,8.0,2019,605113
Nick Ahmed,ARI,ss,30,"6' 1""",201,R,R,2014,,1.50155470618651,0.266,0.729,5,29.0,96.1208525984535,0.31828015026409,0.324324324,0.135678392,0.082949308,0.211981566,87.7,9.0,2020,605113
Nick Ahmed,ARI,ss,31,"6' 1""",201,R,R,2014,,1.53390468509726,0.221,0.619,5,38.0,65.5084625678462,0.268927801368583,0.279141104,0.117511521,0.071881606,0.21987315,87.2,10.0,2021,605113
Nick Ahmed,ARI,ss,32,"6' 1""",201,R,R,2014,,0.346774132012634,0.231,0.701,3,7.0,92.0376560265554,0.301914850870768,0.264705882,0.211538462,0.037037037,0.277777777,86.9,4.0,2022,605113
Nick Anderson,- - -,P,28,"6' 4""",205,R,R,2019,,0.0,0.0,0.0,0,0.0,,0.0,0.0,0.0,0.0,0.0,,,2019,623433
Nick Anderson,TBR,P,29,"6' 4""",205,R,R,2019,,0.0,,,0,,,0.0,0.0,0.0,0.0,0.0,,,2020,623433
Nick Anderson,TBR,P,30,"6' 4""",205,R,R,2019,,0.0,,,0,,,0.0,0.0,0.0,0.0,0.0,,,2021,623433
Nick Burdi,PIT,P,25,"6' 3""",225,R,R,2018,,0.0,0.0,0.0,0,0.0,,0.0,0.0,0.0,0.0,0.0,,,2018,595897
Nick Burdi,PIT,P,26,"6' 3""",225,R,R,2018,,0.0,0.0,0.0,0,0.0,,0.0,0.0,0.0,0.0,0.0,,,2019,595897
Nick Burdi,PIT,P,27,"6' 3""",225,R,R,2018,,0.0,0.0,0.0,0,0.0,,0.0,0.0,0.0,0.0,0.0,,,2020,595897
Nick Castellanos,DET,rf,26,"6' 3""",203,R,R,2013,20000000.0,1.98878312496758,0.298,0.854,23,89.0,128.848741498478,0.362946782477012,0.360801781,0.201612904,0.072271386,0.222713864,89.5,15.0,2018,592206
Nick Castellanos,- - -,rf,27,"6' 3""",203,R,R,2013,20000000.0,2.26710975344931,0.289,0.862,27,73.0,121.557072364814,0.357456347251909,0.337053571,0.235772358,0.061746987,0.215361445,88.9,14.0,2019,592206
Nick Castellanos,CIN,rf,28,"6' 3""",203,R,R,2013,20000000.0,0.299001796258109,0.225,0.784,14,34.0,98.1367891917791,0.3292571142996,0.257352941,0.26146789,0.078512396,0.285123966,91.0,17.0,2020,592206
Nick Castellanos,CIN,rf,29,"6' 3""",203,R,R,2013,20000000.0,3.69707045694498,0.309,0.938,34,100.0,140.282134262973,0.391244028354513,0.340314136,0.267419962,0.07008547,0.206837606,89.8,14.0,2021,592206
Nick Castellanos,PHI,rf,30,"6' 3""",203,R,R,2013,20000000.0,-0.195298057375448,0.263,0.694,13,62.0,94.6565171414772,0.304206971733374,0.326370757,0.125954199,0.051971326,0.23297491,87.5,15.0,2022,592206
Nick Franklin,MIL,2B,27,"6' 1""",190,S,R,2013,,-0.0469941662222667,0.0,0.0,0,0.0,-100.0,0.0,0.0,0.0,0.0,0.0,85.7,-17.0,2018,545338
Nick Goody,CLE,P,26,"5' 11""",200,R,R,2015,,0.0,,,0,,,0.0,0.0,0.0,0.0,0.0,,,2018,580792
Nick Goody,CLE,P,27,"5' 11""",200,R,R,2015,,0.0,0.0,0.0,0,0.0,,0.0,0.0,0.0,0.0,0.0,,,2019,580792
Nick Goody,TEX,P,28,"5' 11""",200,R,R,2015,,0.0,,,0,,,0.0,0.0,0.0,0.0,0.0,,,2020,580792
Nick Hundley,SFG,c,34,"6' 0""",203,R,R,2008,,-0.421045156846022,0.241,0.706,10,31.0,91.4750006016238,0.303663153262815,0.310160427,0.166666667,0.072131147,0.278688524,88.9,16.0,2018,460026
Nick Hundley,OAK,c,35,"6' 0""",203,R,R,2008,,-0.184146185959497,0.2,0.59,2,5.0,53.5153545429627,0.248147168388105,0.24,0.157142857,0.02739726,0.246575342,84.1,15.0,2019,460026
Nick Markakis,ATL,rf,34,"6' 1""",210,L,L,2006,,2.52871128034772,0.297,0.806,14,93.0,113.710707487209,0.344622718172965,0.317843866,0.142857143,0.102127659,0.113475177,90.6,10.0,2018,455976
Nick Markakis,ATL,rf,35,"6' 1""",210,L,L,2006,,0.606951645805077,0.285,0.776,9,62.0,101.36763884614,0.33211588834086,0.30965909,0.135265701,0.100213219,0.125799573,91.2,7.0,2019,455976
Nick Markakis,ATL,rf,36,"6' 1""",210,L,L,2006,,0.0094684701718116,0.254,0.704,1,15.0,87.9406033096222,0.306880464790561,0.301886792,0.138461539,0.070921985,0.163120567,89.0,10.0,2020,455976
Nick Martinez,SDP,p,31,"6' 1""",200,L,R,2014,13000000.0,0.0,,,0,,,0.0,0.0,0.0,0.0,0.0,,,2022,607259
Nick Martini,OAK,RF,28,"5' 11""",205,L,L,2018,,1.18128825442144,0.296,0.811,1,19.0,130.629566072899,0.356895987907153,0.379310344,0.118421053,0.117318435,0.201117318,88.0,3.0,2018,605361
Nick Martini,- - -,RF,29,"5' 11""",205,L,L,2018,,-0.0794085491232268,0.226,0.653,1,7.0,80.787956481928,0.291400516798737,0.298507462,0.096774194,0.128440366,0.23853211,87.1,5.0,2019,605361
Nick Martini,CHC,RF,31,"5' 11""",205,L,L,2018,,-0.142395306222282,0.27,0.653,0,4.0,78.1646251954525,0.286630163138563,0.344827586,0.027027027,0.133333333,0.222222222,89.3,20.0,2021,605361
Nick Mears,PIT,P,23,"6' 3""",217,R,R,2020,,0.0,,,0,,,0.0,0.0,0.0,0.0,0.0,,,2020,683232
Nick Mears,PIT,P,24,"6' 3""",217,R,R,2020,,-0.0113667349422349,0.0,0.0,0,0.0,-100.0,0.0,0.0,0.0,0.0,1.0,,,2021,683232
Nick Mears,PIT,P,25,"6' 3""",217,R,R,2020,,0.0,,,0,,,0.0,0.0,0.0,0.0,0.0,,,2022,683232
Nick Pivetta,PHI,p,25,"6' 5""",210,R,R,2017,13750000.0,-0.036588744344595,0.1,0.268,0,1.0,-30.6426394309509,0.12535538701784,0.2,0.025,0.044444444,0.444444444,81.4,-10.0,2018,601713
Nick Pivetta,PHI,p,26,"6' 5""",210,R,R,2017,13750000.0,-0.128970499391875,0.08,0.195,0,0.0,-54.0082408390785,0.0934426555266747,0.333333333,0.0,0.037037037,0.703703703,85.7,-4.0,2019,601713
Nick Pivetta,- - -,p,27,"6' 5""",210,R,R,2017,13750000.0,0.0,,,0,,,0.0,0.0,0.0,0.0,0.0,,,2020,601713
Nick Pivetta,BOS,p,28,"6' 5""",210,R,R,2017,13750000.0,-0.0227943126892659,0.0,0.0,0,0.0,-100.0,0.0,0.0,0.0,0.0,1.0,,,2021,601713
Nick Pivetta,BOS,p,29,"6' 5""",210,R,R,2017,13750000.0,0.0,,,0,,,0.0,0.0,0.0,0.0,0.0,,,2022,601713
Nick Senzel,CIN,3B,24,"6' 0""",217,R,R,2019,,0.840937400868168,0.256,0.742,12,42.0,87.3240728515768,0.314833002014673,0.319391634,0.170666666,0.072463768,0.243961352,87.6,11.0,2019,669222
Nick Senzel,CIN,3B,25,"6' 0""",217,R,R,2019,,-0.0926149956907935,0.186,0.604,2,8.0,52.1666904584176,0.259640865511708,0.203703703,0.171428572,0.076923076,0.192307692,88.3,16.0,2020,669222
Nick Senzel,CIN,3B,26,"6' 0""",217,R,R,2019,,-0.143499927253643,0.252,0.638,1,8.0,72.0290539847499,0.286225610683041,0.284210526,0.063063063,0.096774193,0.129032258,88.9,10.0,2021,669222
Nick Senzel,CIN,3B,27,"6' 0""",217,R,R,2019,,-0.692707247596937,0.231,0.602,5,25.0,66.5068885102216,0.271697911335961,0.276450511,0.075067024,0.071428571,0.18095238,87.2,12.0,2022,669222
Nick Solak,TEX,1B,24,"5' 9""",185,R,R,2019,,0.386249994641443,0.293,0.884,5,17.0,126.413563960104,0.374619610274016,0.353658536,0.198275862,0.111111111,0.214814814,88.3,6.0,2019,669256
Nick Solak,TEX,1B,25,"5' 9""",185,R,R,2019,,-0.344691601975727,0.268,0.67,2,23.0,86.0290907967755,0.29702095514715,0.319526627,0.076555024,0.077253218,0.18025751,89.9,9.0,2020,669256
Nick Solak,TEX,1B,26,"5' 9""",185,R,R,2019,,1.16094776163289,0.242,0.676,11,49.0,88.2674971379581,0.299074802862403,0.29239766,0.120087336,0.066536203,0.209393346,86.9,7.0,2021,669256
Nick Solak,TEX,1B,27,"5' 9""",185,R,R,2019,,-0.138759881700376,0.207,0.638,3,4.0,88.4102087674228,0.291380993229278,0.233333333,0.121951219,0.07368421,0.2,86.7,6.0,2022,669256
Nick Tropeano,LAA,P,27,"6' 4""",205,R,R,2014,,0.0,,,0,,,0.0,0.0,0.0,0.0,0.0,,,2018,607374
Nick Tropeano,LAA,P,28,"6' 4""",205,R,R,2014,,0.0,,,0,,,0.0,0.0,0.0,0.0,0.0,,,2019,607374
Nick Tropeano,PIT,P,29,"6' 4""",205,R,R,2014,,0.0,,,0,,,0.0,0.0,0.0,0.0,0.0,,,2020,607374
Nick Tropeano,- - -,P,30,"6' 4""",205,R,R,2014,,-0.0106321031413529,0.0,0.0,0,0.0,-100.0,0.0,0.0,0.0,0.0,1.0,,,2021,607374
Nick Vincent,SEA,p,31,"5' 10""",185,R,R,2012,,0.0,0.0,0.0,0,0.0,,0.0,0.0,0.0,0.0,0.0,,,2018,543883
Nick Vincent,- - -,p,32,"5' 10""",185,R,R,2012,,-0.0359197526891863,0.0,0.0,0,0.0,-100.0,0.0,0.0,0.0,0.0,1.0,,,2019,543883
Nick Vincent,MIA,p,33,"5' 10""",185,R,R,2012,,0.0,,,0,,,0.0,0.0,0.0,0.0,0.0,,,2020,543883
Nick Vincent,MIN,p,34,"5' 10""",185,R,R,2012,,0.0,,,0,,,0.0,0.0,0.0,0.0,0.0,,,2021,543883
Nick Wittgren,MIA,P,27,"6' 2""",215,R,R,2016,,0.0,0.0,0.0,0,0.0,,0.0,0.0,0.0,0.0,0.0,,,2018,621295
Nick Wittgren,CLE,P,28,"6' 2""",215,R,R,2016,,0.0,0.0,0.0,0,0.0,,0.0,0.0,0.0,0.0,0.0,,,2019,621295
Nick Wittgren,CLE,P,29,"6' 2""",215,R,R,2016,,0.0,,,0,,,0.0,0.0,0.0,0.0,0.0,,,2020,621295
Nick Wittgren,CLE,P,30,"6' 2""",215,R,R,2016,,0.0,0.0,0.0,0,0.0,,0.0,0.0,0.0,0.0,0.0,,,2021,621295
Nick Wittgren,STL,P,31,"6' 2""",215,R,R,2016,,0.0,,,0,,,0.0,0.0,0.0,0.0,0.0,,,2022,621295
Nicky Lopez,KCR,3B,24,"5' 10""",185,L,R,2019,,-0.281898799627418,0.24,0.601,2,30.0,55.568495383353,0.259730414230021,0.273006134,0.084432718,0.044776119,0.126865671,85.0,3.0,2019,670032
Nicky Lopez,KCR,3B,25,"5' 10""",185,L,R,2019,,0.163411674032196,0.201,0.552,1,13.0,53.4298612659907,0.253876029498993,0.259842519,0.065088758,0.09375,0.213541666,84.9,1.0,2020,670032
Nicky Lopez,KCR,3B,26,"5' 10""",185,L,R,2019,,5.45379151168113,0.3,0.743,2,43.0,104.474180164923,0.328687097237296,0.346698113,0.078470825,0.086725663,0.130973451,86.8,3.0,2021,670032
Nicky Lopez,KCR,3B,27,"5' 10""",185,L,R,2019,,0.89572361333391,0.227,0.554,0,20.0,55.1235014782011,0.250547084148894,0.264705882,0.045871559,0.060416666,0.13125,84.9,5.0,2022,670032
Nico Hoerner,CHC,2B,22,"5' 11""",200,R,R,2019,,0.422411026671778,0.282,0.741,3,17.0,84.9453756842295,0.305286425867198,0.292307692,0.153846153,0.036585365,0.134146341,85.6,4.0,2019,663538
Nico Hoerner,CHC,2B,23,"5' 11""",200,R,R,2019,,0.480345742035876,0.222,0.571,0,13.0,63.3294247604923,0.265391906738281,0.279069767,0.037037037,0.095238095,0.19047619,87.5,1.0,2020,663538
Nico Hoerner,CHC,2B,24,"5' 11""",200,R,R,2019,,1.55743210371438,0.302,0.751,0,16.0,106.052583429089,0.329540303367341,0.36,0.067114094,0.1,0.147058823,87.0,8.0,2021,663538
Nico Hoerner,CHC,2B,25,"5' 11""",200,R,R,2019,,4.2818753903696,0.281,0.737,10,55.0,108.3265926712,0.319586204041747,0.300480769,0.128898129,0.054158607,0.11025145,87.2,11.0,2022,663538
Niko Goodrum,DET,3B,26,"6' 3""",220,S,R,2017,,1.84362853867978,0.245,0.747,16,53.0,101.045107132386,0.322203153262556,0.312080536,0.186936937,0.085365853,0.268292682,87.8,11.0,2018,592348
Niko Goodrum,DET,3B,27,"6' 3""",220,S,R,2017,,2.76403597055367,0.248,0.743,12,45.0,95.0156709956319,0.315494597844004,0.338181818,0.172576832,0.097457627,0.292372881,89.3,13.0,2019,592348
Niko Goodrum,DET,3B,28,"6' 3""",220,S,R,2017,,0.674643963439812,0.184,0.598,5,20.0,63.2366429971965,0.261561140667793,0.275862068,0.151898734,0.100558659,0.38547486,88.8,16.0,2020,592348
Niko Goodrum,DET,3B,29,"6' 3""",220,S,R,2017,,1.02461208122905,0.214,0.651,9,33.0,79.4376508182715,0.286038335286654,0.301136363,0.144827586,0.089230769,0.329230769,88.0,13.0,2021,592348
Niko Goodrum,HOU,3B,30,"6' 3""",220,S,R,2017,,-0.36141877839555,0.116,0.319,0,1.0,-12.9896977105051,0.145599873860677,0.25,0.046511628,0.044444444,0.511111111,81.9,8.0,2022,592348
Noah Syndergaard,NYM,p,25,"6' 6""",242,L,R,2015,13000000.0,-0.0079505593563831,0.128,0.313,0,3.0,-17.9942749177237,0.13677963796927,0.375,0.042553191,0.019230769,0.615384615,84.7,17.0,2018,592789
Noah Syndergaard,NYM,p,26,"6' 6""",242,L,R,2015,13000000.0,0.0307373210036012,0.092,0.332,2,2.0,-13.5687079793902,0.143756495679126,0.25,0.107692308,0.04347826,0.68115942,88.2,22.0,2019,592789
Noah Syndergaard,NYM,p,28,"6' 6""",242,L,R,2015,13000000.0,0.0,0.0,0.0,0,0.0,,0.0,0.0,0.0,0.0,0.0,,,2021,592789
Noah Syndergaard,- - -,p,29,"6' 6""",242,L,R,2015,13000000.0,0.0,,,0,,,0.0,0.0,0.0,0.0,0.0,,,2022,592789
Nolan Arenado,COL,3B,27,"6' 2""",215,R,R,2013,,5.95122309429972,0.297,0.935,38,110.0,132.804236661356,0.39069454151338,0.314220183,0.26440678,0.108469539,0.18127786,89.8,15.0,2018,571448
Nolan Arenado,COL,3B,28,"6' 2""",215,R,R,2013,,6.13360330718017,0.315,0.962,41,118.0,129.532538376338,0.391557436476472,0.311688311,0.268707483,0.093655589,0.140483383,89.3,18.0,2019,571448
Nolan Arenado,COL,3B,29,"6' 2""",215,R,R,2013,,0.555762919583776,0.253,0.737,8,26.0,76.1376714999335,0.307852779373978,0.240506329,0.181318682,0.074626865,0.099502487,87.8,19.0,2020,571448
Nolan Arenado,STL,3B,30,"6' 2""",215,R,R,2013,,4.25720677259903,0.255,0.806,34,105.0,111.54142665216,0.335943981750991,0.24893617,0.239460371,0.076569678,0.147013782,89.0,20.0,2021,571448
Nolan Arenado,STL,3B,31,"6' 2""",215,R,R,2013,,7.21083551303263,0.293,0.891,30,103.0,149.238733197317,0.381004755365597,0.289760348,0.240574506,0.083870967,0.116129032,88.8,22.0,2022,571448
Nomar Mazara,TEX,OF,23,"6' 4""",225,L,L,2016,,0.55184108635592,0.258,0.753,20,77.0,94.8892683631928,0.323636645234926,0.297752808,0.177914111,0.074626865,0.21641791,90.5,5.0,2018,608577
Nomar Mazara,TEX,OF,24,"6' 4""",225,L,L,2016,,0.762055663873509,0.268,0.787,19,66.0,94.0874968359083,0.326823086759008,0.311688311,0.2004662,0.059701492,0.230277185,89.1,11.0,2019,608577
Nomar Mazara,CHW,OF,25,"6' 4""",225,L,L,2016,,-0.0417507107986179,0.228,0.589,1,15.0,65.0476092633812,0.266857662456948,0.329670329,0.066176471,0.067114093,0.295302013,91.0,7.0,2020,608577
Nomar Mazara,DET,OF,26,"6' 4""",225,L,L,2016,,-0.221184138544973,0.212,0.597,3,19.0,64.2903575132521,0.263623628497782,0.27118644,0.109090909,0.082872928,0.248618784,90.4,11.0,2021,608577
Nomar Mazara,SDP,OF,27,"6' 4""",225,L,L,2016,,0.226344822488325,0.264,0.668,2,18.0,94.2604337829929,0.29735035017917,0.341880341,0.088050314,0.058479532,0.233918128,86.1,18.0,2022,608577
Noé Ramirez,LAA,P,28,"6' 3""",205,R,R,2015,,0.0,0.0,0.0,0,0.0,,0.0,0.0,0.0,0.0,0.0,,,2018,598287
Noé Ramirez,LAA,P,29,"6' 3""",205,R,R,2015,,0.0,0.0,0.0,0,0.0,,0.0,0.0,0.0,0.0,0.0,,,2019,598287
Noé Ramirez,LAA,P,30,"6' 3""",205,R,R,2015,,0.0,,,0,,,0.0,0.0,0.0,0.0,0.0,,,2020,598287
Noé Ramirez,- - -,P,31,"6' 3""",205,R,R,2015,,0.0,0.0,0.0,0,0.0,,0.0,0.0,0.0,0.0,0.0,,,2021,598287
Noé Ramirez,ARI,P,32,"6' 3""",205,R,R,2015,,0.0,0.0,0.0,0,0.0,,0.0,0.0,0.0,0.0,0.0,,,2022,598287
Odrisamer Despaigne,- - -,P,31,"6' 0""",200,R,R,2014,,0.0198808635420412,0.2,0.4,0,0.0,10.084996886942,0.175906145572662,0.25,0.0,0.0,0.2,81.8,-21.0,2018,628333
Odrisamer Despaigne,CHW,P,32,"6' 0""",200,R,R,2014,,0.0,,,0,,,0.0,0.0,0.0,0.0,0.0,,,2019,628333
Odúbel Herrera,PHI,CF,26,"5' 11""",205,L,R,2015,,1.39539682828259,0.255,0.73,22,71.0,95.9883846833767,0.314875030296448,0.289926289,0.165454546,0.063651591,0.204355108,86.7,13.0,2018,546318
Odúbel Herrera,PHI,CF,27,"5' 11""",205,L,R,2015,,-0.290317305566073,0.222,0.629,1,16.0,63.2289449212376,0.272383922724415,0.29032258,0.119047619,0.07913669,0.237410071,87.6,11.0,2019,546318
Odúbel Herrera,PHI,CF,29,"5' 11""",205,L,R,2015,,1.41910226315788,0.26,0.726,13,51.0,93.4568180412315,0.312378936762712,0.284931506,0.155555555,0.058943089,0.156504065,88.9,7.0,2021,546318
Odúbel Herrera,PHI,CF,30,"5' 11""",205,L,R,2015,,0.538522524699689,0.238,0.657,5,21.0,82.8335545621951,0.286916232956242,0.280575539,0.140540541,0.055837563,0.213197969,86.9,4.0,2022,546318
Oliver Drake,- - -,P,31,"6' 4""",220,R,R,2015,,0.0,0.0,0.0,0,0.0,,0.0,0.0,0.0,0.0,0.0,,,2018,543118
Oliver Drake,TBR,P,32,"6' 4""",220,R,R,2015,,0.0618282772645305,1.0,2.0,0,1.0,475.277739153304,0.869607269763947,1.0,0.0,0.0,0.0,96.2,-1.0,2019,543118
Oliver Drake,TBR,P,33,"6' 4""",220,R,R,2015,,0.0,,,0,,,0.0,0.0,0.0,0.0,0.0,,,2020,543118
Oliver Pérez,CLE,p,36,"6' 3""",225,L,L,2002,,0.0,0.0,0.0,0,0.0,,0.0,0.0,0.0,0.0,0.0,,,2018,424144
Oliver Pérez,CLE,p,37,"6' 3""",225,L,L,2002,,0.0,0.0,0.0,0,0.0,,0.0,0.0,0.0,0.0,0.0,,,2019,424144
Oliver Pérez,CLE,p,38,"6' 3""",225,L,L,2002,,0.0,,,0,,,0.0,0.0,0.0,0.0,0.0,,,2020,424144
Oliver Pérez,CLE,p,39,"6' 3""",225,L,L,2002,,0.0,0.0,0.0,0,0.0,,0.0,0.0,0.0,0.0,0.0,,,2021,424144
Oliver Pérez,ARI,p,40,"6' 3""",225,L,L,2002,,0.0,,,0,,,0.0,0.0,0.0,0.0,0.0,,,2022,424144
Omar Narváez,CHW,c,26,"5' 11""",240,L,R,2016,7500000.0,0.506433736622989,0.275,0.795,9,30.0,121.503209963706,0.347603832666403,0.330097087,0.153571428,0.118012422,0.201863354,85.6,13.0,2018,553882
Omar Narváez,SEA,c,27,"5' 11""",240,L,R,2016,7500000.0,1.19076114271984,0.278,0.813,22,55.0,119.576231030481,0.344733457927149,0.30599369,0.18224299,0.097510373,0.190871369,85.5,18.0,2019,553882
Omar Narváez,MIL,c,28,"5' 11""",240,L,R,2016,7500000.0,0.545429408704406,0.176,0.563,2,10.0,60.3160002712293,0.26207418195785,0.253731343,0.092592593,0.126984126,0.309523809,81.6,19.0,2020,553882
Omar Narváez,MIL,c,29,"5' 11""",240,L,R,2016,7500000.0,2.76232711273393,0.266,0.744,11,49.0,100.132994214181,0.322204592540793,0.307947019,0.135549872,0.092134831,0.188764044,84.6,18.0,2021,553882
Omar Narváez,MIL,c,30,"5' 11""",240,L,R,2016,7500000.0,1.31608783999106,0.206,0.597,4,23.0,71.0086844324803,0.269302786815734,0.247524752,0.099236641,0.097972972,0.192567567,84.7,18.0,2022,553882
Orlando Arcia,MIL,ss,23,"5' 11""",187,R,R,2016,,-0.0254711769882328,0.236,0.575,3,30.0,54.503470030646,0.253486131968564,0.305019305,0.071839081,0.040983606,0.237704918,86.2,4.0,2018,606115
Orlando Arcia,MIL,ss,24,"5' 11""",187,R,R,2016,,-0.920390270847816,0.223,0.633,15,59.0,60.88468358337511,0.26877264952173,0.252659574,0.127530365,0.078754578,0.199633699,87.9,7.0,2019,606115
Orlando Arcia,MIL,ss,25,"5' 11""",187,R,R,2016,,1.02731584555958,0.26,0.733,5,20.0,96.6790601511246,0.317141712657989,0.291970802,0.156069365,0.074074074,0.169312169,89.0,10.0,2020,606115
Orlando Arcia,- - -,ss,26,"5' 11""",187,R,R,2016,,-0.349728758819214,0.198,0.567,2,14.0,49.1093464235268,0.244975961744785,0.229508196,0.111111111,0.078651685,0.213483146,88.2,9.0,2021,606115
Orlando Arcia,ATL,ss,27,"5' 11""",187,R,R,2016,,0.662542363652518,0.244,0.732,9,30.0,105.410653188262,0.320822356093643,0.278145695,0.172248804,0.089743589,0.217948717,90.7,12.0,2022,606115
Ozzie Albies,ATL,2B,21,"5' 7""",165,S,R,2017,,3.9683956427025695,0.261,0.757,24,72.0,99.7826125482713,0.323777529540558,0.284860557,0.190923318,0.052631578,0.169590643,86.8,16.0,2018,645277
Ozzie Albies,ATL,2B,22,"5' 7""",165,S,R,2017,,4.21255078524799,0.295,0.852,24,86.0,115.573485464344,0.353798532622984,0.324803149,0.2046875,0.076923076,0.159544159,88.9,16.0,2019,645277
Ozzie Albies,ATL,2B,23,"5' 7""",165,S,R,2017,,0.690115919547502,0.271,0.772,6,19.0,102.678788455867,0.329199693856701,0.31707317,0.194915254,0.04032258,0.241935483,86.7,18.0,2020,645277
Ozzie Albies,ATL,2B,24,"5' 7""",165,S,R,2017,,3.66568906835226,0.259,0.798,30,106.0,107.863313867612,0.335861211370306,0.278242677,0.228934817,0.068513119,0.186588921,89.6,21.0,2021,645277
Ozzie Albies,ATL,2B,25,"5' 7""",165,S,R,2017,,1.06265833765857,0.247,0.703,8,35.0,94.2802275586704,0.304544432455722,0.270408163,0.16194332,0.059479553,0.174721189,87.1,17.0,2022,645277
Pablo López,MIA,P,22,"6' 4""",225,L,R,2018,,0.106544823028381,0.188,0.423,0,0.0,21.4961647309317,0.195771869491128,0.375,0.0,0.055555555,0.444444444,89.1,-7.0,2018,641154
Pablo López,MIA,P,23,"6' 4""",225,L,R,2018,,0.0686855466200058,0.171,0.4,0,3.0,0.844687122387416,0.168907356262207,0.375,0.057142857,0.0,0.527777777,87.5,6.0,2019,641154
Pablo López,MIA,P,24,"6' 4""",225,L,R,2018,,0.0,,,0,,,0.0,0.0,0.0,0.0,0.0,,,2020,641154
Pablo López,MIA,P,25,"6' 4""",225,L,R,2018,,-0.185259069884921,0.061,0.182,0,0.0,-60.5810491632493,0.0752513047420617,0.125,0.060606061,0.0,0.485714285,79.6,-6.0,2021,641154
Pablo López,MIA,P,26,"6' 4""",225,L,R,2018,,0.0,,,0,,,0.0,0.0,0.0,0.0,0.0,,,2022,641154
Pablo Reyes,PIT,OF,24,"5' 8""",175,R,R,2018,,0.720604743735975,0.293,0.832,3,7.0,126.228006247295,0.358556379401495,0.318181818,0.189655172,0.079365079,0.174603174,91.6,9.0,2018,622569
Pablo Reyes,PIT,OF,25,"5' 8""",175,R,R,2018,,-0.474721317776174,0.203,0.596,2,19.0,57.1794277764669,0.259870877311488,0.257142857,0.118881119,0.082802547,0.229299363,88.2,12.0,2019,622569
Pablo Reyes,MIL,OF,27,"5' 8""",175,R,R,2018,,0.31082536075643,0.256,0.692,1,3.0,87.6309144384372,0.302968118079873,0.306451612,0.102564102,0.103448275,0.172413793,87.1,15.0,2021,622569
Pablo Reyes,MIL,OF,28,"5' 8""",175,R,R,2018,,-0.0220830370284361,0.267,0.58,0,0.0,67.3890659067791,0.264009200036526,0.307692307,0.0,0.0625,0.125,83.6,1.0,2022,622569
Pablo Sandoval,SFG,3b,31,"5' 10""",268,S,R,2008,,0.251642258328989,0.248,0.727,9,40.0,97.1347904935992,0.312133758068085,0.282352941,0.169565218,0.075396825,0.206349206,89.6,10.0,2018,467055
Pablo Sandoval,SFG,3b,32,"5' 10""",268,S,R,2008,,0.984653183743846,0.268,0.82,14,41.0,109.528028524532,0.336323875066352,0.304123711,0.238970589,0.06081081,0.226351351,89.6,11.0,2019,467055
Pablo Sandoval,- - -,3b,33,"5' 10""",268,S,R,2008,,-0.425642128487918,0.214,0.549,1,6.0,55.429478980160894,0.251665599802707,0.261538461,0.047619047,0.085106382,0.202127659,91.9,8.0,2020,467055
Pablo Sandoval,ATL,3b,34,"5' 10""",268,S,R,2008,,-0.083563236104273,0.178,0.644,4,11.0,78.4376800807749,0.290585108274637,0.204545454,0.164383562,0.127906976,0.290697674,91.5,14.0,2021,467055
Paolo Espino,WSN,P,33,"5' 10""",212,R,R,2017,,0.0,,,0,,,0.0,0.0,0.0,0.0,0.0,,,2020,502179
Paolo Espino,WSN,P,34,"5' 10""",212,R,R,2017,,0.0188022379248889,0.167,0.334,0,0.0,-14.2074822737549,0.146509220202764,0.333333333,0.0,0.0,0.454545454,86.9,3.0,2021,502179
Paolo Espino,WSN,P,35,"5' 10""",212,R,R,2017,,0.0,,,0,,,0.0,0.0,0.0,0.0,0.0,,,2022,502179
Pat Neshek,PHI,p,37,"6' 3""",220,S,R,2006,,0.0,0.0,0.0,0,0.0,,0.0,0.0,0.0,0.0,0.0,,,2018,450212
Pat Neshek,PHI,p,38,"6' 3""",220,S,R,2006,,0.0,0.0,0.0,0,0.0,,0.0,0.0,0.0,0.0,0.0,,,2019,450212
Pat Valaika,COL,SS,25,"6' 0""",200,R,R,2016,,-1.33506223291255,0.156,0.46,2,5.0,9.76527925971783,0.206550888887799,0.188888888,0.090163935,0.067669172,0.225563909,84.8,16.0,2018,642162
Pat Valaika,COL,SS,26,"6' 0""",200,R,R,2016,,-0.199726001969883,0.19,0.572,1,4.0,35.5752778917914,0.248148746268694,0.318181818,0.126582279,0.081395348,0.395348837,88.8,20.0,2019,642162
Pat Valaika,BAL,SS,27,"6' 0""",200,R,R,2016,,0.111670446859375,0.277,0.79,8,16.0,111.572042824792,0.336939882912092,0.313131313,0.19858156,0.053333333,0.226666666,88.7,18.0,2020,642162
Pat Valaika,BAL,SS,28,"6' 0""",200,R,R,2016,,-0.843991048961763,0.201,0.54,5,25.0,45.5410673975926,0.238429473340511,0.259668508,0.088803089,0.056939501,0.270462633,86.8,20.0,2021,642162
Patrick Corbin,ARI,p,28,"6' 4""",225,L,L,2012,,0.30748047645607,0.197,0.435,0,5.0,14.8215614856297,0.19525669964533,0.333333333,0.016393443,0.029850746,0.373134328,81.8,-5.0,2018,571578
Patrick Corbin,WSN,p,29,"6' 4""",225,L,L,2012,,-0.279181505349156,0.092,0.24,0,4.0,-42.0096347313687,0.11228800082908,0.157894736,0.015384615,0.041666666,0.375,81.6,-7.0,2019,571578
Patrick Corbin,WSN,p,30,"6' 4""",225,L,L,2012,,0.0,,,0,,,0.0,0.0,0.0,0.0,0.0,,,2020,571578
Patrick Corbin,WSN,p,31,"6' 4""",225,L,L,2012,,0.0563031722500437,0.132,0.311,0,0.0,-13.9287083725813,0.146938158997468,0.24137931,0.0,0.047619047,0.38095238,85.4,1.0,2021,571578
Patrick Corbin,WSN,p,32,"6' 4""",225,L,L,2012,,0.0,,,0,,,0.0,0.0,0.0,0.0,0.0,,,2022,571578
Patrick Sandoval,LAA,P,22,"6' 3""",190,L,L,2019,,-0.0233679359993381,0.0,0.0,0,0.0,-100.0,0.0,0.0,0.0,0.0,1.0,,,2019,663776
Patrick Sandoval,LAA,P,23,"6' 3""",190,L,L,2019,,0.0,,,0,,,0.0,0.0,0.0,0.0,0.0,,,2020,663776
Patrick Sandoval,LAA,P,24,"6' 3""",190,L,L,2019,,0.0350420727167688,0.25,0.5,0,0.0,33.0674614572712,0.219763830304146,0.5,0.0,0.0,0.5,89.8,-33.0,2021,663776
Patrick Sandoval,LAA,P,25,"6' 3""",190,L,L,2019,,0.0,,,0,,,0.0,0.0,0.0,0.0,0.0,,,2022,663776
Patrick Wisdom,STL,1B,26,"6' 2""",220,R,R,2018,,0.269377110033962,0.26,0.882,4,10.0,142.053978651995,0.379040724244611,0.333333333,0.26,0.103448275,0.327586206,90.5,17.0,2018,621550
Patrick Wisdom,TEX,1B,27,"6' 2""",220,R,R,2018,,-0.267653360973766,0.154,0.377,0,1.0,-13.8352851523106,0.167251129945119,0.363636363,0.038461539,0.035714285,0.535714285,94.3,22.0,2019,621550
Patrick Wisdom,CHC,1B,28,"6' 2""",220,R,R,2018,,-0.0457292185837531,0.0,0.0,0,0.0,-100.0,0.0,0.0,0.0,0.0,0.0,87.9,48.0,2020,621550
Patrick Wisdom,CHC,1B,29,"6' 2""",220,R,R,2018,,2.34104625596477,0.231,0.823,28,61.0,116.962418505969,0.346326851493232,0.318471337,0.286982249,0.085333333,0.408,91.2,19.0,2021,621550
Patrick Wisdom,CHC,1B,30,"6' 2""",220,R,R,2018,,1.21633133268554,0.207,0.724,25,66.0,106.125620449022,0.316367346205209,0.273764258,0.219616205,0.099250936,0.342696629,90.7,21.0,2022,621550
Paul Blackburn,OAK,p,24,"6' 1""",196,R,R,2017,2000000.0,-0.0205442153997231,0.0,0.0,0,0.0,-100.0,0.0,0.0,0.0,0.0,0.0,64.6,-43.0,2018,621112
Paul Blackburn,OAK,p,25,"6' 1""",196,R,R,2017,2000000.0,0.0,,,0,,,0.0,0.0,0.0,0.0,0.0,,,2019,621112
Paul Blackburn,OAK,p,26,"6' 1""",196,R,R,2017,2000000.0,0.0,,,0,,,0.0,0.0,0.0,0.0,0.0,,,2020,621112
Paul Blackburn,OAK,p,27,"6' 1""",196,R,R,2017,2000000.0,0.0,,,0,,,0.0,0.0,0.0,0.0,0.0,,,2021,621112
Paul Blackburn,OAK,p,28,"6' 1""",196,R,R,2017,2000000.0,0.0,,,0,,,0.0,0.0,0.0,0.0,0.0,,,2022,621112
Paul DeJong,STL,3b,24,"6' 0""",205,R,R,2017,,1.31933111022003,0.241,0.746,19,68.0,103.10398197429,0.320747035729567,0.287625418,0.19266055,0.073469387,0.251020408,89.3,19.0,2018,657557
Paul DeJong,STL,3b,25,"6' 0""",205,R,R,2017,,3.38709201402181,0.233,0.762,30,78.0,100.771498419575,0.32162955974202,0.258536585,0.210977702,0.093373493,0.22439759,86.9,18.0,2019,657557
Paul DeJong,STL,3b,26,"6' 0""",205,R,R,2017,,0.280141681265161,0.25,0.671,3,25.0,86.8797235639252,0.296364661605879,0.339805825,0.09868421,0.097701149,0.287356321,89.2,22.0,2020,657557
Paul DeJong,STL,3b,27,"6' 0""",205,R,R,2017,,1.25236469312663,0.197,0.674,19,45.0,83.9418519154632,0.293477566236287,0.216101694,0.193820225,0.087064676,0.256218905,86.3,16.0,2021,657557
Paul DeJong,STL,3b,28,"6' 0""",205,R,R,2017,,0.0258858252017203,0.157,0.531,6,25.0,53.2823022365754,0.240671266986348,0.212598425,0.128571428,0.088607594,0.333333333,87.6,22.0,2022,657557
Paul Goldschmidt,ARI,1b,30,"6' 2""",225,R,R,2011,4000000.0,4.60931471292985,0.29,0.922,33,83.0,144.95332686438,0.390015653276865,0.359173126,0.242833052,0.130434782,0.250724637,90.8,16.0,2018,502671
Paul Goldschmidt,STL,1b,31,"6' 2""",225,R,R,2011,4000000.0,3.01098028903815,0.26,0.822,34,97.0,116.559881390756,0.345727658289372,0.3025,0.216080402,0.114369501,0.243401759,89.9,15.0,2019,502671
Paul Goldschmidt,STL,1b,32,"6' 2""",225,R,R,2011,4000000.0,2.05851210463131,0.304,0.883,6,21.0,146.6232664785,0.386839153973953,0.363636363,0.162303665,0.16017316,0.186147186,89.2,12.0,2020,502671
Paul Goldschmidt,STL,1b,33,"6' 2""",225,R,R,2011,4000000.0,4.8293250890268,0.294,0.879,31,99.0,135.916144705112,0.373448432988571,0.331065759,0.220563847,0.098674521,0.20029455,92.6,17.0,2021,502671
Paul Goldschmidt,STL,1b,34,"6' 2""",225,R,R,2011,4000000.0,6.83098325107413,0.317,0.982,35,115.0,175.434675878486,0.419315559352622,0.367609254,0.260249554,0.121351766,0.216589861,90.7,16.0,2022,502671
Paul Sewald,NYM,p,28,"6' 3""",219,R,R,2017,1500000.0,-0.0645330393771809,0.0,0.0,0,0.0,-100.0,0.0,0.0,0.0,0.0,0.333333333,79.8,6.0,2018,623149
Paul Sewald,NYM,p,29,"6' 3""",219,R,R,2017,1500000.0,-0.0115801099183154,0.0,0.0,0,0.0,-100.0,0.0,0.0,0.0,0.0,0.0,66.2,13.0,2019,623149
Paul Sewald,NYM,p,30,"6' 3""",219,R,R,2017,1500000.0,0.0,,,0,,,0.0,0.0,0.0,0.0,0.0,,,2020,623149
Paul Sewald,SEA,p,31,"6' 3""",219,R,R,2017,1500000.0,0.0,0.0,0.0,0,0.0,,0.0,0.0,0.0,0.0,0.0,,,2021,623149
Paul Sewald,SEA,p,32,"6' 3""",219,R,R,2017,1500000.0,0.0,0.0,0.0,0,0.0,,0.0,0.0,0.0,0.0,0.0,,,2022,623149
Pavin Smith,ARI,1B,24,"6' 2""",208,L,L,2020,,-0.0297989932118006,0.27,0.746,1,4.0,97.4291515027786,0.320261413400823,0.3,0.135135135,0.113636363,0.181818181,86.6,8.0,2020,656976
Pavin Smith,ARI,1B,25,"6' 2""",208,L,L,2020,,0.663758141199492,0.267,0.732,11,49.0,97.5424713484508,0.31821731182144,0.319371727,0.136546184,0.07706422,0.194495412,87.2,9.0,2021,656976
Pavin Smith,ARI,1B,26,"6' 2""",208,L,L,2020,,-0.0662058579827551,0.22,0.667,9,33.0,86.6064464285931,0.293971864857535,0.261627906,0.146938775,0.101083032,0.241877256,87.9,15.0,2022,656976
Pedro Báez,LAD,p,30,"6' 0""",232,R,R,2014,6250000.0,-0.0434475816141587,0.0,0.0,0,0.0,-100.0,0.0,0.0,0.0,0.0,0.5,80.9,30.0,2018,520980
Pedro Báez,LAD,p,31,"6' 0""",232,R,R,2014,6250000.0,0.0,0.0,0.0,0,0.0,,0.0,0.0,0.0,0.0,0.0,,,2019,520980
Pedro Báez,LAD,p,32,"6' 0""",232,R,R,2014,6250000.0,0.0,,,0,,,0.0,0.0,0.0,0.0,0.0,,,2020,520980
Pedro Báez,HOU,p,33,"6' 0""",232,R,R,2014,6250000.0,0.0,,,0,,,0.0,0.0,0.0,0.0,0.0,,,2021,520980
Pedro Báez,HOU,p,34,"6' 0""",232,R,R,2014,6250000.0,0.0,,,0,,,0.0,0.0,0.0,0.0,0.0,,,2022,520980
Pedro Florimón,PHI,SS,31,"6' 2""",185,S,R,2011,,0.0527949421515375,0.225,0.699,2,5.0,85.4156015619647,0.299051498111926,0.358974358,0.197183099,0.065789473,0.394736842,90.2,16.0,2018,465753
Pedro Severino,WSN,C,24,"6' 1""",235,R,R,2015,,-0.540326355541987,0.168,0.501,2,15.0,31.8099099044728,0.221489904885087,0.211267605,0.078947369,0.084507042,0.220657276,84.0,15.0,2018,600474
Pedro Severino,BAL,C,25,"6' 1""",235,R,R,2015,,0.0622247588196978,0.249,0.741,13,44.0,93.7439532720322,0.315901092921986,0.285067873,0.170491804,0.085043988,0.214076246,87.4,13.0,2019,600474
Pedro Severino,BAL,C,26,"6' 1""",235,R,R,2015,,0.0134228196298109,0.25,0.71,5,21.0,94.1931984100481,0.311564380166221,0.304347826,0.1375,0.08988764,0.224719101,87.6,9.0,2020,600474
Pedro Severino,BAL,C,27,"6' 1""",235,R,R,2015,,-0.656568291492189,0.248,0.691,11,46.0,86.6776388389699,0.29930267151463,0.314393939,0.134564643,0.081145584,0.260143198,88.2,15.0,2021,600474
Pedro Severino,MIL,C,28,"6' 1""",235,R,R,2015,,0.045897637562881,0.222,0.666,0,1.0,93.8509438829702,0.302708926654997,0.363636363,0.111111111,0.142857142,0.333333333,86.7,16.0,2022,600474
Pedro Strop,CHC,p,33,"6' 1""",220,R,R,2009,1825000.0,-0.0225751725243311,0.0,0.0,0,0.0,-100.0,0.0,0.0,0.0,0.0,0.0,96.4,17.0,2018,467008
Pedro Strop,CHC,p,34,"6' 1""",220,R,R,2009,1825000.0,0.0,0.0,0.0,0,0.0,,0.0,0.0,0.0,0.0,0.0,,,2019,467008
Pedro Strop,CIN,p,35,"6' 1""",220,R,R,2009,1825000.0,0.0,,,0,,,0.0,0.0,0.0,0.0,0.0,,,2020,467008
Pedro Strop,CHC,p,36,"6' 1""",220,R,R,2009,1825000.0,0.0,0.0,0.0,0,0.0,,0.0,0.0,0.0,0.0,0.0,,,2021,467008
Pedro Álvarez,BAL,dh,31,"6' 3""",250,L,R,2010,,-0.0885988405808643,0.18,0.697,8,18.0,90.1651336821638,0.30369258584,0.179104477,0.234234234,0.125984251,0.283464566,90.6,12.0,2018,476883
Pete Alonso,NYM,1b,24,"6' 3""",245,R,R,2019,31000000.0,4.70036197494308,0.26,0.941,53,120.0,143.909049829629,0.384117686158531,0.28021978,0.323283082,0.103896103,0.264069264,90.7,15.0,2019,624413
Pete Alonso,NYM,1b,25,"6' 3""",245,R,R,2019,31000000.0,0.334594111954275,0.231,0.816,16,35.0,119.516875819272,0.342072593404892,0.242424242,0.259615385,0.10041841,0.255230125,90.2,15.0,2020,624413
Pete Alonso,NYM,1b,26,"6' 3""",245,R,R,2019,31000000.0,3.52797032928639,0.262,0.863,37,94.0,131.022438807462,0.362614721390411,0.274314214,0.256684492,0.094191522,0.199372056,91.0,15.0,2021,624413
Pete Alonso,NYM,1b,27,"6' 3""",245,R,R,2019,31000000.0,3.7976845893004,0.271,0.87,40,131.0,140.853435179138,0.365731328592172,0.278538812,0.246231156,0.097810218,0.186861313,89.8,18.0,2022,624413
Pete Fairbanks,- - -,p,25,"6' 6""",235,R,R,2019,13000000.0,0.0,0.0,0.0,0,0.0,,0.0,0.0,0.0,0.0,0.0,,,2019,664126
Pete Fairbanks,TBR,p,26,"6' 6""",235,R,R,2019,13000000.0,0.0,,,0,,,0.0,0.0,0.0,0.0,0.0,,,2020,664126
Pete Fairbanks,TBR,p,27,"6' 6""",235,R,R,2019,13000000.0,0.0,0.0,0.0,0,0.0,,0.0,0.0,0.0,0.0,0.0,,,2021,664126
Pete Fairbanks,TBR,p,28,"6' 6""",235,R,R,2019,13000000.0,0.0,,,0,,,0.0,0.0,0.0,0.0,0.0,,,2022,664126
Pete Kozma,DET,SS,30,"6' 0""",190,R,R,2011,,0.223502544823897,0.217,0.584,1,8.0,50.75930292423791,0.248514004051685,0.259259259,0.130434782,0.02739726,0.205479452,83.9,11.0,2018,518902
Pete Kozma,OAK,SS,33,"6' 0""",190,R,R,2011,,-0.0471532084696363,0.091,0.258,0,0.0,-20.6093523470602,0.130897656083107,0.142857142,0.0,0.083333333,0.333333333,84.0,20.0,2021,518902
Peter Bourjos,ATL,cf,31,"6' 1""",190,R,R,2010,,-0.160756937346903,0.205,0.603,1,4.0,56.0113302156473,0.25826816584753,0.285714285,0.159090909,0.042553191,0.319148936,89.5,8.0,2018,488721
Peter Bourjos,LAA,cf,32,"6' 1""",190,R,R,2010,,-0.612256365395295,0.091,0.223,0,2.0,-52.2107493387973,0.0981691414895265,0.133333333,0.022727273,0.02173913,0.326086956,85.1,21.0,2019,488721
Peter Moylan,ATL,p,39,"6' 3""",220,R,R,2006,,0.0,0.0,0.0,0,0.0,,0.0,0.0,0.0,0.0,0.0,,,2018,493247
Phil Gosselin,CIN,2B,29,"6' 1""",188,R,R,2013,,-0.108364040986281,0.125,0.5,1,2.0,28.1230061651612,0.216980693516908,0.133333333,0.125,0.142857142,0.285714285,85.7,7.0,2018,594838
Phil Gosselin,PHI,2B,30,"6' 1""",188,R,R,2013,,-0.198762776002073,0.262,0.602,0,7.0,57.190492274665694,0.263167321681976,0.346938775,0.046153846,0.044117647,0.235294117,88.6,15.0,2019,594838
Phil Gosselin,PHI,2B,31,"6' 1""",188,R,R,2013,,0.0370872776696028,0.25,0.726,3,12.0,93.2505567539417,0.313416383053997,0.322580645,0.152173913,0.098039215,0.264705882,85.3,14.0,2020,594838
Phil Gosselin,LAA,2B,32,"6' 1""",188,R,R,2013,,-0.101072245261109,0.261,0.676,7,47.0,85.3876194376421,0.297186309466733,0.321705426,0.101449275,0.064343163,0.217158176,87.6,11.0,2021,594838
Phil Gosselin,- - -,2B,33,"6' 1""",188,R,R,2013,,-0.647378518027293,0.149,0.358,0,2.0,-4.25863878964662,0.162825317351849,0.22,0.027027027,0.025974025,0.311688311,86.4,15.0,2022,594838
Phil Hughes,- - -,p,32,"6' 5""",240,R,R,2007,8000000.0,-0.0110304006874756,0.0,0.0,0,0.0,-100.0,0.0,0.0,0.0,0.0,0.0,73.9,-51.0,2018,461833
Phil Maton,SDP,p,25,"6' 2""",206,R,R,2017,7250000.0,0.0,0.0,0.0,0,0.0,,0.0,0.0,0.0,0.0,0.0,,,2018,664208
Phil Maton,- - -,p,26,"6' 2""",206,R,R,2017,7250000.0,0.025176467166757,0.25,0.5,0,1.0,32.1410492616008,0.217401817440987,0.5,0.0,0.0,0.5,74.8,3.0,2019,664208
Phil Maton,CLE,p,27,"6' 2""",206,R,R,2017,7250000.0,0.0,,,0,,,0.0,0.0,0.0,0.0,0.0,,,2020,664208
Phil Maton,- - -,p,28,"6' 2""",206,R,R,2017,7250000.0,-0.010407319487239,0.0,0.0,0,0.0,-100.0,0.0,0.0,0.0,0.0,0.0,90.2,-22.0,2021,664208
Phil Maton,HOU,p,29,"6' 2""",206,R,R,2017,7250000.0,0.0,,,0,,,0.0,0.0,0.0,0.0,0.0,,,2022,664208
Pierce Johnson,SFG,p,27,"6' 2""",202,R,R,2017,6500000.0,-0.0110115204813154,0.0,0.0,0,0.0,-100.0,0.0,0.0,0.0,0.0,0.0,83.2,-6.0,2018,572955
Pierce Johnson,SDP,p,29,"6' 2""",202,R,R,2017,6500000.0,0.0,,,0,,,0.0,0.0,0.0,0.0,0.0,,,2020,572955
Pierce Johnson,SDP,p,30,"6' 2""",202,R,R,2017,6500000.0,0.0,0.0,0.0,0,0.0,,0.0,0.0,0.0,0.0,0.0,,,2021,572955
Pierce Johnson,SDP,p,31,"6' 2""",202,R,R,2017,6500000.0,0.0,,,0,,,0.0,0.0,0.0,0.0,0.0,,,2022,572955
Rafael Devers,BOS,DH,21,"6' 0""",235,L,R,2017,,0.919035112879236,0.24,0.731,21,66.0,90.2374515532641,0.310035904946406,0.280645161,0.193333333,0.07755102,0.246938775,90.8,11.0,2018,646240
Rafael Devers,BOS,DH,22,"6' 0""",235,L,R,2017,,6.46356070211723,0.311,0.916,32,115.0,132.326074590159,0.376925689600387,0.339357429,0.244204019,0.068376068,0.169515669,92.5,10.0,2019,646240
Rafael Devers,BOS,DH,23,"6' 0""",235,L,R,2017,,0.773065863122719,0.263,0.793,11,43.0,107.875088957251,0.336819694407525,0.324675324,0.219827586,0.052419354,0.27016129,93.0,11.0,2020,646240
Rafael Devers,BOS,DH,24,"6' 0""",235,L,R,2017,,4.23692435127739,0.279,0.89,38,113.0,132.503938108272,0.37304485261531,0.306763285,0.258883248,0.093373493,0.215361445,92.9,13.0,2021,646240
Rafael Devers,BOS,DH,25,"6' 0""",235,L,R,2017,,5.02675664509042,0.295,0.879,27,88.0,140.104772608737,0.372788856871686,0.32853717,0.225225225,0.081433224,0.185667752,93.1,11.0,2022,646240
Rafael Montero,TEX,p,28,"6' 0""",193,R,R,2014,,0.0,0.0,0.0,0,0.0,,0.0,0.0,0.0,0.0,0.0,,,2019,606160
Rafael Montero,TEX,p,29,"6' 0""",193,R,R,2014,,0.0,,,0,,,0.0,0.0,0.0,0.0,0.0,,,2020,606160
Rafael Montero,- - -,p,30,"6' 0""",193,R,R,2014,,0.0,0.0,0.0,0,0.0,,0.0,0.0,0.0,0.0,0.0,,,2021,606160
Rafael Montero,HOU,p,31,"6' 0""",193,R,R,2014,,0.0,,,0,,,0.0,0.0,0.0,0.0,0.0,,,2022,606160
Rafael Ortega,MIA,CF,27,"6' 0""",200,L,R,2012,,-0.464194837947176,0.233,0.558,0,7.0,58.7235020959367,0.251487376389804,0.281818181,0.037593985,0.069930069,0.16083916,84.9,13.0,2018,542364
Rafael Ortega,ATL,CF,28,"6' 0""",200,L,R,2012,,-0.273386191243589,0.205,0.578,2,10.0,49.9994096698424,0.253711617862185,0.25,0.102272727,0.083333333,0.229166666,86.6,14.0,2019,542364
Rafael Ortega,CHC,CF,30,"6' 0""",200,L,R,2012,,1.57092738319018,0.291,0.823,11,33.0,122.348053205803,0.354613522688548,0.348837209,0.172297297,0.09090909,0.212121212,88.3,18.0,2021,542364
Rafael Ortega,CHC,CF,31,"6' 0""",200,L,R,2012,,0.715622032347206,0.241,0.689,7,35.0,98.2162485784779,0.304800119971709,0.285123966,0.117088607,0.118598382,0.199460916,87.2,17.0,2022,542364
Raimel Tapia,COL,RF,24,"6' 3""",178,L,L,2016,,0.00869957641481,0.2,0.739,1,6.0,78.6939876918475,0.309711582130856,0.235294117,0.28,0.074074074,0.259259259,85.1,18.0,2018,606132
Raimel Tapia,COL,RF,25,"6' 3""",178,L,L,2016,,-0.219393779733398,0.275,0.724,9,44.0,74.0155935394242,0.306820905181919,0.340694006,0.14084507,0.046979865,0.223713646,87.5,7.0,2019,606132
Raimel Tapia,COL,RF,26,"6' 3""",178,L,L,2016,,0.562639828685699,0.321,0.771,1,17.0,96.0048180825176,0.337939210713203,0.391891891,0.08152174,0.067961165,0.184466019,85.3,2.0,2020,606132
Raimel Tapia,COL,RF,27,"6' 3""",178,L,L,2016,,0.50693398840519,0.273,0.699,6,50.0,74.5229717786397,0.304700974698337,0.306024096,0.098562628,0.075046904,0.131332082,85.7,-4.0,2021,606132
Raimel Tapia,TOR,RF,28,"6' 3""",178,L,L,2016,,0.49990249602287,0.265,0.672,7,52.0,90.8389349115193,0.292947872498325,0.314814814,0.114355231,0.036951501,0.187066974,87.6,4.0,2022,606132
Raisel Iglesias,CIN,p,28,"6' 2""",190,R,R,2015,16000000.0,-0.035083238295292,0.0,0.0,0,0.0,-100.0,0.0,0.0,0.0,0.0,0.333333333,61.3,-21.0,2018,628452
Raisel Iglesias,CIN,p,29,"6' 2""",190,R,R,2015,16000000.0,-0.0260285730665077,0.0,0.0,0,0.0,-100.0,0.0,0.0,0.0,0.0,0.5,91.5,-31.0,2019,628452
Raisel Iglesias,CIN,p,30,"6' 2""",190,R,R,2015,16000000.0,0.0,0.0,0.0,0,0.0,,0.0,0.0,0.0,0.0,0.0,,,2020,628452
Raisel Iglesias,LAA,p,31,"6' 2""",190,R,R,2015,16000000.0,0.0,0.0,0.0,0,0.0,,0.0,0.0,0.0,0.0,0.0,,,2021,628452
Raisel Iglesias,- - -,p,32,"6' 2""",190,R,R,2015,16000000.0,0.0,,,0,,,0.0,0.0,0.0,0.0,0.0,,,2022,628452
Rajai Davis,CLE,cf,37,"5' 10""",195,R,R,2006,,-0.543455566095458,0.224,0.559,1,6.0,51.4639431187556,0.251044121272159,0.29054054,0.056122449,0.050925925,0.222222222,84.2,10.0,2018,434658
Rajai Davis,NYM,cf,38,"5' 10""",195,R,R,2006,,-0.070989097280269,0.2,0.631,1,8.0,63.6584680534058,0.261629751095405,0.210526315,0.2,0.038461538,0.192307692,87.0,13.0,2019,434658
Ramón Laureano,OAK,RF,23,"5' 9""",203,R,R,2018,,1.85694937913328,0.288,0.832,5,19.0,131.04112039027,0.357499082318761,0.388349514,0.185897436,0.09090909,0.284090909,89.8,10.0,2018,657656
Ramón Laureano,OAK,RF,24,"5' 9""",203,R,R,2018,,3.8657034369721104,0.288,0.861,24,67.0,126.618578638132,0.356235787893335,0.342372881,0.232718894,0.056133056,0.255717255,89.7,15.0,2019,657656
Ramón Laureano,OAK,RF,25,"5' 9""",203,R,R,2018,,1.13039629054798,0.213,0.704,6,25.0,104.126118065719,0.315455184326516,0.270491803,0.153005464,0.108108108,0.261261261,87.7,12.0,2020,657656
Ramón Laureano,OAK,RF,26,"5' 9""",203,R,R,2018,,1.80872451226032,0.246,0.76,14,39.0,112.242639298812,0.327489771855571,0.304347826,0.196480939,0.071428571,0.259259259,87.9,12.0,2021,657656
Ramón Laureano,OAK,RF,27,"5' 9""",203,R,R,2018,,0.580993171226907,0.211,0.663,13,34.0,94.2313072814635,0.294061333641371,0.262008733,0.164739885,0.065274151,0.271540469,88.7,15.0,2022,657656
Ramón Urías,BAL,3B,26,"5' 9""",185,R,R,2020,,-0.0941642486135484,0.36,0.967,1,3.0,163.589550665867,0.412892597692984,0.444444444,0.2,0.074074074,0.222222222,90.9,7.0,2020,602104
Ramón Urías,BAL,3B,27,"5' 9""",185,R,R,2020,,1.05894913770274,0.279,0.773,7,38.0,114.634682630364,0.340673029020026,0.368715083,0.133587786,0.094594594,0.256756756,89.6,5.0,2021,602104
Ramón Urías,BAL,3B,28,"5' 9""",185,R,R,2020,,2.60842254040801,0.248,0.719,16,51.0,105.438499509102,0.313168400945036,0.286689419,0.166253102,0.06741573,0.220224719,89.4,11.0,2022,602104
Randal Grichuk,TOR,rf,26,"6' 0""",210,R,R,2014,,3.02624698979201,0.245,0.803,25,61.0,114.298319684805,0.340040831983864,0.282142857,0.257075472,0.058441558,0.264069264,90.7,19.0,2018,545341
Randal Grichuk,TOR,rf,27,"6' 0""",210,R,R,2014,,1.10028033835679,0.232,0.737,31,80.0,90.3252114563792,0.306612199279153,0.266497461,0.225255972,0.055732484,0.25955414,89.2,16.0,2019,545341
Randal Grichuk,TOR,rf,28,"6' 0""",210,R,R,2014,,0.681331029486864,0.273,0.793,12,35.0,107.587330517291,0.333974156172379,0.299363057,0.208333333,0.056277056,0.212121212,88.9,13.0,2020,545341
Randal Grichuk,TOR,rf,29,"6' 0""",210,R,R,2014,,0.614970672925669,0.241,0.704,22,81.0,85.2818037076223,0.300043751121661,0.266490765,0.181996087,0.049541284,0.209174311,89.8,16.0,2021,545341
Randal Grichuk,COL,rf,30,"6' 0""",210,R,R,2014,,0.450126546939154,0.259,0.724,19,73.0,89.2200176564932,0.314671132644313,0.309392265,0.166007905,0.044609665,0.236059479,90.0,9.0,2022,545341
Randall Delgado,ARI,p,28,"6' 4""",220,R,R,2011,,0.0,0.0,0.0,0,0.0,,0.0,0.0,0.0,0.0,0.0,,,2018,517414
Randy Arozarena,STL,LF,24,"5' 10""",185,R,R,2019,,0.221237974144189,0.3,0.891,1,2.0,138.85559393391,0.379758013331372,0.333333333,0.2,0.086956521,0.173913043,90.7,6.0,2019,668227
Randy Arozarena,TBR,LF,25,"5' 10""",185,R,R,2019,,0.753222057111391,0.281,1.023,7,11.0,177.260077077977,0.422471659748178,0.305555555,0.359375,0.078947368,0.289473684,90.3,9.0,2020,668227
Randy Arozarena,TBR,LF,26,"5' 10""",185,R,R,2019,,3.8742928625212,0.274,0.815,20,69.0,127.121777919594,0.349597151080767,0.363372093,0.185255198,0.092715231,0.281456953,89.9,8.0,2021,668227
Randy Arozarena,TBR,LF,27,"5' 10""",185,R,R,2019,,2.69875935998915,0.263,0.772,20,89.0,123.578494166578,0.335518281622956,0.325242718,0.182593857,0.071317829,0.241860465,89.9,9.0,2022,668227
Ranger Suárez,PHI,p,22,"6' 1""",217,L,L,2018,26000000.0,0.0693870221011174,0.167,0.667,0,0.0,61.3543674790732,0.263040761152903,0.25,0.333333334,0.0,0.333333333,82.0,-1.0,2018,624133
Ranger Suárez,PHI,p,23,"6' 1""",217,L,L,2018,26000000.0,0.0283615836532,0.25,0.5,0,0.0,27.2062465713739,0.217401817440987,0.5,0.0,0.0,0.4,87.5,-15.0,2019,624133
Ranger Suárez,PHI,p,24,"6' 1""",217,L,L,2018,26000000.0,0.0,,,0,,,0.0,0.0,0.0,0.0,0.0,,,2020,624133
Ranger Suárez,PHI,p,25,"6' 1""",217,L,L,2018,26000000.0,0.25016342835565,0.188,0.591,0,1.0,62.88106498284969,0.265333188904656,0.272727272,0.125,0.04347826,0.217391304,83.9,6.0,2021,624133
Ranger Suárez,PHI,p,26,"6' 1""",217,L,L,2018,26000000.0,0.0,,,0,,,0.0,0.0,0.0,0.0,0.0,,,2022,624133
Reese McGuire,TOR,C,23,"6' 0""",230,L,R,2018,,0.36281063312687,0.29,0.914,2,4.0,144.888986230237,0.384868596539353,0.35,0.290322581,0.06060606,0.272727272,83.3,13.0,2018,624512
Reese McGuire,TOR,C,24,"6' 0""",230,L,R,2018,,1.21810652023954,0.299,0.872,5,11.0,128.967180482949,0.36374725917211,0.324324324,0.226804123,0.066666666,0.171428571,86.7,13.0,2019,624512
Reese McGuire,TOR,C,25,"6' 0""",230,L,R,2018,,-0.690596476512146,0.073,0.219,1,1.0,-58.5976588489713,0.0913212183045178,0.068965517,0.073170732,0.0,0.244444444,82.1,1.0,2020,624512
Reese McGuire,TOR,C,26,"6' 0""",230,L,R,2018,,1.44941309393447,0.253,0.653,1,10.0,77.5518802497393,0.288605141970846,0.318181818,0.090909091,0.069124423,0.202764976,87.5,13.0,2021,624512
Reese McGuire,- - -,C,27,"6' 0""",230,L,R,2018,,1.4269427059626,0.269,0.676,3,22.0,89.2776230858091,0.29667520009623,0.331606217,0.100401606,0.04379562,0.204379562,87.0,14.0,2022,624512
Renato Núñez,- - -,3B,24,"6' 1""",220,R,R,2016,,0.279818982957828,0.258,0.741,8,22.0,101.131449229511,0.321808185613932,0.31547619,0.161016949,0.072796934,0.237547892,89.0,16.0,2018,600524
Renato Núñez,BAL,3B,25,"6' 1""",220,R,R,2016,,0.0632761120200924,0.244,0.771,31,90.0,98.5520808781175,0.323010271508558,0.272237196,0.216266174,0.073455759,0.238731218,89.8,20.0,2019,600524
Renato Núñez,BAL,3B,26,"6' 1""",220,R,R,2016,,0.205331768708421,0.256,0.816,12,31.0,118.316936002211,0.346788354493954,0.316666666,0.235897436,0.078703703,0.296296296,86.3,21.0,2020,600524
Renato Núñez,DET,3B,27,"6' 1""",220,R,R,2016,,-0.225195523374599,0.189,0.69,4,7.0,80.2942941201755,0.287305981462652,0.181818181,0.283018868,0.018181818,0.29090909,85.0,14.0,2021,600524
René Rivera,- - -,c,34,"5' 10""",215,R,R,2004,,0.526943414137163,0.233,0.694,4,11.0,87.8624046138143,0.298297532312163,0.340425531,0.186046512,0.043956043,0.384615384,89.9,18.0,2018,425784
René Rivera,NYM,c,35,"5' 10""",215,R,R,2004,,0.0071593605599677,0.235,0.762,1,3.0,109.083015304891,0.330962070822716,0.25,0.176470588,0.15,0.2,87.6,19.0,2019,425784
René Rivera,NYM,c,36,"5' 10""",215,R,R,2004,,-0.0013607684207928,0.25,0.5,0,0.0,39.3249460506522,0.220631450414658,1.0,0.0,0.0,0.75,103.9,12.0,2020,425784
René Rivera,- - -,c,37,"5' 10""",215,R,R,2004,,0.0917618742405111,0.232,0.655,2,9.0,82.9686606087127,0.288244219621023,0.368421052,0.130434783,0.051282051,0.371794871,88.5,13.0,2021,425784
Rex Brothers,ATL,P,30,"6' 0""",205,L,L,2011,,0.0,0.0,0.0,0,0.0,,0.0,0.0,0.0,0.0,0.0,,,2018,571521
Rex Brothers,CHC,P,32,"6' 0""",205,L,L,2011,,0.0,,,0,,,0.0,0.0,0.0,0.0,0.0,,,2020,571521
Rex Brothers,CHC,P,33,"6' 0""",205,L,L,2011,,-0.022151232685954,0.0,0.0,0,0.0,-100.0,0.0,0.0,0.0,0.0,1.0,,,2021,571521
Reyes Moronta,SFG,P,25,"5' 10""",265,R,R,2017,,-0.0110115204813154,0.0,0.0,0,0.0,-100.0,0.0,0.0,0.0,0.0,1.0,,,2018,606625
Reyes Moronta,SFG,P,26,"5' 10""",265,R,R,2017,,0.0,0.0,0.0,0,0.0,,0.0,0.0,0.0,0.0,0.0,,,2019,606625
Reyes Moronta,SFG,P,28,"5' 10""",265,R,R,2017,,0.0,0.0,0.0,0,0.0,,0.0,0.0,0.0,0.0,0.0,,,2021,606625
Reyes Moronta,- - -,P,29,"5' 10""",265,R,R,2017,,0.0,0.0,0.0,0,0.0,,0.0,0.0,0.0,0.0,0.0,,,2022,606625
Reynaldo López,CHW,p,24,"6' 1""",225,R,R,2016,10000000.0,-0.0106148712200188,0.0,0.0,0,0.0,-100.0,0.0,0.0,0.0,0.0,1.0,,,2018,625643
Reynaldo López,CHW,p,25,"6' 1""",225,R,R,2016,10000000.0,-0.0461149328781164,0.0,0.0,0,0.0,-100.0,0.0,0.0,0.0,0.0,0.75,82.9,-21.0,2019,625643
Reynaldo López,CHW,p,26,"6' 1""",225,R,R,2016,10000000.0,0.0,,,0,,,0.0,0.0,0.0,0.0,0.0,,,2020,625643
Reynaldo López,CHW,p,27,"6' 1""",225,R,R,2016,10000000.0,0.0,0.0,0.0,0,0.0,,0.0,0.0,0.0,0.0,0.0,,,2021,625643
Reynaldo López,CHW,p,28,"6' 1""",225,R,R,2016,10000000.0,0.0,0.0,0.0,0,0.0,,0.0,0.0,0.0,0.0,0.0,,,2022,625643
Rhys Hoskins,PHI,1b,25,"6' 3""",241,R,R,2017,,1.88768307920528,0.246,0.85,34,96.0,128.362315914355,0.363326789581612,0.27176781,0.250896057,0.131818181,0.227272727,88.7,22.0,2018,656555
Rhys Hoskins,PHI,1b,26,"6' 3""",241,R,R,2017,,2.22949266559185,0.226,0.818,29,85.0,112.060705167041,0.34691673414608,0.267379679,0.228070175,0.164539007,0.24539007,89.7,24.0,2019,656555
Rhys Hoskins,PHI,1b,27,"6' 3""",241,R,R,2017,,0.741728482168949,0.245,0.887,10,26.0,138.743327751413,0.382309775739103,0.275510204,0.258278146,0.156756756,0.232432432,89.7,25.0,2020,656555
Rhys Hoskins,PHI,1b,28,"6' 3""",241,R,R,2017,,1.928596103235,0.247,0.864,27,71.0,127.320540368776,0.364483757831711,0.26953125,0.28277635,0.106094808,0.243792325,91.2,22.0,2021,656555
Rhys Hoskins,PHI,1b,29,"6' 3""",241,R,R,2017,,2.38341485733014,0.246,0.794,30,79.0,122.667309078828,0.345171939953606,0.291878172,0.215619694,0.107142857,0.251488095,90.1,18.0,2022,656555
Rich Hill,LAD,p,38,"6' 5""",220,L,L,2005,,-0.279286073778857,0.093,0.186,0,2.0,-55.565188860418495,0.0818168118942616,0.142857142,0.0,0.0,0.333333333,78.2,-5.0,2018,448179
Rich Hill,LAD,p,39,"6' 5""",220,L,L,2005,,0.079893101956149,0.167,0.433,0,1.0,14.5043333995956,0.191903854671278,0.333333333,0.055555556,0.05,0.45,69.9,1.0,2019,448179
Rich Hill,MIN,p,40,"6' 5""",220,L,L,2005,,0.0,,,0,,,0.0,0.0,0.0,0.0,0.0,,,2020,448179
Rich Hill,- - -,p,41,"6' 5""",220,L,L,2005,,-0.0579372019187434,0.125,0.25,0,0.0,-34.1462038131652,0.109881915152073,0.214285714,0.0,0.0,0.384615384,68.3,-25.0,2021,448179
Rich Hill,BOS,p,42,"6' 5""",220,L,L,2005,,0.0,,,0,,,0.0,0.0,0.0,0.0,0.0,,,2022,448179
Richard Bleier,BAL,P,31,"6' 3""",238,L,L,2016,,0.0,0.0,0.0,0,0.0,,0.0,0.0,0.0,0.0,0.0,,,2018,542947
Richard Bleier,BAL,P,32,"6' 3""",238,L,L,2016,,0.0,0.0,0.0,0,0.0,,0.0,0.0,0.0,0.0,0.0,,,2019,542947
Richard Bleier,- - -,P,33,"6' 3""",238,L,L,2016,,0.0,,,0,,,0.0,0.0,0.0,0.0,0.0,,,2020,542947
Richard Bleier,MIA,P,34,"6' 3""",238,L,L,2016,,-0.0112501619881739,0.0,0.0,0,0.0,-100.0,0.0,0.0,0.0,0.0,0.0,,,2021,542947
Richard Bleier,MIA,P,35,"6' 3""",238,L,L,2016,,0.0,0.0,0.0,0,0.0,,0.0,0.0,0.0,0.0,0.0,,,2022,542947
Richard Lovelady,KCR,P,23,"6' 0""",185,L,L,2019,,0.0,0.0,0.0,0,0.0,,0.0,0.0,0.0,0.0,0.0,,,2019,663992
Richard Lovelady,KCR,P,24,"6' 0""",185,L,L,2019,,0.0,,,0,,,0.0,0.0,0.0,0.0,0.0,,,2020,663992
Richard Lovelady,KCR,P,25,"6' 0""",185,L,L,2019,,0.0,0.0,0.0,0,0.0,,0.0,0.0,0.0,0.0,0.0,,,2021,663992
Rick Porcello,BOS,p,29,"6' 5""",205,R,R,2009,,0.204795260422516,0.429,1.143,0,3.0,207.594362906416,0.482011497020721,0.75,0.285714286,0.0,0.428571428,91.9,14.0,2018,519144
Rick Porcello,BOS,p,30,"6' 5""",205,R,R,2009,,-0.0730784333052506,0.0,0.0,0,0.0,-100.0,0.0,0.0,0.0,0.0,0.333333333,86.3,-3.0,2019,519144
Rick Porcello,NYM,p,31,"6' 5""",205,R,R,2009,,0.0,,,0,,,0.0,0.0,0.0,0.0,0.0,,,2020,519144
Rio Ruiz,ATL,2B,24,"6' 2""",220,L,R,2016,,-0.0714430253647564,0.083,0.35,0,0.0,16.1324758568388,0.198584322134654,0.142857142,0.0,0.133333333,0.333333333,90.6,-1.0,2018,547004
Rio Ruiz,BAL,2B,25,"6' 2""",220,L,R,2016,,-0.201389499887951,0.232,0.682,12,46.0,78.8326842217495,0.293853659218955,0.272058823,0.143243243,0.0968523,0.21307506,88.3,11.0,2019,547004
Rio Ruiz,BAL,2B,26,"6' 2""",220,L,R,2016,,0.341735713792238,0.222,0.713,9,32.0,88.1216389418706,0.302699068395218,0.244274809,0.205405406,0.083333333,0.225490196,87.9,10.0,2020,547004
Rio Ruiz,- - -,2B,27,"6' 2""",220,L,R,2016,,-0.445160037214593,0.168,0.515,3,10.0,36.8126526022936,0.230824625066349,0.209302325,0.104,0.085106382,0.269503546,86.8,10.0,2021,547004
Rob Brantly,PHI,C,29,"6' 1""",190,L,R,2012,,-0.0244790604231161,0.0,0.0,0,0.0,-100.0,0.0,0.0,0.0,0.0,1.0,,,2019,542963
Rob Brantly,SFG,C,30,"6' 1""",190,L,R,2012,,-0.0128889899665177,0.0,0.0,0,0.0,-100.0,0.0,0.0,0.0,0.0,0.0,79.4,29.0,2020,542963
Rob Brantly,NYY,C,31,"6' 1""",190,L,R,2012,,-0.253095891808953,0.15,0.39,0,0.0,8.19071485615669,0.177223316260747,0.1875,0.05,0.0,0.19047619,82.6,18.0,2021,542963
Rob Brantly,NYY,C,32,"6' 1""",190,L,R,2012,,0.0497710765159999,0.333,1.0,0,0.0,179.536545658979,0.42049233118693,0.333333333,0.333333333,0.0,0.0,82.5,-4.0,2022,542963
Rob Refsnyder,TBR,2b,27,"5' 11""",215,R,R,2015,6250000.0,-0.201099664107352,0.167,0.588,2,5.0,75.0157641594738,0.275792067541796,0.214285714,0.107142857,0.174757281,0.252427184,88.2,13.0,2018,608701
Rob Refsnyder,TEX,2b,29,"5' 11""",215,R,R,2015,6250000.0,-0.107500398792205,0.2,0.498,0,1.0,39.2583951168163,0.22872930765152,0.3,0.033333333,0.058823529,0.323529411,93.0,15.0,2020,608701
Rob Refsnyder,MIN,2b,30,"5' 11""",215,R,R,2015,6250000.0,0.403804997774757,0.245,0.663,2,12.0,87.5721305180028,0.29579698925565,0.326530612,0.09352518,0.108280254,0.25477707,89.2,9.0,2021,608701
Rob Refsnyder,BOS,2b,31,"5' 11""",215,R,R,2015,6250000.0,1.04829917695893,0.307,0.881,6,21.0,146.058082883506,0.38122155841461,0.394230769,0.189542484,0.084745762,0.259887005,89.9,13.0,2022,608701
Rob Scahill,CHW,P,31,"6' 2""",220,L,R,2012,,0.0,,,0,,,0.0,0.0,0.0,0.0,0.0,,,2018,543746
Rob Zastryzny,CHC,P,26,"6' 3""",231,R,L,2016,,0.0,0.0,0.0,0,0.0,,0.0,0.0,0.0,0.0,0.0,,,2018,642239
Rob Zastryzny,- - -,P,30,"6' 3""",231,R,L,2016,,0.0,,,0,,,0.0,0.0,0.0,0.0,0.0,,,2022,642239
Robbie Erlin,SDP,P,27,"5' 11""",200,R,L,2013,,0.155672672392512,0.217,0.467,0,0.0,30.055622608739,0.211965968211492,0.416666666,0.0,0.037037037,0.407407407,81.6,8.0,2018,572362
Robbie Erlin,SDP,P,28,"5' 11""",200,R,L,2013,,-0.0476226941517208,0.0,0.0,0,0.0,-100.0,0.0,0.0,0.0,0.0,0.0,77.9,-8.0,2019,572362
Robbie Erlin,- - -,P,29,"5' 11""",200,R,L,2013,,0.0,,,0,,,0.0,0.0,0.0,0.0,0.0,,,2020,572362
Robbie Erlin,LAD,P,31,"5' 11""",200,R,L,2013,,0.0,,,0,,,0.0,0.0,0.0,0.0,0.0,,,2022,572362
Robbie Grossman,MIN,If,28,"6' 0""",209,S,L,2013,,1.33973650736449,0.273,0.751,5,48.0,109.346512340089,0.333014554776589,0.329073482,0.111111111,0.129032258,0.178494623,86.8,15.0,2018,543257
Robbie Grossman,OAK,If,29,"6' 0""",209,S,L,2013,,0.83688543602488,0.24,0.682,6,38.0,87.9963080646067,0.299129853645961,0.287878787,0.107142857,0.122406639,0.178423236,87.7,12.0,2019,543257
Robbie Grossman,OAK,If,30,"6' 0""",209,S,L,2013,,1.50787172102439,0.241,0.826,8,23.0,128.186657830634,0.350586881135639,0.266666666,0.240963855,0.109375,0.197916666,89.0,15.0,2020,543257
Robbie Grossman,DET,If,31,"6' 0""",209,S,L,2013,,2.56501724531454,0.239,0.772,23,67.0,114.179557790161,0.337448817831618,0.285714285,0.175942549,0.14605067,0.230998509,87.8,21.0,2021,543257
Robbie Grossman,- - -,If,32,"6' 0""",209,S,L,2013,,0.023818859808908,0.209,0.621,7,45.0,82.3598396140224,0.283252724061722,0.283154121,0.102189781,0.117400419,0.270440251,86.7,21.0,2022,543257
Robbie Ray,ARI,p,26,"6' 2""",220,L,L,2014,23000000.0,-0.265950531806476,0.077,0.178,0,2.0,-65.4243136455582,0.0751584082841873,0.1875,0.025641026,0.0,0.545454545,81.2,-4.0,2018,592662
Robbie Ray,ARI,p,27,"6' 2""",220,L,L,2014,23000000.0,-0.435203127156068,0.073,0.146,0,3.0,-73.8800293326884,0.0632441650737416,0.148148148,0.0,0.0,0.466666666,79.6,-14.0,2019,592662
Robbie Ray,- - -,p,28,"6' 2""",220,L,L,2014,23000000.0,0.0,,,0,,,0.0,0.0,0.0,0.0,0.0,,,2020,592662
Robbie Ray,TOR,p,29,"6' 2""",220,L,L,2014,23000000.0,-0.0556904459072292,0.0,0.0,0,0.0,-100.0,0.0,0.0,0.0,0.0,0.2,71.8,-34.0,2021,592662
Robbie Ray,SEA,p,30,"6' 2""",220,L,L,2014,23000000.0,0.0,,,0,,,0.0,0.0,0.0,0.0,0.0,,,2022,592662
Robert Gsellman,NYM,P,24,"6' 4""",237,R,R,2016,,0.0199976562259758,0.0,0.25,0,0.0,10.9134194339301,0.1800437271595,0.0,0.0,0.0,0.5,87.0,-60.0,2018,607229
Robert Gsellman,NYM,P,25,"6' 4""",237,R,R,2016,,0.0461642503253968,0.0,1.0,0,0.0,344.507319028967,0.690294504165649,0.0,0.0,1.0,0.0,,,2019,607229
Robert Gsellman,NYM,P,26,"6' 4""",237,R,R,2016,,0.0,,,0,,,0.0,0.0,0.0,0.0,0.0,,,2020,607229
Robert Gsellman,NYM,P,27,"6' 4""",237,R,R,2016,,-0.0067471385073469,0.0,0.167,0,0.0,-29.7202306563808,0.11528609196345,0.0,0.0,0.166666666,0.666666666,97.1,-54.0,2021,607229
Robert Gsellman,CHC,P,28,"6' 4""",237,R,R,2016,,0.0,,,0,,,0.0,0.0,0.0,0.0,0.0,,,2022,607229
Robert Stephenson,CIN,p,25,"6' 3""",205,R,R,2016,11000000.0,0.0225688700775975,0.0,0.333,0,0.0,36.717325180703696,0.229843199253082,0.0,0.0,0.333333333,0.333333333,75.5,37.0,2018,596112
Robert Stephenson,CIN,p,26,"6' 3""",205,R,R,2016,11000000.0,-0.0130142865332539,0.0,0.0,0,0.0,-100.0,0.0,0.0,0.0,0.0,1.0,,,2019,596112
Robert Stephenson,CIN,p,27,"6' 3""",205,R,R,2016,11000000.0,0.0,,,0,,,0.0,0.0,0.0,0.0,0.0,,,2020,596112
Robert Stephenson,COL,p,28,"6' 3""",205,R,R,2016,11000000.0,0.0,0.0,0.0,0,0.0,,0.0,0.0,0.0,0.0,0.0,,,2021,596112
Robert Stephenson,- - -,p,29,"6' 3""",205,R,R,2016,11000000.0,0.0,,,0,,,0.0,0.0,0.0,0.0,0.0,,,2022,596112
Roberto Osuna,- - -,P,23,"6' 2""",217,R,R,2015,,0.0,0.0,0.0,0,0.0,,0.0,0.0,0.0,0.0,0.0,,,2018,532077
Roberto Osuna,HOU,P,24,"6' 2""",217,R,R,2015,,0.0,0.0,0.0,0,0.0,,0.0,0.0,0.0,0.0,0.0,,,2019,532077
Roberto Osuna,HOU,P,25,"6' 2""",217,R,R,2015,,0.0,,,0,,,0.0,0.0,0.0,0.0,0.0,,,2020,532077
Roberto Pérez,CLE,c,29,"5' 11""",220,R,R,2014,,0.316979752806038,0.168,0.519,2,19.0,41.161546291293,0.235946920998578,0.256880733,0.094972067,0.1,0.333333333,90.8,8.0,2018,547379
Roberto Pérez,CLE,c,30,"5' 11""",220,R,R,2014,,4.03772358967599,0.239,0.773,24,63.0,101.873606466224,0.325588458654832,0.285123966,0.213367609,0.100222717,0.282850779,90.0,6.0,2019,547379
Roberto Pérez,CLE,c,31,"5' 11""",220,R,R,2014,,0.340253024053862,0.165,0.48,1,5.0,38.794570027820704,0.227926979281686,0.258620689,0.051546392,0.1,0.345454545,86.0,-2.0,2020,547379
Roberto Pérez,CLE,c,32,"5' 11""",220,R,R,2014,,0.0990188248562817,0.149,0.564,7,17.0,58.1438093765126,0.25107730934455,0.179487179,0.170212766,0.105590062,0.347826086,91.0,7.0,2021,547379
Roberto Pérez,PIT,c,33,"5' 11""",220,R,R,2014,,0.592758219903745,0.233,0.7,2,8.0,99.721525716258,0.314553051755048,0.363636363,0.133333333,0.130434782,0.36231884,89.3,5.0,2022,547379
Robinson Canó,SEA,2b,35,"6' 0""",212,L,R,2005,24000000.0,2.88197421282234,0.303,0.845,10,50.0,134.790894474221,0.363716256411778,0.329411764,0.167741935,0.091954022,0.135057471,93.0,8.0,2018,429664
Robinson Canó,NYM,2b,36,"6' 0""",212,L,R,2005,24000000.0,1.1066673049978,0.256,0.735,13,39.0,94.0544532170895,0.308023700827644,0.279742765,0.171794872,0.059101654,0.163120567,90.9,7.0,2019,429664
Robinson Canó,NYM,2b,37,"6' 0""",212,L,R,2005,24000000.0,1.42850347830879,0.316,0.896,10,30.0,142.232060906957,0.376472040434569,0.318840579,0.228070176,0.049450549,0.131868131,90.4,6.0,2020,429664
Robinson Canó,- - -,2b,39,"6' 0""",212,L,R,2005,24000000.0,-1.38080015618023,0.15,0.373,1,4.0,5.17448511827599,0.16902418090747,0.189189189,0.04,0.038461538,0.240384615,88.2,6.0,2022,429664
Robinson Chirinos,TEX,c,34,"6' 1""",220,R,R,2011,,0.870314427662999,0.222,0.757,18,65.0,101.526914112145,0.333363495102511,0.303921568,0.197222222,0.105633802,0.328638497,88.0,22.0,2018,455139
Robinson Chirinos,HOU,c,35,"6' 1""",220,R,R,2011,,2.52213670908925,0.238,0.79,17,58.0,111.824989549867,0.336414320952332,0.305676855,0.204918032,0.116704805,0.286041189,87.0,17.0,2019,455139
Robinson Chirinos,- - -,c,36,"6' 1""",220,R,R,2011,,-0.512120950547138,0.162,0.475,1,7.0,32.0698492976679,0.215548070465646,0.207547169,0.081081081,0.073170731,0.25609756,84.5,14.0,2020,455139
Robinson Chirinos,CHC,c,37,"6' 1""",220,R,R,2011,,0.663812241565401,0.227,0.778,5,15.0,110.353444038478,0.336157873944119,0.303571428,0.226804124,0.080357142,0.321428571,89.4,22.0,2021,455139
Robinson Chirinos,BAL,c,38,"6' 1""",220,R,R,2011,,-1.33054293575645,0.179,0.552,4,22.0,61.8197086676659,0.251383574041602,0.248,0.107692308,0.086363636,0.304545454,84.8,18.0,2022,455139
Roenis Elías,SEA,P,29,"6' 1""",205,L,L,2014,,0.0529421941165926,0.5,1.0,0,0.0,186.68714476211,0.439765363931656,1.0,0.0,0.0,0.5,74.0,17.0,2018,606273
Roenis Elías,- - -,P,30,"6' 1""",205,L,L,2014,,-0.012582691090748,0.0,0.0,0,0.0,-100.0,0.0,0.0,0.0,0.0,0.0,73.9,-38.0,2019,606273
Roenis Elías,SEA,P,33,"6' 1""",205,L,L,2014,,0.0,,,0,,,0.0,0.0,0.0,0.0,0.0,,,2022,606273
Roman Quinn,PHI,CF,25,"5' 10""",175,S,R,2016,,0.587740015129076,0.26,0.729,2,12.0,96.5115184713464,0.315657967412975,0.340425531,0.152671756,0.069930069,0.244755244,87.1,9.0,2018,596451
Roman Quinn,PHI,CF,26,"5' 10""",175,S,R,2016,,0.12254994826803,0.213,0.668,4,11.0,74.1966035341197,0.289124061253445,0.271428571,0.157407408,0.098360655,0.278688524,88.3,11.0,2019,596451
Roman Quinn,PHI,CF,27,"5' 10""",175,S,R,2016,,0.191195874707557,0.213,0.576,2,7.0,53.8696284298594,0.253778649413067,0.313432835,0.101851852,0.043103448,0.336206896,85.8,10.0,2020,596451
Roman Quinn,PHI,CF,28,"5' 10""",175,S,R,2016,,0.210330229388574,0.173,0.594,0,2.0,69.1904655772497,0.275041223533692,0.272727272,0.115384615,0.096774193,0.306451612,86.4,11.0,2021,596451
Roman Quinn,- - -,CF,29,"5' 10""",175,S,R,2016,,0.200297733234406,0.215,0.591,0,7.0,72.4354078191254,0.265916579756244,0.395348837,0.088607595,0.08045977,0.413793103,91.3,23.0,2022,596451
Ronald Acuña Jr.,ATL,RF,20,"6' 0""",205,R,R,2018,,4.38350961330375,0.293,0.918,26,64.0,142.392557734711,0.387548802562596,0.351916376,0.258660508,0.092402464,0.252566735,90.9,13.0,2018,660670
Ronald Acuña Jr.,ATL,RF,21,"6' 0""",205,R,R,2018,,5.00987710059996,0.28,0.883,41,101.0,125.463249544882,0.36889346095465,0.336683417,0.238019169,0.106293706,0.262937062,90.5,14.0,2019,660670
Ronald Acuña Jr.,ATL,RF,22,"6' 0""",205,R,R,2018,,2.18816403308086,0.25,0.987,14,29.0,158.1328167538,0.413178226351738,0.302325581,0.33125,0.188118811,0.297029702,92.3,18.0,2020,660670
Ronald Acuña Jr.,ATL,RF,23,"6' 0""",205,R,R,2018,,4.37578653094275,0.283,0.99,24,52.0,157.32891175727,0.411972044732984,0.310880829,0.313131313,0.136111111,0.236111111,93.8,18.0,2021,660670
Ronald Acuña Jr.,ATL,RF,24,"6' 0""",205,R,R,2018,,2.36743562678458,0.266,0.764,15,50.0,115.387221854826,0.335412797495188,0.33130699,0.147751606,0.099437148,0.236397748,91.2,11.0,2022,660670
Ronald Torreyes,NYY,SS,25,"5' 8""",155,R,R,2015,,-0.0584557875090452,0.28,0.664,0,7.0,78.8542508709346,0.287047474992042,0.333333333,0.09,0.019607843,0.156862745,81.8,10.0,2018,591720
Ronald Torreyes,MIN,SS,26,"5' 8""",155,R,R,2015,,0.0074378686971676,0.188,0.423,0,1.0,14.1714101892565,0.195766925811768,0.23076923,0.0,0.0,0.176470588,80.2,24.0,2019,591720
Ronald Torreyes,PHI,SS,27,"5' 8""",155,R,R,2015,,-0.0405327035057156,0.143,0.429,0,0.0,3.08524741736112,0.176871742521014,0.142857142,0.142857143,0.0,0.0,92.1,6.0,2020,591720
Ronald Torreyes,PHI,SS,28,"5' 8""",155,R,R,2015,,0.377715677650633,0.242,0.632,7,41.0,68.5859854405918,0.274111132947203,0.258302583,0.103773585,0.055232558,0.119186046,82.2,12.0,2021,591720
Ross Detwiler,SEA,p,32,"6' 5""",210,R,L,2007,1.0,0.0,,,0,,,0.0,0.0,0.0,0.0,0.0,,,2018,446321
Ross Detwiler,CHW,p,33,"6' 5""",210,R,L,2007,1.0,-0.0230574664390582,0.0,0.0,0,0.0,-100.0,0.0,0.0,0.0,0.0,0.5,98.0,-14.0,2019,446321
Ross Detwiler,CHW,p,34,"6' 5""",210,R,L,2007,1.0,0.0,,,0,,,0.0,0.0,0.0,0.0,0.0,,,2020,446321
Ross Detwiler,- - -,p,35,"6' 5""",210,R,L,2007,1.0,0.0187135010947868,0.333,0.666,0,0.0,80.9491521286213,0.293018440405528,1.0,0.0,0.0,0.666666666,96.7,1.0,2021,446321
Ross Detwiler,CIN,p,36,"6' 5""",210,R,L,2007,1.0,0.0,,,0,,,0.0,0.0,0.0,0.0,0.0,,,2022,446321
Ross Stripling,LAD,p,28,"6' 1""",215,R,R,2016,,-0.133621042984653,0.091,0.182,0,2.0,-56.80762983342351,0.0799573388966647,0.15,0.0,0.0,0.351351351,82.9,-11.0,2018,548389
Ross Stripling,LAD,p,29,"6' 1""",215,R,R,2016,,0.073211767685307,0.15,0.377,0,1.0,7.58113853142501,0.181336855346506,0.23076923,0.0,0.083333333,0.291666666,79.5,-9.0,2019,548389
Ross Stripling,- - -,p,30,"6' 1""",215,R,R,2016,,0.0,,,0,,,0.0,0.0,0.0,0.0,0.0,,,2020,548389
Ross Stripling,TOR,p,31,"6' 1""",215,R,R,2016,,-0.0668285338933002,0.0,0.0,0,0.0,-100.0,0.0,0.0,0.0,0.0,0.333333333,67.1,-48.0,2021,548389
Ross Stripling,TOR,p,32,"6' 1""",215,R,R,2016,,0.0,,,0,,,0.0,0.0,0.0,0.0,0.0,,,2022,548389
Rougned Odor,TEX,ss,24,"5' 11""",200,L,R,2014,,2.37763370877627,0.253,0.75,18,63.0,95.4857859515147,0.324510786043947,0.305389221,0.170886076,0.080373831,0.237383177,90.7,14.0,2018,596059
Rougned Odor,TEX,ss,25,"5' 11""",200,L,R,2014,,0.808136218229127,0.205,0.722,30,93.0,77.0319161893314,0.30160512695263,0.244444444,0.233716476,0.08950086,0.30636833,91.1,18.0,2019,596059
Rougned Odor,TEX,ss,26,"5' 11""",200,L,R,2014,,-0.0845728366212522,0.167,0.622,10,30.0,59.8715436283255,0.258827339153032,0.156626506,0.246376812,0.047297297,0.317567567,86.0,21.0,2020,596059
Rougned Odor,NYY,ss,27,"5' 11""",200,L,R,2014,,1.32126494935834,0.202,0.665,15,39.0,84.0546690862857,0.289485504340859,0.241545893,0.177018633,0.074792243,0.27700831,89.1,20.0,2021,596059
Rougned Odor,BAL,ss,28,"5' 11""",200,L,R,2014,,0.28057328488708,0.207,0.632,13,53.0,80.8612418039402,0.278355386100251,0.243506493,0.150234742,0.06779661,0.230932203,87.8,22.0,2022,596059
Rowdy Tellez,TOR,1b,23,"6' 4""",270,L,L,2018,,0.337180950961625,0.314,0.943,4,14.0,150.01371271199,0.392378404532393,0.391304347,0.3,0.02739726,0.287671232,88.7,11.0,2018,642133
Rowdy Tellez,TOR,1b,24,"6' 4""",270,L,L,2018,,-0.365782545151464,0.227,0.742,21,54.0,91.3367251871244,0.308107798469478,0.266949152,0.221621621,0.070904645,0.283618581,90.7,14.0,2019,642133
Rowdy Tellez,TOR,1b,25,"6' 4""",270,L,L,2018,,0.450740889737376,0.283,0.886,8,23.0,131.651490928466,0.369111139622946,0.275862068,0.256637168,0.086614173,0.157480314,90.7,11.0,2020,642133
Rowdy Tellez,- - -,1b,26,"6' 4""",270,L,L,2018,,-0.303838038807578,0.242,0.719,11,36.0,89.0144908659824,0.305852170859542,0.274774774,0.171717172,0.07076923,0.2,92.2,13.0,2021,642133
Rowdy Tellez,MIL,1b,27,"6' 4""",270,L,L,2018,,1.04639920849454,0.219,0.767,35,89.0,110.427945099821,0.326952308618416,0.215425531,0.241965974,0.103505843,0.202003338,91.1,15.0,2022,642133
Rubén Tejada,NYM,SS,29,"5' 11""",200,R,R,2010,,-0.24920274027356,0.0,0.0,0,0.0,-100.0,0.0,0.0,0.0,0.0,0.333333333,80.4,13.0,2019,514913
Russell Martin,TOR,c,35,"5' 10""",215,R,R,2006,,1.26657748101667,0.194,0.663,10,25.0,90.3931493417169,0.305010037666017,0.233502538,0.131487889,0.159090909,0.232954545,90.6,10.0,2018,431145
Russell Martin,LAD,c,36,"5' 10""",215,R,R,2006,,1.01067812983733,0.22,0.667,6,20.0,81.9926326954823,0.294912483876314,0.275862068,0.110047847,0.120481927,0.240963855,88.2,11.0,2019,431145
Ryan Borucki,TOR,p,24,"6' 4""",210,L,L,2018,,0.0,,,0,,,0.0,0.0,0.0,0.0,0.0,,,2018,621366
Ryan Borucki,TOR,p,25,"6' 4""",210,L,L,2018,,0.0,,,0,,,0.0,0.0,0.0,0.0,0.0,,,2019,621366
Ryan Borucki,TOR,p,26,"6' 4""",210,L,L,2018,,0.0,,,0,,,0.0,0.0,0.0,0.0,0.0,,,2020,621366
Ryan Borucki,TOR,p,27,"6' 4""",210,L,L,2018,,0.0,0.0,0.0,0,0.0,,0.0,0.0,0.0,0.0,0.0,,,2021,621366
Ryan Borucki,- - -,p,28,"6' 4""",210,L,L,2018,,0.0,,,0,,,0.0,0.0,0.0,0.0,0.0,,,2022,621366
Ryan Brasier,BOS,p,30,"6' 0""",223,R,R,2013,,0.0,0.0,0.0,0,0.0,,0.0,0.0,0.0,0.0,0.0,,,2018,518489
Ryan Brasier,BOS,p,31,"6' 0""",223,R,R,2013,,0.0,0.0,0.0,0,0.0,,0.0,0.0,0.0,0.0,0.0,,,2019,518489
Ryan Brasier,BOS,p,32,"6' 0""",223,R,R,2013,,0.0,0.0,0.0,0,0.0,,0.0,0.0,0.0,0.0,0.0,,,2020,518489
Ryan Brasier,BOS,p,33,"6' 0""",223,R,R,2013,,0.0,0.0,0.0,0,0.0,,0.0,0.0,0.0,0.0,0.0,,,2021,518489
Ryan Brasier,BOS,p,34,"6' 0""",223,R,R,2013,,0.0,,,0,,,0.0,0.0,0.0,0.0,0.0,,,2022,518489
Ryan Braun,MIL,If,34,"6' 2""",205,R,R,2007,,0.998793045725952,0.254,0.782,20,64.0,105.744270116073,0.330174591383793,0.273927392,0.214814815,0.076062639,0.190156599,92.3,6.0,2018,460075
Ryan Braun,MIL,If,35,"6' 2""",205,R,R,2007,,2.04687808504754,0.285,0.848,22,75.0,116.731031884041,0.354011955365509,0.325373134,0.220043573,0.066929133,0.206692913,91.5,7.0,2019,460075
Ryan Braun,MIL,If,36,"6' 2""",205,R,R,2007,,0.237108177883797,0.233,0.769,8,26.0,99.9047798143607,0.322026681556976,0.231578947,0.255813954,0.04964539,0.191489361,89.8,15.0,2020,460075
Ryan Buchter,OAK,P,31,"6' 4""",230,L,L,2014,,0.0,0.0,0.0,0,0.0,,0.0,0.0,0.0,0.0,0.0,,,2018,488748
Ryan Buchter,OAK,P,32,"6' 4""",230,L,L,2014,,0.0,0.0,0.0,0,0.0,,0.0,0.0,0.0,0.0,0.0,,,2019,488748
Ryan Buchter,LAA,P,33,"6' 4""",230,L,L,2014,,0.0,,,0,,,0.0,0.0,0.0,0.0,0.0,,,2020,488748
Ryan Buchter,ARI,P,34,"6' 4""",230,L,L,2014,,0.0,0.0,0.0,0,0.0,,0.0,0.0,0.0,0.0,0.0,,,2021,488748
Ryan Burr,CHW,P,24,"6' 4""",220,R,R,2018,,0.0,,,0,,,0.0,0.0,0.0,0.0,0.0,,,2018,621114
Ryan Burr,CHW,P,25,"6' 4""",220,R,R,2018,,0.0,,,0,,,0.0,0.0,0.0,0.0,0.0,,,2019,621114
Ryan Burr,CHW,P,27,"6' 4""",220,R,R,2018,,0.0,0.0,0.0,0,0.0,,0.0,0.0,0.0,0.0,0.0,,,2021,621114
Ryan Burr,CHW,P,28,"6' 4""",220,R,R,2018,,0.0,,,0,,,0.0,0.0,0.0,0.0,0.0,,,2022,621114
Ryan Cook,SEA,P,31,"6' 1""",227,R,R,2011,,0.0,,,0,,,0.0,0.0,0.0,0.0,0.0,,,2018,475857
Ryan Flaherty,ATL,3b,31,"6' 3""",205,L,R,2012,,-0.390116834460854,0.217,0.59,2,13.0,55.833000165721295,0.258001271950997,0.277310924,0.074534161,0.098901098,0.225274725,87.8,0.0,2018,475247
Ryan Flaherty,CLE,3b,32,"6' 3""",205,L,R,2012,,-0.229550667077124,0.143,0.381,0,1.0,-11.9561127819301,0.157282650470734,0.214285714,0.095238096,0.0,0.318181818,96.1,8.0,2019,475247
Ryan Goins,KCR,2B,30,"5' 10""",180,L,R,2013,,-0.0724931763136142,0.226,0.565,0,6.0,48.6855695573381,0.245937683502165,0.302325581,0.086956522,0.033333333,0.241666666,87.0,7.0,2018,572365
Ryan Goins,CHW,2B,31,"5' 10""",180,L,R,2013,,0.061625590849813,0.25,0.68,2,10.0,84.0789457480235,0.297834764356199,0.346938775,0.097222222,0.104294478,0.26993865,87.1,8.0,2019,572365
Ryan Goins,CHW,2B,32,"5' 10""",180,L,R,2013,,-0.302150842541689,0.0,0.1,0,0.0,-69.8551179055804,0.0698811292648316,0.0,0.0,0.1,0.1,92.1,20.0,2020,572365
Ryan Helsley,STL,p,24,"6' 2""",235,R,R,2019,14000000.0,0.0372141663242658,0.333,0.666,0,0.0,79.9629495671177,0.289869089921316,1.0,0.0,0.0,0.666666666,90.1,-34.0,2019,664854
Ryan Helsley,STL,p,25,"6' 2""",235,R,R,2019,14000000.0,0.0,,,0,,,0.0,0.0,0.0,0.0,0.0,,,2020,664854
Ryan Helsley,STL,p,26,"6' 2""",235,R,R,2019,14000000.0,0.0,0.0,0.0,0,0.0,,0.0,0.0,0.0,0.0,0.0,,,2021,664854
Ryan Helsley,STL,p,27,"6' 2""",235,R,R,2019,14000000.0,0.0,,,0,,,0.0,0.0,0.0,0.0,0.0,,,2022,664854
Ryan Jeffers,MIN,C,23,"6' 2""",235,R,R,2020,,0.445041574898018,0.273,0.791,3,7.0,121.517814291382,0.346429136491591,0.363636363,0.163636364,0.080645161,0.306451612,91.6,10.0,2020,680777
Ryan Jeffers,MIN,C,24,"6' 2""",235,R,R,2020,,1.23005751361704,0.199,0.671,14,35.0,83.2504687190256,0.289401867690754,0.268965517,0.202247191,0.075085324,0.368600682,89.2,14.0,2021,680777
Ryan Jeffers,MIN,C,25,"6' 2""",235,R,R,2020,,0.766912401968666,0.208,0.648,7,27.0,86.2613233746844,0.287410011697323,0.258741258,0.155660378,0.097457627,0.262711864,88.2,18.0,2022,680777
Ryan LaMarre,- - -,LF,29,"6' 1""",215,R,L,2015,,0.675909121216738,0.279,0.704,2,18.0,92.0142414258609,0.306343557768398,0.38938053,0.103030303,0.055555555,0.294444444,87.8,11.0,2018,534606
Ryan LaMarre,MIN,LF,30,"6' 1""",215,R,L,2015,,0.0727371610137457,0.217,0.786,2,3.0,104.404776778711,0.329183750427686,0.1875,0.260869565,0.115384615,0.192307692,86.1,8.0,2019,534606
Ryan LaMarre,NYY,LF,32,"6' 1""",215,R,L,2015,,0.0654185580180206,0.19,0.768,2,4.0,110.208879181073,0.328188059230646,0.153846153,0.285714286,0.083333333,0.25,83.7,8.0,2021,534606
Ryan Lavarnway,PIT,C,30,"6' 3""",239,R,R,2011,,0.172414398322736,0.667,1.5,0,1.0,319.387540464736,0.647644509871801,0.8,0.166666667,0.0,0.166666666,95.8,11.0,2018,543432
Ryan Lavarnway,CIN,C,31,"6' 3""",239,R,R,2011,,0.194907495325011,0.278,1.038,2,7.0,152.512767727157,0.414331702809585,0.272727272,0.444444445,0.052631578,0.263157894,87.9,11.0,2019,543432
Ryan Lavarnway,MIA,C,32,"6' 3""",239,R,R,2011,,0.0388651081048844,0.364,0.728,0,0.0,101.960108864983,0.320918473330411,0.444444444,0.0,0.0,0.181818181,84.9,13.0,2020,543432
Ryan Lavarnway,CLE,C,33,"6' 3""",239,R,R,2011,,0.0593244787995093,0.25,0.633,0,0.0,73.3285954465889,0.273547497288934,0.388888888,0.107142857,0.033333333,0.333333333,85.7,19.0,2021,543432
Ryan Madson,- - -,p,37,"6' 6""",234,L,R,2003,,0.0,0.0,0.0,0,0.0,,0.0,0.0,0.0,0.0,0.0,,,2018,425492
Ryan McMahon,COL,3B,23,"6' 2""",211,L,R,2017,,-0.128773014210258,0.232,0.683,5,19.0,69.4588905084863,0.295890069305897,0.327433628,0.143646409,0.08910891,0.316831683,89.3,7.0,2018,641857
Ryan McMahon,COL,3B,24,"6' 2""",211,L,R,2017,,0.845168829735921,0.25,0.779,24,83.0,88.9593708056421,0.329629866548535,0.323232323,0.2,0.103896103,0.296846011,91.9,9.0,2019,641857
Ryan McMahon,COL,3B,25,"6' 2""",211,L,R,2017,,0.107921246770822,0.215,0.714,9,26.0,75.9725646271704,0.307602744646023,0.285714285,0.203488372,0.093264248,0.341968911,90.1,9.0,2020,641857
Ryan McMahon,COL,3B,26,"6' 2""",211,L,R,2017,,2.45194425310052,0.254,0.78,23,86.0,93.4953623006953,0.333893070116589,0.305785123,0.195075758,0.098993288,0.246644295,90.5,14.0,2021,641857
Ryan McMahon,COL,3B,27,"6' 2""",211,L,R,2017,,3.05895117691348,0.246,0.741,20,67.0,96.7432812107448,0.325673686699252,0.310734463,0.168241966,0.100502512,0.264656616,91.7,11.0,2022,641857
Ryan Mountcastle,BAL,1B,23,"6' 3""",230,R,R,2020,,0.755975537434707,0.333,0.878,5,23.0,138.823446934814,0.376730680465698,0.397849462,0.158730159,0.078571428,0.214285714,87.4,11.0,2020,663624
Ryan Mountcastle,BAL,1B,24,"6' 3""",230,R,R,2020,,0.836318856968985,0.255,0.796,33,89.0,110.81373100204,0.335018849842352,0.296829971,0.232209738,0.06996587,0.274744027,89.1,16.0,2021,663624
Ryan Mountcastle,BAL,1B,25,"6' 3""",230,R,R,2020,,1.70675979702767,0.25,0.728,22,85.0,107.397718029029,0.315943580512938,0.303108808,0.172972973,0.070607553,0.252873563,91.3,16.0,2022,663624
Ryan O'Hearn,KCR,1b,24,"6' 2""",220,L,L,2018,14500000.0,0.98762519884266,0.262,0.95,12,30.0,152.625809219144,0.398252396373188,0.29347826,0.33557047,0.117647058,0.264705882,91.4,18.0,2018,656811
Ryan O'Hearn,KCR,1b,25,"6' 2""",220,L,L,2018,14500000.0,-1.06727612784574,0.195,0.65,14,38.0,68.2425675649977,0.278469983962816,0.230414746,0.173780488,0.105405405,0.267567567,90.5,13.0,2019,656811
Ryan O'Hearn,KCR,1b,26,"6' 2""",220,L,L,2018,14500000.0,-0.334932466832176,0.195,0.604,2,18.0,63.5411741629118,0.268639936813941,0.266666666,0.10619469,0.136363636,0.28030303,90.7,12.0,2020,656811
Ryan O'Hearn,KCR,1b,27,"6' 2""",220,L,L,2018,14500000.0,-0.645068137280796,0.225,0.637,9,29.0,67.7286296113077,0.274311657026997,0.276729559,0.144067796,0.051181102,0.279527559,90.8,14.0,2021,656811
Ryan O'Hearn,KCR,1b,28,"6' 2""",220,L,L,2018,14500000.0,-0.392737030352863,0.239,0.611,1,16.0,70.0984043584693,0.271758625425141,0.313131313,0.082089552,0.055172413,0.24137931,92.1,13.0,2022,656811
Ryan Pressly,- - -,P,29,"6' 2""",207,R,R,2013,,0.0,0.0,0.0,0,0.0,,0.0,0.0,0.0,0.0,0.0,,,2018,519151
Ryan Pressly,HOU,P,30,"6' 2""",207,R,R,2013,,0.0,0.0,0.0,0,0.0,,0.0,0.0,0.0,0.0,0.0,,,2019,519151
Ryan Pressly,HOU,P,31,"6' 2""",207,R,R,2013,,0.0,,,0,,,0.0,0.0,0.0,0.0,0.0,,,2020,519151
Ryan Pressly,HOU,P,32,"6' 2""",207,R,R,2013,,0.0,0.0,0.0,0,0.0,,0.0,0.0,0.0,0.0,0.0,,,2021,519151
Ryan Pressly,HOU,P,33,"6' 2""",207,R,R,2013,,0.0,,,0,,,0.0,0.0,0.0,0.0,0.0,,,2022,519151
Ryan Tepera,TOR,p,30,"6' 1""",195,R,R,2015,7000000.0,0.0,0.0,0.0,0,0.0,,0.0,0.0,0.0,0.0,0.0,,,2018,572193
Ryan Tepera,TOR,p,31,"6' 1""",195,R,R,2015,7000000.0,0.0,0.0,0.0,0,0.0,,0.0,0.0,0.0,0.0,0.0,,,2019,572193
Ryan Tepera,CHC,p,32,"6' 1""",195,R,R,2015,7000000.0,0.0,,,0,,,0.0,0.0,0.0,0.0,0.0,,,2020,572193
Ryan Tepera,- - -,p,33,"6' 1""",195,R,R,2015,7000000.0,0.0,0.0,0.0,0,0.0,,0.0,0.0,0.0,0.0,0.0,,,2021,572193
Ryan Tepera,LAA,p,34,"6' 1""",195,R,R,2015,7000000.0,0.0,,,0,,,0.0,0.0,0.0,0.0,0.0,,,2022,572193
Ryan Thompson,TBR,P,28,"6' 5""",210,R,R,2020,,0.0,,,0,,,0.0,0.0,0.0,0.0,0.0,,,2020,657044
Ryan Thompson,TBR,P,29,"6' 5""",210,R,R,2020,,0.0,0.0,0.0,0,0.0,,0.0,0.0,0.0,0.0,0.0,,,2021,657044
Ryan Thompson,TBR,P,30,"6' 5""",210,R,R,2020,,0.0,,,0,,,0.0,0.0,0.0,0.0,0.0,,,2022,657044
Ryan Weber,TBR,P,27,"6' 1""",175,R,R,2015,,-0.010305103001857,0.0,0.0,0,0.0,-100.0,0.0,0.0,0.0,0.0,1.0,,,2018,543901
Ryan Weber,BOS,P,28,"6' 1""",175,R,R,2015,,0.0,,,0,,,0.0,0.0,0.0,0.0,0.0,,,2019,543901
Ryan Weber,BOS,P,29,"6' 1""",175,R,R,2015,,0.0,,,0,,,0.0,0.0,0.0,0.0,0.0,,,2020,543901
Ryan Weber,- - -,P,30,"6' 1""",175,R,R,2015,,0.0,0.0,0.0,0,0.0,,0.0,0.0,0.0,0.0,0.0,,,2021,543901
Ryan Weber,NYY,P,31,"6' 1""",175,R,R,2015,,0.0,,,0,,,0.0,0.0,0.0,0.0,0.0,,,2022,543901
Ryan Yarbrough,TBR,p,26,"6' 5""",205,R,L,2018,2500000.0,-0.0309153082386129,0.0,0.0,0,0.0,-100.0,0.0,0.0,0.0,0.0,0.666666666,86.2,-29.0,2018,642232
Ryan Yarbrough,TBR,p,27,"6' 5""",205,R,L,2018,2500000.0,0.0,0.0,0.0,0,0.0,,0.0,0.0,0.0,0.0,0.0,,,2019,642232
Ryan Yarbrough,TBR,p,28,"6' 5""",205,R,L,2018,2500000.0,0.0,,,0,,,0.0,0.0,0.0,0.0,0.0,,,2020,642232
Ryan Yarbrough,TBR,p,29,"6' 5""",205,R,L,2018,2500000.0,-0.0404503096320313,0.0,0.0,0,0.0,-100.0,0.0,0.0,0.0,0.0,0.5,72.8,11.0,2021,642232
Ryan Yarbrough,TBR,p,30,"6' 5""",205,R,L,2018,2500000.0,0.0,,,0,,,0.0,0.0,0.0,0.0,0.0,,,2022,642232
Ryan Zimmerman,WSN,1b,33,"6' 3""",215,R,R,2005,,1.46793972963,0.264,0.823,13,51.0,118.481706587586,0.351205415792347,0.283783783,0.222222223,0.092879256,0.170278637,92.5,7.0,2018,475582
Ryan Zimmerman,WSN,1b,34,"6' 3""",215,R,R,2005,,0.01357329456962,0.257,0.736,6,27.0,89.7352881033539,0.313372693250054,0.296875,0.157894737,0.089473684,0.205263157,91.1,9.0,2019,475582
Ryan Zimmerman,WSN,1b,36,"6' 3""",215,R,R,2005,,0.405390871056697,0.243,0.757,14,46.0,98.0584237048584,0.319248498141111,0.289156626,0.227450981,0.058608058,0.282051282,91.3,7.0,2021,475582
Ryne Stanek,TBR,p,26,"6' 4""",226,R,R,2017,3500000.0,0.0,0.0,0.0,0,0.0,,0.0,0.0,0.0,0.0,0.0,,,2018,592773
Ryne Stanek,- - -,p,27,"6' 4""",226,R,R,2017,3500000.0,0.0,0.0,0.0,0,0.0,,0.0,0.0,0.0,0.0,0.0,,,2019,592773
Ryne Stanek,MIA,p,28,"6' 4""",226,R,R,2017,3500000.0,0.0,,,0,,,0.0,0.0,0.0,0.0,0.0,,,2020,592773
Ryne Stanek,HOU,p,29,"6' 4""",226,R,R,2017,3500000.0,0.0,0.0,0.0,0,0.0,,0.0,0.0,0.0,0.0,0.0,,,2021,592773
Ryne Stanek,HOU,p,30,"6' 4""",226,R,R,2017,3500000.0,0.0,,,0,,,0.0,0.0,0.0,0.0,0.0,,,2022,592773
Salvador Perez,KCR,C,28,"6' 2""",255,R,R,2011,,0.150839590468017,0.235,0.713,27,80.0,88.4015646562781,0.304137764717726,0.244736842,0.203921569,0.03125,0.198529411,91.1,18.0,2018,521692
Salvador Perez,KCR,C,30,"6' 2""",255,R,R,2011,,2.01901939959662,0.333,0.986,11,32.0,160.569328294251,0.4103143849434,0.375,0.3,0.019230769,0.23076923,91.0,14.0,2020,521692
Salvador Perez,KCR,C,31,"6' 2""",255,R,R,2011,,2.70109233954855,0.273,0.86,48,121.0,125.028492215347,0.359103018324963,0.298029556,0.270967742,0.042105263,0.255639097,93.0,16.0,2021,521692
Salvador Perez,KCR,C,32,"6' 2""",255,R,R,2011,,0.766154610702378,0.254,0.757,23,76.0,107.073985356805,0.324133526873943,0.284810126,0.211235955,0.038054968,0.230443974,91.4,18.0,2022,521692
Sam Dyson,SFG,P,30,"6' 1""",212,R,R,2012,,0.0,0.0,0.0,0,0.0,,0.0,0.0,0.0,0.0,0.0,,,2018,473879
Sam Dyson,- - -,P,31,"6' 1""",212,R,R,2012,,0.0,0.0,0.0,0,0.0,,0.0,0.0,0.0,0.0,0.0,,,2019,473879
Sam Freeman,ATL,P,31,"5' 11""",180,R,L,2012,,-0.011656539865597,0.0,0.0,0,0.0,-100.0,0.0,0.0,0.0,0.0,1.0,,,2018,518693
Sam Freeman,LAA,P,32,"5' 11""",180,R,L,2012,,0.0,,,0,,,0.0,0.0,0.0,0.0,0.0,,,2019,518693
Sam Freeman,WSN,P,33,"5' 11""",180,R,L,2012,,0.0,,,0,,,0.0,0.0,0.0,0.0,0.0,,,2020,518693
Sam Haggerty,NYM,CF,25,"5' 11""",175,S,R,2019,,-0.0506186556116043,0.0,0.0,0,0.0,-100.0,0.0,0.0,0.0,0.0,0.75,70.3,61.0,2019,664059
Sam Haggerty,SEA,CF,26,"5' 11""",175,S,R,2019,,0.0985591380449435,0.26,0.715,1,6.0,100.5687576485,0.310869976326271,0.363636363,0.14,0.074074074,0.296296296,90.6,13.0,2020,664059
Sam Haggerty,SEA,CF,27,"5' 11""",175,S,R,2019,,-0.275068417502469,0.186,0.538,2,5.0,52.4799385961205,0.239567925853114,0.25,0.104651163,0.063829787,0.29787234,87.5,8.0,2021,664059
Sam Haggerty,SEA,CF,28,"5' 11""",175,S,R,2019,,1.41809215965403,0.256,0.738,5,23.0,114.945870165186,0.320011043306535,0.333333333,0.147727272,0.089552238,0.263681592,86.0,14.0,2022,664059
Sam Hilliard,COL,LF,25,"6' 5""",236,L,L,2019,,0.72624547049454,0.273,1.005,7,13.0,139.508221574026,0.406783504732724,0.29787234,0.376623377,0.103448275,0.264367816,90.8,8.0,2019,656541
Sam Hilliard,COL,LF,26,"6' 5""",236,L,L,2019,,0.163337978788862,0.21,0.71,6,10.0,71.8023402443314,0.301287435648734,0.280701754,0.228571429,0.078947368,0.368421052,88.3,11.0,2020,656541
Sam Hilliard,COL,LF,27,"6' 5""",236,L,L,2019,,0.387430526980734,0.215,0.757,14,34.0,83.0646568683621,0.317843740544421,0.28318584,0.247663551,0.096638655,0.365546218,89.8,12.0,2021,656541
Sam Hilliard,COL,LF,28,"6' 5""",236,L,L,2019,,-0.712143085585964,0.184,0.544,2,14.0,45.6973442059311,0.251020489037037,0.256410256,0.080459771,0.115,0.285,92.0,13.0,2022,656541
Sam Moll,OAK,P,29,"5' 9""",190,L,L,2017,,0.0,,,0,,,0.0,0.0,0.0,0.0,0.0,,,2021,594580
Sam Moll,OAK,P,30,"5' 9""",190,L,L,2017,,0.0,,,0,,,0.0,0.0,0.0,0.0,0.0,,,2022,594580
Sam Tuivailala,- - -,P,25,"6' 3""",230,R,R,2014,,0.0,0.0,0.0,0,0.0,,0.0,0.0,0.0,0.0,0.0,,,2018,592815
Sam Tuivailala,SEA,P,26,"6' 3""",230,R,R,2014,,0.0,0.0,0.0,0,0.0,,0.0,0.0,0.0,0.0,0.0,,,2019,592815
Sandy Alcantara,MIA,P,22,"6' 5""",200,R,R,2017,,-0.0820490678549691,0.0,0.077,0,0.0,-73.8722572670442,0.0530407382891728,0.0,0.0,0.076923076,0.615384615,89.9,-2.0,2018,645261
Sandy Alcantara,MIA,P,23,"6' 5""",200,R,R,2017,,-0.200081333382412,0.086,0.22,0,4.0,-43.159213771936,0.10174339512984,0.416666666,0.017241379,0.015873015,0.73015873,84.1,-9.0,2019,645261
Sandy Alcantara,MIA,P,24,"6' 5""",200,R,R,2017,,0.0,,,0,,,0.0,0.0,0.0,0.0,0.0,,,2020,645261
Sandy Alcantara,MIA,P,25,"6' 5""",200,R,R,2017,,-0.313256413572296,0.034,0.149,0,0.0,-57.9373289909156,0.0793190963806645,0.153846153,0.017241379,0.046875,0.703125,77.6,-37.0,2021,645261
Sandy Alcantara,MIA,P,26,"6' 5""",200,R,R,2017,,0.0,,,0,,,0.0,0.0,0.0,0.0,0.0,,,2022,645261
Sandy León,BOS,c,29,"5' 9""",235,S,R,2012,,0.477021114534804,0.177,0.511,5,22.0,33.6595931290075,0.227126337979969,0.225806451,0.101886793,0.052083333,0.260416666,84.7,17.0,2018,506702
Sandy León,BOS,c,30,"5' 9""",235,S,R,2012,,-0.214431466112774,0.192,0.548,5,19.0,39.3611491820823,0.239470049659199,0.231404958,0.104651162,0.068062827,0.246073298,85.4,21.0,2019,506702
Sandy León,CLE,c,31,"5' 9""",235,S,R,2012,,-0.0962342357502855,0.136,0.538,2,4.0,60.2808698035471,0.25929993170279,0.162790697,0.106060606,0.172839506,0.259259259,84.9,18.0,2020,506702
Sandy León,MIA,c,32,"5' 9""",235,S,R,2012,,-0.768838552547169,0.183,0.504,4,14.0,36.8594109607008,0.225179233235311,0.244444444,0.084158416,0.054545454,0.295454545,87.3,20.0,2021,506702
Sandy León,- - -,c,33,"5' 9""",235,S,R,2012,,-0.235406637899866,0.169,0.509,0,4.0,57.21668691099551,0.246342376584098,0.272727272,0.042253521,0.15116279,0.313953488,84.3,21.0,2022,506702
Santiago Casilla,OAK,p,37,"6' 0""",210,R,R,2004,5500000.0,0.0,0.0,0.0,0,0.0,,0.0,0.0,0.0,0.0,0.0,,,2018,433586
Santiago Espinal,TOR,3B,25,"5' 9""",185,R,R,2020,,0.251867962074106,0.267,0.641,0,6.0,72.0758537499244,0.28212251663208,0.355555555,0.066666667,0.06060606,0.242424242,87.3,15.0,2020,669289
Santiago Espinal,TOR,3B,26,"5' 9""",185,R,R,2020,,1.88396980784421,0.311,0.781,2,17.0,114.909231970148,0.343885915133418,0.352631578,0.094594595,0.089430894,0.121951219,84.8,13.0,2021,669289
Santiago Espinal,TOR,3B,27,"5' 9""",185,R,R,2020,,2.36418003574941,0.267,0.692,7,51.0,99.6669362667795,0.305452495508643,0.299734748,0.102449888,0.073319755,0.138492871,86.1,14.0,2022,669289
Scooter Gennett,CIN,2B,28,"5' 10""",185,L,R,2013,,3.53652645710719,0.31,0.847,23,92.0,124.800125310819,0.361670458618599,0.358276643,0.179794521,0.065830721,0.195924764,87.3,14.0,2018,571697
Scooter Gennett,- - -,2B,29,"5' 10""",185,L,R,2013,,-0.782875446838243,0.226,0.568,2,11.0,42.76049697279569,0.240838094152135,0.304347826,0.097744361,0.014388489,0.294964028,86.3,13.0,2019,571697
Scott Alexander,LAD,p,28,"6' 2""",195,L,L,2015,2000000.0,-0.065171370887322,0.0,0.0,0,0.0,-100.0,0.0,0.0,0.0,0.0,0.833333333,,,2018,518397
Scott Alexander,LAD,p,29,"6' 2""",195,L,L,2015,2000000.0,0.0,0.0,0.0,0,0.0,,0.0,0.0,0.0,0.0,0.0,,,2019,518397
Scott Alexander,LAD,p,30,"6' 2""",195,L,L,2015,2000000.0,0.0,,,0,,,0.0,0.0,0.0,0.0,0.0,,,2020,518397
Scott Alexander,LAD,p,31,"6' 2""",195,L,L,2015,2000000.0,0.0,0.0,0.0,0,0.0,,0.0,0.0,0.0,0.0,0.0,,,2021,518397
Scott Alexander,SFG,p,32,"6' 2""",195,L,L,2015,2000000.0,0.0,0.0,0.0,0,0.0,,0.0,0.0,0.0,0.0,0.0,,,2022,518397
Scott Barlow,KCR,p,25,"6' 3""",210,R,R,2018,2000000.0,0.0,,,0,,,0.0,0.0,0.0,0.0,0.0,,,2018,605130
Scott Barlow,KCR,p,26,"6' 3""",210,R,R,2018,2000000.0,0.0,0.0,0.0,0,0.0,,0.0,0.0,0.0,0.0,0.0,,,2019,605130
Scott Barlow,KCR,p,27,"6' 3""",210,R,R,2018,2000000.0,0.0,,,0,,,0.0,0.0,0.0,0.0,0.0,,,2020,605130
Scott Barlow,KCR,p,28,"6' 3""",210,R,R,2018,2000000.0,0.0,0.0,0.0,0,0.0,,0.0,0.0,0.0,0.0,0.0,,,2021,605130
Scott Barlow,KCR,p,29,"6' 3""",210,R,R,2018,2000000.0,0.0,0.0,0.0,0,0.0,,0.0,0.0,0.0,0.0,0.0,,,2022,605130
Scott Kazmir,SFG,p,37,"6' 0""",185,L,L,2004,,-0.0429267831834426,0.0,0.0,0,0.0,-100.0,0.0,0.0,0.0,0.0,0.5,72.0,-34.0,2021,431148
Scott Kingery,PHI,2B,24,"5' 9""",180,R,R,2018,,-0.69792422711348,0.226,0.605,8,35.0,61.007248000374496,0.262521252128648,0.291021671,0.112831859,0.049586776,0.260330578,86.2,17.0,2018,664068
Scott Kingery,PHI,2B,25,"5' 9""",180,R,R,2018,,2.09274276773037,0.258,0.789,19,55.0,100.208601114772,0.328826650318851,0.336734693,0.216157205,0.068,0.294,88.3,18.0,2019,664068
Scott Kingery,PHI,2B,26,"5' 9""",180,R,R,2018,,-0.913140889290186,0.159,0.511,3,6.0,36.4544509408494,0.22740543373232,0.2,0.123893805,0.072580645,0.282258064,85.3,17.0,2020,664068
Scott Kingery,PHI,2B,27,"5' 9""",180,R,R,2018,,-0.411315297441514,0.053,0.106,0,0.0,-79.4940156553395,0.0462660695377149,0.142857142,0.0,0.0,0.631578947,72.5,24.0,2021,664068
Scott Kingery,PHI,2B,28,"5' 9""",180,R,R,2018,,0.0001800348456731,0.0,0.0,0,0.0,,0.0,0.0,0.0,0.0,0.0,,,2022,664068
Scott Schebler,CIN,RF,27,"6' 1""",228,L,R,2015,,1.07279997881554,0.255,0.776,17,49.0,108.291777953837,0.336963589791651,0.300751879,0.184210527,0.090697674,0.230232558,90.1,9.0,2018,594988
Scott Schebler,CIN,RF,28,"6' 1""",228,L,R,2015,,-0.648533917965297,0.123,0.475,2,7.0,27.2209462961633,0.223096497435319,0.153846153,0.098765432,0.147368421,0.284210526,86.1,7.0,2019,594988
Scott Schebler,ATL,RF,29,"6' 1""",228,L,R,2015,,-0.0245112776853475,0.0,0.0,0,0.0,-100.0,0.0,0.0,0.0,0.0,0.0,78.0,-31.0,2020,594988
Scott Schebler,LAA,RF,30,"6' 1""",228,L,R,2015,,-0.458566437456571,0.147,0.382,0,0.0,-6.46377254076808,0.161266183151918,0.294117647,0.088235294,0.0,0.5,83.9,20.0,2021,594988
Sean Doolittle,WSN,p,31,"6' 2""",218,L,L,2012,,0.0,0.0,0.0,0,0.0,,0.0,0.0,0.0,0.0,0.0,,,2018,448281
Sean Doolittle,WSN,p,32,"6' 2""",218,L,L,2012,,-0.0377480732722439,0.0,0.0,0,0.0,-100.0,0.0,0.0,0.0,0.0,0.666666666,83.6,-32.0,2019,448281
Sean Doolittle,WSN,p,33,"6' 2""",218,L,L,2012,,0.0,,,0,,,0.0,0.0,0.0,0.0,0.0,,,2020,448281
Sean Doolittle,- - -,p,34,"6' 2""",218,L,L,2012,,0.0,0.0,0.0,0,0.0,,0.0,0.0,0.0,0.0,0.0,,,2021,448281
Sean Doolittle,WSN,p,35,"6' 2""",218,L,L,2012,,0.0,,,0,,,0.0,0.0,0.0,0.0,0.0,,,2022,448281
Sean Gilmartin,BAL,P,28,"6' 2""",205,L,L,2015,,0.0,,,0,,,0.0,0.0,0.0,0.0,0.0,,,2018,543219
Sean Gilmartin,BAL,P,29,"6' 2""",205,L,L,2015,,0.0,,,0,,,0.0,0.0,0.0,0.0,0.0,,,2019,543219
Sean Gilmartin,TBR,P,30,"6' 2""",205,L,L,2015,,0.0,,,0,,,0.0,0.0,0.0,0.0,0.0,,,2020,543219
Sean Manaea,OAK,p,26,"6' 5""",245,R,L,2016,25000000.0,0.0212217471290112,0.2,0.4,0,0.0,7.1212901223725,0.175906145572662,0.2,0.0,0.0,0.0,76.5,-17.0,2018,640455
Sean Manaea,OAK,p,27,"6' 5""",245,R,L,2016,25000000.0,0.0,,,0,,,0.0,0.0,0.0,0.0,0.0,,,2019,640455
Sean Manaea,OAK,p,28,"6' 5""",245,R,L,2016,25000000.0,0.0,,,0,,,0.0,0.0,0.0,0.0,0.0,,,2020,640455
Sean Manaea,OAK,p,29,"6' 5""",245,R,L,2016,25000000.0,0.166956114984038,0.5,1.25,0,0.0,249.21251500574,0.530175462365151,0.666666666,0.25,0.0,0.2,90.9,-21.0,2021,640455
Sean Manaea,SDP,p,30,"6' 5""",245,R,L,2016,25000000.0,0.0,,,0,,,0.0,0.0,0.0,0.0,0.0,,,2022,640455
Sean Murphy,OAK,C,24,"6' 3""",228,R,R,2019,,0.405272126377503,0.245,0.899,4,8.0,135.71213115896,0.369681289792061,0.272727272,0.320754717,0.1,0.266666666,90.7,7.0,2019,669221
Sean Murphy,OAK,C,25,"6' 3""",228,R,R,2019,,1.56824178970616,0.233,0.821,7,14.0,132.939312465758,0.357526410477502,0.277777777,0.224137931,0.171428571,0.264285714,92.2,15.0,2020,669221
Sean Murphy,OAK,C,26,"6' 3""",228,R,R,2019,,3.27286077304561,0.216,0.711,17,59.0,99.9378212264274,0.309281311530088,0.256603773,0.188295165,0.089285714,0.254464285,89.2,15.0,2021,669221
Sean Murphy,OAK,C,27,"6' 3""",228,R,R,2019,,5.24336731828589,0.25,0.758,18,66.0,120.547811802431,0.331337944138031,0.29,0.176908752,0.091503267,0.202614379,88.7,11.0,2022,669221
Sean Newcomb,ATL,p,25,"6' 5""",255,L,L,2017,4500000.0,-0.406368896271118,0.044,0.132,0,1.0,-75.6468883891575,0.0612246782883354,0.153846153,0.022222222,0.018867924,0.603773584,82.0,-17.0,2018,656794
Sean Newcomb,ATL,p,26,"6' 5""",255,L,L,2017,4500000.0,-0.101325487869525,0.0,0.0,0,0.0,-100.0,0.0,0.0,0.0,0.0,0.875,82.8,30.0,2019,656794
Sean Newcomb,ATL,p,27,"6' 5""",255,L,L,2017,4500000.0,0.0,,,0,,,0.0,0.0,0.0,0.0,0.0,,,2020,656794
Sean Newcomb,ATL,p,28,"6' 5""",255,L,L,2017,4500000.0,-0.0271194163352871,0.0,0.0,0,0.0,-100.0,0.0,0.0,0.0,0.0,0.5,,,2021,656794
Sean Newcomb,- - -,p,29,"6' 5""",255,L,L,2017,4500000.0,-0.0113421992254964,,,0,,,0.0,0.0,0.0,0.0,0.0,,,2022,656794
Sean Reid-Foley,TOR,P,22,"6' 3""",230,R,R,2018,,-0.0325991638564665,0.0,0.0,0,0.0,-100.0,0.0,0.0,0.0,0.0,1.0,,,2018,656887
Sean Reid-Foley,TOR,P,23,"6' 3""",230,R,R,2018,,-0.0114902686238907,0.0,0.0,0,0.0,-100.0,0.0,0.0,0.0,0.0,1.0,,,2019,656887
Sean Reid-Foley,TOR,P,24,"6' 3""",230,R,R,2018,,0.0,,,0,,,0.0,0.0,0.0,0.0,0.0,,,2020,656887
Sean Reid-Foley,NYM,P,25,"6' 3""",230,R,R,2018,,0.0928267573872726,0.0,1.0,0,0.0,344.910765706528,0.691716551780701,0.0,0.0,1.0,0.0,,,2021,656887
Sean Reid-Foley,NYM,P,26,"6' 3""",230,R,R,2018,,0.0,,,0,,,0.0,0.0,0.0,0.0,0.0,,,2022,656887
Sean Rodríguez,PIT,2b,33,"6' 0""",199,R,R,2008,,-0.304013359126523,0.167,0.59,5,19.0,63.3377912645028,0.264433069631111,0.235294117,0.146666667,0.12716763,0.346820809,88.2,20.0,2018,446481
Sean Rodríguez,PHI,2b,34,"6' 0""",199,R,R,2008,,0.528882466973189,0.223,0.723,4,12.0,93.5929589680646,0.318729074354525,0.308823529,0.151785715,0.136690647,0.294964028,88.3,14.0,2019,446481
Sean Rodríguez,MIA,2b,35,"6' 0""",199,R,R,2008,,-0.127085435077613,0.154,0.308,0,0.0,-20.2979362246888,0.135773200255174,0.285714285,0.0,0.0,0.461538461,92.2,15.0,2020,446481
Seranthony Domínguez,PHI,p,23,"6' 1""",225,R,R,2018,10000000.0,0.0348804994865892,0.0,0.5,0,0.0,115.959781530423,0.344764798879623,0.0,0.0,0.5,0.5,,,2018,622554
Seranthony Domínguez,PHI,p,24,"6' 1""",225,R,R,2018,10000000.0,-0.0125380544157124,0.0,0.0,0,0.0,-100.0,0.0,0.0,0.0,0.0,1.0,,,2019,622554
Seranthony Domínguez,PHI,p,26,"6' 1""",225,R,R,2018,10000000.0,0.0,0.0,0.0,0,0.0,,0.0,0.0,0.0,0.0,0.0,,,2021,622554
Seranthony Domínguez,PHI,p,27,"6' 1""",225,R,R,2018,10000000.0,0.0,,,0,,,0.0,0.0,0.0,0.0,0.0,,,2022,622554
Sergio Romo,TBR,p,35,"5' 11""",185,R,R,2008,2000000.0,-0.0226565356562916,0.0,0.0,0,0.0,-100.0,0.0,0.0,0.0,0.0,1.0,,,2018,489265
Sergio Romo,- - -,p,36,"5' 11""",185,R,R,2008,2000000.0,0.0,0.0,0.0,0,0.0,,0.0,0.0,0.0,0.0,0.0,,,2019,489265
Sergio Romo,MIN,p,37,"5' 11""",185,R,R,2008,2000000.0,0.0,,,0,,,0.0,0.0,0.0,0.0,0.0,,,2020,489265
Sergio Romo,OAK,p,38,"5' 11""",185,R,R,2008,2000000.0,0.0,0.0,0.0,0,0.0,,0.0,0.0,0.0,0.0,0.0,,,2021,489265
Sergio Romo,- - -,p,39,"5' 11""",185,R,R,2008,2000000.0,0.0,,,0,,,0.0,0.0,0.0,0.0,0.0,,,2022,489265
Seth Brown,OAK,LF,26,"6' 1""",223,L,L,2019,,0.573725436567306,0.293,0.814,0,13.0,120.184011739524,0.346721796386213,0.423076923,0.16,0.084337349,0.277108433,89.0,17.0,2019,664913
Seth Brown,OAK,LF,27,"6' 1""",223,L,L,2019,,-0.112245956235822,0.0,0.0,0,0.0,-100.0,0.0,0.0,0.0,0.0,0.4,89.0,25.0,2020,664913
Seth Brown,OAK,LF,28,"6' 1""",223,L,L,2019,,1.12544654374381,0.214,0.754,20,48.0,103.510285287236,0.314567783035216,0.229885057,0.266903915,0.074918566,0.28990228,88.9,21.0,2021,664913
Seth Brown,OAK,LF,29,"6' 1""",223,L,L,2019,,1.53568909636866,0.23,0.749,25,73.0,114.970529626466,0.323437876135543,0.272727272,0.214,0.091891891,0.263063063,89.2,16.0,2022,664913
Seth Lugo,NYM,p,28,"6' 4""",225,R,R,2016,15000000.0,-0.0015894527551292,0.091,0.258,0,0.0,-22.0197290955018,0.130755027135213,0.333333333,0.0,0.076923076,0.615384615,92.3,-7.0,2018,607625
Seth Lugo,NYM,p,29,"6' 4""",225,R,R,2016,15000000.0,0.0610951078309907,1.0,2.0,0,1.0,461.987899885774,0.869607269763947,1.0,0.0,0.0,0.0,75.0,15.0,2019,607625
Seth Lugo,NYM,p,30,"6' 4""",225,R,R,2016,15000000.0,0.0,,,0,,,0.0,0.0,0.0,0.0,0.0,,,2020,607625
Seth Lugo,NYM,p,31,"6' 4""",225,R,R,2016,15000000.0,-0.0106321031413529,0.0,0.0,0,0.0,-100.0,0.0,0.0,0.0,0.0,0.0,,,2021,607625
Seth Lugo,NYM,p,32,"6' 4""",225,R,R,2016,15000000.0,0.0,0.0,0.0,0,0.0,,0.0,0.0,0.0,0.0,0.0,,,2022,607625
Shane Bieber,CLE,p,23,"6' 3""",200,R,R,2018,13000000.0,0.118858736091197,0.25,0.9,0,0.0,144.487117511208,0.387360894680023,0.5,0.25,0.2,0.4,92.6,4.0,2018,669456
Shane Bieber,CLE,p,24,"6' 3""",200,R,R,2018,13000000.0,-0.058249404057481,0.0,0.0,0,0.0,-100.0,0.0,0.0,0.0,0.0,0.6,84.6,-30.0,2019,669456
Shane Bieber,CLE,p,25,"6' 3""",200,R,R,2018,13000000.0,0.0,,,0,,,0.0,0.0,0.0,0.0,0.0,,,2020,669456
Shane Bieber,CLE,p,26,"6' 3""",200,R,R,2018,13000000.0,-0.0624439184176524,0.0,0.0,0,0.0,-100.0,0.0,0.0,0.0,0.0,0.5,80.6,10.0,2021,669456
Shane Bieber,CLE,p,27,"6' 3""",200,R,R,2018,13000000.0,0.0,,,0,,,0.0,0.0,0.0,0.0,0.0,,,2022,669456
Shane Greene,DET,p,29,"6' 4""",200,R,R,2014,,0.0,0.0,0.0,0,0.0,,0.0,0.0,0.0,0.0,0.0,,,2018,572888
Shane Greene,- - -,p,30,"6' 4""",200,R,R,2014,,0.0,0.0,0.0,0,0.0,,0.0,0.0,0.0,0.0,0.0,,,2019,572888
Shane Greene,ATL,p,31,"6' 4""",200,R,R,2014,,0.0,,,0,,,0.0,0.0,0.0,0.0,0.0,,,2020,572888
Shane Greene,- - -,p,32,"6' 4""",200,R,R,2014,,0.0,0.0,0.0,0,0.0,,0.0,0.0,0.0,0.0,0.0,,,2021,572888
Shane Greene,- - -,p,33,"6' 4""",200,R,R,2014,,0.0,,,0,,,0.0,0.0,0.0,0.0,0.0,,,2022,572888
Shane Robinson,NYY,CF,33,"5' 9""",170,R,R,2009,,0.142618686381659,0.143,0.432,1,2.0,17.3137187441554,0.196865573244275,0.142857142,0.081632653,0.074074074,0.111111111,85.0,13.0,2018,453203
Shaun Anderson,SFG,P,24,"6' 6""",228,R,R,2019,,-0.0918354509028539,0.08,0.235,0,0.0,-40.1265403787777,0.107903361320496,0.333333333,0.04,0.0,0.678571428,85.6,19.0,2019,641312
Shaun Anderson,SFG,P,25,"6' 6""",228,R,R,2019,,0.0,,,0,,,0.0,0.0,0.0,0.0,0.0,,,2020,641312
Shaun Anderson,- - -,P,26,"6' 6""",228,R,R,2019,,0.0,0.0,0.0,0,0.0,,0.0,0.0,0.0,0.0,0.0,,,2021,641312
Shaun Anderson,TOR,P,27,"6' 6""",228,R,R,2019,,0.0,,,0,,,0.0,0.0,0.0,0.0,0.0,,,2022,641312
Shawn Armstrong,SEA,p,27,"6' 2""",225,R,R,2015,5500000.0,0.0,0.0,0.0,0,0.0,,0.0,0.0,0.0,0.0,0.0,,,2018,542888
Shawn Armstrong,- - -,p,28,"6' 2""",225,R,R,2015,5500000.0,0.0,0.0,0.0,0,0.0,,0.0,0.0,0.0,0.0,0.0,,,2019,542888
Shawn Armstrong,BAL,p,29,"6' 2""",225,R,R,2015,5500000.0,0.0,,,0,,,0.0,0.0,0.0,0.0,0.0,,,2020,542888
Shawn Armstrong,- - -,p,30,"6' 2""",225,R,R,2015,5500000.0,0.0,0.0,0.0,0,0.0,,0.0,0.0,0.0,0.0,0.0,,,2021,542888
Shawn Armstrong,- - -,p,31,"6' 2""",225,R,R,2015,5500000.0,0.0,,,0,,,0.0,0.0,0.0,0.0,0.0,,,2022,542888
Shawn Kelley,- - -,p,34,"6' 2""",237,R,R,2009,2750000.0,-0.0116097048057041,0.0,0.0,0,0.0,-100.0,0.0,0.0,0.0,0.0,1.0,,,2018,518875
Shawn Kelley,TEX,p,35,"6' 2""",237,R,R,2009,2750000.0,0.0,0.0,0.0,0,0.0,,0.0,0.0,0.0,0.0,0.0,,,2019,518875
Shelby Miller,ARI,p,27,"6' 3""",225,R,R,2012,1250000.0,-5.7171705936e-05,0.0,0.2,0,1.0,-23.4984136438972,0.137905919551849,0.0,0.0,0.2,0.2,74.8,19.0,2018,571946
Shelby Miller,TEX,p,28,"6' 3""",225,R,R,2012,1250000.0,0.077328433124262,0.0,0.667,0,0.0,184.291392308608,0.460196336110433,0.0,0.0,0.666666666,0.333333333,,,2019,571946
Shelby Miller,- - -,p,30,"6' 3""",225,R,R,2012,1250000.0,-0.0113667349422349,0.0,0.0,0,0.0,-100.0,0.0,0.0,0.0,0.0,0.0,72.7,-44.0,2021,571946
Shelby Miller,SFG,p,31,"6' 3""",225,R,R,2012,1250000.0,0.0,,,0,,,0.0,0.0,0.0,0.0,0.0,,,2022,571946
Shin-Soo Choo,TEX,dh,35,"5' 11""",205,L,L,2005,,1.9285900138635,0.264,0.811,21,62.0,116.630130700992,0.355495848324364,0.329870129,0.169642857,0.138345864,0.234586466,89.2,6.0,2018,425783
Shin-Soo Choo,TEX,dh,36,"5' 11""",205,L,L,2005,,1.38132378301892,0.265,0.826,24,61.0,111.919631249487,0.353189239763234,0.333333333,0.190053286,0.118181818,0.25,91.7,9.0,2019,425783
Shin-Soo Choo,TEX,dh,37,"5' 11""",205,L,L,2005,,-0.0290602345333645,0.236,0.723,5,15.0,96.4289769587692,0.312206219113062,0.283783783,0.163636364,0.102362204,0.259842519,90.0,11.0,2020,425783
Shohei Ohtani,LAA,p,23,"6' 4""",210,L,R,2018,70000000.0,2.74251109528512,0.285,0.925,22,61.0,149.454247410336,0.389612221619585,0.349753694,0.279141104,0.100817438,0.277929155,92.9,12.0,2018,660271
Shohei Ohtani,LAA,p,24,"6' 4""",210,L,R,2018,70000000.0,1.6352131397406,0.286,0.848,18,62.0,119.682302047966,0.352325956827091,0.353846153,0.21875,0.077647058,0.258823529,92.5,7.0,2019,660271
Shohei Ohtani,LAA,p,25,"6' 4""",210,L,R,2018,70000000.0,-0.0360122312629038,0.19,0.657,7,24.0,79.7318166623475,0.290152587890625,0.229166666,0.176470588,0.125714285,0.285714285,89.1,9.0,2020,660271
Shohei Ohtani,LAA,p,26,"6' 4""",210,L,R,2018,70000000.0,5.01788565854846,0.257,0.964,46,100.0,150.466765044355,0.393489321329675,0.302631578,0.33519553,0.150234741,0.295774647,93.6,17.0,2021,660271
Shohei Ohtani,LAA,p,27,"6' 4""",210,L,R,2018,70000000.0,3.60997631862498,0.273,0.875,34,95.0,141.870015276178,0.369624523388828,0.319796954,0.245733789,0.108108108,0.241741741,92.9,12.0,2022,660271
Silvino Bracho,ARI,P,25,"5' 10""",190,R,R,2015,,0.0,0.0,0.0,0,0.0,,0.0,0.0,0.0,0.0,0.0,,,2018,611093
Silvino Bracho,ARI,P,27,"5' 10""",190,R,R,2015,,0.0,,,0,,,0.0,0.0,0.0,0.0,0.0,,,2020,611093
Silvino Bracho,ATL,P,29,"5' 10""",190,R,R,2015,,0.0,,,0,,,0.0,0.0,0.0,0.0,0.0,,,2022,611093
Sonny Gray,NYY,p,28,"5' 10""",190,R,R,2013,25000000.0,-0.0215558576019416,0.0,0.0,0,0.0,-100.0,0.0,0.0,0.0,0.0,0.0,85.6,7.0,2018,543243
Sonny Gray,CIN,p,29,"5' 10""",190,R,R,2013,25000000.0,0.0712438520807985,0.152,0.384,0,3.0,-8.01340043885672,0.169317667682966,0.259259259,0.04347826,0.033333333,0.316666666,84.8,-12.0,2019,543243
Sonny Gray,CIN,p,30,"5' 10""",190,R,R,2013,25000000.0,0.0,,,0,,,0.0,0.0,0.0,0.0,0.0,,,2020,543243
Sonny Gray,CIN,p,31,"5' 10""",190,R,R,2013,25000000.0,-0.0234231459794001,0.146,0.313,0,0.0,-21.6736838166194,0.142048773311433,0.193548387,0.0,0.023255813,0.232558139,77.7,-9.0,2021,543243
Sonny Gray,MIN,p,32,"5' 10""",190,R,R,2013,25000000.0,0.0,,,0,,,0.0,0.0,0.0,0.0,0.0,,,2022,543243
Spencer Patton,TEX,P,33,"6' 1""",200,R,R,2014,,0.0,0.0,0.0,0,0.0,,0.0,0.0,0.0,0.0,0.0,,,2021,607359
Spencer Patton,TEX,P,34,"6' 1""",200,R,R,2014,,0.0,,,0,,,0.0,0.0,0.0,0.0,0.0,,,2022,607359
Spencer Turnbull,DET,p,25,"6' 3""",210,R,R,2018,1000000.0,-0.0219987574651507,0.0,0.0,0,0.0,-100.0,0.0,0.0,0.0,0.0,0.5,76.4,-43.0,2018,605513
Spencer Turnbull,DET,p,26,"6' 3""",210,R,R,2018,1000000.0,-0.0971997523190725,0.0,0.0,0,0.0,-100.0,0.0,0.0,0.0,0.0,0.875,,,2019,605513
Spencer Turnbull,DET,p,27,"6' 3""",210,R,R,2018,1000000.0,0.0,,,0,,,0.0,0.0,0.0,0.0,0.0,,,2020,605513
Spencer Turnbull,DET,p,28,"6' 3""",210,R,R,2018,1000000.0,0.0,,,0,,,0.0,0.0,0.0,0.0,0.0,,,2021,605513
Starlin Castro,MIA,2b,28,"6' 2""",218,R,R,2010,6000000.0,2.79874297165025,0.278,0.729,12,54.0,101.443057142735,0.315422694690479,0.330453563,0.121416526,0.074188562,0.191653786,88.4,8.0,2018,516770
Starlin Castro,MIA,2b,29,"6' 2""",218,R,R,2010,6000000.0,2.45865446777989,0.27,0.736,22,86.0,91.0221451174594,0.306546864594479,0.29296875,0.16509434,0.041420118,0.164201183,88.5,11.0,2019,516770
Starlin Castro,WSN,2b,30,"6' 2""",218,R,R,2010,6000000.0,0.138487257230161,0.267,0.752,2,4.0,97.4713596872433,0.319878669012161,0.311111111,0.183333334,0.047619047,0.206349206,87.1,17.0,2020,516770
Starlin Castro,WSN,2b,31,"6' 2""",218,R,R,2010,6000000.0,0.759970906097668,0.283,0.708,3,38.0,91.1465892254449,0.308613521415134,0.338582677,0.092063492,0.075144508,0.179190751,88.4,9.0,2021,516770
Starling Marte,PIT,dh,29,"6' 0""",195,R,R,2012,1000000.0,4.06382504102609,0.277,0.787,20,72.0,111.735489313044,0.336866460530517,0.31177829,0.182468694,0.057755775,0.179867986,88.4,9.0,2018,516782
Starling Marte,PIT,dh,30,"6' 0""",195,R,R,2012,1000000.0,3.67537357210544,0.295,0.845,23,82.0,118.045106083703,0.352771278617722,0.319248826,0.207792208,0.042662116,0.160409556,88.6,8.0,2019,516782
Starling Marte,- - -,dh,31,"6' 0""",195,R,R,2012,1000000.0,1.28630410114287,0.281,0.77,6,27.0,107.852733279362,0.333163773199641,0.318681318,0.149122807,0.048,0.164,87.1,6.0,2020,516782
Starling Marte,- - -,dh,32,"6' 0""",195,R,R,2012,1000000.0,5.18627323849796,0.31,0.841,12,55.0,131.971256075074,0.36442603025564,0.371508379,0.147751606,0.081749049,0.188212927,87.6,5.0,2021,516782
Starling Marte,NYM,dh,33,"6' 0""",195,R,R,2012,1000000.0,3.51033567514126,0.292,0.815,16,63.0,133.325670593474,0.354722191909752,0.339943342,0.175965665,0.051485148,0.192079207,86.8,8.0,2022,516782
Stephen Piscotty,OAK,RF,27,"6' 3""",211,R,R,2015,,3.24217105811339,0.267,0.822,27,88.0,126.404641970065,0.350704756255977,0.290243902,0.223443223,0.069421487,0.188429752,88.5,13.0,2018,572039
Stephen Piscotty,OAK,RF,28,"6' 3""",211,R,R,2015,,0.665758053836036,0.249,0.721,13,44.0,92.7940585220962,0.306223688837217,0.288973384,0.162464986,0.073791348,0.213740458,89.1,12.0,2019,572039
Stephen Piscotty,OAK,RF,29,"6' 3""",211,R,R,2015,,-0.217652531141674,0.226,0.629,5,29.0,75.0301999977463,0.272971142740811,0.303921568,0.132075472,0.052631578,0.30994152,88.1,13.0,2020,572039
Stephen Piscotty,OAK,RF,30,"6' 3""",211,R,R,2015,,-0.436810664020907,0.22,0.635,5,16.0,79.2096588549237,0.278608129696643,0.275,0.132947977,0.069148936,0.255319148,86.1,18.0,2021,572039
Stephen Piscotty,OAK,RF,31,"6' 3""",211,R,R,2015,,-0.544196608302839,0.19,0.593,5,14.0,68.8241997299722,0.258072859135227,0.253333333,0.150793651,0.064748201,0.345323741,90.4,10.0,2022,572039
Stephen Strasburg,WSN,p,29,"6' 5""",239,R,R,2010,35000000.0,-0.0737735002081491,0.122,0.285,0,1.0,-26.4194542192036,0.134342158949652,0.172413793,0.0,0.039215686,0.235294117,88.3,-10.0,2018,544931
Stephen Strasburg,WSN,p,30,"6' 5""",239,R,R,2010,35000000.0,0.220721046352991,0.167,0.422,1,10.0,6.04985831950705,0.185642086664836,0.239130434,0.055555556,0.0375,0.3125,86.9,-5.0,2019,544931
Stephen Strasburg,WSN,p,31,"6' 5""",239,R,R,2010,35000000.0,0.0,,,0,,,0.0,0.0,0.0,0.0,0.0,,,2020,544931
Stephen Strasburg,WSN,p,32,"6' 5""",239,R,R,2010,35000000.0,0.104284673868707,0.2,0.733,0,0.0,99.9943147307092,0.32222718000412,0.333333333,0.2,0.142857142,0.285714285,98.2,8.0,2021,544931
Stephen Strasburg,WSN,p,33,"6' 5""",239,R,R,2010,35000000.0,0.0,,,0,,,0.0,0.0,0.0,0.0,0.0,,,2022,544931
Stephen Vogt,SFG,c,34,"6' 0""",216,L,R,2012,,0.768465473905811,0.263,0.804,10,40.0,106.267689869212,0.33134756036984,0.311475409,0.22745098,0.071428571,0.235714285,89.8,22.0,2019,519390
Stephen Vogt,ARI,c,35,"6' 0""",216,L,R,2012,,0.0650754586665495,0.167,0.525,1,7.0,41.2932746257106,0.235250302302985,0.203703703,0.111111111,0.098765432,0.222222222,87.3,21.0,2020,519390
Stephen Vogt,- - -,c,36,"6' 0""",216,L,R,2012,,-0.0318679575180292,0.195,0.616,7,25.0,65.6686841750111,0.269783739587094,0.229729729,0.138095238,0.109243697,0.235294117,88.5,19.0,2021,519390
Stephen Vogt,OAK,c,37,"6' 0""",216,L,R,2012,,-0.938635378706492,0.161,0.562,7,23.0,62.4156016221257,0.248995254801206,0.168067226,0.160714286,0.089005235,0.240837696,87.0,21.0,2022,519390
Steve Cishek,CHC,p,32,"6' 6""",220,R,R,2010,,-0.0687559262220302,0.167,0.334,0,0.0,-15.6738908030871,0.146588454643885,0.25,0.0,0.0,0.333333333,95.3,-11.0,2018,518553
Steve Cishek,CHC,p,33,"6' 6""",220,R,R,2010,,-0.025035190311383,0.0,0.0,0,0.0,-100.0,0.0,0.0,0.0,0.0,0.0,69.8,10.0,2019,518553
Steve Cishek,CHW,p,34,"6' 6""",220,R,R,2010,,0.0,,,0,,,0.0,0.0,0.0,0.0,0.0,,,2020,518553
Steve Cishek,LAA,p,35,"6' 6""",220,R,R,2010,,0.0,0.0,0.0,0,0.0,,0.0,0.0,0.0,0.0,0.0,,,2021,518553
Steve Cishek,WSN,p,36,"6' 6""",220,R,R,2010,,0.0,,,0,,,0.0,0.0,0.0,0.0,0.0,,,2022,518553
Steve Pearce,- - -,1b,35,"5' 11""",200,R,R,2007,,1.6172339567034,0.284,0.89,11,42.0,140.242877833717,0.381514001652539,0.303030303,0.227906976,0.115537848,0.163346613,89.3,12.0,2018,456665
Steve Pearce,BOS,1b,36,"5' 11""",200,R,R,2007,,-0.859450954742719,0.18,0.503,1,9.0,28.6992406315709,0.223705615316119,0.258620689,0.078651686,0.07070707,0.313131313,88.5,13.0,2019,456665
Steven Brault,PIT,P,26,"6' 0""",195,L,L,2016,,0.0624906058021784,0.15,0.39,0,0.0,4.24534874443302,0.175993615672702,0.2,0.05,0.047619047,0.238095238,92.0,-4.0,2018,643230
Steven Brault,PIT,P,27,"6' 0""",195,L,L,2016,,0.793467665585121,0.333,0.778,1,2.0,104.524458269051,0.332134465838588,0.393939393,0.095238095,0.02,0.16,85.1,6.0,2019,643230
Steven Brault,PIT,P,28,"6' 0""",195,L,L,2016,,0.0,,,0,,,0.0,0.0,0.0,0.0,0.0,,,2020,643230
Steven Brault,PIT,P,29,"6' 0""",195,L,L,2016,,0.048794040001972,0.167,0.5,0,0.0,24.0929803556399,0.20694108804067,0.25,0.166666667,0.0,0.25,97.2,-11.0,2021,643230
Steven Brault,CHC,P,30,"6' 0""",195,L,L,2016,,0.0,,,0,,,0.0,0.0,0.0,0.0,0.0,,,2022,643230
Steven Matz,NYM,p,27,"6' 2""",205,R,L,2015,7500000.0,0.26367669376281,0.109,0.424,2,4.0,15.2011435211906,0.186460858705092,0.096774193,0.152173913,0.056603773,0.245283018,79.2,10.0,2018,571927
Steven Matz,NYM,p,28,"6' 2""",205,R,L,2015,7500000.0,0.314574152748997,0.228,0.509,1,1.0,34.4852699713427,0.217102163716366,0.307692307,0.052631579,0.0,0.278688524,83.6,8.0,2019,571927
Steven Matz,NYM,p,29,"6' 2""",205,R,L,2015,7500000.0,0.0,,,0,,,0.0,0.0,0.0,0.0,0.0,,,2020,571927
Steven Matz,TOR,p,30,"6' 2""",205,R,L,2015,7500000.0,-0.0222761774663606,0.0,0.0,0,0.0,-100.0,0.0,0.0,0.0,0.0,0.5,70.7,-16.0,2021,571927
Steven Matz,STL,p,31,"6' 2""",205,R,L,2015,7500000.0,0.0,,,0,,,0.0,0.0,0.0,0.0,0.0,,,2022,571927
Steven Okert,SFG,P,26,"6' 2""",202,L,L,2016,,0.0,0.0,0.0,0,0.0,,0.0,0.0,0.0,0.0,0.0,,,2018,595345
Steven Okert,MIA,P,29,"6' 2""",202,L,L,2016,,-0.0225003239763478,0.0,0.0,0,0.0,-100.0,0.0,0.0,0.0,0.0,0.5,93.9,-3.0,2021,595345
Steven Okert,MIA,P,30,"6' 2""",202,L,L,2016,,0.0,0.0,0.0,0,0.0,,0.0,0.0,0.0,0.0,0.0,,,2022,595345
Steven Souza Jr.,ARI,RF,29,"6' 4""",225,R,R,2014,,-0.0912252178014187,0.22,0.678,5,29.0,84.442373535336,0.299453215125729,0.298136645,0.149377593,0.102941176,0.275735294,88.7,16.0,2018,519306
Steven Souza Jr.,CHC,RF,31,"6' 4""",225,R,R,2014,,-0.111144466890077,0.148,0.591,1,5.0,61.3259363592491,0.262357861764969,0.272727272,0.185185185,0.129032258,0.483870967,87.2,32.0,2020,519306
Steven Souza Jr.,LAD,RF,32,"6' 4""",225,R,R,2014,,-0.143459842878114,0.152,0.555,1,3.0,49.9417143840798,0.241100551353561,0.222222222,0.181818182,0.055555555,0.388888888,87.3,13.0,2021,519306
Steven Souza Jr.,SEA,RF,33,"6' 4""",225,R,R,2014,,-0.21968830437815,0.158,0.316,0,1.0,-12.4520319777575,0.139555391512419,0.272727272,0.0,0.0,0.421052631,83.3,24.0,2022,519306
Steven Wright,BOS,P,33,"6' 2""",215,R,R,2013,,0.0,0.0,0.0,0,0.0,,0.0,0.0,0.0,0.0,0.0,,,2018,453214
Steven Wright,BOS,P,34,"6' 2""",215,R,R,2013,,0.0,,,0,,,0.0,0.0,0.0,0.0,0.0,,,2019,453214
T.J. McFarland,ARI,p,29,"6' 3""",200,L,L,2013,1800000.0,-0.0807929933374886,0.0,0.0,0,0.0,-100.0,0.0,0.0,0.0,0.0,0.857142857,92.4,-28.0,2018,519008
T.J. McFarland,ARI,p,30,"6' 3""",200,L,L,2013,1800000.0,-0.0627457621768357,0.0,0.0,0,0.0,-100.0,0.0,0.0,0.0,0.0,0.6,,,2019,519008
T.J. McFarland,OAK,p,31,"6' 3""",200,L,L,2013,1800000.0,0.0,,,0,,,0.0,0.0,0.0,0.0,0.0,,,2020,519008
T.J. McFarland,STL,p,32,"6' 3""",200,L,L,2013,1800000.0,0.0,0.0,0.0,0,0.0,,0.0,0.0,0.0,0.0,0.0,,,2021,519008
T.J. McFarland,STL,p,33,"6' 3""",200,L,L,2013,1800000.0,0.0,,,0,,,0.0,0.0,0.0,0.0,0.0,,,2022,519008
Taijuan Walker,ARI,p,25,"6' 4""",235,R,R,2013,18000000.0,-0.046167423449494,0.0,0.0,0,0.0,-100.0,0.0,0.0,0.0,0.0,0.25,86.6,-9.0,2018,592836
Taijuan Walker,ARI,p,26,"6' 4""",235,R,R,2013,18000000.0,0.0,0.0,0.0,0,0.0,,0.0,0.0,0.0,0.0,0.0,,,2019,592836
Taijuan Walker,- - -,p,27,"6' 4""",235,R,R,2013,18000000.0,0.0,,,0,,,0.0,0.0,0.0,0.0,0.0,,,2020,592836
Taijuan Walker,NYM,p,28,"6' 4""",235,R,R,2013,18000000.0,-0.0445058212975772,0.106,0.249,0,1.0,-27.5992900170727,0.118549502625757,0.277777777,0.0,0.019607843,0.56862745,82.6,-10.0,2021,592836
Taijuan Walker,NYM,p,29,"6' 4""",235,R,R,2013,18000000.0,0.0,,,0,,,0.0,0.0,0.0,0.0,0.0,,,2022,592836
Tanner Houck,BOS,P,24,"6' 5""",226,R,R,2020,,0.0,,,0,,,0.0,0.0,0.0,0.0,0.0,,,2020,656557
Tanner Houck,BOS,P,25,"6' 5""",226,R,R,2020,,-0.011397156344633,0.0,0.0,0,0.0,-100.0,0.0,0.0,0.0,0.0,1.0,,,2021,656557
Tanner Houck,BOS,P,26,"6' 5""",226,R,R,2020,,0.0,,,0,,,0.0,0.0,0.0,0.0,0.0,,,2022,656557
Tanner Rainey,CIN,P,25,"6' 3""",245,R,R,2018,,0.0,0.0,0.0,0,0.0,,0.0,0.0,0.0,0.0,0.0,,,2018,663432
Tanner Rainey,WSN,P,26,"6' 3""",245,R,R,2018,,-0.012582691090748,0.0,0.0,0,0.0,-100.0,0.0,0.0,0.0,0.0,1.0,,,2019,663432
Tanner Rainey,WSN,P,27,"6' 3""",245,R,R,2018,,0.0,,,0,,,0.0,0.0,0.0,0.0,0.0,,,2020,663432
Tanner Rainey,WSN,P,28,"6' 3""",245,R,R,2018,,0.0,0.0,0.0,0,0.0,,0.0,0.0,0.0,0.0,0.0,,,2021,663432
Tanner Rainey,WSN,P,29,"6' 3""",245,R,R,2018,,0.0,,,0,,,0.0,0.0,0.0,0.0,0.0,,,2022,663432
Tanner Roark,WSN,p,31,"6' 2""",238,R,R,2013,12000000.0,0.361545744789995,0.19,0.476,0,8.0,23.2278484210534,0.208645744125048,0.282051282,0.068965517,0.015384615,0.292307692,82.8,-1.0,2018,543699
Tanner Roark,- - -,p,32,"6' 2""",238,R,R,2013,12000000.0,0.051355167980352,0.152,0.425,1,2.0,-4.48859730510371,0.174697639364185,0.210526315,0.121212121,0.0,0.382352941,83.3,9.0,2019,543699
Tanner Roark,TOR,p,33,"6' 2""",238,R,R,2013,12000000.0,0.0,,,0,,,0.0,0.0,0.0,0.0,0.0,,,2020,543699
Tanner Roark,TOR,p,34,"6' 2""",238,R,R,2013,12000000.0,0.0,,,0,,,0.0,0.0,0.0,0.0,0.0,,,2021,543699
Tanner Scott,BAL,p,23,"6' 0""",235,R,L,2017,18000000.0,0.0,0.0,0.0,0,0.0,,0.0,0.0,0.0,0.0,0.0,,,2018,656945
Tanner Scott,BAL,p,24,"6' 0""",235,R,L,2017,18000000.0,0.0,0.0,0.0,0,0.0,,0.0,0.0,0.0,0.0,0.0,,,2019,656945
Tanner Scott,BAL,p,25,"6' 0""",235,R,L,2017,18000000.0,0.0,,,0,,,0.0,0.0,0.0,0.0,0.0,,,2020,656945
Tanner Scott,BAL,p,26,"6' 0""",235,R,L,2017,18000000.0,0.0,0.0,0.0,0,0.0,,0.0,0.0,0.0,0.0,0.0,,,2021,656945
Tanner Scott,MIA,p,27,"6' 0""",235,R,L,2017,18000000.0,0.0,0.0,0.0,0,0.0,,0.0,0.0,0.0,0.0,0.0,,,2022,656945
Tarik Skubal,DET,P,23,"6' 3""",240,R,L,2020,,0.0,,,0,,,0.0,0.0,0.0,0.0,0.0,,,2020,669373
Tarik Skubal,DET,P,24,"6' 3""",240,R,L,2020,,-0.0320808427528754,0.0,0.0,0,0.0,-100.0,0.0,0.0,0.0,0.0,0.666666666,,,2021,669373
Tarik Skubal,DET,P,25,"6' 3""",240,R,L,2020,,0.0,,,0,,,0.0,0.0,0.0,0.0,0.0,,,2022,669373
Taylor Clarke,ARI,P,26,"6' 3""",210,R,R,2019,,0.230783997239172,0.25,0.625,1,2.0,56.3274210873982,0.261982185145219,0.384615384,0.125,0.0,0.4,84.5,3.0,2019,664199
Taylor Clarke,ARI,P,27,"6' 3""",210,R,R,2019,,0.0,,,0,,,0.0,0.0,0.0,0.0,0.0,,,2020,664199
Taylor Clarke,ARI,P,28,"6' 3""",210,R,R,2019,,0.0389204602550924,0.333,0.666,0,0.0,81.1653383483022,0.293018440405528,1.0,0.0,0.0,0.666666666,79.8,1.0,2021,664199
Taylor Clarke,KCR,P,29,"6' 3""",210,R,R,2019,,0.0,0.0,0.0,0,0.0,,0.0,0.0,0.0,0.0,0.0,,,2022,664199
Taylor Motter,- - -,2B,28,"6' 1""",195,R,R,2016,,-0.293267809357578,0.147,0.472,1,2.0,33.2845613813247,0.218607099432694,0.16,0.088235294,0.105263157,0.210526315,80.8,4.0,2018,600301
Taylor Motter,- - -,2B,31,"6' 1""",195,R,R,2016,,-0.0122806916152396,0.192,0.584,0,1.0,49.1339221638886,0.259377263743302,0.277777777,0.115384615,0.103448275,0.275862068,88.7,21.0,2021,600301
Taylor Motter,CIN,2B,32,"6' 1""",195,R,R,2016,,-0.227314567213126,0.167,0.334,0,0.0,-18.5474138591408,0.147308468818665,0.333333333,0.0,0.0,0.5,85.7,27.0,2022,600301
Taylor Rogers,MIN,p,27,"6' 3""",190,L,L,2016,2000000.0,0.0,0.0,0.0,0,0.0,,0.0,0.0,0.0,0.0,0.0,,,2018,573124
Taylor Rogers,MIN,p,28,"6' 3""",190,L,L,2016,2000000.0,0.0,0.0,0.0,0,0.0,,0.0,0.0,0.0,0.0,0.0,,,2019,573124
Taylor Rogers,MIN,p,29,"6' 3""",190,L,L,2016,2000000.0,0.0,,,0,,,0.0,0.0,0.0,0.0,0.0,,,2020,573124
Taylor Rogers,MIN,p,30,"6' 3""",190,L,L,2016,2000000.0,0.0,0.0,0.0,0,0.0,,0.0,0.0,0.0,0.0,0.0,,,2021,573124
Taylor Rogers,- - -,p,31,"6' 3""",190,L,L,2016,2000000.0,0.0,0.0,0.0,0,0.0,,0.0,0.0,0.0,0.0,0.0,,,2022,573124
Taylor Ward,LAA,LF,24,"6' 0""",205,R,R,2018,,-0.357746050349949,0.178,0.578,6,15.0,57.5991295050457,0.255007125893418,0.214285714,0.155555556,0.061224489,0.306122448,86.9,16.0,2018,621493
Taylor Ward,LAA,LF,25,"6' 0""",205,R,R,2018,,-0.427606369826619,0.19,0.625,1,2.0,67.5217130106171,0.275202599664529,0.388888888,0.142857143,0.125,0.479166666,91.7,11.0,2019,621493
Taylor Ward,LAA,LF,26,"6' 0""",205,R,R,2018,,0.0386046880924369,0.277,0.716,0,5.0,96.0158450731879,0.313929508714115,0.393939393,0.106382979,0.078431372,0.274509803,91.1,10.0,2020,621493
Taylor Ward,LAA,LF,27,"6' 0""",205,R,R,2018,,0.892135066876141,0.25,0.77,8,33.0,109.820742754504,0.333342029439642,0.301369863,0.1875,0.084388185,0.23206751,89.6,16.0,2021,621493
Taylor Ward,LAA,LF,28,"6' 0""",205,R,R,2018,,3.71769707257994,0.281,0.833,23,65.0,136.440911827715,0.361934346510163,0.324929971,0.191919192,0.106382978,0.212765957,90.0,16.0,2022,621493
Teoscar Hernández,TOR,If,25,"6' 0""",215,R,R,2016,22000000.0,0.887325330255282,0.239,0.77,22,57.0,106.131013031117,0.328072406935646,0.31292517,0.228991596,0.078393881,0.311663479,91.7,17.0,2018,606192
Teoscar Hernández,TOR,If,26,"6' 0""",215,R,R,2016,22000000.0,1.33937762974323,0.23,0.778,26,65.0,102.513804162185,0.324633951063548,0.292887029,0.242206235,0.096982758,0.329741379,91.0,15.0,2019,606192
Teoscar Hernández,TOR,If,27,"6' 0""",215,R,R,2016,22000000.0,1.45363099171923,0.289,0.919,16,34.0,141.785995177622,0.383908909501381,0.348214285,0.289473684,0.06763285,0.304347826,93.3,15.0,2020,606192
Teoscar Hernández,TOR,If,28,"6' 0""",215,R,R,2016,22000000.0,4.03754224323205,0.296,0.87,32,116.0,131.832452887224,0.368928609371988,0.352150537,0.227272727,0.060504201,0.248739495,91.8,13.0,2021,606192
Teoscar Hernández,TOR,If,29,"6' 0""",215,R,R,2016,22000000.0,3.03290060381855,0.267,0.807,25,77.0,129.530462026659,0.347753364794722,0.335403726,0.224448897,0.063551401,0.284112149,92.6,12.0,2022,606192
Terrance Gore,CHC,LF,27,"5' 7""",160,R,R,2014,,0.079247177587607,0.2,0.4,0,0.0,3.91526187129128,0.175906145572662,0.25,0.0,0.0,0.2,88.3,19.0,2018,605253
Terrance Gore,KCR,LF,28,"5' 7""",160,R,R,2014,,0.50723647903213,0.275,0.715,0,1.0,94.3365087987443,0.317051840239558,0.424242424,0.078431373,0.103448275,0.310344827,83.5,6.0,2019,605253
Terrance Gore,LAD,LF,29,"5' 7""",160,R,R,2014,,-0.0103393537489135,0.0,0.0,0,0.0,,0.0,0.0,0.0,0.0,0.0,,,2020,605253
Terrance Gore,NYM,LF,31,"5' 7""",160,R,R,2014,,0.0083881387068222,0.143,0.286,0,0.0,-22.8878919211931,0.12626440184457,0.25,0.0,0.0,0.375,82.4,27.0,2022,605253
Thairo Estrada,NYY,2B,23,"5' 10""",185,R,R,2019,,0.373498720954864,0.25,0.732,3,12.0,90.9796075209063,0.308158426600344,0.282608695,0.1875,0.04347826,0.217391304,88.6,7.0,2019,642731
Thairo Estrada,NYY,2B,24,"5' 10""",185,R,R,2019,,-0.307535655376345,0.167,0.46,1,3.0,29.0550813851305,0.212325735734059,0.25,0.0625,0.019230769,0.365384615,83.5,3.0,2020,642731
Thairo Estrada,SFG,2B,25,"5' 10""",185,R,R,2019,,1.16849843039866,0.273,0.812,7,22.0,119.45914841966,0.34602313551284,0.285714285,0.20661157,0.068181818,0.174242424,86.6,7.0,2021,642731
Thairo Estrada,SFG,2B,26,"5' 10""",185,R,R,2019,,2.76947248106447,0.26,0.722,14,62.0,106.302152052681,0.317476753393809,0.289743589,0.139344262,0.060998151,0.164510166,86.2,8.0,2022,642731
Tim Anderson,CHW,ss,25,"6' 0""",185,R,R,2016,5000000.0,2.39387088787786,0.24,0.687,20,64.0,85.1896943986551,0.294389767405203,0.289276807,0.165784832,0.04950495,0.245874587,85.8,11.0,2018,641313
Tim Anderson,CHW,ss,26,"6' 0""",185,R,R,2016,5000000.0,4.49822660854843,0.335,0.865,18,56.0,128.239441879047,0.363129381967788,0.399463806,0.172690763,0.028957528,0.21042471,88.2,9.0,2019,641313
Tim Anderson,CHW,ss,27,"6' 0""",185,R,R,2016,5000000.0,2.29744120016787,0.322,0.886,10,21.0,139.89193431598,0.37614066946021,0.382550335,0.206730769,0.045248868,0.226244343,87.2,7.0,2020,641313
Tim Anderson,CHW,ss,28,"6' 0""",185,R,R,2016,5000000.0,4.29222418658879,0.309,0.807,17,61.0,118.40024070724,0.34471611738205,0.372448979,0.15939279,0.039927404,0.215970961,89.6,4.0,2021,641313
Tim Anderson,CHW,ss,29,"6' 0""",185,R,R,2016,5000000.0,2.24367033915129,0.301,0.734,6,25.0,110.061637638682,0.322793887513024,0.346863468,0.093373494,0.039886039,0.156695156,88.2,3.0,2022,641313
Tim Beckham,BAL,SS,28,"6' 0""",215,R,R,2013,,-0.168578024362249,0.23,0.661,12,35.0,79.6558195878601,0.288292167638603,0.281853281,0.143631436,0.067164179,0.248756218,87.1,10.0,2018,542921
Tim Beckham,SEA,SS,29,"6' 0""",215,R,R,2013,,0.0873264302396497,0.237,0.754,15,47.0,99.3472930770098,0.314823450475204,0.304812834,0.22368421,0.06402439,0.310975609,87.2,11.0,2019,542921
Tim Beckham,MIN,SS,32,"6' 0""",215,R,R,2013,,-0.517268233526719,0.08,0.16,0,1.0,-66.7257020847877,0.070708065032959,0.125,0.0,0.0,0.36,90.5,0.0,2022,542921
Tim Collins,WSN,p,28,"5' 7""",166,L,L,2011,,0.0,0.0,0.0,0,0.0,,0.0,0.0,0.0,0.0,0.0,,,2018,525768
Tim Collins,CHC,p,29,"5' 7""",166,L,L,2011,,0.0,0.0,0.0,0,0.0,,0.0,0.0,0.0,0.0,0.0,,,2019,525768
Tim Federowicz,- - -,C,30,"5' 10""",215,R,R,2011,,-0.0823527988205784,0.225,0.662,1,4.0,78.5380577479354,0.283740716321128,0.347826086,0.175,0.047619047,0.38095238,89.8,26.0,2018,543148
Tim Federowicz,TEX,C,31,"5' 10""",215,R,R,2011,,-0.0315990751180781,0.16,0.56,4,7.0,32.4973112802203,0.235757361352444,0.2,0.186666666,0.060240963,0.373493975,90.4,19.0,2019,543148
Tim Hill,KCR,p,28,"6' 4""",210,R,L,2018,2850000.0,-0.0110382213226955,0.0,0.0,0,0.0,-100.0,0.0,0.0,0.0,0.0,1.0,,,2018,657612
Tim Hill,KCR,p,29,"6' 4""",210,R,L,2018,2850000.0,0.0,0.0,0.0,0,0.0,,0.0,0.0,0.0,0.0,0.0,,,2019,657612
Tim Hill,SDP,p,30,"6' 4""",210,R,L,2018,2850000.0,0.0007420757424122,0.0,0.0,0,0.0,-100.0,0.0,0.0,0.0,0.0,1.0,,,2020,657612
Tim Hill,SDP,p,31,"6' 4""",210,R,L,2018,2850000.0,0.0,0.0,0.0,0,0.0,,0.0,0.0,0.0,0.0,0.0,,,2021,657612
Tim Hill,SDP,p,32,"6' 4""",210,R,L,2018,2850000.0,0.0,,,0,,,0.0,0.0,0.0,0.0,0.0,,,2022,657612
Tim Locastro,LAD,LF,25,"6' 1""",200,R,R,2017,,0.128468211935182,0.182,0.63,0,0.0,91.4606873650776,0.30185997911862,0.333333333,0.090909091,0.142857142,0.357142857,80.3,12.0,2018,641796
Tim Locastro,ARI,LF,26,"6' 1""",200,R,R,2017,,0.792297567077437,0.25,0.697,1,17.0,90.2593038942301,0.313773040311882,0.309523809,0.089622641,0.056,0.176,84.2,13.0,2019,641796
Tim Locastro,ARI,LF,27,"6' 1""",200,R,R,2017,,0.83015119904587,0.29,0.859,2,7.0,134.152692891131,0.37587485048506,0.339622641,0.173913043,0.097560975,0.170731707,85.6,17.0,2020,641796
Tim Locastro,- - -,LF,28,"6' 1""",200,R,R,2017,,-0.572121769819918,0.18,0.515,2,7.0,45.6280399552469,0.23731463154157,0.219047619,0.071942446,0.044871794,0.211538461,82.1,14.0,2021,641796
Tim Locastro,NYY,LF,29,"6' 1""",200,R,R,2017,,-0.0419229345246587,0.186,0.588,2,4.0,65.6557991521125,0.259183361478474,0.176470588,0.162790698,0.04347826,0.152173913,86.5,12.0,2022,641796
Tim Mayza,TOR,p,26,"6' 3""",215,L,L,2017,,0.0,0.0,0.0,0,0.0,,0.0,0.0,0.0,0.0,0.0,,,2018,641835
Tim Mayza,TOR,p,27,"6' 3""",215,L,L,2017,,0.0,0.0,0.0,0,0.0,,0.0,0.0,0.0,0.0,0.0,,,2019,641835
Tim Mayza,TOR,p,29,"6' 3""",215,L,L,2017,,0.0,0.0,0.0,0,0.0,,0.0,0.0,0.0,0.0,0.0,,,2021,641835
Tim Mayza,TOR,p,30,"6' 3""",215,L,L,2017,,0.0,,,0,,,0.0,0.0,0.0,0.0,0.0,,,2022,641835
Todd Frazier,NYM,3b,32,"6' 3""",215,R,R,2011,,1.42392935704188,0.213,0.693,18,59.0,92.101719882424,0.301552479434165,0.241258741,0.176470588,0.101694915,0.237288135,89.5,18.0,2018,453943
Todd Frazier,NYM,3b,33,"6' 3""",215,R,R,2011,,1.76911962220005,0.251,0.772,21,67.0,107.123267607909,0.327970871963654,0.284375,0.192393736,0.08016032,0.212424849,88.2,17.0,2019,453943
Todd Frazier,- - -,3b,34,"6' 3""",215,R,R,2011,,0.175893330610752,0.236,0.684,4,12.0,89.0027319657355,0.299513386432515,0.297297297,0.146496816,0.063953488,0.244186046,87.8,21.0,2020,453943
Todd Frazier,PIT,3b,35,"6' 3""",215,R,R,2011,,-0.368532034833114,0.086,0.314,0,4.0,-4.48496284883797,0.162969294190407,0.103448275,0.028571429,0.075,0.15,87.5,13.0,2021,453943
Tom Murphy,COL,c,27,"6' 0""",218,R,R,2015,,-0.191764971385372,0.226,0.637,2,11.0,50.5755128224859,0.267628661582344,0.404255319,0.161290323,0.03125,0.458333333,85.6,21.0,2018,608596
Tom Murphy,SEA,c,28,"6' 0""",218,R,R,2015,,3.08664637965259,0.273,0.859,18,40.0,126.290485452413,0.354660988490352,0.339743589,0.261538461,0.067615658,0.30960854,90.6,19.0,2019,608596
Tom Murphy,SEA,c,30,"6' 0""",218,R,R,2015,,0.618241595168186,0.202,0.654,11,34.0,87.1114618428607,0.290815064440603,0.264705882,0.148014441,0.123076923,0.304615384,88.6,16.0,2021,608596
Tom Murphy,SEA,c,31,"6' 0""",218,R,R,2015,,0.523386881810075,0.303,0.894,1,1.0,169.554378767569,0.397362505517355,0.47368421,0.151515151,0.19047619,0.309523809,94.3,13.0,2022,608596
Tommy Edman,STL,2B,24,"5' 10""",193,S,R,2019,,3.57368201018453,0.304,0.85,11,36.0,123.686854515136,0.356605688104657,0.346456692,0.196319019,0.045845272,0.1747851,87.4,14.0,2019,669242
Tommy Edman,STL,2B,25,"5' 10""",193,S,R,2019,,0.960277104143392,0.25,0.685,5,26.0,90.38451930352,0.301672258040979,0.300653594,0.117647058,0.070484581,0.211453744,86.5,8.0,2020,669242
Tommy Edman,STL,2B,26,"5' 10""",193,S,R,2019,,2.95532498859575,0.262,0.695,11,56.0,88.6924125612845,0.300787073148544,0.291280148,0.124804992,0.054992764,0.13748191,87.5,9.0,2021,669242
Tommy Edman,STL,2B,27,"5' 10""",193,S,R,2019,,5.35374525824258,0.265,0.724,13,57.0,105.908294299095,0.317635249197958,0.308370044,0.135181976,0.073015873,0.176190476,88.6,9.0,2022,669242
Tommy Hunter,PHI,p,31,"6' 3""",250,R,R,2008,,-0.0113858044431502,0.0,0.0,0,0.0,-100.0,0.0,0.0,0.0,0.0,0.0,,,2018,488984
Tommy Hunter,PHI,p,32,"6' 3""",250,R,R,2008,,0.0,0.0,0.0,0,0.0,,0.0,0.0,0.0,0.0,0.0,,,2019,488984
Tommy Hunter,PHI,p,33,"6' 3""",250,R,R,2008,,0.0,,,0,,,0.0,0.0,0.0,0.0,0.0,,,2020,488984
Tommy Hunter,NYM,p,34,"6' 3""",250,R,R,2008,,0.0619522328927046,1.0,2.0,0,0.0,466.665105117073,0.879055321216583,1.0,0.0,0.0,0.0,99.7,9.0,2021,488984
Tommy Hunter,NYM,p,35,"6' 3""",250,R,R,2008,,0.0,0.0,0.0,0,0.0,,0.0,0.0,0.0,0.0,0.0,,,2022,488984
Tommy Kahnle,NYY,p,28,"6' 1""",230,R,R,2014,,0.0,0.0,0.0,0,0.0,,0.0,0.0,0.0,0.0,0.0,,,2018,592454
Tommy Kahnle,NYY,p,29,"6' 1""",230,R,R,2014,,0.0,0.0,0.0,0,0.0,,0.0,0.0,0.0,0.0,0.0,,,2019,592454
Tommy Kahnle,NYY,p,30,"6' 1""",230,R,R,2014,,0.0,,,0,,,0.0,0.0,0.0,0.0,0.0,,,2020,592454
Tommy Kahnle,LAD,p,32,"6' 1""",230,R,R,2014,,0.0,,,0,,,0.0,0.0,0.0,0.0,0.0,,,2022,592454
Tommy La Stella,CHC,2b,29,"5' 11""",180,L,R,2014,6250000.0,0.194043649800019,0.266,0.671,1,19.0,86.9914814780719,0.300240412115413,0.312056737,0.065088757,0.088541666,0.140625,86.0,8.0,2018,600303
Tommy La Stella,LAA,2b,30,"5' 11""",180,L,R,2014,6250000.0,1.77498707955564,0.295,0.832,16,44.0,118.957458568689,0.351254221182021,0.282258064,0.191780822,0.062305295,0.087227414,88.1,13.0,2019,600303
Tommy La Stella,- - -,2b,31,"5' 11""",180,L,R,2014,6250000.0,1.2936346801139,0.281,0.819,5,25.0,127.884759135518,0.355400581191815,0.276243093,0.168367347,0.118421052,0.052631578,88.0,17.0,2020,600303
Tommy La Stella,SFG,2b,32,"5' 11""",180,L,R,2014,6250000.0,0.635114233071757,0.25,0.713,7,27.0,94.1676429376396,0.307108058340879,0.255319148,0.154545454,0.074380165,0.107438016,88.9,13.0,2021,600303
Tommy La Stella,SFG,2b,33,"5' 11""",180,L,R,2014,6250000.0,-0.720852845954584,0.239,0.632,2,14.0,78.4500338306917,0.2767438408656,0.271523178,0.111111112,0.056410256,0.153846153,87.9,15.0,2022,600303
Tommy Milone,WSN,P,31,"6' 0""",215,L,L,2011,,-0.0395972100906593,0.0,0.125,0,0.0,-58.5924003785967,0.0861911997199059,0.0,0.0,0.111111111,0.333333333,75.3,13.0,2018,543548
Tommy Milone,SEA,P,32,"6' 0""",215,L,L,2011,,-0.0221193639213766,0.0,0.0,0,0.0,-100.0,0.0,0.0,0.0,0.0,0.5,88.1,-9.0,2019,543548
Tommy Milone,- - -,P,33,"6' 0""",215,L,L,2011,,0.0,,,0,,,0.0,0.0,0.0,0.0,0.0,,,2020,543548
Tommy Milone,TOR,P,34,"6' 0""",215,L,L,2011,,0.0,,,0,,,0.0,0.0,0.0,0.0,0.0,,,2021,543548
Tommy Milone,SEA,P,35,"6' 0""",215,L,L,2011,,0.0,,,0,,,0.0,0.0,0.0,0.0,0.0,,,2022,543548
Tommy Pham,- - -,If,30,"6' 1""",225,R,R,2014,,3.65432545727019,0.275,0.831,21,63.0,129.86548172627,0.35870701179538,0.342261904,0.18825911,0.117543859,0.245614035,92.9,7.0,2018,502054
Tommy Pham,TBR,If,31,"6' 1""",225,R,R,2014,,3.42742778224112,0.273,0.819,21,68.0,123.102290112879,0.348889359144064,0.316037735,0.176366843,0.123853211,0.188073394,90.7,5.0,2019,502054
Tommy Pham,SDP,If,32,"6' 1""",225,R,R,2014,,-0.0694923549033037,0.211,0.624,3,12.0,79.066852262302,0.284077087402344,0.253164556,0.100917431,0.12,0.216,92.8,2.0,2020,502054
Tommy Pham,SDP,If,33,"6' 1""",225,R,R,2014,,1.05309246829103,0.229,0.723,15,49.0,102.818243034294,0.318235637680177,0.279761904,0.15368421,0.139037433,0.228163992,90.8,8.0,2021,502054
Tommy Pham,- - -,If,34,"6' 1""",225,R,R,2014,,0.672395064679808,0.236,0.686,17,63.0,89.5497405760638,0.303853794022005,0.304,0.137184116,0.090032154,0.268488745,92.2,8.0,2022,502054
Tomás Nido,NYM,C,24,"6' 0""",211,R,R,2017,,-0.280061084996351,0.167,0.438,1,9.0,19.2443154000277,0.19251198636161,0.224137931,0.071428572,0.044444444,0.3,85.7,9.0,2018,621512
Tomás Nido,NYM,C,25,"6' 0""",211,R,R,2017,,-0.391260144283856,0.191,0.547,4,14.0,41.2918790643664,0.227491216033908,0.231578947,0.125,0.048611111,0.256944444,87.4,8.0,2019,621512
Tomás Nido,NYM,C,26,"6' 0""",211,R,R,2017,,0.392132288478923,0.292,0.929,2,6.0,150.760338745455,0.389387103227469,0.3125,0.291666667,0.076923076,0.23076923,88.8,-4.0,2020,621512
Tomás Nido,NYM,C,27,"6' 0""",211,R,R,2017,,0.696393963338498,0.222,0.588,3,13.0,60.6953365394304,0.254405084997416,0.29245283,0.104575163,0.0310559,0.273291925,88.7,10.0,2021,621512
Tomás Nido,NYM,C,28,"6' 0""",211,R,R,2017,,1.36333049953177,0.239,0.6,3,28.0,71.8131271905052,0.264761886921436,0.314009661,0.084507042,0.044728434,0.242811501,86.3,8.0,2022,621512
Tony Cingrani,LAD,p,28,"6' 4""",217,L,L,2012,,0.0,0.0,0.0,0,0.0,,0.0,0.0,0.0,0.0,0.0,,,2018,571561
Tony Cruz,CIN,C,31,"5' 11""",215,R,R,2011,,-0.319415688590922,0.154,0.462,1,2.0,12.5923783606244,0.193737107973832,0.214285714,0.153846154,0.0,0.423076923,88.5,20.0,2018,488810
Tony Gonsolin,LAD,P,25,"6' 3""",205,R,R,2019,,0.145098314880371,0.308,0.616,0,1.0,64.0795830566132,0.267571467619676,0.444444444,0.0,0.0,0.285714285,87.5,13.0,2019,664062
Tony Gonsolin,LAD,P,26,"6' 3""",205,R,R,2019,,0.0,0.0,0.0,0,0.0,,0.0,0.0,0.0,0.0,0.0,,,2020,664062
Tony Gonsolin,LAD,P,27,"6' 3""",205,R,R,2019,,0.105822019629519,0.176,0.457,0,0.0,26.5326232206549,0.205081873469883,0.333333333,0.058823529,0.052631578,0.421052631,82.4,-21.0,2021,664062
Tony Gonsolin,LAD,P,28,"6' 3""",205,R,R,2019,,0.0,,,0,,,0.0,0.0,0.0,0.0,0.0,,,2022,664062
Tony Kemp,HOU,2b,26,"5' 6""",160,L,R,2016,,0.822191943434086,0.263,0.743,6,30.0,110.163495877391,0.327201550787893,0.296116504,0.129411764,0.108474576,0.149152542,84.1,12.0,2018,643393
Tony Kemp,- - -,2b,27,"5' 6""",160,L,R,2016,,0.392036110852965,0.212,0.671,8,29.0,75.8745822312452,0.285349921414138,0.226804123,0.167346939,0.082437275,0.168458781,86.2,15.0,2019,643393
Tony Kemp,OAK,2b,28,"5' 6""",160,L,R,2016,,0.532858541529837,0.247,0.664,0,4.0,98.6534670048843,0.307464361190796,0.283950617,0.053763441,0.131578947,0.122807017,85.8,19.0,2020,643393
Tony Kemp,OAK,2b,29,"5' 6""",160,L,R,2016,,2.98019463586824,0.279,0.8,8,37.0,128.334676158332,0.351302494074552,0.304347826,0.13939394,0.130982367,0.128463476,86.7,18.0,2021,643393
Tony Kemp,OAK,2b,30,"5' 6""",160,L,R,2016,,1.3675554698405,0.235,0.641,7,46.0,89.5905739196068,0.287487861476367,0.259433962,0.09859155,0.080645161,0.123655913,84.4,15.0,2022,643393
Tony Sipp,HOU,p,34,"6' 0""",190,L,L,2009,1250000.0,0.0,0.0,0.0,0,0.0,,0.0,0.0,0.0,0.0,0.0,,,2018,448609
Tony Sipp,WSN,p,35,"6' 0""",190,L,L,2009,1250000.0,0.0,0.0,0.0,0,0.0,,0.0,0.0,0.0,0.0,0.0,,,2019,448609
Tony Watson,SFG,p,33,"6' 3""",224,L,L,2011,,0.0,0.0,0.0,0,0.0,,0.0,0.0,0.0,0.0,0.0,,,2018,453265
Tony Watson,SFG,p,34,"6' 3""",224,L,L,2011,,0.0,0.0,0.0,0,0.0,,0.0,0.0,0.0,0.0,0.0,,,2019,453265
Tony Watson,SFG,p,35,"6' 3""",224,L,L,2011,,0.0,,,0,,,0.0,0.0,0.0,0.0,0.0,,,2020,453265
Tony Watson,- - -,p,36,"6' 3""",224,L,L,2011,,-0.010888028271121,0.0,0.0,0,0.0,-100.0,0.0,0.0,0.0,0.0,1.0,,,2021,453265
Tony Wolters,COL,C,26,"5' 10""",195,L,R,2016,,0.869128394309049,0.17,0.578,3,27.0,46.1493783692529,0.261004381090681,0.189189189,0.115384615,0.12037037,0.152777777,85.0,5.0,2018,547172
Tony Wolters,COL,C,27,"5' 10""",195,L,R,2016,,-0.268051863795462,0.262,0.666,1,42.0,63.0349994355208,0.290061022975657,0.314189189,0.066852367,0.08759124,0.165450121,85.3,10.0,2019,547172
Tony Wolters,COL,C,28,"5' 10""",195,L,R,2016,,-0.618002537709197,0.23,0.55,0,8.0,37.2671120796701,0.248987938756141,0.328571428,0.04,0.055045871,0.275229357,84.1,8.0,2020,547172
Tony Wolters,CHC,C,29,"5' 10""",195,L,R,2016,,-0.10677832711705,0.125,0.401,0,0.0,28.4903408146067,0.210198231812181,0.25,0.0,0.166666666,0.4,82.5,6.0,2021,547172
Tony Wolters,LAD,C,30,"5' 10""",195,L,R,2016,,-0.102295806253231,0.0,0.0,0,0.0,-100.0,0.0,0.0,0.0,0.0,0.75,87.1,34.0,2022,547172
Touki Toussaint,ATL,P,22,"6' 3""",215,R,R,2018,,-0.0431048165835951,0.1,0.2,0,0.0,-57.7878215944965,0.0879530727863312,0.2,0.0,0.0,0.5,85.1,-4.0,2018,657053
Touki Toussaint,ATL,P,23,"6' 3""",215,R,R,2018,,-0.126656859836906,0.0,0.0,0,0.0,-100.0,0.0,0.0,0.0,0.0,0.7,89.8,43.0,2019,657053
Touki Toussaint,ATL,P,24,"6' 3""",215,R,R,2018,,0.0,,,0,,,0.0,0.0,0.0,0.0,0.0,,,2020,657053
Touki Toussaint,ATL,P,25,"6' 3""",215,R,R,2018,,-0.0837973311823684,0.0,0.118,0,0.0,-57.5289565573398,0.081378417856553,0.0,0.0,0.111111111,0.5,83.5,-9.0,2021,657053
Touki Toussaint,LAA,P,26,"6' 3""",215,R,R,2018,,0.0,,,0,,,0.0,0.0,0.0,0.0,0.0,,,2022,657053
Travis d'Arnaud,NYM,c,29,"6' 0""",210,R,R,2013,6000000.0,0.0558578498121646,0.2,0.65,1,3.0,77.6767948745678,0.279963720589876,0.222222222,0.2,0.0625,0.3125,94.2,21.0,2018,518595
Travis d'Arnaud,- - -,c,30,"6' 0""",210,R,R,2013,6000000.0,1.45455285223818,0.251,0.745,16,69.0,99.6116752018671,0.313874853541479,0.28125,0.182336183,0.081841432,0.217391304,90.0,15.0,2019,518595
Travis d'Arnaud,ATL,c,31,"6' 0""",210,R,R,2013,6000000.0,1.90325888282183,0.321,0.919,9,34.0,144.139741867703,0.391987378182619,0.411214953,0.212121212,0.086956521,0.27173913,93.4,8.0,2020,518595
Travis d'Arnaud,ATL,c,32,"6' 0""",210,R,R,2013,6000000.0,0.932795741382733,0.22,0.672,7,26.0,78.6196596938876,0.290865113381215,0.26,0.167464115,0.074235807,0.231441048,89.9,6.0,2021,518595
Travis d'Arnaud,ATL,c,33,"6' 0""",210,R,R,2013,6000000.0,3.94818197419065,0.268,0.791,18,60.0,120.773414241002,0.343289947145981,0.305555555,0.204545455,0.044600938,0.211267605,88.5,12.0,2022,518595
Travis Jankowski,SDP,cf,27,"6' 3""",195,L,R,2015,,1.49022366859068,0.259,0.678,4,17.0,90.6210036574814,0.302609864457861,0.318518518,0.086455331,0.095607235,0.18863049,85.6,3.0,2018,608671
Travis Jankowski,SDP,cf,28,"6' 3""",195,L,R,2015,,-0.114750384990811,0.182,0.432,0,0.0,22.351000856867,0.202459086974462,0.222222222,0.0,0.083333333,0.166666666,79.4,12.0,2019,608671
Travis Jankowski,CIN,cf,29,"6' 3""",195,L,R,2015,,-0.135310116696315,0.067,0.243,0,0.0,-30.7150158877863,0.134126375703251,0.125,0.0,0.117647058,0.411764705,80.8,-13.0,2020,608671
Travis Jankowski,PHI,cf,30,"6' 3""",195,L,R,2015,,0.667498250570493,0.252,0.715,1,10.0,93.4813951187942,0.312416752576828,0.316831683,0.099236642,0.140127388,0.184713375,85.2,7.0,2021,608671
Travis Jankowski,- - -,cf,31,"6' 3""",195,L,R,2015,,-0.127960672712091,0.164,0.445,0,2.0,42.4701405427797,0.22163783852011,0.2,0.0,0.125,0.15625,80.5,-3.0,2022,608671
Travis Shaw,MIL,3b,28,"6' 4""",230,L,R,2015,1.0,3.697738016425512,0.241,0.825,32,86.0,119.417411540201,0.350638209231969,0.241758241,0.238955823,0.132879045,0.183986371,88.8,17.0,2018,543768
Travis Shaw,MIL,3b,29,"6' 4""",230,L,R,2015,1.0,-1.19822666726076,0.157,0.551,7,16.0,47.2044440292059,0.247892248943057,0.21641791,0.113043478,0.133333333,0.329629629,89.1,25.0,2019,543768
Travis Shaw,TOR,3b,30,"6' 4""",230,L,R,2015,1.0,-0.0506211217791902,0.239,0.717,6,17.0,90.9201715924006,0.309637812111113,0.305555555,0.171779141,0.088888888,0.277777777,90.9,20.0,2020,543768
Travis Shaw,- - -,3b,31,"6' 4""",230,L,R,2015,1.0,-0.453559777564175,0.2,0.659,9,39.0,78.2334642611656,0.288633474178853,0.243055555,0.172727272,0.096,0.272,87.7,20.0,2021,543768
Travis Shaw,BOS,3b,32,"6' 4""",230,L,R,2015,1.0,-0.648282701050717,0.0,0.0,0,0.0,-100.0,0.0,0.0,0.0,0.0,0.368421052,79.3,29.0,2022,543768
Trayce Thompson,- - -,RF,27,"6' 2""",225,R,R,2015,,-1.47585218998065,0.117,0.373,3,9.0,-4.90421391093634,0.162127882904477,0.157894736,0.09375,0.05109489,0.364963503,85.6,19.0,2018,572204
Trayce Thompson,CHC,RF,30,"6' 2""",225,R,R,2015,,0.470102256691088,0.25,1.114,4,9.0,186.529498017847,0.453367069789342,0.23076923,0.464285714,0.2,0.314285714,92.3,17.0,2021,572204
Trayce Thompson,- - -,RF,31,"6' 2""",225,R,R,2015,,2.3322432250681,0.256,0.86,13,41.0,142.2748690476,0.370298400579714,0.373913043,0.251141553,0.125490196,0.364705882,92.2,16.0,2022,572204
Trea Turner,WSN,ss,25,"6' 1""",185,R,R,2015,27272727.0,5.13555408030002,0.271,0.76,19,73.0,105.105077142544,0.331185566324766,0.313840155,0.144578313,0.093243243,0.178378378,89.1,9.0,2018,607208
Trea Turner,WSN,ss,26,"6' 1""",185,R,R,2015,27272727.0,4.38208450817741,0.298,0.85,19,57.0,117.505916720152,0.355759513125849,0.347826086,0.199616123,0.075571177,0.198594024,90.4,10.0,2019,607208
Trea Turner,WSN,ss,27,"6' 1""",185,R,R,2015,27272727.0,2.7664954697951,0.335,0.982,12,41.0,158.697253517029,0.412598005593053,0.352941176,0.253218884,0.084942084,0.138996138,90.5,10.0,2020,607208
Trea Turner,- - -,ss,28,"6' 1""",185,R,R,2015,27272727.0,7.12958071911965,0.328,0.911,28,77.0,142.507582134733,0.386161755330814,0.362255965,0.208403361,0.063467492,0.170278637,89.6,11.0,2021,607208
Trea Turner,LAD,ss,29,"6' 1""",185,R,R,2015,27272727.0,6.38185733879466,0.298,0.809,21,100.0,128.009526566551,0.349618402355952,0.341897233,0.168711656,0.063559322,0.185028248,88.9,10.0,2022,607208
Trent Grisham,MIL,cf,22,"5' 10""",221,L,L,2019,22025000.0,0.709038089888446,0.231,0.738,6,24.0,91.7599056387799,0.315898067312814,0.285714285,0.17948718,0.109289617,0.262295081,87.6,16.0,2019,663757
Trent Grisham,SDP,cf,23,"5' 10""",221,L,L,2019,22025000.0,2.36193543769426,0.251,0.808,10,26.0,122.18128788237,0.349368773937225,0.309859154,0.204651163,0.123015873,0.253968253,88.3,14.0,2020,663757
Trent Grisham,SDP,cf,24,"5' 10""",221,L,L,2019,22025000.0,2.5551567079599,0.242,0.74,15,62.0,104.220832148509,0.320393748183287,0.292168674,0.170995671,0.102466793,0.225806451,88.8,12.0,2021,663757
Trent Grisham,SDP,cf,25,"5' 10""",221,L,L,2019,22025000.0,1.72806341376467,0.184,0.625,17,53.0,82.6171182581197,0.280322339992191,0.23076923,0.157427938,0.108778625,0.286259541,88.3,15.0,2022,663757
Trent Thornton,TOR,P,25,"6' 0""",190,R,R,2019,,0.110168771359354,0.667,1.334,0,0.0,275.047616597087,0.579738179842631,0.666666666,0.0,0.0,0.0,88.5,4.0,2019,663423
Trent Thornton,TOR,P,26,"6' 0""",190,R,R,2019,,0.0,,,0,,,0.0,0.0,0.0,0.0,0.0,,,2020,663423
Trent Thornton,TOR,P,27,"6' 0""",190,R,R,2019,,0.0,0.0,0.0,0,0.0,,0.0,0.0,0.0,0.0,0.0,,,2021,663423
Trent Thornton,TOR,P,28,"6' 0""",190,R,R,2019,,0.0,,,0,,,0.0,0.0,0.0,0.0,0.0,,,2022,663423
Trevor Bauer,CLE,p,27,"6' 1""",205,R,R,2012,34000000.0,-0.0438804164457168,0.0,0.0,0,0.0,-100.0,0.0,0.0,0.0,0.0,0.333333333,75.0,-23.0,2018,545333
Trevor Bauer,- - -,p,28,"6' 1""",205,R,R,2012,34000000.0,0.0824022572641724,0.158,0.396,0,0.0,6.21186605145622,0.18997194369634,0.428571428,0.0,0.09090909,0.545454545,87.1,-13.0,2019,545333
Trevor Bauer,CIN,p,29,"6' 1""",205,R,R,2012,34000000.0,0.0,,,0,,,0.0,0.0,0.0,0.0,0.0,,,2020,545333
Trevor Bauer,LAD,p,30,"6' 1""",205,R,R,2012,34000000.0,-0.233506589386417,0.033,0.098,0,1.0,-73.8219822450156,0.0506700604192672,0.052631578,0.0,0.029411764,0.323529411,78.9,-10.0,2021,545333
Trevor Cahill,OAK,p,30,"6' 4""",223,R,R,2009,,0.0,,,0,,,0.0,0.0,0.0,0.0,0.0,,,2018,502239
Trevor Cahill,LAA,p,31,"6' 4""",223,R,R,2009,,-0.0113082070238138,0.333,0.666,0,0.0,77.4410526121337,0.289869089921316,0.5,0.0,0.0,0.333333333,92.2,27.0,2019,502239
Trevor Cahill,SFG,p,32,"6' 4""",223,R,R,2009,,0.0,,,0,,,0.0,0.0,0.0,0.0,0.0,,,2020,502239
Trevor Cahill,PIT,p,33,"6' 4""",223,R,R,2009,,-0.0297124591745703,0.111,0.222,0,0.0,-46.9221471010222,0.0976728134685093,0.2,0.0,0.0,0.444444444,73.5,36.0,2021,502239
Trevor Gott,WSN,p,25,"5' 11""",185,R,R,2015,,0.0,0.0,0.0,0,0.0,,0.0,0.0,0.0,0.0,0.0,,,2018,641627
Trevor Gott,SFG,p,26,"5' 11""",185,R,R,2015,,-0.0119732508963954,0.0,0.0,0,0.0,-100.0,0.0,0.0,0.0,0.0,0.0,90.0,18.0,2019,641627
Trevor Gott,SFG,p,27,"5' 11""",185,R,R,2015,,0.0,,,0,,,0.0,0.0,0.0,0.0,0.0,,,2020,641627
Trevor Gott,MIL,p,29,"5' 11""",185,R,R,2015,,0.0,,,0,,,0.0,0.0,0.0,0.0,0.0,,,2022,641627
Trevor May,MIN,p,28,"6' 5""",240,R,R,2014,,0.0,,,0,,,0.0,0.0,0.0,0.0,0.0,,,2018,543507
Trevor May,MIN,p,29,"6' 5""",240,R,R,2014,,0.0,0.0,0.0,0,0.0,,0.0,0.0,0.0,0.0,0.0,,,2019,543507
Trevor May,MIN,p,30,"6' 5""",240,R,R,2014,,0.0,,,0,,,0.0,0.0,0.0,0.0,0.0,,,2020,543507
Trevor May,NYM,p,31,"6' 5""",240,R,R,2014,,0.0,0.0,0.0,0,0.0,,0.0,0.0,0.0,0.0,0.0,,,2021,543507
Trevor May,NYM,p,32,"6' 5""",240,R,R,2014,,0.0,,,0,,,0.0,0.0,0.0,0.0,0.0,,,2022,543507
Trevor Plouffe,PHI,3b,32,"6' 2""",215,R,R,2010,,0.033983765338166,0.25,0.75,1,3.0,96.6225637454525,0.315824160973231,0.4,0.25,0.0,0.5,93.3,18.0,2018,461858
Trevor Richards,MIA,P,25,"6' 2""",205,R,R,2018,,-0.157255082791638,0.065,0.159,0,2.0,-58.1851801263412,0.0765184704214335,0.142857142,0.0,0.027777777,0.472222222,77.0,-3.0,2018,670950
Trevor Richards,- - -,P,26,"6' 2""",205,R,R,2018,,-0.0823020240578449,0.1,0.256,0,0.0,-28.1389573395309,0.124669088050723,0.25,0.0,0.058823529,0.529411764,83.2,-6.0,2019,670950
Trevor Richards,TBR,P,27,"6' 2""",205,R,R,2018,,0.0,,,0,,,0.0,0.0,0.0,0.0,0.0,,,2020,670950
Trevor Richards,- - -,P,28,"6' 2""",205,R,R,2018,,0.0458228059969634,0.0,1.0,0,0.0,340.284483609701,0.691716551780701,0.0,0.0,1.0,0.0,,,2021,670950
Trevor Richards,TOR,P,29,"6' 2""",205,R,R,2018,,0.0,,,0,,,0.0,0.0,0.0,0.0,0.0,,,2022,670950
Trevor Rogers,MIA,P,22,"6' 5""",230,L,L,2020,,0.0,,,0,,,0.0,0.0,0.0,0.0,0.0,,,2020,669432
Trevor Rogers,MIA,P,23,"6' 5""",230,L,L,2020,,-0.233996928262716,0.07,0.161,0,0.0,-60.3177580206572,0.0756564208052375,0.1875,0.0,0.02173913,0.586956521,80.7,-18.0,2021,669432
Trevor Rogers,MIA,P,24,"6' 5""",230,L,L,2020,,0.0,,,0,,,0.0,0.0,0.0,0.0,0.0,,,2022,669432
Trevor Rosenthal,- - -,p,29,"6' 2""",230,R,R,2012,,0.0,0.0,0.0,0,0.0,,0.0,0.0,0.0,0.0,0.0,,,2019,572096
Trevor Rosenthal,- - -,p,30,"6' 2""",230,R,R,2012,,0.0,0.0,0.0,0,0.0,,0.0,0.0,0.0,0.0,0.0,,,2020,572096
Trevor Story,COL,ss,25,"6' 1""",209,R,R,2016,23333333.0,4.71644443134151,0.291,0.915,37,108.0,128.231316761349,0.383850577688144,0.345088161,0.275919733,0.071646341,0.25609756,90.9,16.0,2018,596115
Trevor Story,COL,ss,26,"6' 1""",209,R,R,2016,23333333.0,6.03797317008087,0.294,0.917,35,85.0,122.12659054945,0.380253602455302,0.361256544,0.260204081,0.088414634,0.265243902,91.0,17.0,2019,596115
Trevor Story,COL,ss,27,"6' 1""",209,R,R,2016,23333333.0,1.97554153914417,0.289,0.874,11,28.0,117.205920712118,0.37004575988119,0.354037267,0.229787234,0.092664092,0.243243243,89.9,21.0,2020,596115
Trevor Story,COL,ss,28,"6' 1""",209,R,R,2016,23333333.0,2.16755874891301,0.251,0.8,24,75.0,97.975009332403,0.340785732558767,0.29347826,0.220532319,0.08907563,0.233613445,90.6,17.0,2021,596115
Trevor Story,BOS,ss,29,"6' 1""",209,R,R,2016,23333333.0,2.54272412948268,0.238,0.737,16,66.0,100.047203685014,0.316048403631668,0.30941704,0.196078431,0.08080808,0.308080808,88.9,18.0,2022,596115
Trevor Williams,PIT,p,26,"6' 3""",231,R,R,2016,7000000.0,-0.0612118745344764,0.116,0.272,0,0.0,-27.5743101662813,0.128371396329668,0.166666666,0.0,0.039215686,0.25490196,83.1,-2.0,2018,592866
Trevor Williams,PIT,p,27,"6' 3""",231,R,R,2016,7000000.0,0.102177274059036,0.167,0.378,0,4.0,0.681923861064649,0.173637700708289,0.315789473,0.0,0.045454545,0.386363636,80.8,-5.0,2019,592866
Trevor Williams,PIT,p,28,"6' 3""",231,R,R,2016,7000000.0,0.0,,,0,,,0.0,0.0,0.0,0.0,0.0,,,2020,592866
Trevor Williams,- - -,p,29,"6' 3""",231,R,R,2016,7000000.0,0.137633162139008,0.2,0.431,0,1.0,19.0029323941806,0.195653582994755,0.3125,0.0,0.035714285,0.321428571,82.8,-15.0,2021,592866
Trevor Williams,NYM,p,30,"6' 3""",231,R,R,2016,7000000.0,0.0,0.0,0.0,0,0.0,,0.0,0.0,0.0,0.0,0.0,,,2022,592866
Trey Mancini,BAL,1b,26,"6' 3""",230,R,R,2016,7000000.0,0.172825696184332,0.242,0.715,24,58.0,92.96470146574,0.307795090938178,0.285365853,0.173539519,0.069182389,0.240566037,89.9,5.0,2018,641820
Trey Mancini,BAL,1b,27,"6' 3""",230,R,R,2016,7000000.0,3.479889332974,0.291,0.899,35,97.0,132.239786556484,0.372820080120183,0.326340326,0.244186046,0.092783505,0.210603829,90.3,8.0,2019,641820
Trey Mancini,BAL,1b,29,"6' 3""",230,R,R,2016,7000000.0,0.946789881847343,0.255,0.758,21,71.0,104.643000944621,0.325887508544267,0.30788804,0.176258993,0.082792207,0.232142857,88.9,10.0,2021,641820
Trey Mancini,- - -,1b,30,"6' 3""",230,R,R,2016,7000000.0,0.979728989365328,0.239,0.71,18,63.0,104.851886101843,0.312333629681514,0.285714285,0.1522158,0.090289608,0.229982964,89.5,13.0,2022,641820
Triston McKenzie,CLE,P,22,"6' 5""",165,R,R,2020,,0.0,,,0,,,0.0,0.0,0.0,0.0,0.0,,,2020,663474
Triston McKenzie,CLE,P,23,"6' 5""",165,R,R,2020,,0.0517604146959965,0.5,1.0,0,0.0,185.493801991318,0.439527660608292,0.5,0.0,0.0,0.0,95.0,-6.0,2021,663474
Triston McKenzie,CLE,P,24,"6' 5""",165,R,R,2020,,0.0,,,0,,,0.0,0.0,0.0,0.0,0.0,,,2022,663474
Troy Tulowitzki,NYY,SS,34,"6' 3""",205,R,R,2006,,0.04796279970355,0.182,0.853,1,1.0,118.590894081969,0.348983792158274,0.166666666,0.363636364,0.153846153,0.307692307,92.8,18.0,2019,453064
Tucker Barnhart,CIN,c,27,"5' 8""",192,L,R,2014,3250000.0,0.0155382613789986,0.248,0.7,10,46.0,88.4974036007412,0.307338758179021,0.291316526,0.123913044,0.103448275,0.183908045,87.0,12.0,2018,571466
Tucker Barnhart,CIN,c,28,"5' 8""",192,L,R,2014,3250000.0,1.03919068884703,0.231,0.708,11,40.0,78.1371806143339,0.300810879870747,0.278026905,0.148734177,0.12087912,0.228021978,86.4,12.0,2019,571466
Tucker Barnhart,CIN,c,29,"5' 8""",192,L,R,2014,3250000.0,0.832879716996256,0.204,0.679,5,13.0,76.3316672108407,0.296235849640586,0.23076923,0.18367347,0.109090909,0.254545454,85.4,20.0,2020,571466
Tucker Barnhart,CIN,c,30,"5' 8""",192,L,R,2014,3250000.0,1.5463948992022,0.247,0.685,7,48.0,81.2313644780982,0.300384855701634,0.323770491,0.120689655,0.074742268,0.257731958,87.1,15.0,2021,571466
Tucker Barnhart,DET,c,31,"5' 8""",192,L,R,2014,3250000.0,0.258615528298207,0.221,0.554,1,16.0,62.5515092150508,0.25310089359066,0.296116504,0.046263345,0.081168831,0.24025974,84.5,10.0,2022,571466
Ty Blach,SFG,P,27,"6' 1""",215,R,L,2016,,-0.167331504484536,0.034,0.131,0,0.0,-62.7418679765748,0.0728577394639292,0.071428571,0.0,0.058823529,0.44117647,85.5,8.0,2018,621389
Ty Blach,- - -,P,28,"6' 1""",215,R,L,2016,,-0.0119732508963954,0.0,0.0,0,0.0,-100.0,0.0,0.0,0.0,0.0,1.0,,,2019,621389
Ty Blach,COL,P,31,"6' 1""",215,R,L,2016,,0.0,,,0,,,0.0,0.0,0.0,0.0,0.0,,,2022,621389
Ty France,SDP,1b,24,"5' 10""",215,R,R,2019,,-0.0032649253095977,0.234,0.696,7,24.0,83.8633196563298,0.296346467525805,0.279069767,0.168478261,0.044776119,0.243781094,88.9,15.0,2019,664034
Ty France,- - -,1b,25,"5' 10""",215,R,R,2019,,0.902945428855418,0.305,0.836,4,23.0,133.35379214355,0.361825900693094,0.39,0.163120567,0.070967741,0.238709677,85.7,15.0,2020,664034
Ty France,SEA,1b,26,"5' 10""",215,R,R,2019,,3.21013479822649,0.291,0.813,18,73.0,129.167569376014,0.353048976470583,0.326710816,0.154115587,0.07076923,0.163076923,88.5,11.0,2021,664034
Ty France,SEA,1b,27,"5' 10""",215,R,R,2019,,2.63729292831481,0.274,0.774,20,83.0,127.019886306543,0.337113557680096,0.29638009,0.161524501,0.057096247,0.153344208,87.6,10.0,2022,664034
Tyler Alexander,DET,p,24,"6' 1""",214,R,L,2019,1125000.0,0.0,,,0,,,0.0,0.0,0.0,0.0,0.0,,,2019,641302
Tyler Alexander,DET,p,25,"6' 1""",214,R,L,2019,1125000.0,0.0,,,0,,,0.0,0.0,0.0,0.0,0.0,,,2020,641302
Tyler Alexander,DET,p,26,"6' 1""",214,R,L,2019,1125000.0,-0.0213872280038441,0.0,0.0,0,0.0,-100.0,0.0,0.0,0.0,0.0,0.5,,,2021,641302
Tyler Alexander,DET,p,27,"6' 1""",214,R,L,2019,1125000.0,0.0,,,0,,,0.0,0.0,0.0,0.0,0.0,,,2022,641302
Tyler Anderson,COL,p,28,"6' 2""",220,L,L,2016,,-0.134513118669808,0.1,0.267,0,1.0,-39.3244376396503,0.133081802615413,0.277777777,0.0,0.05,0.533333333,82.3,13.0,2018,542881
Tyler Anderson,COL,p,29,"6' 2""",220,L,L,2016,,-0.032924813505764,0.143,0.286,0,0.0,-45.6129858857868,0.124229609966278,0.333333333,0.0,0.0,0.5,75.4,46.0,2019,542881
Tyler Anderson,SFG,p,30,"6' 2""",220,L,L,2016,,0.0,,,0,,,0.0,0.0,0.0,0.0,0.0,,,2020,542881
Tyler Anderson,- - -,p,31,"6' 2""",220,L,L,2016,,-0.0186620666777085,0.103,0.304,1,1.0,-23.1910073676561,0.133385027945042,0.333333333,0.076923077,0.025,0.725,82.1,5.0,2021,542881
Tyler Anderson,LAD,p,32,"6' 2""",220,L,L,2016,,-0.0089338112233657,0.0,0.0,0,0.0,-100.0,0.0,0.0,0.0,0.0,1.0,,,2022,542881
Tyler Chatwood,CHC,p,28,"5' 11""",200,R,R,2011,,0.0618172470175312,0.16,0.352,0,2.0,-5.48810945217449,0.161832788815865,0.210526315,0.0,0.03125,0.1875,83.9,1.0,2018,543022
Tyler Chatwood,CHC,p,29,"5' 11""",200,R,R,2011,,0.0936460044007373,0.167,0.489,0,1.0,22.6278273030038,0.210170008634266,0.25,0.111111111,0.047619047,0.285714285,90.0,9.0,2019,543022
Tyler Chatwood,CHC,p,30,"5' 11""",200,R,R,2011,,0.0,,,0,,,0.0,0.0,0.0,0.0,0.0,,,2020,543022
Tyler Chatwood,- - -,p,31,"5' 11""",200,R,R,2011,,-0.0107316957958606,0.0,0.0,0,0.0,-100.0,0.0,0.0,0.0,0.0,1.0,,,2021,543022
Tyler Clippard,TOR,p,33,"6' 3""",200,R,R,2007,1.0,-0.0038145237353757,0.0,0.0,0,0.0,,0.0,0.0,0.0,0.0,0.0,,,2018,461325
Tyler Clippard,CLE,p,34,"6' 3""",200,R,R,2007,1.0,0.0,0.0,0.0,0,0.0,,0.0,0.0,0.0,0.0,0.0,,,2019,461325
Tyler Clippard,MIN,p,35,"6' 3""",200,R,R,2007,1.0,0.0,,,0,,,0.0,0.0,0.0,0.0,0.0,,,2020,461325
Tyler Clippard,ARI,p,36,"6' 3""",200,R,R,2007,1.0,0.0,0.0,0.0,0,0.0,,0.0,0.0,0.0,0.0,0.0,,,2021,461325
Tyler Clippard,WSN,p,37,"6' 3""",200,R,R,2007,1.0,0.0,,,0,,,0.0,0.0,0.0,0.0,0.0,,,2022,461325
Tyler Duffey,MIN,p,27,"6' 3""",220,R,R,2015,,0.0,,,0,,,0.0,0.0,0.0,0.0,0.0,,,2018,608648
Tyler Duffey,MIN,p,28,"6' 3""",220,R,R,2015,,0.0,0.0,0.0,0,0.0,,0.0,0.0,0.0,0.0,0.0,,,2019,608648
Tyler Duffey,MIN,p,29,"6' 3""",220,R,R,2015,,0.0,,,0,,,0.0,0.0,0.0,0.0,0.0,,,2020,608648
Tyler Duffey,MIN,p,30,"6' 3""",220,R,R,2015,,0.0,0.0,0.0,0,0.0,,0.0,0.0,0.0,0.0,0.0,,,2021,608648
Tyler Duffey,MIN,p,31,"6' 3""",220,R,R,2015,,0.0,0.0,0.0,0,0.0,,0.0,0.0,0.0,0.0,0.0,,,2022,608648
Tyler Flowers,ATL,c,32,"6' 4""",260,R,R,2009,,2.00393742051871,0.227,0.7,8,30.0,93.9819456399811,0.315096084129166,0.291666666,0.131474104,0.118243243,0.256756756,90.0,13.0,2018,452095
Tyler Flowers,ATL,c,33,"6' 4""",260,R,R,2009,,1.39762328884548,0.229,0.732,11,34.0,86.780329295466,0.309851010187441,0.324840764,0.184501845,0.1,0.338709677,90.1,11.0,2019,452095
Tyler Flowers,ATL,c,34,"6' 4""",260,R,R,2009,,0.326091253939661,0.217,0.673,1,5.0,85.4091988257242,0.303046953678131,0.411764705,0.130434782,0.1,0.425,93.0,16.0,2020,452095
Tyler Glasnow,- - -,P,24,"6' 8""",225,L,R,2016,,-0.0337603369084748,0.0,0.0,0,0.0,-100.0,0.0,0.0,0.0,0.0,1.0,,,2018,607192
Tyler Glasnow,TBR,P,25,"6' 8""",225,L,R,2016,,-0.0219417681078947,0.0,0.0,0,0.0,-100.0,0.0,0.0,0.0,0.0,0.5,,,2019,607192
Tyler Glasnow,TBR,P,26,"6' 8""",225,L,R,2016,,0.0,,,0,,,0.0,0.0,0.0,0.0,0.0,,,2020,607192
Tyler Glasnow,TBR,P,27,"6' 8""",225,L,R,2016,,-0.0202251548160156,0.0,0.0,0,0.0,-100.0,0.0,0.0,0.0,0.0,1.0,,,2021,607192
Tyler Glasnow,TBR,P,28,"6' 8""",225,L,R,2016,,0.0,,,0,,,0.0,0.0,0.0,0.0,0.0,,,2022,607192
Tyler Heineman,MIA,C,28,"5' 10""",190,S,R,2019,,0.139065360379073,0.273,0.909,1,2.0,129.962672207622,0.3659825054082,0.333333333,0.363636364,0.0,0.333333333,79.4,22.0,2019,623168
Tyler Heineman,SFG,C,29,"5' 10""",190,S,R,2019,,0.0558988011839875,0.19,0.506,0,1.0,49.9366301579322,0.243081527451674,0.222222222,0.023809524,0.08,0.12,82.4,34.0,2020,623168
Tyler Heineman,- - -,C,31,"5' 10""",190,S,R,2019,,0.675850701389558,0.217,0.544,0,9.0,54.9398570199443,0.248135014491923,0.242857142,0.050955414,0.045977011,0.097701149,82.7,20.0,2022,623168
Tyler Kinley,- - -,p,27,"6' 4""",220,R,R,2018,4250000.0,0.0,0.0,0.0,0,0.0,,0.0,0.0,0.0,0.0,0.0,,,2018,641755
Tyler Kinley,MIA,p,28,"6' 4""",220,R,R,2018,4250000.0,-0.0118446988353942,0.0,0.0,0,0.0,-100.0,0.0,0.0,0.0,0.0,1.0,,,2019,641755
Tyler Kinley,COL,p,29,"6' 4""",220,R,R,2018,4250000.0,0.0,,,0,,,0.0,0.0,0.0,0.0,0.0,,,2020,641755
Tyler Kinley,COL,p,30,"6' 4""",220,R,R,2018,4250000.0,0.0,0.0,0.0,0,0.0,,0.0,0.0,0.0,0.0,0.0,,,2021,641755
Tyler Kinley,COL,p,31,"6' 4""",220,R,R,2018,4250000.0,0.0,,,0,,,0.0,0.0,0.0,0.0,0.0,,,2022,641755
Tyler Lyons,STL,P,30,"6' 2""",210,L,L,2013,,0.0,0.0,0.0,0,0.0,,0.0,0.0,0.0,0.0,0.0,,,2018,544928
Tyler Lyons,- - -,P,31,"6' 2""",210,L,L,2013,,-0.0122627083219142,0.0,0.0,0,0.0,-100.0,0.0,0.0,0.0,0.0,0.0,72.0,-22.0,2019,544928
Tyler Lyons,NYY,P,32,"6' 2""",210,L,L,2013,,0.0,,,0,,,0.0,0.0,0.0,0.0,0.0,,,2020,544928
Tyler Mahle,CIN,p,23,"6' 3""",212,R,R,2017,10000000.0,-0.0188024839877514,0.103,0.299,0,0.0,-22.3346086049611,0.141464371835032,0.157894736,0.034482759,0.058823529,0.294117647,89.8,-13.0,2018,641816
Tyler Mahle,CIN,p,24,"6' 3""",212,R,R,2017,10000000.0,-0.129735215782327,0.088,0.232,0,0.0,-50.6921048512128,0.104176378250122,0.2,0.029411764,0.024390243,0.463414634,83.3,-11.0,2019,641816
Tyler Mahle,CIN,p,25,"6' 3""",212,R,R,2017,10000000.0,0.0,,,0,,,0.0,0.0,0.0,0.0,0.0,,,2020,641816
Tyler Mahle,CIN,p,26,"6' 3""",212,R,R,2017,10000000.0,-0.366922951927568,0.055,0.174,0,1.0,-54.4651671363238,0.0915937656063145,0.083333333,0.0,0.06060606,0.287878787,84.9,-10.0,2021,641816
Tyler Mahle,- - -,p,27,"6' 3""",212,R,R,2017,10000000.0,0.0,,,0,,,0.0,0.0,0.0,0.0,0.0,,,2022,641816
Tyler Matzek,ATL,P,29,"6' 3""",250,L,L,2014,,0.0,,,0,,,0.0,0.0,0.0,0.0,0.0,,,2020,554431
Tyler Matzek,ATL,P,30,"6' 3""",250,L,L,2014,,0.0,0.0,0.0,0,0.0,,0.0,0.0,0.0,0.0,0.0,,,2021,554431
Tyler Matzek,ATL,P,31,"6' 3""",250,L,L,2014,,0.0,,,0,,,0.0,0.0,0.0,0.0,0.0,,,2022,554431
Tyler Naquin,CLE,rf,27,"6' 1""",202,L,R,2016,,-0.643210107743701,0.264,0.651,3,23.0,72.7777722397502,0.282277547068648,0.33076923,0.091954023,0.032786885,0.229508196,89.0,6.0,2018,571980
Tyler Naquin,CLE,rf,28,"6' 1""",202,L,R,2016,,1.40976835557454,0.288,0.792,10,34.0,104.890623203502,0.330049345000037,0.345,0.178832117,0.047619047,0.224489795,90.8,13.0,2019,571980
Tyler Naquin,CLE,rf,29,"6' 1""",202,L,R,2016,,-0.64533088216402,0.218,0.631,4,20.0,65.9202566521134,0.267534212017736,0.274725274,0.165413534,0.035460992,0.283687943,91.7,13.0,2020,571980
Tyler Naquin,CIN,rf,30,"6' 1""",202,L,R,2016,,1.441950559411,0.27,0.81,19,70.0,110.112660606146,0.344823407153157,0.3183391,0.206812652,0.077092511,0.233480176,89.8,10.0,2021,571980
Tyler Naquin,- - -,rf,31,"6' 1""",202,L,R,2016,,0.472141101659585,0.229,0.705,11,46.0,92.2736430634585,0.303496736414123,0.291262135,0.193548387,0.056886227,0.278443113,90.3,14.0,2022,571980
Tyler O'Neill,STL,If,23,"5' 9""",200,R,R,2018,16500000.0,1.05470214980363,0.254,0.803,9,23.0,115.648923960231,0.339522157756376,0.363636363,0.246153847,0.049295774,0.40140845,91.0,21.0,2018,641933
Tyler O'Neill,STL,If,24,"5' 9""",200,R,R,2018,16500000.0,0.144164217589121,0.262,0.722,5,16.0,91.8522138221997,0.308015892047756,0.385542168,0.14893617,0.066225165,0.350993377,89.0,20.0,2019,641933
Tyler O'Neill,STL,If,25,"5' 9""",200,R,R,2018,16500000.0,0.255004981757791,0.173,0.621,7,19.0,70.2428453774189,0.271170087680695,0.188888888,0.18705036,0.095541401,0.27388535,88.0,15.0,2020,641933
Tyler O'Neill,STL,If,26,"5' 9""",200,R,R,2018,16500000.0,5.3382962850181,0.286,0.912,34,80.0,142.666001041017,0.383834180108218,0.366197183,0.273858922,0.0707635,0.312849162,93.0,18.0,2021,641933
Tyler O'Neill,STL,If,27,"5' 9""",200,R,R,2018,16500000.0,1.54103410600215,0.228,0.7,14,58.0,98.9044626089305,0.307392349131114,0.276785714,0.164670658,0.09921671,0.268929503,89.8,14.0,2022,641933
Tyler Rogers,SFG,p,28,"6' 3""",180,R,R,2019,12333333.0,0.0,0.0,0.0,0,0.0,,0.0,0.0,0.0,0.0,0.0,,,2019,643511
Tyler Rogers,SFG,p,29,"6' 3""",180,R,R,2019,12333333.0,0.0,,,0,,,0.0,0.0,0.0,0.0,0.0,,,2020,643511
Tyler Rogers,SFG,p,30,"6' 3""",180,R,R,2019,12333333.0,0.0,0.0,0.0,0,0.0,,0.0,0.0,0.0,0.0,0.0,,,2021,643511
Tyler Rogers,SFG,p,31,"6' 3""",180,R,R,2019,12333333.0,0.0,,,0,,,0.0,0.0,0.0,0.0,0.0,,,2022,643511
Tyler Skaggs,LAA,P,26,"6' 4""",225,L,L,2012,,0.0,,,0,,,0.0,0.0,0.0,0.0,0.0,,,2018,572140
Tyler Skaggs,LAA,P,27,"6' 4""",225,L,L,2012,,0.0226924562447051,0.0,0.333,0,0.0,37.0163796395927,0.230098168055216,0.0,0.0,0.333333333,0.333333333,95.6,-36.0,2019,572140
Tyler Stephenson,CIN,C,23,"6' 3""",225,R,R,2020,,0.29957774509962,0.294,1.047,2,6.0,169.01515212229,0.436593967676163,0.5,0.352941176,0.1,0.45,89.5,17.0,2020,663886
Tyler Stephenson,CIN,C,24,"6' 3""",225,R,R,2020,,1.78556761126241,0.286,0.797,10,45.0,110.956498537351,0.346121788470822,0.333333333,0.145714286,0.101990049,0.186567164,88.4,7.0,2021,663886
Tyler Stephenson,CIN,C,25,"6' 3""",225,R,R,2020,,1.519265182574,0.319,0.854,6,35.0,134.049142823304,0.370476493092834,0.408695652,0.162650602,0.06557377,0.256830601,87.1,11.0,2022,663886
Tyler Thornburg,BOS,p,29,"5' 11""",190,R,R,2012,,0.0,,,0,,,0.0,0.0,0.0,0.0,0.0,,,2018,592804
Tyler Thornburg,BOS,p,30,"5' 11""",190,R,R,2012,,0.0,0.0,0.0,0,0.0,,0.0,0.0,0.0,0.0,0.0,,,2019,592804
Tyler Thornburg,CIN,p,31,"5' 11""",190,R,R,2012,,0.0,,,0,,,0.0,0.0,0.0,0.0,0.0,,,2020,592804
Tyler Thornburg,- - -,p,33,"5' 11""",190,R,R,2012,,0.0,,,0,,,0.0,0.0,0.0,0.0,0.0,,,2022,592804
Tyler Wade,NYY,2B,23,"6' 0""",188,L,R,2017,,-0.180853730422771,0.167,0.487,1,5.0,29.7397250186151,0.215074724810464,0.238095238,0.106060606,0.057142857,0.328571428,86.2,2.0,2018,642180
Tyler Wade,NYY,2B,24,"6' 0""",188,L,R,2017,,0.411538690796886,0.245,0.692,2,11.0,87.7196235314246,0.303338294883944,0.328125,0.117021276,0.101851851,0.259259259,86.9,13.0,2019,642180
Tyler Wade,NYY,2B,25,"6' 0""",188,L,R,2017,,0.445520640719,0.17,0.595,3,10.0,69.1170406277568,0.270821705460548,0.1875,0.136363636,0.114285714,0.209523809,86.6,13.0,2020,642180
Tyler Wade,NYY,2B,26,"6' 0""",188,L,R,2017,,0.603537770019189,0.268,0.677,0,5.0,93.9361679894812,0.304107978210583,0.377777777,0.05511811,0.110344827,0.255172413,82.2,5.0,2021,642180
Tyler Wade,LAA,2B,27,"6' 0""",188,L,R,2017,,-0.638709763373782,0.218,0.544,1,8.0,55.0367648121123,0.246627593719507,0.274336283,0.054421769,0.061349693,0.202453987,83.9,11.0,2022,642180
Tyrone Taylor,MIL,CF,25,"6' 0""",218,R,R,2019,,0.214179774094602,0.4,1.1,0,1.0,189.559324028077,0.465171113610268,0.444444444,0.2,0.083333333,0.083333333,79.1,-6.0,2019,621438
Tyrone Taylor,MIL,CF,26,"6' 0""",218,R,R,2019,,0.242805159699693,0.237,0.793,2,6.0,107.65477345344,0.333763125466137,0.25,0.263157895,0.048780487,0.195121951,87.3,14.0,2020,621438
Tyrone Taylor,MIL,CF,27,"6' 0""",218,R,R,2019,,1.32104292605323,0.247,0.778,12,43.0,106.882174449207,0.332589299369741,0.277456647,0.209876543,0.073800738,0.217712177,88.6,16.0,2021,621438
Tyrone Taylor,MIL,CF,28,"6' 0""",218,R,R,2019,,2.07240780793858,0.233,0.728,17,51.0,101.909252338175,0.31449396831018,0.27237354,0.209115282,0.054320987,0.251851851,88.0,17.0,2022,621438
Tyson Ross,- - -,p,31,"6' 5""",254,R,R,2010,,0.330188143666357,0.195,0.477,1,4.0,35.8261991591955,0.20644356206406,0.28,0.073170731,0.02173913,0.347826086,88.1,1.0,2018,475115
Tyson Ross,DET,p,32,"6' 5""",254,R,R,2010,,0.0,,,0,,,0.0,0.0,0.0,0.0,0.0,,,2019,475115
Victor Caratini,CHC,c,24,"6' 0""",225,S,R,2017,7000000.0,-0.246539681454032,0.232,0.597,2,21.0,65.1395028864834,0.267536110649205,0.289855072,0.071823205,0.06,0.21,88.8,6.0,2018,605170
Victor Caratini,CHC,c,25,"6' 0""",225,S,R,2017,7000000.0,1.19111814949681,0.266,0.795,11,34.0,106.344330875991,0.33794804371386,0.305084745,0.180327869,0.103942652,0.211469534,89.7,7.0,2019,605170
Victor Caratini,CHC,c,26,"6' 0""",225,S,R,2017,7000000.0,0.273527319187201,0.241,0.661,1,16.0,84.151196931274,0.296924005027946,0.321428571,0.086206896,0.09090909,0.234848484,87.9,6.0,2020,605170
Victor Caratini,SDP,c,27,"6' 0""",225,S,R,2017,7000000.0,0.0391500619680378,0.227,0.632,7,39.0,73.6590192246574,0.273369449479827,0.280701754,0.095846646,0.098314606,0.230337078,90.0,8.0,2021,605170
Victor Caratini,MIL,c,28,"6' 0""",225,S,R,2017,7000000.0,1.46437489830269,0.199,0.642,9,34.0,84.3216331852316,0.288772587019664,0.228426395,0.143382353,0.098726114,0.213375796,89.4,7.0,2022,605170
Victor Martinez,DET,dh,39,"6' 2""",235,S,R,2002,,-1.64757131937254,0.251,0.65,9,54.0,73.0803229938367,0.281223374108474,0.259615384,0.102783726,0.062992125,0.096456692,87.8,14.0,2018,400121
Victor Robles,WSN,RF,21,"6' 0""",193,R,R,2017,,0.640159113942313,0.288,0.873,3,10.0,130.901261851303,0.369792880433978,0.311111111,0.237288135,0.06060606,0.181818181,85.0,20.0,2018,645302
Victor Robles,WSN,RF,22,"6' 0""",193,R,R,2017,,3.6121756110150303,0.255,0.745,17,65.0,91.9276641613372,0.316718957043792,0.30964467,0.164835165,0.056726094,0.226904376,83.3,17.0,2019,645302
Victor Robles,WSN,RF,23,"6' 0""",193,R,R,2017,,-0.117568764670023,0.22,0.608,3,15.0,66.2276620207052,0.272563803703227,0.298245614,0.095238095,0.047619047,0.28042328,82.2,19.0,2020,645302
Victor Robles,WSN,RF,24,"6' 0""",193,R,R,2017,,-0.316141320125475,0.203,0.605,2,19.0,68.5290453468375,0.273812767221124,0.270742358,0.092063492,0.089430894,0.230352303,84.1,20.0,2021,645302
Victor Robles,WSN,RF,25,"6' 0""",193,R,R,2017,,0.413769767062256,0.224,0.584,6,33.0,65.4682821707959,0.260117358481041,0.292307692,0.087431694,0.041769041,0.255528255,84.6,16.0,2022,645302
Vidal Nuño,TBR,P,30,"5' 11""",210,L,L,2013,,0.0349884557746871,1.0,2.0,0,1.0,487.009719727339,0.879530727863312,1.0,0.0,0.0,0.0,80.8,16.0,2018,573064
Vince Velasquez,PHI,p,26,"6' 3""",210,R,R,2015,,0.284883149948019,0.225,0.475,0,1.0,23.9685160032115,0.207088017463684,0.310344827,0.025,0.0,0.244444444,87.6,-2.0,2018,592826
Vince Velasquez,PHI,p,27,"6' 3""",210,R,R,2015,,0.0826568251692454,0.233,0.614,1,3.0,59.5739733369668,0.266805272549391,0.3,0.1,0.055555555,0.25,84.0,-1.0,2019,592826
Vince Velasquez,PHI,p,28,"6' 3""",210,R,R,2015,,0.0,,,0,,,0.0,0.0,0.0,0.0,0.0,,,2020,592826
Vince Velasquez,- - -,p,29,"6' 3""",210,R,R,2015,,0.0020689131153597,0.087,0.247,0,3.0,-18.856690321975,0.125661749839783,0.142857142,0.0,0.066666666,0.3,84.7,8.0,2021,592826
Vince Velasquez,CHW,p,30,"6' 3""",210,R,R,2015,,0.0,,,0,,,0.0,0.0,0.0,0.0,0.0,,,2022,592826
Vladimir Guerrero Jr.,TOR,1B,20,"6' 0""",245,R,R,2019,,0.301348399609675,0.272,0.772,15,69.0,105.52947528325,0.329092847813892,0.308333333,0.161637931,0.089494163,0.177042801,89.4,7.0,2019,665489
Vladimir Guerrero Jr.,TOR,1B,21,"6' 0""",245,R,R,2019,,0.274568353983393,0.262,0.791,9,33.0,110.253407335694,0.337866994960249,0.281609195,0.199095023,0.082304526,0.1563786,92.5,5.0,2020,665489
Vladimir Guerrero Jr.,TOR,1B,22,"6' 0""",245,R,R,2019,,6.31775936262242,0.311,1.002,48,111.0,165.701618718622,0.419047624433437,0.3125,0.289735099,0.123209169,0.157593123,95.1,9.0,2021,665489
Vladimir Guerrero Jr.,TOR,1B,23,"6' 0""",245,R,R,2019,,3.33995981040448,0.274,0.819,32,97.0,132.173078348965,0.351496558700289,0.289473684,0.205329154,0.082152974,0.164305949,92.8,4.0,2022,665489
Wade Davis,COL,p,32,"6' 5""",225,R,R,2009,,0.0,0.0,0.0,0,0.0,,0.0,0.0,0.0,0.0,0.0,,,2018,451584
Wade Davis,COL,p,33,"6' 5""",225,R,R,2009,,0.0,0.0,0.0,0,0.0,,0.0,0.0,0.0,0.0,0.0,,,2019,451584
Wade Davis,COL,p,34,"6' 5""",225,R,R,2009,,0.0,,,0,,,0.0,0.0,0.0,0.0,0.0,,,2020,451584
Wade Davis,KCR,p,35,"6' 5""",225,R,R,2009,,0.0,0.0,0.0,0,0.0,,0.0,0.0,0.0,0.0,0.0,,,2021,451584
Wade LeBlanc,SEA,p,33,"6' 2""",195,L,L,2008,,0.0568879378472539,0.333,0.666,0,0.0,86.6545292639529,0.293176909287771,1.0,0.0,0.0,0.5,84.4,-15.0,2018,453281
Wade LeBlanc,SEA,p,34,"6' 2""",195,L,L,2008,,0.0935809729007061,0.0,1.0,0,0.0,353.288408291772,0.690294504165649,0.0,0.0,0.5,0.0,,,2019,453281
Wade LeBlanc,BAL,p,35,"6' 2""",195,L,L,2008,,0.0,,,0,,,0.0,0.0,0.0,0.0,0.0,,,2020,453281
Wade LeBlanc,- - -,p,36,"6' 2""",195,L,L,2008,,-0.141780824200744,0.0,0.0,0,0.0,-100.0,0.0,0.0,0.0,0.0,0.23076923,77.5,1.0,2021,453281
Wade Miley,MIL,p,31,"6' 1""",220,L,L,2011,,0.0079133185245971,0.185,0.399,0,0.0,6.52830462477186,0.18168511560985,0.3125,0.0,0.035714285,0.392857142,84.8,-3.0,2018,489119
Wade Miley,HOU,p,32,"6' 1""",220,L,L,2011,,-0.0062407788480938,0.0,0.2,0,0.0,-22.3280858973038,0.13805890083313,0.0,0.0,0.166666666,0.166666666,87.8,1.0,2019,489119
Wade Miley,CIN,p,33,"6' 1""",220,L,L,2011,,0.0,,,0,,,0.0,0.0,0.0,0.0,0.0,,,2020,489119
Wade Miley,CIN,p,34,"6' 1""",220,L,L,2011,,0.339279704896917,0.185,0.469,0,3.0,22.3004590897059,0.209710113834917,0.243902439,0.055555555,0.050847457,0.220338983,86.2,2.0,2021,489119
Wade Miley,CHC,p,35,"6' 1""",220,L,L,2011,,0.0,,,0,,,0.0,0.0,0.0,0.0,0.0,,,2022,489119
Walker Buehler,LAD,p,23,"6' 2""",185,R,R,2017,,0.106722072953831,0.163,0.363,0,1.0,1.6599804463513,0.167461650901371,0.318181818,0.0,0.042553191,0.44680851,86.4,-4.0,2018,621111
Walker Buehler,LAD,p,24,"6' 2""",185,R,R,2017,,-0.0703026478893294,0.085,0.279,1,2.0,-26.166202492272,0.129827669688634,0.16,0.050847458,0.06060606,0.5,88.1,-6.0,2019,621111
Walker Buehler,LAD,p,25,"6' 2""",185,R,R,2017,,0.0,,,0,,,0.0,0.0,0.0,0.0,0.0,,,2020,621111
Walker Buehler,LAD,p,26,"6' 2""",185,R,R,2017,,0.0355331338308201,0.101,0.292,0,3.0,-15.9657465369432,0.139691248938844,0.291666666,0.028985507,0.060975609,0.548780487,85.7,-8.0,2021,621111
Walker Buehler,LAD,p,27,"6' 2""",185,R,R,2017,,0.0,,,0,,,0.0,0.0,0.0,0.0,0.0,,,2022,621111
Wander Suero,WSN,P,26,"6' 4""",216,R,R,2018,,-0.0348291136501543,0.0,0.0,0,0.0,-100.0,0.0,0.0,0.0,0.0,0.333333333,78.2,20.0,2018,593833
Wander Suero,WSN,P,27,"6' 4""",216,R,R,2018,,-0.012582691090748,0.0,0.0,0,0.0,-100.0,0.0,0.0,0.0,0.0,1.0,,,2019,593833
Wander Suero,WSN,P,28,"6' 4""",216,R,R,2018,,0.0,,,0,,,0.0,0.0,0.0,0.0,0.0,,,2020,593833
Wander Suero,WSN,P,29,"6' 4""",216,R,R,2018,,-0.0112422530894115,0.0,0.0,0,0.0,-100.0,0.0,0.0,0.0,0.0,0.0,81.7,-32.0,2021,593833
Wandy Peralta,CIN,p,26,"6' 0""",227,L,L,2016,16500000.0,-0.035083238295292,0.0,0.0,0,0.0,-100.0,0.0,0.0,0.0,0.0,0.333333333,,,2018,593974
Wandy Peralta,- - -,p,27,"6' 0""",227,L,L,2016,16500000.0,0.0,0.0,0.0,0,0.0,,0.0,0.0,0.0,0.0,0.0,,,2019,593974
Wandy Peralta,SFG,p,28,"6' 0""",227,L,L,2016,16500000.0,0.0,,,0,,,0.0,0.0,0.0,0.0,0.0,,,2020,593974
Wandy Peralta,- - -,p,29,"6' 0""",227,L,L,2016,16500000.0,0.0,0.0,0.0,0,0.0,,0.0,0.0,0.0,0.0,0.0,,,2021,593974
Wandy Peralta,NYY,p,30,"6' 0""",227,L,L,2016,16500000.0,0.0,,,0,,,0.0,0.0,0.0,0.0,0.0,,,2022,593974
Wei-Yin Chen,MIA,p,32,"6' 0""",200,R,L,2012,16000000.0,-0.0004849042678624,0.15,0.325,0,2.0,-15.0183370599677,0.141123212873936,0.272727272,0.025,0.0,0.428571428,76.4,-14.0,2018,612672
Wei-Yin Chen,MIA,p,33,"6' 0""",200,R,L,2012,16000000.0,-0.0592234941769709,0.0,0.0,0,0.0,-100.0,0.0,0.0,0.0,0.0,0.8,52.2,32.0,2019,612672
Welington Castillo,CHW,c,31,"5' 10""",215,R,R,2010,,-0.0614544220133282,0.259,0.71,6,15.0,94.7769712998786,0.308439026221386,0.322033898,0.147058823,0.049723756,0.254143646,90.4,16.0,2018,456078
Welington Castillo,CHW,c,32,"5' 10""",215,R,R,2010,,-0.964221588631833,0.209,0.684,12,41.0,76.5095074799799,0.286642780104481,0.246575342,0.208695652,0.063745019,0.294820717,89.5,13.0,2019,456078
Whit Merrifield,KCR,2b,29,"6' 1""",195,R,R,2016,,4.99564449051442,0.304,0.805,12,60.0,119.259311726747,0.349356910836476,0.3515625,0.134493671,0.086280056,0.161244695,86.9,17.0,2018,593160
Whit Merrifield,KCR,2b,30,"6' 1""",195,R,R,2016,,3.27464608141102,0.302,0.811,16,74.0,109.939636079172,0.340122238413928,0.349907918,0.160058738,0.061224489,0.171428571,87.1,16.0,2019,593160
Whit Merrifield,KCR,2b,31,"6' 1""",195,R,R,2016,,1.65181248438637,0.282,0.765,9,30.0,104.951020745352,0.329104007415052,0.29468599,0.157258065,0.045283018,0.124528301,86.1,16.0,2020,593160
Whit Merrifield,KCR,2b,32,"6' 1""",195,R,R,2016,,2.59281439912276,0.277,0.712,10,74.0,89.2998547610978,0.306232388808764,0.309058614,0.11746988,0.055555555,0.143055555,86.9,14.0,2021,593160
Whit Merrifield,- - -,2b,33,"6' 1""",195,R,R,2016,,1.25190423248557,0.25,0.673,11,58.0,87.4212009904396,0.294360277219252,0.276442307,0.125,0.069090909,0.154545454,87.1,15.0,2022,593160
Wil Myers,SDP,rf,27,"6' 3""",207,R,R,2013,7500000.0,1.38133806671143,0.253,0.764,11,39.0,107.312131813116,0.327590288300263,0.326923076,0.192307692,0.087463556,0.274052478,90.5,9.0,2018,571976
Wil Myers,SDP,rf,28,"6' 3""",207,R,R,2013,7500000.0,0.838053102406592,0.239,0.739,18,53.0,96.8897926671099,0.316229012236761,0.344,0.179310345,0.104081632,0.342857142,90.1,12.0,2019,571976
Wil Myers,SDP,rf,29,"6' 3""",207,R,R,2013,7500000.0,2.21287566390059,0.288,0.959,15,40.0,155.365324633486,0.399622052087696,0.330708661,0.318181819,0.082568807,0.256880733,91.0,13.0,2020,571976
Wil Myers,SDP,rf,30,"6' 3""",207,R,R,2013,7500000.0,2.20469514858249,0.256,0.768,17,63.0,110.737390330586,0.33042052831037,0.333333333,0.178733032,0.108,0.282,88.0,11.0,2021,571976
Wil Myers,SDP,rf,31,"6' 3""",207,R,R,2013,7500000.0,1.18099415702644,0.261,0.713,7,41.0,103.457904349631,0.310801383277826,0.356725146,0.137931034,0.073426573,0.3006993,88.5,13.0,2022,571976
Will Harris,HOU,p,33,"6' 4""",234,R,R,2012,,0.0,0.0,0.0,0,0.0,,0.0,0.0,0.0,0.0,0.0,,,2018,501789
Will Harris,HOU,p,34,"6' 4""",234,R,R,2012,,0.0,0.0,0.0,0,0.0,,0.0,0.0,0.0,0.0,0.0,,,2019,501789
Will Harris,WSN,p,35,"6' 4""",234,R,R,2012,,0.0,,,0,,,0.0,0.0,0.0,0.0,0.0,,,2020,501789
Will Harris,WSN,p,36,"6' 4""",234,R,R,2012,,0.0,0.0,0.0,0,0.0,,0.0,0.0,0.0,0.0,0.0,,,2021,501789
Will Smith,SFG,p,28,"6' 5""",255,R,L,2012,,0.0,0.0,0.0,0,0.0,,0.0,0.0,0.0,0.0,0.0,,,2018,519293
Will Smith,SFG,p,29,"6' 5""",255,R,L,2012,,0.110764134478339,1.0,2.0,0,2.0,458.920012755676,0.869607269763947,1.0,0.0,0.0,0.0,95.1,11.0,2019,519293
Will Smith,LAD,p,24,"5' 10""",195,R,R,2019,,1.87496149696939,0.253,0.908,15,42.0,130.336579043165,0.368700735996931,0.264150943,0.317647059,0.091836734,0.265306122,89.4,24.0,2019,669257
Will Smith,ATL,p,30,"6' 5""",255,R,L,2012,,0.0,,,0,,,0.0,0.0,0.0,0.0,0.0,,,2020,519293
Will Smith,LAD,p,25,"5' 10""",195,R,R,2019,,1.05614212716887,0.289,0.98,8,25.0,160.486746825043,0.410518965300392,0.294117647,0.289473684,0.145985401,0.160583941,90.8,24.0,2020,669257
Will Smith,ATL,p,31,"6' 5""",255,R,L,2012,,0.0,0.0,0.0,0,0.0,,0.0,0.0,0.0,0.0,0.0,,,2021,519293
Will Smith,LAD,p,26,"5' 10""",195,R,R,2019,,4.59681783560954,0.258,0.86,25,76.0,129.753259550241,0.363903539161567,0.274247491,0.236714976,0.115768463,0.201596806,90.1,19.0,2021,669257
Will Smith,- - -,p,32,"6' 5""",255,R,L,2012,,0.0,,,0,,,0.0,0.0,0.0,0.0,0.0,,,2022,519293
Will Smith,LAD,p,27,"5' 10""",195,R,R,2019,,4.32463421657825,0.26,0.808,24,87.0,127.402614880842,0.348730811674005,0.275510204,0.20472441,0.096885813,0.166089965,89.9,18.0,2022,669257
Willi Castro,DET,2b,22,"6' 0""",206,S,R,2019,6400000.0,-0.173930920324017,0.23,0.624,1,8.0,64.0159148392441,0.269659124929971,0.333333333,0.11,0.054545454,0.309090909,84.2,18.0,2019,650489
Willi Castro,DET,2b,23,"6' 0""",206,S,R,2019,6400000.0,1.20723138540266,0.349,0.931,6,24.0,153.549588179691,0.393430460271218,0.448275862,0.201550387,0.05,0.271428571,85.3,11.0,2020,650489
Willi Castro,DET,2b,24,"6' 0""",206,S,R,2019,6400000.0,0.124377933241762,0.22,0.624,9,38.0,69.0339578121316,0.270643127472411,0.275167785,0.130750605,0.051111111,0.242222222,85.6,11.0,2021,650489
Willi Castro,DET,2b,25,"6' 0""",206,S,R,2019,6400000.0,0.821846230731447,0.241,0.651,8,31.0,85.3861195171325,0.285445495944499,0.287769784,0.126027397,0.038265306,0.209183673,84.8,14.0,2022,650489
William Contreras,ATL,C,22,"5' 10""",217,R,R,2020,,0.0418689335422934,0.4,0.9,0,1.0,141.881777927608,0.388567960262299,0.666666666,0.1,0.0,0.4,84.6,18.0,2020,661388
William Contreras,ATL,C,23,"5' 10""",217,R,R,2020,,-0.112985938631339,0.215,0.702,8,23.0,86.7489438178073,0.303373333552609,0.264705882,0.18404908,0.102702702,0.291891891,92.5,8.0,2021,661388
William Contreras,ATL,C,24,"5' 10""",217,R,R,2020,,2.03683881532034,0.278,0.86,20,45.0,139.233765528875,0.37028767379125,0.344339622,0.22754491,0.103723404,0.276595744,90.4,6.0,2022,661388
Willie Calhoun,TEX,1B,23,"5' 8""",205,L,R,2017,,-0.59272309017061,0.222,0.602,2,11.0,53.1588900362606,0.262484673548628,0.266666666,0.111111111,0.055555555,0.222222222,86.9,11.0,2018,641432
Willie Calhoun,TEX,1B,24,"5' 8""",205,L,R,2017,,0.245314761588423,0.269,0.847,21,48.0,110.261449470259,0.350737493186747,0.261603375,0.25566343,0.068249258,0.157270029,89.7,18.0,2019,641432
Willie Calhoun,TEX,1B,25,"5' 8""",205,L,R,2017,,-0.938255636673833,0.19,0.491,1,13.0,31.465272221984,0.217350276531997,0.214285714,0.07,0.046296296,0.157407407,89.3,14.0,2020,641432
Willie Calhoun,TEX,1B,26,"5' 8""",205,L,R,2017,,-0.502118645298452,0.25,0.691,6,25.0,89.7635427710322,0.301288625723879,0.266968325,0.13076923,0.073943661,0.119718309,90.2,15.0,2021,641432
Willie Calhoun,- - -,1B,27,"5' 8""",205,L,R,2017,,-0.316137876364781,0.135,0.524,1,3.0,58.7466509176241,0.248820857655618,0.139534883,0.115384616,0.14516129,0.129032258,89.4,14.0,2022,641432
Willson Contreras,CHC,c,26,"6' 0""",240,R,R,2016,17500000.0,0.996061121558286,0.249,0.729,10,54.0,100.749222505724,0.320830644170443,0.313043478,0.141350211,0.09742647,0.22242647,88.2,8.0,2018,575929
Willson Contreras,CHC,c,27,"6' 0""",240,R,R,2016,17500000.0,2.43382642293163,0.272,0.888,24,64.0,126.054744509454,0.368032409605874,0.313559322,0.261111111,0.092909535,0.249388753,88.5,7.0,2019,575929
Willson Contreras,CHC,c,28,"6' 0""",240,R,R,2016,17500000.0,1.67884245138955,0.243,0.763,7,26.0,110.071537781777,0.336177279374429,0.307086614,0.164021164,0.088888888,0.253333333,89.8,9.0,2020,575929
Willson Contreras,CHC,c,29,"6' 0""",240,R,R,2016,17500000.0,2.6730090040698,0.237,0.778,21,57.0,110.936585313772,0.337055131236547,0.298449612,0.200968523,0.107660455,0.285714285,91.8,10.0,2021,575929
Willson Contreras,CHC,c,30,"6' 0""",240,R,R,2016,17500000.0,3.49676116967528,0.243,0.815,22,55.0,133.836471172822,0.356893659127566,0.269624573,0.223557692,0.092402464,0.211498973,90.4,8.0,2022,575929
Willy Adames,TBR,ss,22,"6' 0""",216,R,R,2018,26000000.0,1.20909275702546,0.278,0.754,10,34.0,110.310362211806,0.327513004358286,0.378378378,0.128472223,0.095975232,0.294117647,86.7,9.0,2018,642715
Willy Adames,TBR,ss,23,"6' 0""",216,R,R,2018,26000000.0,3.29165033421289,0.254,0.735,20,52.0,98.610471332979,0.312676361511494,0.320334261,0.163841808,0.078767123,0.261986301,88.5,11.0,2019,642715
Willy Adames,TBR,ss,24,"6' 0""",216,R,R,2018,26000000.0,1.15079946609583,0.259,0.813,8,23.0,125.520064257232,0.34692412585747,0.388349514,0.221621622,0.097560975,0.360975609,88.8,12.0,2020,642715
Willy Adames,- - -,ss,25,"6' 0""",216,R,R,2018,26000000.0,3.0995846753285,0.262,0.818,25,73.0,119.571474948417,0.349263073089751,0.331230283,0.219315895,0.102702702,0.281081081,89.5,17.0,2021,642715
Willy Adames,MIL,ss,26,"6' 0""",216,R,R,2018,26000000.0,4.4416580235989,0.238,0.756,31,98.0,108.900931698673,0.324719095948465,0.278378378,0.220248668,0.079416531,0.26904376,88.9,19.0,2022,642715
Wilmer Difo,WSN,SS,26,"5' 10""",200,S,R,2015,,0.293778710005214,0.23,0.648,7,42.0,71.2307473503289,0.28048826727484,0.269349845,0.12009804,0.085526315,0.179824561,83.1,13.0,2018,594694
Wilmer Difo,WSN,SS,27,"5' 10""",200,S,R,2015,,-0.0445083642938083,0.252,0.628,2,8.0,61.0550929511645,0.269597585286413,0.31,0.061068703,0.083333333,0.201388888,83.9,10.0,2019,594694
Wilmer Difo,WSN,SS,28,"5' 10""",200,S,R,2015,,-0.245703563427137,0.071,0.293,0,1.0,-4.47187561218463,0.165497759977976,0.09090909,0.0,0.166666666,0.222222222,88.0,21.0,2020,594694
Wilmer Difo,PIT,SS,29,"5' 10""",200,S,R,2015,,0.233630401513991,0.269,0.713,4,24.0,92.1919081104116,0.311722317089637,0.339506172,0.114155251,0.083333333,0.225,83.7,12.0,2021,594694
Wilmer Difo,ARI,SS,30,"5' 10""",200,S,R,2015,,-0.158166176177905,0.0,0.0,0,0.0,-100.0,0.0,0.0,0.0,0.0,0.166666666,79.3,-6.0,2022,594694
Wilmer Flores,NYM,2b,26,"6' 3""",225,R,R,2013,,0.830363757438069,0.267,0.736,11,51.0,101.925645852727,0.316255250406042,0.269005847,0.150259067,0.067599067,0.097902097,86.3,17.0,2018,527038
Wilmer Flores,ARI,2b,27,"6' 3""",225,R,R,2013,,1.46755459720652,0.317,0.848,9,37.0,119.522150396917,0.358437459719809,0.331858407,0.16981132,0.052631578,0.108771929,87.4,16.0,2019,527038
Wilmer Flores,SFG,2b,28,"6' 3""",225,R,R,2013,,1.06512448367421,0.268,0.83,12,32.0,118.776035105683,0.347330621390973,0.271523178,0.247474748,0.061032863,0.169014084,87.9,19.0,2020,527038
Wilmer Flores,SFG,2b,29,"6' 3""",225,R,R,2013,,1.87219518323174,0.262,0.782,18,53.0,113.658286255149,0.337097569616563,0.264150943,0.185089975,0.094036697,0.128440366,88.6,18.0,2021,527038
Wilmer Flores,SFG,2b,30,"6' 3""",225,R,R,2013,,1.29876158646901,0.229,0.71,19,71.0,102.882078346778,0.312474995107698,0.246341463,0.165714286,0.098006644,0.171096345,87.8,21.0,2022,527038
Wilmer Font,- - -,P,28,"6' 4""",255,R,R,2012,,-0.0217237908070794,0.0,0.0,0,0.0,-100.0,0.0,0.0,0.0,0.0,0.0,,,2018,521655
Wilmer Font,- - -,P,29,"6' 4""",255,R,R,2012,,0.0508156475295947,0.333,0.666,0,0.0,82.1600728734011,0.289869089921316,1.0,0.0,0.0,0.5,85.7,2.0,2019,521655
Wilmer Font,TOR,P,30,"6' 4""",255,R,R,2012,,0.0,,,0,,,0.0,0.0,0.0,0.0,0.0,,,2020,521655
Wilson Ramos,- - -,c,30,"6' 1""",241,R,R,2010,,3.0752993421076,0.306,0.845,15,70.0,131.91101875337,0.361472305324343,0.352941176,0.180628272,0.076923076,0.192307692,91.3,4.0,2018,467092
Wilson Ramos,NYM,c,31,"6' 1""",241,R,R,2010,,1.17267249006431,0.288,0.767,14,73.0,106.392531492533,0.326855536026302,0.310432569,0.128964059,0.083969465,0.131679389,90.0,0.0,2019,467092
Wilson Ramos,NYM,c,32,"6' 1""",241,R,R,2010,,0.0419837510914057,0.239,0.684,5,15.0,89.8914215511766,0.297208365317314,0.271028037,0.147887324,0.064516129,0.2,89.0,7.0,2020,467092
Wilson Ramos,- - -,c,33,"6' 1""",241,R,R,2010,,-0.543022949001361,0.205,0.645,8,20.0,72.5649166955167,0.275210100671519,0.212962962,0.19205298,0.055214723,0.220858895,89.6,7.0,2021,467092
Wily Peralta,KCR,p,29,"6' 1""",261,R,R,2012,,0.0,0.0,0.0,0,0.0,,0.0,0.0,0.0,0.0,0.0,,,2018,503449
Wily Peralta,KCR,p,30,"6' 1""",261,R,R,2012,,0.0,0.0,0.0,0,0.0,,0.0,0.0,0.0,0.0,0.0,,,2019,503449
Wily Peralta,DET,p,32,"6' 1""",261,R,R,2012,,0.0356582538311451,0.0,0.5,0,0.0,119.862457368179,0.34585827589035,0.0,0.0,0.5,0.0,78.6,4.0,2021,503449
Wily Peralta,DET,p,33,"6' 1""",261,R,R,2012,,0.0,,,0,,,0.0,0.0,0.0,0.0,0.0,,,2022,503449
Xander Bogaerts,BOS,ss,25,"6' 2""",218,R,R,2013,25454545.0,4.635373490453871,0.288,0.882,23,103.0,133.126337146944,0.372885560823811,0.317258883,0.233918128,0.094827586,0.175862068,90.6,13.0,2018,593428
Xander Bogaerts,BOS,ss,26,"6' 2""",218,R,R,2013,25454545.0,5.99680825739798,0.309,0.939,33,117.0,140.838402475977,0.389511807125875,0.337634408,0.245928338,0.108882521,0.1747851,90.7,13.0,2019,593428
Xander Bogaerts,BOS,ss,27,"6' 2""",218,R,R,2013,25454545.0,1.59102630126767,0.3,0.866,11,28.0,129.090075100234,0.367796491614372,0.328947368,0.201970444,0.093333333,0.182222222,89.0,9.0,2020,593428
Xander Bogaerts,BOS,ss,28,"6' 2""",218,R,R,2013,25454545.0,4.13609314332151,0.295,0.863,23,79.0,129.123949779012,0.368043203421321,0.3325,0.198487712,0.102819237,0.187396351,89.6,13.0,2021,593428
Xander Bogaerts,BOS,ss,29,"6' 2""",218,R,R,2013,25454545.0,5.99605764791118,0.307,0.833,15,73.0,133.268782731256,0.363105863759173,0.361948955,0.149012567,0.090332805,0.187004754,88.1,10.0,2022,593428
Xavier Cedeño,- - -,p,31,"5' 11""",210,L,L,2011,,0.0,0.0,0.0,0,0.0,,0.0,0.0,0.0,0.0,0.0,,,2018,458584
Xavier Cedeño,CHC,p,32,"5' 11""",210,L,L,2011,,0.0,0.0,0.0,0,0.0,,0.0,0.0,0.0,0.0,0.0,,,2019,458584
Yacksel Ríos,PHI,P,25,"6' 3""",215,R,R,2017,,-0.0113858044431502,0.0,0.0,0,0.0,-100.0,0.0,0.0,0.0,0.0,1.0,,,2018,605441
Yacksel Ríos,- - -,P,26,"6' 3""",215,R,R,2017,,0.0,0.0,0.0,0,0.0,,0.0,0.0,0.0,0.0,0.0,,,2019,605441
Yacksel Ríos,PIT,P,27,"6' 3""",215,R,R,2017,,0.0,,,0,,,0.0,0.0,0.0,0.0,0.0,,,2020,605441
Yacksel Ríos,- - -,P,28,"6' 3""",215,R,R,2017,,0.0,0.0,0.0,0,0.0,,0.0,0.0,0.0,0.0,0.0,,,2021,605441
Yadiel Rivera,MIA,SS,26,"6' 3""",190,R,R,2015,,-0.13789246989702,0.173,0.485,1,9.0,37.070690700921,0.219081154294834,0.258426966,0.043165468,0.11875,0.31875,89.7,4.0,2018,592680
Yadiel Rivera,MIA,SS,27,"6' 3""",190,R,R,2015,,-0.218089717247568,0.183,0.475,0,3.0,33.1433954862834,0.218205467318044,0.275,0.033333333,0.09090909,0.303030303,89.3,2.0,2019,592680
Yadiel Rivera,TEX,SS,28,"6' 3""",190,R,R,2015,,-0.0839584342578567,0.0,0.0,0,0.0,-100.0,0.0,0.0,0.0,0.0,0.2,91.4,5.0,2020,592680
Yadier Molina,STL,c,35,"5' 11""",225,R,R,2004,9000000.0,2.74289303511575,0.261,0.75,20,74.0,104.520948893019,0.322867709291621,0.263852242,0.174291939,0.057654075,0.131212723,88.1,15.0,2018,425877
Yadier Molina,STL,c,36,"5' 11""",225,R,R,2004,9000000.0,1.87923573926688,0.27,0.711,10,57.0,88.2921780929745,0.302582144209769,0.289325842,0.128878282,0.050884955,0.128318584,87.3,14.0,2019,425877
Yadier Molina,STL,c,37,"5' 11""",225,R,R,2004,9000000.0,0.716669009543113,0.262,0.662,4,16.0,82.9397627149193,0.290398059352752,0.280991735,0.096551724,0.038461538,0.134615384,84.7,12.0,2020,425877
Yadier Molina,STL,c,38,"5' 11""",225,R,R,2004,9000000.0,1.48514921699163,0.252,0.667,11,66.0,81.3997019065756,0.289566056743549,0.283286118,0.118181818,0.050739957,0.167019027,88.0,15.0,2021,425877
Yadier Molina,STL,c,39,"5' 11""",225,R,R,2004,9000000.0,0.248603025936132,0.214,0.535,5,24.0,49.1297950940813,0.234598346109743,0.233944954,0.087786259,0.018518518,0.148148148,84.7,17.0,2022,425877
Yan Gomes,CLE,c,30,"6' 2""",212,R,R,2012,6500000.0,2.6454611706186,0.266,0.762,16,48.0,102.293236304786,0.325529702816494,0.335793357,0.183622829,0.048275862,0.273563218,88.9,19.0,2018,543228
Yan Gomes,WSN,c,31,"6' 2""",212,R,R,2012,6500000.0,0.851794984610705,0.223,0.705,12,43.0,79.7641787647123,0.298153606158766,0.264840182,0.165605095,0.106145251,0.234636871,87.6,18.0,2019,543228
Yan Gomes,WSN,c,32,"6' 2""",212,R,R,2012,6500000.0,0.361778438560076,0.284,0.787,4,13.0,105.292578367194,0.331722974777222,0.313953488,0.183486239,0.050420168,0.184873949,89.9,18.0,2020,543228
Yan Gomes,- - -,c,33,"6' 2""",212,R,R,2012,6500000.0,2.23275167546665,0.252,0.722,14,52.0,93.7871771499817,0.308247863285003,0.286821705,0.169054441,0.050666666,0.208,89.6,14.0,2021,543228
Yan Gomes,CHC,c,34,"6' 2""",212,R,R,2012,6500000.0,0.859092438314358,0.235,0.625,8,31.0,75.1645711391619,0.27108771241691,0.252212389,0.129963899,0.027303754,0.160409556,85.3,9.0,2022,543228
Yandy Díaz,CLE,1B,26,"6' 0""",235,R,R,2017,,0.340445606187593,0.312,0.797,1,15.0,116.335584746614,0.346107452857394,0.370786516,0.110091743,0.091666666,0.158333333,92.1,4.0,2018,650490
Yandy Díaz,TBR,1B,27,"6' 0""",235,R,R,2017,,1.47977823282217,0.267,0.816,14,38.0,117.943553404353,0.341261778608223,0.288135593,0.208469055,0.100864553,0.175792507,91.6,5.0,2019,650490
Yandy Díaz,TBR,1B,28,"6' 0""",235,R,R,2017,,0.578506807826037,0.307,0.814,2,11.0,139.127437718242,0.366792762366525,0.347368421,0.078947369,0.166666666,0.123188405,88.3,-8.0,2020,650490
Yandy Díaz,TBR,1B,29,"6' 0""",235,R,R,2017,,1.71702081965414,0.256,0.74,13,64.0,110.257681826096,0.324641948749677,0.285714285,0.131182796,0.127541589,0.157116451,89.9,7.0,2021,650490
Yandy Díaz,TBR,1B,30,"6' 0""",235,R,R,2017,,3.8864414556776303,0.296,0.824,9,57.0,145.179148064329,0.366115018403787,0.32345679,0.126849894,0.139784946,0.107526881,92.2,8.0,2022,650490
Yangervis Solarte,TOR,3B,30,"5' 11""",220,S,R,2014,,-0.241428358282549,0.226,0.655,17,54.0,75.8765589395065,0.283737330327904,0.232984293,0.151709402,0.061264822,0.14229249,87.1,14.0,2018,500208
Yangervis Solarte,SFG,3B,31,"5' 11""",220,S,R,2014,,-0.271243442718988,0.205,0.562,1,7.0,43.6625482790732,0.235792184346601,0.25,0.109589041,0.051282051,0.205128205,82.9,7.0,2019,500208
Yasiel Puig,LAD,rf,27,"6' 2""",240,R,R,2013,,2.32085753853222,0.267,0.821,23,63.0,122.650812690639,0.348540020339629,0.286195286,0.227160494,0.081081081,0.195945945,89.5,12.0,2018,624577
Yasiel Puig,- - -,rf,28,"6' 2""",240,R,R,2013,,2.41381386151633,0.267,0.785,24,84.0,100.205891087251,0.330405053936067,0.308457711,0.190990991,0.072013093,0.217675941,89.9,14.0,2019,624577
Yasmani Grandal,LAD,c,29,"6' 2""",225,S,R,2012,,5.26374829064063,0.241,0.815,24,68.0,124.768895754864,0.35171000454827,0.277966101,0.225,0.138996138,0.239382239,88.9,14.0,2018,518735
Yasmani Grandal,MIL,c,30,"6' 2""",225,S,R,2012,,5.7368155409912,0.246,0.848,28,77.0,121.203750402542,0.36083874768681,0.279202279,0.222222222,0.172468354,0.219936708,90.7,14.0,2019,518735
Yasmani Grandal,CHW,c,31,"6' 2""",225,S,R,2012,,1.60555123693882,0.23,0.773,8,27.0,113.897776902932,0.338185624977977,0.298969072,0.192546584,0.154639175,0.298969072,90.3,16.0,2020,518735
Yasmani Grandal,CHW,c,32,"6' 2""",225,S,R,2012,,3.58008410139922,0.24,0.94,23,62.0,157.271731215997,0.402237487349281,0.245810055,0.279569892,0.232,0.218666666,93.1,14.0,2021,518735
Yasmani Grandal,CHW,c,33,"6' 2""",225,S,R,2012,,-0.50794649148791,0.202,0.57,5,27.0,67.9207934781091,0.263102531750997,0.248979591,0.067278287,0.119680851,0.210106382,90.0,12.0,2022,518735
Yency Almonte,COL,P,24,"6' 5""",223,R,R,2018,,-0.013125781448889,0.0,0.0,0,0.0,-100.0,0.0,0.0,0.0,0.0,0.0,67.9,-48.0,2018,622075
Yency Almonte,COL,P,25,"6' 5""",223,R,R,2018,,-0.0702352393205887,0.0,0.0,0,0.0,-100.0,0.0,0.0,0.0,0.0,0.6,97.4,30.0,2019,622075
Yency Almonte,COL,P,26,"6' 5""",223,R,R,2018,,0.0,,,0,,,0.0,0.0,0.0,0.0,0.0,,,2020,622075
Yency Almonte,COL,P,27,"6' 5""",223,R,R,2018,,-0.0391192535431063,0.0,0.0,0,0.0,-100.0,0.0,0.0,0.0,0.0,0.666666666,95.5,-32.0,2021,622075
Yency Almonte,LAD,P,28,"6' 5""",223,R,R,2018,,0.0,,,0,,,0.0,0.0,0.0,0.0,0.0,,,2022,622075
Yimi García,LAD,p,27,"6' 1""",230,R,R,2014,7500000.0,0.0,0.0,0.0,0,0.0,,0.0,0.0,0.0,0.0,0.0,,,2018,554340
Yimi García,LAD,p,28,"6' 1""",230,R,R,2014,7500000.0,-0.0240500037071848,0.0,0.0,0,0.0,-100.0,0.0,0.0,0.0,0.0,0.5,82.9,-21.0,2019,554340
Yimi García,MIA,p,29,"6' 1""",230,R,R,2014,7500000.0,0.0,,,0,,,0.0,0.0,0.0,0.0,0.0,,,2020,554340
Yimi García,- - -,p,30,"6' 1""",230,R,R,2014,7500000.0,0.0,0.0,0.0,0,0.0,,0.0,0.0,0.0,0.0,0.0,,,2021,554340
Yimi García,TOR,p,31,"6' 1""",230,R,R,2014,7500000.0,0.0,,,0,,,0.0,0.0,0.0,0.0,0.0,,,2022,554340
Yoenis Cespedes,NYM,rf,32,"5' 11""",225,R,R,2012,,0.724919870915489,0.262,0.821,9,29.0,120.876702629506,0.344617948609014,0.333333333,0.234042553,0.082802547,0.318471337,90.8,20.0,2018,493316
Yoenis Cespedes,NYM,rf,34,"5' 11""",225,R,R,2012,,-0.124127392153692,0.161,0.622,2,4.0,70.1274037658558,0.267278110279756,0.214285714,0.225806452,0.058823529,0.44117647,86.0,17.0,2020,493316
Yohan Ramírez,SEA,P,25,"6' 3""",205,R,R,2020,,0.0,,,0,,,0.0,0.0,0.0,0.0,0.0,,,2020,670990
Yohan Ramírez,SEA,P,26,"6' 3""",205,R,R,2020,,0.0,0.0,0.0,0,0.0,,0.0,0.0,0.0,0.0,0.0,,,2021,670990
Yohan Ramírez,- - -,P,27,"6' 3""",205,R,R,2020,,0.0,,,0,,,0.0,0.0,0.0,0.0,0.0,,,2022,670990
Yolmer Sánchez,CHW,3B,26,"5' 8""",210,S,R,2014,,2.3348058763795,0.242,0.678,8,55.0,86.7239464301656,0.296638070453297,0.299781181,0.13,0.074018126,0.208459214,86.7,9.0,2018,570560
Yolmer Sánchez,CHW,3B,27,"5' 8""",210,S,R,2014,,0.346329987372805,0.252,0.639,2,43.0,72.6823637256726,0.280984059984113,0.32368421,0.068548387,0.079279279,0.21081081,87.0,14.0,2019,570560
Yolmer Sánchez,CHW,3B,28,"5' 8""",210,S,R,2014,,0.231050167304358,0.313,1.164,1,1.0,210.695870177781,0.479524152619498,0.4,0.375,0.238095238,0.238095238,90.7,12.0,2020,570560
Yolmer Sánchez,- - -,3B,30,"5' 8""",210,S,R,2014,,-0.376401604573344,0.108,0.322,0,2.0,-5.76408893075589,0.166169595150721,0.166666666,0.0,0.113636363,0.295454545,84.4,14.0,2022,570560
Yonder Alonso,CLE,1b,31,"6' 1""",230,L,R,2010,,0.0821433210391529,0.25,0.738,23,83.0,97.9043643938736,0.319098220965833,0.282666666,0.170542635,0.088850174,0.214285714,87.8,16.0,2018,475174
Yonder Alonso,- - -,1b,32,"6' 1""",230,L,R,2010,,-1.21589586523597,0.199,0.642,10,37.0,65.7038361755279,0.276919529919165,0.224299065,0.147260274,0.11641791,0.208955223,88.1,14.0,2019,475174
Yonny Chirinos,TBR,P,24,"6' 2""",225,R,R,2018,,-0.010305103001857,0.0,0.0,0,0.0,-100.0,0.0,0.0,0.0,0.0,1.0,,,2018,630023
Yonny Chirinos,TBR,P,25,"6' 2""",225,R,R,2018,,-0.0219417681078947,0.0,0.0,0,0.0,-100.0,0.0,0.0,0.0,0.0,1.0,,,2019,630023
Yonny Chirinos,TBR,P,26,"6' 2""",225,R,R,2018,,0.0,,,0,,,0.0,0.0,0.0,0.0,0.0,,,2020,630023
Yonny Chirinos,TBR,P,28,"6' 2""",225,R,R,2018,,0.0,,,0,,,0.0,0.0,0.0,0.0,0.0,,,2022,630023
Yordan Alvarez,HOU,LF,22,"6' 4""",237,L,R,2019,,3.783426191273231,0.313,1.067,27,78.0,176.519648096765,0.432070243358612,0.365979381,0.341853035,0.140921409,0.254742547,92.2,13.0,2019,670541
Yordan Alvarez,HOU,LF,23,"6' 4""",237,L,R,2019,,0.0712084197192186,0.25,0.958,1,4.0,156.629024516223,0.398898535304599,0.166666666,0.375,0.0,0.111111111,98.6,6.0,2020,670541
Yordan Alvarez,HOU,LF,24,"6' 4""",237,L,R,2019,,3.47918126563057,0.277,0.877,33,104.0,136.949910853718,0.36949795674877,0.320441988,0.253258845,0.08361204,0.242474916,93.2,14.0,2021,670541
Yordan Alvarez,HOU,LF,25,"6' 4""",237,L,R,2019,,6.36161162730306,0.306,1.019,37,97.0,185.369567678414,0.426570360211359,0.320359281,0.306382979,0.139037433,0.188948306,95.2,12.0,2022,670541
Yovani Gallardo,- - -,p,32,"6' 2""",205,R,R,2007,,-0.0237545851927774,0.0,0.0,0,0.0,-100.0,0.0,0.0,0.0,0.0,0.0,83.2,6.0,2018,451596
Yoán Moncada,CHW,3b,23,"6' 0""",220,S,R,2016,4000000.0,1.03635002102437,0.235,0.715,17,61.0,96.6938368536088,0.311248013648957,0.343930635,0.164359862,0.103076923,0.333846153,91.0,15.0,2018,660162
Yoán Moncada,CHW,3b,24,"6' 0""",220,S,R,2016,4000000.0,5.16328546652407,0.315,0.915,25,79.0,139.260266185383,0.379424500272428,0.405970149,0.232876712,0.07155635,0.275491949,93.0,12.0,2019,660162
Yoán Moncada,CHW,3b,25,"6' 0""",220,S,R,2016,4000000.0,0.926129619427612,0.225,0.705,6,24.0,94.1489773241971,0.309349661781674,0.314516129,0.16,0.121212121,0.311688311,87.8,14.0,2020,660162
Yoán Moncada,CHW,3b,26,"6' 0""",220,S,R,2016,4000000.0,3.74012060566899,0.263,0.787,14,61.0,120.049443506392,0.347156579610778,0.35042735,0.148076923,0.136363636,0.254870129,90.1,11.0,2021,660162
Yoán Moncada,CHW,3b,27,"6' 0""",220,S,R,2016,4000000.0,0.824043285038604,0.212,0.626,12,51.0,76.1047195817245,0.274694839743681,0.264705882,0.141057935,0.073903002,0.263279445,88.7,16.0,2022,660162
Yu Darvish,CHC,p,31,"6' 5""",220,R,R,2012,21000000.0,-0.0524878590930081,0.083,0.25,0,0.0,-44.1705229740665,0.103939572970072,0.2,0.083333333,0.0,0.5,87.6,-14.0,2018,506433
Yu Darvish,CHC,p,32,"6' 5""",220,R,R,2012,21000000.0,-0.272417164655335,0.089,0.208,0,3.0,-51.4554490066034,0.0970953450364582,0.192307692,0.0,0.032258064,0.5,89.4,-2.0,2019,506433
Yu Darvish,CHC,p,33,"6' 5""",220,R,R,2012,21000000.0,0.0,,,0,,,0.0,0.0,0.0,0.0,0.0,,,2020,506433
Yu Darvish,SDP,p,34,"6' 5""",220,R,R,2012,21000000.0,-0.112587484311424,0.094,0.243,0,1.0,-33.6920557410043,0.108192435017339,0.178571428,0.037735849,0.0,0.454545454,85.0,-12.0,2021,506433
Yu Darvish,SDP,p,35,"6' 5""",220,R,R,2012,21000000.0,0.0,,,0,,,0.0,0.0,0.0,0.0,0.0,,,2022,506433
Yuli Gurriel,HOU,1b,34,"6' 0""",215,R,R,2016,,1.86243865407325,0.291,0.751,13,85.0,107.426347269833,0.323190515162017,0.305555555,0.137802607,0.040139616,0.109947643,89.3,12.0,2018,493329
Yuli Gurriel,HOU,1b,35,"6' 0""",215,R,R,2016,,4.0075919011526,0.298,0.884,31,104.0,130.680712767695,0.364293927051982,0.289029535,0.242907801,0.060457516,0.10620915,89.3,14.0,2019,493329
Yuli Gurriel,HOU,1b,36,"6' 0""",215,R,R,2016,,-0.101578880014729,0.232,0.658,6,22.0,75.8200462991168,0.280906314435213,0.234972677,0.151658767,0.052173913,0.117391304,89.3,14.0,2020,493329
Yuli Gurriel,HOU,1b,37,"6' 0""",215,R,R,2016,,3.27349749953945,0.319,0.845,15,81.0,132.714754545408,0.363230844536429,0.335511982,0.143396226,0.097520661,0.112396694,89.8,13.0,2021,493329
Yuli Gurriel,HOU,1b,38,"6' 0""",215,R,R,2016,,-0.698549178982523,0.242,0.648,8,53.0,85.208873611199,0.284695470373924,0.265524625,0.117431193,0.051369863,0.125,88.2,15.0,2022,493329
Yusei Kikuchi,SEA,p,28,"6' 0""",210,L,L,2019,21225000.0,-0.0221193639213766,0.0,0.0,0,0.0,-100.0,0.0,0.0,0.0,0.0,0.5,,,2019,579328
Yusei Kikuchi,SEA,p,29,"6' 0""",210,L,L,2019,21225000.0,0.0,,,0,,,0.0,0.0,0.0,0.0,0.0,,,2020,579328
Yusei Kikuchi,SEA,p,30,"6' 0""",210,L,L,2019,21225000.0,-0.0202955922782597,0.0,0.0,0,0.0,-100.0,0.0,0.0,0.0,0.0,1.0,,,2021,579328
Yusei Kikuchi,TOR,p,31,"6' 0""",210,L,L,2019,21225000.0,0.0,,,0,,,0.0,0.0,0.0,0.0,0.0,,,2022,579328
Yusmeiro Petit,OAK,p,33,"6' 1""",252,R,R,2006,1.0,0.0,0.0,0.0,0,0.0,,0.0,0.0,0.0,0.0,0.0,,,2018,433589
Yusmeiro Petit,OAK,p,34,"6' 1""",252,R,R,2006,1.0,-0.0111511704280107,0.0,0.0,0,0.0,-100.0,0.0,0.0,0.0,0.0,0.0,82.8,2.0,2019,433589
Yusmeiro Petit,OAK,p,35,"6' 1""",252,R,R,2006,1.0,0.0,,,0,,,0.0,0.0,0.0,0.0,0.0,,,2020,433589
Yusmeiro Petit,OAK,p,36,"6' 1""",252,R,R,2006,1.0,0.0,0.0,0.0,0,0.0,,0.0,0.0,0.0,0.0,0.0,,,2021,433589
Zac Gallen,- - -,p,23,"6' 2""",189,R,R,2019,22025000.0,-0.107497066904991,0.105,0.21,0,1.0,-52.3930558797878,0.0915376073435733,0.181818181,0.0,0.0,0.333333333,84.2,0.0,2019,668678
Zac Gallen,ARI,p,24,"6' 2""",189,R,R,2019,22025000.0,0.0,,,0,,,0.0,0.0,0.0,0.0,0.0,,,2020,668678
Zac Gallen,ARI,p,25,"6' 2""",189,R,R,2019,22025000.0,0.226933634173175,0.188,0.462,0,3.0,22.5079654146023,0.202764572519245,0.428571428,0.0625,0.023809523,0.428571428,96.2,4.0,2021,668678
Zac Gallen,ARI,p,26,"6' 2""",189,R,R,2019,22025000.0,0.0,,,0,,,0.0,0.0,0.0,0.0,0.0,,,2022,668678
Zac Rosscup,LAD,P,30,"6' 2""",220,R,L,2013,,0.0,0.0,0.0,0,0.0,,0.0,0.0,0.0,0.0,0.0,,,2018,573127
Zac Rosscup,- - -,P,31,"6' 2""",220,R,L,2013,,0.0,0.0,0.0,0,0.0,,0.0,0.0,0.0,0.0,0.0,,,2019,573127
Zac Rosscup,COL,P,33,"6' 2""",220,R,L,2013,,0.0,0.0,0.0,0,0.0,,0.0,0.0,0.0,0.0,0.0,,,2021,573127
Zach Davies,MIL,p,25,"6' 0""",180,R,R,2015,5000000.0,-0.124151906604116,0.067,0.134,0,0.0,-75.6896308487667,0.0586353818575541,0.142857142,0.0,0.0,0.421052631,83.4,19.0,2018,605200
Zach Davies,MIL,p,26,"6' 0""",180,R,R,2015,5000000.0,0.02995595075275,0.154,0.362,0,3.0,-12.0950214311268,0.157382387035298,0.296296296,0.038461539,0.018181818,0.454545454,82.6,15.0,2019,605200
Zach Davies,SDP,p,27,"6' 0""",180,R,R,2015,5000000.0,0.0,,,0,,,0.0,0.0,0.0,0.0,0.0,,,2020,605200
Zach Davies,CHC,p,28,"6' 0""",180,R,R,2015,5000000.0,0.0405748617528948,0.176,0.352,0,2.0,-7.30103112729884,0.155127409626456,0.23076923,0.0,0.0,0.181818181,82.6,9.0,2021,605200
Zach Davies,ARI,p,29,"6' 0""",180,R,R,2015,5000000.0,0.0,,,0,,,0.0,0.0,0.0,0.0,0.0,,,2022,605200
Zach Duke,- - -,p,35,"6' 2""",210,L,L,2005,2000000.0,-0.0108857140165918,0.0,0.0,0,0.0,-100.0,0.0,0.0,0.0,0.0,1.0,,,2018,435043
Zach Duke,CIN,p,36,"6' 2""",210,L,L,2005,2000000.0,0.0,0.0,0.0,0,0.0,,0.0,0.0,0.0,0.0,0.0,,,2019,435043
Zach Eflin,PHI,p,24,"6' 6""",230,R,R,2016,10000000.0,-0.130098331365057,0.091,0.25,1,1.0,-43.4929799029514,0.106123196807775,0.25,0.068181819,0.0,0.62,90.0,-6.0,2018,621107
Zach Eflin,PHI,p,25,"6' 6""",230,R,R,2016,10000000.0,-0.0507087722123687,0.16,0.34,0,2.0,-19.5228752163724,0.146078301668167,0.347826086,0.02,0.0,0.519230769,81.9,15.0,2019,621107
Zach Eflin,PHI,p,26,"6' 6""",230,R,R,2016,10000000.0,0.0,,,0,,,0.0,0.0,0.0,0.0,0.0,,,2020,621107
Zach Eflin,PHI,p,27,"6' 6""",230,R,R,2016,10000000.0,-0.277312304564356,0.0,0.065,0,1.0,-79.9258767042884,0.0456015813735224,0.0,0.0,0.027027027,0.405405405,82.9,-1.0,2021,621107
Zach Eflin,PHI,p,28,"6' 6""",230,R,R,2016,10000000.0,0.0,,,0,,,0.0,0.0,0.0,0.0,0.0,,,2022,621107
Zach McAllister,- - -,p,30,"6' 6""",240,R,R,2011,,0.0,0.0,0.0,0,0.0,,0.0,0.0,0.0,0.0,0.0,,,2018,502083
Zach McKinstry,LAD,3B,25,"5' 11""",180,L,R,2020,,0.0023189130317851,0.286,0.715,0,0.0,89.453036683838,0.302946857043675,0.5,0.142857143,0.0,0.428571428,85.2,-6.0,2020,656716
Zach McKinstry,LAD,3B,26,"5' 11""",180,L,R,2020,,-0.0988678156252509,0.215,0.668,7,29.0,76.7172034391012,0.2822989775854,0.262135922,0.189873418,0.058139534,0.290697674,88.4,14.0,2021,656716
Zach McKinstry,- - -,3B,27,"5' 11""",180,L,R,2020,,0.869967114400184,0.199,0.634,5,14.0,81.2824000719383,0.280143019605855,0.256880733,0.162650603,0.086486486,0.281081081,86.4,13.0,2022,656716
Zach Plesac,CLE,P,24,"6' 3""",220,R,R,2019,,-0.0116498808114962,0.0,0.0,0,0.0,-100.0,0.0,0.0,0.0,0.0,0.0,,,2019,668676
Zach Plesac,CLE,P,25,"6' 3""",220,R,R,2019,,0.0,,,0,,,0.0,0.0,0.0,0.0,0.0,,,2020,668676
Zach Plesac,CLE,P,26,"6' 3""",220,R,R,2019,,0.0,,,0,,,0.0,0.0,0.0,0.0,0.0,,,2021,668676
Zach Plesac,CLE,P,27,"6' 3""",220,R,R,2019,,0.0,,,0,,,0.0,0.0,0.0,0.0,0.0,,,2022,668676
Zack Britton,- - -,p,30,"6' 1""",200,L,L,2011,,0.0,0.0,0.0,0,0.0,,0.0,0.0,0.0,0.0,0.0,,,2018,502154
Zack Britton,NYY,p,31,"6' 1""",200,L,L,2011,,0.0,0.0,0.0,0,0.0,,0.0,0.0,0.0,0.0,0.0,,,2019,502154
Zack Britton,NYY,p,32,"6' 1""",200,L,L,2011,,0.0,,,0,,,0.0,0.0,0.0,0.0,0.0,,,2020,502154
Zack Britton,NYY,p,33,"6' 1""",200,L,L,2011,,0.0,0.0,0.0,0,0.0,,0.0,0.0,0.0,0.0,0.0,,,2021,502154
Zack Britton,NYY,p,34,"6' 1""",200,L,L,2011,,0.0,,,0,,,0.0,0.0,0.0,0.0,0.0,,,2022,502154
Zack Cozart,LAA,3b,32,"6' 0""",205,R,R,2011,12666666.0,-0.226055777418735,0.219,0.658,5,18.0,80.9494454368098,0.289224832896659,0.244444444,0.142857142,0.075098814,0.166007905,85.6,17.0,2018,446359
Zack Cozart,LAA,3b,33,"6' 0""",205,R,R,2011,12666666.0,-1.17835268463667,0.124,0.322,0,7.0,-17.3501678913848,0.149713135211267,0.142857142,0.020618556,0.046728971,0.14953271,85.9,22.0,2019,446359
Zack Godley,ARI,P,28,"6' 3""",250,R,R,2015,,-0.259233169336514,0.057,0.18,0,1.0,-52.3811836285556,0.0946791328881916,0.130434782,0.0,0.061538461,0.461538461,81.4,-2.0,2018,643327
Zack Godley,- - -,P,29,"6' 3""",250,R,R,2015,,0.119464782306033,0.158,0.431,0,2.0,25.0026819436334,0.212713878263127,0.333333333,0.0,0.130434782,0.434782608,80.8,32.0,2019,643327
Zack Godley,BOS,P,30,"6' 3""",250,R,R,2015,,0.0,,,0,,,0.0,0.0,0.0,0.0,0.0,,,2020,643327
Zack Godley,MIL,P,31,"6' 3""",250,R,R,2015,,-0.0112226758380258,0.0,0.0,0,0.0,-100.0,0.0,0.0,0.0,0.0,0.0,,,2021,643327
Zack Greinke,ARI,p,34,"6' 2""",200,R,R,2004,,0.705190363115174,0.234,0.566,0,5.0,51.2250419496334,0.249739198542353,0.3125,0.0625,0.042253521,0.225352112,87.5,12.0,2018,425844
Zack Greinke,- - -,p,35,"6' 2""",200,R,R,2004,,0.926350141522688,0.28,0.888,3,8.0,121.889558642739,0.361779098327343,0.314285714,0.3,0.035714285,0.214285714,88.9,6.0,2019,425844
Zack Greinke,HOU,p,36,"6' 2""",200,R,R,2004,,0.0,,,0,,,0.0,0.0,0.0,0.0,0.0,,,2020,425844
Zack Greinke,HOU,p,37,"6' 2""",200,R,R,2004,,-0.0211140983016579,0.0,0.0,0,0.0,-100.0,0.0,0.0,0.0,0.0,0.5,93.5,39.0,2021,425844
Zack Greinke,KCR,p,38,"6' 2""",200,R,R,2004,,0.0,,,0,,,0.0,0.0,0.0,0.0,0.0,,,2022,425844
Zack Littell,MIN,p,22,"6' 4""",250,R,R,2018,7000000.0,0.0,0.0,0.0,0,0.0,,0.0,0.0,0.0,0.0,0.0,,,2018,641793
Zack Littell,MIN,p,23,"6' 4""",250,R,R,2018,7000000.0,0.0,0.0,0.0,0,0.0,,0.0,0.0,0.0,0.0,0.0,,,2019,641793
Zack Littell,MIN,p,24,"6' 4""",250,R,R,2018,7000000.0,0.0,,,0,,,0.0,0.0,0.0,0.0,0.0,,,2020,641793
Zack Littell,SFG,p,25,"6' 4""",250,R,R,2018,7000000.0,0.0283528071488823,0.25,0.5,0,0.0,37.4012895663685,0.219763830304146,1.0,0.0,0.0,0.75,97.2,7.0,2021,641793
Zack Littell,SFG,p,26,"6' 4""",250,R,R,2018,7000000.0,0.0,,,0,,,0.0,0.0,0.0,0.0,0.0,,,2022,641793
Zack Wheeler,NYM,p,28,"6' 4""",195,L,R,2013,23600000.0,0.233151109034637,0.196,0.425,0,4.0,12.6463650436993,0.182637303544764,0.305555555,0.035714286,0.0,0.35,81.8,12.0,2018,554430
Zack Wheeler,NYM,p,29,"6' 4""",195,L,R,2013,23600000.0,0.548929354813327,0.211,0.56,1,6.0,53.5509571563863,0.246202471803446,0.297297297,0.087719299,0.03125,0.296875,78.6,2.0,2019,554430
Zack Wheeler,PHI,p,30,"6' 4""",195,L,R,2013,23600000.0,0.0,,,0,,,0.0,0.0,0.0,0.0,0.0,,,2020,554430
Zack Wheeler,PHI,p,31,"6' 4""",195,L,R,2013,23600000.0,0.0888539153209554,0.162,0.353,0,3.0,-10.2140135467016,0.152864572756431,0.379310344,0.029411765,0.0,0.534246575,83.7,-3.0,2021,554430
Zack Wheeler,PHI,p,32,"6' 4""",195,L,R,2013,23600000.0,0.0,,,0,,,0.0,0.0,0.0,0.0,0.0,,,2022,554430
