season,team_id,team_name,team_abbreviation,league_name,division_name,player_id,player_name,player_link,jersey_number,position_code,position_name,position_type,position_abbreviation,status_code,status_description,stats_group,stats_found,pitching_gamesPlayed,pitching_gamesStarted,pitching_wins,pitching_losses,pitching_saves,pitching_holds,pitching_inningsPitched,pitching_hits,pitching_runs,pitching_earnedRuns,pitching_baseOnBalls,pitching_strikeOuts,pitching_homeRuns,pitching_era,pitching_whip,pitching_babip,pitching_fip,pitching_strikeoutWalkRatio,hitting_gamesPlayed,hitting_plateAppearances,hitting_atBats,hitting_runs,hitting_hits,hitting_doubles,hitting_triples,hitting_homeRuns,hitting_rbi,hitting_baseOnBalls,hitting_strikeOuts,hitting_stolenBases,hitting_avg,hitting_obp,hitting_slg,hitting_ops,hitting_babip,hitting_woba,hitting_wrcPlus
2022,133,Oakland Athletics,OAK,American League,American League West,642758,Domingo Acevedo,/api/v1/people/642758,68,1,Pitcher,Pitcher,P,A,Active,pitching,True,70,0,4,4,4,20,67.2,50,26,25,17,58,9,3.33,0.99,,,3.41,,,,,,,,,,,,,,,,,,,
2022,133,Oakland Athletics,OAK,American League,American League West,664119,Austin Allen,/api/v1/people/664119,30,2,Catcher,Catcher,C,TR,Traded,hitting,True,,,,,,,,,,,,,,,,,,,5,16,14,1,1,0,0,0,0,1,9,0,.071,.188,.071,.259,.200,,
2022,133,Oakland Athletics,OAK,American League,American League West,669397,Nick Allen,/api/v1/people/669397,2,6,Shortstop,Infielder,SS,A,Active,hitting,True,,,,,,,,,,,,,,,,,,,100,326,299,31,62,13,0,4,19,19,64,3,.207,.256,.291,.547,.250,,
2022,133,Oakland Athletics,OAK,American League,American League West,462101,Elvis Andrus,/api/v1/people/462101,17,6,Shortstop,Infielder,SS,RL,Released,hitting,True,,,,,,,,,,,,,,,,,,,149,577,535,66,133,32,0,17,58,39,92,18,.249,.303,.404,.707,.272,,
2022,133,Oakland Athletics,OAK,American League,American League West,642456,Luis Barrera,/api/v1/people/642456,13,9,Outfielder,Outfielder,RF,MIN,Minor League Contract,hitting,True,,,,,,,,,,,,,,,,,,,32,85,77,3,18,5,0,1,7,6,17,3,.234,.294,.338,.632,.283,,
2022,133,Oakland Athletics,OAK,American League,American League West,542194,Christian Bethancourt,/api/v1/people/542194,23,3,First Base,Infielder,1B,TR,Traded,hitting,True,,,,,,,,,,,,,,,,,,,101,333,318,39,80,17,0,11,34,12,80,5,.252,.283,.409,.692,.304,,
2022,133,Oakland Athletics,OAK,American League,American League West,621112,Paul Blackburn,/api/v1/people/621112,58,1,Pitcher,Pitcher,P,D60,Injured 60-Day,pitching,True,21,21,7,6,0,0,111.1,110,53,53,30,89,15,4.28,1.26,,,2.97,,,,,,,,,,,,,,,,,,,
2022,133,Oakland Athletics,OAK,American League,American League West,621450,Skye Bolt,/api/v1/people/621450,11,8,Outfielder,Outfielder,CF,MIN,Minor League Contract,hitting,True,,,,,,,,,,,,,,,,,,,42,116,106,10,21,2,0,4,13,7,30,5,.198,.259,.330,.589,.233,,
2022,133,Oakland Athletics,OAK,American League,American League West,681146,Jonah Bride,/api/v1/people/681146,77,4,Second Base,Infielder,2B,A,Active,hitting,True,,,,,,,,,,,,,,,,,,,58,187,162,17,33,4,0,1,6,19,32,1,.204,.301,.247,.548,.246,,
2022,133,Oakland Athletics,OAK,American League,American League West,664913,Seth Brown,/api/v1/people/664913,15,7,Outfielder,Outfielder,LF,A,Active,hitting,True,,,,,,,,,,,,,,,,,,,150,555,500,55,115,26,3,25,73,51,146,11,.230,.305,.444,.749,.273,,
2022,133,Oakland Athletics,OAK,American League,American League West,668843,Conner Capel,/api/v1/people/668843,,9,Outfielder,Outfielder,RF,RM,Reassigned to Minors,hitting,True,,,,,,,,,,,,,,,,,,,22,59,52,7,16,0,1,3,11,5,10,1,.308,.356,.519,.875,.317,,
2022,133,Oakland Athletics,OAK,American League,American League West,624418,Ryan Castellani,/api/v1/people/624418,38,1,Pitcher,Pitcher,P,MIN,Minor League Contract,pitching,True,3,0,0,0,0,1,2.2,2,1,0,0,1,0,0.00,0.75,,,-.--,,,,,,,,,,,,,,,,,,,
2022,133,Oakland Athletics,OAK,American League,American League West,676391,Ernie Clement,/api/v1/people/676391,44,5,Third Base,Infielder,3B,A,Active,hitting,True,,,,,,,,,,,,,,,,,,,70,179,163,19,30,4,0,0,6,11,26,0,.184,.243,.209,.452,.217,,
2022,133,Oakland Athletics,OAK,American League,American League West,664202,Tyler Cyr,/api/v1/people/664202,57,1,Pitcher,Pitcher,P,A,Active,pitching,True,12,0,1,0,0,1,13.1,11,4,4,5,16,2,2.70,1.20,,,3.20,,,,,,,,,,,,,,,,,,,
2022,133,Oakland Athletics,OAK,American League,American League West,571602,Matt Davidson,/api/v1/people/571602,4,5,Third Base,Infielder,3B,MIN,Minor League Contract,hitting,True,,,,,,,,,,,,,,,,,,,13,37,34,3,5,0,0,2,3,3,13,0,.147,.216,.324,.540,.158,,
2022,133,Oakland Athletics,OAK,American League,American League West,672478,Jordan Diaz,/api/v1/people/672478,75,5,Third Base,Infielder,3B,RM,Reassigned to Minors,hitting,True,,,,,,,,,,,,,,,,,,,15,51,49,3,13,3,0,0,1,2,7,0,.265,.294,.327,.621,.310,,
2022,133,Oakland Athletics,OAK,American League,American League West,660650,Dérmis Garcia,/api/v1/people/660650,76,3,First Base,Infielder,1B,RM,Reassigned to Minors,hitting,True,,,,,,,,,,,,,,,,,,,39,125,116,13,24,6,0,5,20,8,55,0,.207,.264,.388,.652,.339,,
2022,133,Oakland Athletics,OAK,American League,American League West,518748,Justin Grimm,/api/v1/people/518748,46,1,Pitcher,Pitcher,P,RL,Released,pitching,True,15,0,0,0,0,3,15.1,18,8,7,7,11,1,4.11,1.63,,,1.57,,,,,,,,,,,,,,,,,,,
2022,133,Oakland Athletics,OAK,American League,American League West,608344,Cole Irvin,/api/v1/people/608344,19,1,Pitcher,Pitcher,P,A,Active,pitching,True,30,30,9,13,0,0,181.0,174,87,80,36,128,25,3.98,1.16,,,3.56,,,,,,,,,,,,,,,,,,,
2022,133,Oakland Athletics,OAK,American League,American League West,623515,Drew Jackson,/api/v1/people/623515,37,4,Second Base,Infielder,2B,MIN,Minor League Contract,hitting,True,,,,,,,,,,,,,,,,,,,3,3,3,0,0,0,0,0,0,0,1,0,.000,.000,.000,.000,.000,,
2022,133,Oakland Athletics,OAK,American League,American League West,667427,Zach Jackson,/api/v1/people/667427,61,1,Pitcher,Pitcher,P,A,Active,pitching,True,54,0,2,3,3,26,48.0,28,18,16,33,67,1,3.00,1.27,,,2.03,,,,,,,,,,,,,,,,,,,
2022,133,Oakland Athletics,OAK,American League,American League West,641726,Daulton Jefferies,/api/v1/people/641726,66,1,Pitcher,Pitcher,P,D60,Injured 60-Day,pitching,True,8,8,1,7,0,0,39.1,46,26,25,8,28,4,5.72,1.37,,,3.50,,,,,,,,,,,,,,,,,,,
2022,133,Oakland Athletics,OAK,American League,American League West,666204,Dany Jiménez,/api/v1/people/666204,56,1,Pitcher,Pitcher,P,D60,Injured 60-Day,pitching,True,34,0,3,4,11,4,34.1,23,16,13,18,34,2,3.41,1.19,,,1.89,,,,,,,,,,,,,,,,,,,
2022,133,Oakland Athletics,OAK,American League,American League West,621076,James Kaprielian,/api/v1/people/621076,32,1,Pitcher,Pitcher,P,A,Active,pitching,True,26,26,5,9,0,0,134.0,121,68,63,59,98,16,4.23,1.34,,,1.66,,,,,,,,,,,,,,,,,,,
2022,133,Oakland Athletics,OAK,American League,American League West,643393,Tony Kemp,/api/v1/people/643393,5,4,Second Base,Infielder,2B,A,Active,hitting,True,,,,,,,,,,,,,,,,,,,147,558,497,61,117,24,2,7,46,45,69,11,.235,.307,.334,.641,.259,,
2022,133,Oakland Athletics,OAK,American League,American League West,657649,Jared Koenig,/api/v1/people/657649,46,1,Pitcher,Pitcher,P,A,Active,pitching,True,10,5,1,3,0,0,39.1,40,25,25,15,22,4,5.72,1.40,,,1.47,,,,,,,,,,,,,,,,,,,
2022,133,Oakland Athletics,OAK,American League,American League West,592473,Adam Kolarek,/api/v1/people/592473,57,1,Pitcher,Pitcher,P,DES,Designated for Assignment,pitching,True,15,0,0,1,0,0,17.2,20,9,9,8,9,1,4.58,1.58,,,1.13,,,,,,,,,,,,,,,,,,,
2022,133,Oakland Athletics,OAK,American League,American League West,669127,Shea Langeliers,/api/v1/people/669127,23,2,Catcher,Catcher,C,A,Active,hitting,True,,,,,,,,,,,,,,,,,,,40,153,142,14,31,10,1,6,22,9,53,0,.218,.261,.430,.691,.294,,
2022,133,Oakland Athletics,OAK,American League,American League West,657656,Ramón Laureano,/api/v1/people/657656,22,9,Outfielder,Outfielder,RF,A,Active,hitting,True,,,,,,,,,,,,,,,,,,,94,383,346,49,73,18,0,13,34,25,104,11,.211,.287,.376,.663,.262,,
2022,133,Oakland Athletics,OAK,American League,American League West,621082,Jake Lemoine,/api/v1/people/621082,71,1,Pitcher,Pitcher,P,ASG,Assigned to New Team/Level,pitching,True,9,0,0,0,0,0,16.1,18,15,14,7,13,4,7.71,1.53,,,1.86,,,,,,,,,,,,,,,,,,,
2022,133,Oakland Athletics,OAK,American League,American League West,656657,Zach Logue,/api/v1/people/656657,67,1,Pitcher,Pitcher,P,A,Active,pitching,True,14,10,3,8,0,0,57.0,68,44,43,20,42,13,6.79,1.54,,,2.10,,,,,,,,,,,,,,,,,,,
2022,133,Oakland Athletics,OAK,American League,American League West,547173,Christian Lopes,/api/v1/people/547173,49,4,Second Base,Infielder,2B,MIN,Minor League Contract,hitting,True,,,,,,,,,,,,,,,,,,,4,10,9,0,0,0,0,0,0,1,5,0,.000,.100,.000,.100,.000,,
2022,133,Oakland Athletics,OAK,American League,American League West,476704,Jed Lowrie,/api/v1/people/476704,8,4,Second Base,Infielder,2B,RL,Released,hitting,True,,,,,,,,,,,,,,,,,,,50,184,167,14,30,5,0,3,16,15,39,1,.180,.245,.263,.508,.213,,
2022,133,Oakland Athletics,OAK,American League,American League West,676950,David MacKinnon,/api/v1/people/676950,49,3,First Base,Infielder,1B,A,Active,hitting,True,,,,,,,,,,,,,,,,,,,22,57,50,2,7,0,0,0,6,6,17,0,.140,.228,.140,.368,.206,,
2022,133,Oakland Athletics,OAK,American League,American League West,605353,Vimael Machín,/api/v1/people/605353,31,4,Second Base,Infielder,2B,A,Active,hitting,True,,,,,,,,,,,,,,,,,,,73,253,223,26,49,12,0,1,13,25,47,1,.220,.300,.287,.587,.270,,
2022,133,Oakland Athletics,OAK,American League,American League West,571917,Parker Markel,/api/v1/people/571917,44,1,Pitcher,Pitcher,P,CL,Claimed,pitching,True,3,0,0,0,0,0,3.0,1,0,0,5,3,0,0.00,2.00,,,0.60,,,,,,,,,,,,,,,,,,,
2022,133,Oakland Athletics,OAK,American League,American League West,661309,Adrián Martinez,/api/v1/people/661309,55,1,Pitcher,Pitcher,P,A,Active,pitching,True,12,12,4,6,0,0,57.2,69,42,40,19,53,13,6.24,1.53,,,2.79,,,,,,,,,,,,,,,,,,,
2022,133,Oakland Athletics,OAK,American League,American League West,676782,Mickey McDonald,/api/v1/people/676782,79,7,Outfielder,Outfielder,LF,MIN,Minor League Contract,hitting,True,,,,,,,,,,,,,,,,,,,4,6,4,0,0,0,0,0,0,2,3,0,.000,.333,.000,.333,.000,,
2022,133,Oakland Athletics,OAK,American League,American League West,641853,David McKay,/api/v1/people/641853,44,1,Pitcher,Pitcher,P,RL,Released,pitching,True,4,0,0,0,0,0,6.2,8,5,5,4,3,1,6.75,1.80,,,0.75,,,,,,,,,,,,,,,,,,,
2022,133,Oakland Athletics,OAK,American League,American League West,641856,Billy McKinney,/api/v1/people/641856,28,O,Outfield,Outfielder,OF,MIN,Minor League Contract,hitting,True,,,,,,,,,,,,,,,,,,,23,57,52,3,5,1,0,1,4,4,16,0,.096,.158,.173,.331,.111,,
2022,133,Oakland Athletics,OAK,American League,American League West,594580,Sam Moll,/api/v1/people/594580,60,1,Pitcher,Pitcher,P,A,Active,pitching,True,53,0,2,1,0,16,43.1,33,16,14,22,46,5,2.91,1.27,,,2.09,,,,,,,,,,,,,,,,,,,
2022,133,Oakland Athletics,OAK,American League,American League West,670148,Nate Mondou,/api/v1/people/670148,53,4,Second Base,Infielder,2B,MIN,Minor League Contract,hitting,True,,,,,,,,,,,,,,,,,,,1,3,2,0,0,0,0,0,0,1,1,0,.000,.333,.000,.333,.000,,
2022,133,Oakland Athletics,OAK,American League,American League West,593423,Frankie Montas,/api/v1/people/593423,47,1,Pitcher,Pitcher,P,TR,Traded,pitching,True,27,27,5,12,0,0,144.1,137,72,65,43,142,18,4.05,1.25,,,3.30,,,,,,,,,,,,,,,,,,,
2022,133,Oakland Athletics,OAK,American League,American League West,669221,Sean Murphy,/api/v1/people/669221,12,2,Catcher,Catcher,C,A,Active,hitting,True,,,,,,,,,,,,,,,,,,,148,612,537,67,134,37,2,18,66,56,124,1,.250,.332,.426,.758,.290,,
2022,133,Oakland Athletics,OAK,American League,American League West,641914,Sheldon Neuse,/api/v1/people/641914,26,5,Third Base,Infielder,3B,MIN,Minor League Contract,hitting,True,,,,,,,,,,,,,,,,,,,89,293,271,25,58,4,2,4,26,20,80,6,.214,.273,.288,.561,.289,,
2022,133,Oakland Athletics,OAK,American League,American League West,670124,Adam Oller,/api/v1/people/670124,36,1,Pitcher,Pitcher,P,A,Active,pitching,True,19,14,2,8,0,1,74.1,82,55,52,39,46,17,6.30,1.63,,,1.18,,,,,,,,,,,,,,,,,,,
2022,133,Oakland Athletics,OAK,American League,American League West,665506,Cristian Pache,/api/v1/people/665506,20,8,Outfielder,Outfielder,CF,A,Active,hitting,True,,,,,,,,,,,,,,,,,,,91,260,241,18,40,5,2,3,18,15,70,2,.166,.218,.241,.459,.220,,
2022,133,Oakland Athletics,OAK,American League,American League West,606303,Joel Payamps,/api/v1/people/606303,30,1,Pitcher,Pitcher,P,A,Active,pitching,True,41,0,3,6,0,3,55.2,60,24,20,16,41,7,3.23,1.37,,,2.56,,,,,,,,,,,,,,,,,,,
2022,133,Oakland Athletics,OAK,American League,American League West,640461,Chad Pinder,/api/v1/people/640461,10,7,Outfielder,Outfielder,LF,A,Active,hitting,True,,,,,,,,,,,,,,,,,,,111,379,361,38,85,18,0,12,42,14,118,2,.235,.263,.385,.648,.313,,
2022,133,Oakland Athletics,OAK,American League,American League West,572039,Stephen Piscotty,/api/v1/people/572039,25,9,Outfielder,Outfielder,RF,RL,Released,hitting,True,,,,,,,,,,,,,,,,,,,42,139,126,12,24,4,0,5,14,9,48,2,.190,.252,.341,.593,.253,,
2022,133,Oakland Athletics,OAK,American League,American League West,643493,Austin Pruitt,/api/v1/people/643493,29,1,Pitcher,Pitcher,P,MIN,Minor League Contract,pitching,True,39,1,0,1,1,2,55.1,48,29,26,9,38,11,4.23,1.03,,,4.22,,,,,,,,,,,,,,,,,,,
2022,133,Oakland Athletics,OAK,American League,American League West,640462,A.J. Puk,/api/v1/people/640462,33,1,Pitcher,Pitcher,P,A,Active,pitching,True,62,0,4,3,4,20,66.1,53,27,23,23,76,7,3.12,1.15,,,3.30,,,,,,,,,,,,,,,,,,,
2022,133,Oakland Athletics,OAK,American League,American League West,650204,Norge Ruiz,/api/v1/people/650204,63,1,Pitcher,Pitcher,P,MIN,Minor League Contract,pitching,True,14,0,0,1,0,1,19.0,30,16,15,7,18,4,7.11,1.95,,,2.57,,,,,,,,,,,,,,,,,,,
2022,133,Oakland Athletics,OAK,American League,American League West,676664,JP Sears,/api/v1/people/676664,38,1,Pitcher,Pitcher,P,A,Active,pitching,True,17,11,6,3,0,0,70.0,67,31,30,23,51,8,3.86,1.29,,,2.22,,,,,,,,,,,,,,,,,,,
2022,133,Oakland Athletics,OAK,American League,American League West,572125,Sam Selman,/api/v1/people/572125,40,1,Pitcher,Pitcher,P,MIN,Minor League Contract,pitching,True,16,0,0,0,0,0,18.1,16,10,10,5,18,4,4.91,1.15,,,3.60,,,,,,,,,,,,,,,,,,,
2022,133,Oakland Athletics,OAK,American League,American League West,675656,Kevin Smith,/api/v1/people/675656,4,5,Third Base,Infielder,3B,A,Active,hitting,True,,,,,,,,,,,,,,,,,,,47,151,139,9,25,9,1,2,13,7,42,4,.180,.216,.302,.518,.237,,
2022,133,Oakland Athletics,OAK,American League,American League West,669912,Kirby Snead,/api/v1/people/669912,54,1,Pitcher,Pitcher,P,A,Active,pitching,True,46,0,1,1,1,5,44.2,56,31,29,22,35,5,5.84,1.75,,,1.59,,,,,,,,,,,,,,,,,,,
2022,133,Oakland Athletics,OAK,American League,American League West,670276,Cal Stevenson,/api/v1/people/670276,37,8,Outfielder,Outfielder,CF,A,Active,hitting,True,,,,,,,,,,,,,,,,,,,23,71,60,5,10,3,0,0,1,8,23,1,.167,.261,.217,.478,.263,,
2022,133,Oakland Athletics,OAK,American League,American League West,593619,Domingo Tapia,/api/v1/people/593619,50,1,Pitcher,Pitcher,P,MIN,Minor League Contract,pitching,True,11,0,0,0,0,0,17.0,25,16,16,14,12,1,8.47,2.29,,,0.86,,,,,,,,,,,,,,,,,,,
2022,133,Oakland Athletics,OAK,American League,American League West,642137,Cody Thomas,/api/v1/people/642137,48,7,Outfielder,Outfielder,LF,A,Active,hitting,True,,,,,,,,,,,,,,,,,,,10,32,30,1,8,0,0,0,0,2,12,0,.267,.313,.267,.580,.444,,
2022,133,Oakland Athletics,OAK,American League,American League West,642152,Lou Trivino,/api/v1/people/642152,62,1,Pitcher,Pitcher,P,TR,Traded,pitching,True,64,0,2,8,11,4,53.2,64,31,27,24,67,6,4.53,1.64,,,2.79,,,,,,,,,,,,,,,,,,,
2022,133,Oakland Athletics,OAK,American League,American League West,519390,Stephen Vogt,/api/v1/people/519390,21,10,Designated Hitter,Hitter,DH,A,Active,hitting,True,,,,,,,,,,,,,,,,,,,70,191,168,18,27,4,1,7,23,17,46,1,.161,.241,.321,.562,.168,,
2022,133,Oakland Athletics,OAK,American League,American League West,686610,Ken Waldichuk,/api/v1/people/686610,,1,Pitcher,Pitcher,P,MIN,Minor League Contract,pitching,True,7,7,2,2,0,0,34.2,32,19,19,10,33,5,4.93,1.21,,,3.30,,,,,,,,,,,,,,,,,,,
2022,133,Oakland Athletics,OAK,American League,American League West,621079,Collin Wiles,/api/v1/people/621079,39,1,Pitcher,Pitcher,P,MIN,Minor League Contract,pitching,True,4,0,0,0,0,0,9.2,11,6,5,2,9,1,4.66,1.34,,,4.50,,,,,,,,,,,,,,,,,,,
2022,134,Pittsburgh Pirates,PIT,National League,National League Central,546990,Anthony Alford,/api/v1/people/546990,6,7,Outfielder,Outfielder,LF,MIN,Minor League Contract,hitting,True,,,,,,,,,,,,,,,,,,,2,4,4,0,1,0,0,0,0,0,2,0,.250,.250,.250,.500,.500,,
2022,134,Pittsburgh Pirates,PIT,National League,National League Central,682027,Cam Alldred,/api/v1/people/682027,63,1,Pitcher,Pitcher,P,MIN,Minor League Contract,pitching,True,1,0,0,0,0,0,1.0,1,0,0,0,1,0,0.00,1.00,,,-.--,,,,,,,,,,,,,,,,,,,
2022,134,Pittsburgh Pirates,PIT,National League,National League Central,656185,Greg Allen,/api/v1/people/656185,24,8,Outfielder,Outfielder,CF,MIN,Minor League Contract,hitting,True,,,,,,,,,,,,,,,,,,,46,134,118,17,22,4,0,2,8,10,42,8,.186,.260,.271,.531,.267,,
2022,134,Pittsburgh Pirates,PIT,National League,National League Central,609280,Miguel Andujar,/api/v1/people/609280,26,7,Outfielder,Outfielder,LF,A,Active,hitting,True,,,,,,,,,,,,,,,,,,,36,140,132,13,31,5,1,1,17,5,27,4,.235,.257,.311,.568,.280,,
2022,134,Pittsburgh Pirates,PIT,National League,National League Central,607455,Anthony Banda,/api/v1/people/607455,52,1,Pitcher,Pitcher,P,TR,Traded,pitching,True,32,1,1,1,0,2,26.2,43,20,20,13,30,4,6.75,2.10,,,2.31,,,,,,,,,,,,,,,,,,,
2022,134,Pittsburgh Pirates,PIT,National League,National League Central,544365,Manny Banuelos,/api/v1/people/544365,53,1,Pitcher,Pitcher,P,A,Active,pitching,True,35,0,2,1,1,5,41.0,32,23,20,21,42,2,4.39,1.29,,,2.00,,,,,,,,,,,,,,,,,,,
2022,134,Pittsburgh Pirates,PIT,National League,National League Central,670280,David Bednar,/api/v1/people/670280,51,1,Pitcher,Pitcher,P,A,Active,pitching,True,45,0,3,4,19,4,51.2,42,19,15,16,69,4,2.61,1.12,,,4.31,,,,,,,,,,,,,,,,,,,
2022,134,Pittsburgh Pirates,PIT,National League,National League Central,595881,Tyler Beede,/api/v1/people/595881,48,1,Pitcher,Pitcher,P,MIN,Minor League Contract,pitching,True,31,5,2,5,0,3,61.1,71,37,35,29,39,7,5.14,1.63,,,1.34,,,,,,,,,,,,,,,,,,,
2022,134,Pittsburgh Pirates,PIT,National League,National League Central,592169,Austin Brice,/api/v1/people/592169,72,1,Pitcher,Pitcher,P,MIN,Minor League Contract,pitching,True,4,0,0,0,0,0,6.2,4,3,3,3,5,0,4.05,1.05,,,1.67,,,,,,,,,,,,,,,,,,,
2022,134,Pittsburgh Pirates,PIT,National League,National League Central,664141,JT Brubaker,/api/v1/people/664141,34,1,Pitcher,Pitcher,P,A,Active,pitching,True,28,28,3,12,0,0,144.0,157,85,75,54,147,17,4.69,1.47,,,2.72,,,,,,,,,,,,,,,,,,,
2022,134,Pittsburgh Pirates,PIT,National League,National League Central,660636,Diego Castillo,/api/v1/people/660636,64,6,Shortstop,Infielder,SS,A,Active,hitting,True,,,,,,,,,,,,,,,,,,,96,283,262,28,54,13,0,11,29,14,75,1,.206,.251,.382,.633,.239,,
2022,134,Pittsburgh Pirates,PIT,National League,National League Central,666801,Rodolfo Castro,/api/v1/people/666801,14,6,Shortstop,Infielder,SS,A,Active,hitting,True,,,,,,,,,,,,,,,,,,,71,278,253,25,59,8,4,11,27,22,74,5,.233,.299,.427,.726,.284,,
2022,134,Pittsburgh Pirates,PIT,National League,National League Central,644374,Yu Chang,/api/v1/people/644374,6,4,Second Base,Infielder,2B,CL,Claimed,hitting,True,,,,,,,,,,,,,,,,,,,69,190,168,19,35,6,0,4,15,16,59,0,.208,.289,.315,.604,.290,,
2022,134,Pittsburgh Pirates,PIT,National League,National League Central,656308,Michael Chavis,/api/v1/people/656308,2,3,First Base,Infielder,1B,MIN,Minor League Contract,hitting,True,,,,,,,,,,,,,,,,,,,129,426,401,39,92,16,3,14,49,19,126,1,.229,.265,.389,.654,.294,,
2022,134,Pittsburgh Pirates,PIT,National League,National League Central,641470,Zack Collins,/api/v1/people/641470,6,2,Catcher,Catcher,C,A,Active,hitting,True,,,,,,,,,,,,,,,,,,,36,108,97,9,15,4,0,4,11,9,41,0,.155,.231,.320,.551,.208,,
2022,134,Pittsburgh Pirates,PIT,National League,National League Central,672710,Roansy Contreras,/api/v1/people/672710,59,1,Pitcher,Pitcher,P,A,Active,pitching,True,21,18,5,5,0,0,95.0,82,45,40,39,86,13,3.79,1.27,,,2.21,,,,,,,,,,,,,,,,,,,
2022,134,Pittsburgh Pirates,PIT,National League,National League Central,640444,Wil Crowe,/api/v1/people/640444,29,1,Pitcher,Pitcher,P,A,Active,pitching,True,60,1,6,10,4,16,76.0,68,40,37,38,68,8,4.38,1.39,,,1.79,,,,,,,,,,,,,,,,,,,
2022,134,Pittsburgh Pirates,PIT,National League,National League Central,665833,Oneil Cruz,/api/v1/people/665833,15,6,Shortstop,Infielder,SS,A,Active,hitting,True,,,,,,,,,,,,,,,,,,,87,361,331,45,77,13,4,17,54,28,126,10,.233,.294,.450,.744,.317,,
2022,134,Pittsburgh Pirates,PIT,National League,National League Central,608328,Chase De Jong,/api/v1/people/608328,37,1,Pitcher,Pitcher,P,A,Active,pitching,True,42,0,6,3,1,3,71.2,52,24,21,30,59,10,2.64,1.14,,,1.97,,,,,,,,,,,,,,,,,,,
2022,134,Pittsburgh Pirates,PIT,National League,National League Central,660787,Yerry De los Santos,/api/v1/people/660787,57,1,Pitcher,Pitcher,P,D60,Injured 60-Day,pitching,True,26,0,0,3,3,2,25.2,22,18,14,11,26,3,4.91,1.29,,,2.36,,,,,,,,,,,,,,,,,,,
2022,134,Pittsburgh Pirates,PIT,National League,National League Central,641511,Jason Delay,/api/v1/people/641511,61,2,Catcher,Catcher,C,A,Active,hitting,True,,,,,,,,,,,,,,,,,,,57,167,155,17,33,6,0,1,11,9,50,0,.213,.265,.271,.536,.308,,
2022,134,Pittsburgh Pirates,PIT,National League,National League Central,595191,Jerad Eickhoff,/api/v1/people/595191,43,1,Pitcher,Pitcher,P,MIN,Minor League Contract,pitching,True,1,1,0,1,0,0,4.1,10,10,10,1,4,2,20.77,2.54,,,4.00,,,,,,,,,,,,,,,,,,,
2022,134,Pittsburgh Pirates,PIT,National League,National League Central,658551,Junior Fernández,/api/v1/people/658551,43,1,Pitcher,Pitcher,P,A,Active,pitching,True,16,0,0,0,0,3,18.2,18,6,5,12,14,3,2.41,1.61,,,1.17,,,,,,,,,,,,,,,,,,,
2022,134,Pittsburgh Pirates,PIT,National League,National League Central,667465,Aaron Fletcher,/api/v1/people/667465,35,1,Pitcher,Pitcher,P,CL,Claimed,pitching,True,9,0,0,1,0,0,11.2,10,9,9,4,6,2,6.94,1.20,,,1.50,,,,,,,,,,,,,,,,,,,
2022,134,Pittsburgh Pirates,PIT,National League,National League Central,592325,Ben Gamel,/api/v1/people/592325,18,7,Outfielder,Outfielder,LF,A,Active,hitting,True,,,,,,,,,,,,,,,,,,,115,423,371,42,86,20,2,9,46,48,98,5,.232,.324,.369,.693,.291,,
2022,134,Pittsburgh Pirates,PIT,National League,National League Central,608422,José Godoy,/api/v1/people/608422,70,2,Catcher,Catcher,C,MIN,Minor League Contract,hitting,True,,,,,,,,,,,,,,,,,,,10,22,20,3,1,0,0,0,1,2,9,0,.050,.136,.050,.186,.091,,
2022,134,Pittsburgh Pirates,PIT,National League,National League Central,663647,Ke'Bryan Hayes,/api/v1/people/663647,13,5,Third Base,Infielder,3B,A,Active,hitting,True,,,,,,,,,,,,,,,,,,,136,560,505,55,123,24,3,7,41,48,122,20,.244,.314,.345,.659,.307,,
2022,134,Pittsburgh Pirates,PIT,National League,National League Central,623168,Tyler Heineman,/api/v1/people/623168,54,2,Catcher,Catcher,C,A,Active,hitting,True,,,,,,,,,,,,,,,,,,,62,174,157,16,34,8,0,0,9,8,17,1,.217,.276,.268,.544,.243,,
2022,134,Pittsburgh Pirates,PIT,National League,National League Central,592390,Heath Hembree,/api/v1/people/592390,53,1,Pitcher,Pitcher,P,RL,Released,pitching,True,26,0,3,1,0,2,22.0,26,19,18,17,17,6,7.36,1.95,,,1.00,,,,,,,,,,,,,,,,,,,
2022,134,Pittsburgh Pirates,PIT,National League,National League Central,670059,Colin Holderman,/api/v1/people/670059,35,1,Pitcher,Pitcher,P,D60,Injured 60-Day,pitching,True,24,0,5,0,0,2,28.1,20,14,12,14,24,0,3.81,1.20,,,1.71,,,,,,,,,,,,,,,,,,,
2022,134,Pittsburgh Pirates,PIT,National League,National League Central,607572,Sam Howard,/api/v1/people/607572,54,1,Pitcher,Pitcher,P,CL,Claimed,pitching,True,3,0,0,0,0,0,2.0,2,2,2,4,1,1,9.00,3.00,,,0.25,,,,,,,,,,,,,,,,,,,
2022,134,Pittsburgh Pirates,PIT,National League,National League Central,656605,Mitch Keller,/api/v1/people/656605,23,1,Pitcher,Pitcher,P,A,Active,pitching,True,31,29,5,12,0,0,159.0,162,77,69,60,138,14,3.91,1.40,,,2.30,,,,,,,,,,,,,,,,,,,
2022,134,Pittsburgh Pirates,PIT,National League,National League Central,595284,Andrew Knapp,/api/v1/people/595284,31,2,Catcher,Catcher,C,FA,Free Agent,hitting,True,,,,,,,,,,,,,,,,,,,16,46,39,4,5,1,0,0,4,5,12,0,.128,.239,.154,.393,.179,,
2022,134,Pittsburgh Pirates,PIT,National League,National League Central,668820,Max Kranick,/api/v1/people/668820,45,1,Pitcher,Pitcher,P,D60,Injured 60-Day,pitching,True,2,0,0,0,0,1,5.0,3,0,0,3,4,0,0.00,1.20,,,1.33,,,,,,,,,,,,,,,,,,,
2022,134,Pittsburgh Pirates,PIT,National League,National League Central,676632,Bligh Madris,/api/v1/people/676632,66,9,Outfielder,Outfielder,RF,CL,Claimed,hitting,True,,,,,,,,,,,,,,,,,,,39,123,113,10,20,7,0,1,7,10,31,2,.177,.244,.265,.509,.235,,
2022,134,Pittsburgh Pirates,PIT,National League,National League Central,672779,Tucupita Marcano,/api/v1/people/672779,30,6,Shortstop,Infielder,SS,A,Active,hitting,True,,,,,,,,,,,,,,,,,,,49,177,160,18,33,6,2,2,13,10,44,2,.206,.256,.306,.562,.270,,
2022,134,Pittsburgh Pirates,PIT,National League,National League Central,545350,Jake Marisnick,/api/v1/people/545350,41,7,Outfielder,Outfielder,LF,RL,Released,hitting,True,,,,,,,,,,,,,,,,,,,31,82,77,9,18,6,0,2,6,4,24,2,.234,.272,.390,.662,.314,,
2022,134,Pittsburgh Pirates,PIT,National League,National League Central,683232,Nick Mears,/api/v1/people/683232,36,1,Pitcher,Pitcher,P,A,Active,pitching,True,2,0,0,0,0,1,2.0,1,0,0,1,2,0,0.00,1.00,,,2.00,,,,,,,,,,,,,,,,,,,
2022,134,Pittsburgh Pirates,PIT,National League,National League Central,668751,Cal Mitchell,/api/v1/people/668751,31,9,Outfielder,Outfielder,RF,A,Active,hitting,True,,,,,,,,,,,,,,,,,,,69,232,212,21,48,11,0,5,17,18,52,3,.226,.286,.349,.635,.276,,
2022,134,Pittsburgh Pirates,PIT,National League,National League Central,621028,Kevin Newman,/api/v1/people/621028,27,4,Second Base,Infielder,2B,A,Active,hitting,True,,,,,,,,,,,,,,,,,,,78,309,288,31,79,18,2,2,24,16,48,8,.274,.316,.372,.688,.322,,
2022,134,Pittsburgh Pirates,PIT,National League,National League Central,682847,Luis Ortiz,/api/v1/people/682847,48,1,Pitcher,Pitcher,P,A,Active,pitching,True,4,4,0,2,0,0,16.0,8,9,8,10,17,1,4.50,1.13,,,1.70,,,,,,,,,,,,,,,,,,,
2022,134,Pittsburgh Pirates,PIT,National League,National League Central,670912,Johan Oviedo,/api/v1/people/670912,24,1,Pitcher,Pitcher,P,A,Active,pitching,True,21,8,4,3,0,0,56.0,49,21,20,23,54,5,3.21,1.29,,,2.35,,,,,,,,,,,,,,,,,,,
2022,134,Pittsburgh Pirates,PIT,National League,National League Central,656821,Kevin Padlo,/api/v1/people/656821,5,5,Third Base,Infielder,3B,MIN,Minor League Contract,hitting,True,,,,,,,,,,,,,,,,,,,13,34,33,0,4,1,0,0,3,1,10,0,.121,.147,.152,.299,.174,,
2022,134,Pittsburgh Pirates,PIT,National League,National League Central,660829,Hoy Park,/api/v1/people/660829,44,4,Second Base,Infielder,2B,A,Active,hitting,True,,,,,,,,,,,,,,,,,,,23,60,51,7,11,2,0,2,6,4,15,1,.216,.276,.373,.649,.250,,
2022,134,Pittsburgh Pirates,PIT,National League,National League Central,678894,Liover Peguero,/api/v1/people/678894,60,6,Shortstop,Infielder,SS,A,Active,hitting,True,,,,,,,,,,,,,,,,,,,1,4,3,0,1,0,0,0,0,1,2,0,.333,.500,.333,.833,1.000,,
2022,134,Pittsburgh Pirates,PIT,National League,National League Central,605421,Michael Pérez,/api/v1/people/605421,5,2,Catcher,Catcher,C,DES,Designated for Assignment,hitting,True,,,,,,,,,,,,,,,,,,,45,132,121,10,18,0,0,6,14,10,32,1,.149,.214,.298,.512,.145,,
2022,134,Pittsburgh Pirates,PIT,National League,National League Central,547379,Roberto Pérez,/api/v1/people/547379,55,2,Catcher,Catcher,C,D60,Injured 60-Day,hitting,True,,,,,,,,,,,,,,,,,,,21,69,60,8,14,2,0,2,8,9,25,0,.233,.333,.367,.700,.364,,
2022,134,Pittsburgh Pirates,PIT,National League,National League Central,596071,Dillon Peters,/api/v1/people/596071,38,1,Pitcher,Pitcher,P,MIN,Minor League Contract,pitching,True,22,4,5,2,0,3,39.1,35,20,20,17,26,5,4.58,1.32,,,1.53,,,,,,,,,,,,,,,,,,,
2022,134,Pittsburgh Pirates,PIT,National League,National League Central,500779,Jose Quintana,/api/v1/people/500779,62,1,Pitcher,Pitcher,P,TR,Traded,pitching,True,32,32,6,7,0,0,165.2,154,61,54,47,137,8,2.93,1.21,,,2.91,,,,,,,,,,,,,,,,,,,
2022,134,Pittsburgh Pirates,PIT,National League,National League Central,670990,Yohan Ramírez,/api/v1/people/670990,46,1,Pitcher,Pitcher,P,A,Active,pitching,True,30,0,4,1,1,3,37.1,32,19,19,20,32,4,4.58,1.39,,,1.60,,,,,,,,,,,,,,,,,,,
2022,134,Pittsburgh Pirates,PIT,National League,National League Central,668804,Bryan Reynolds,/api/v1/people/668804,10,7,Outfielder,Outfielder,LF,A,Active,hitting,True,,,,,,,,,,,,,,,,,,,145,614,542,74,142,19,4,27,62,56,141,7,.262,.345,.461,.806,.306,,
2022,134,Pittsburgh Pirates,PIT,National League,National League Central,675986,Canaan Smith-Njigba,/api/v1/people/675986,28,7,Outfielder,Outfielder,LF,D60,Injured 60-Day,hitting,True,,,,,,,,,,,,,,,,,,,3,7,5,1,1,1,0,0,0,1,0,0,.200,.429,.400,.829,.200,,
2022,134,Pittsburgh Pirates,PIT,National League,National League Central,596112,Robert Stephenson,/api/v1/people/596112,41,1,Pitcher,Pitcher,P,RM,Reassigned to Minors,pitching,True,58,0,2,2,0,8,58.0,63,39,35,14,55,10,5.43,1.33,,,3.93,,,,,,,,,,,,,,,,,,,
2022,134,Pittsburgh Pirates,PIT,National League,National League Central,657770,Eric Stout,/api/v1/people/657770,52,1,Pitcher,Pitcher,P,A,Active,pitching,True,20,0,0,0,1,1,22.1,25,15,14,16,25,2,5.64,1.84,,,1.56,,,,,,,,,,,,,,,,,,,
2022,134,Pittsburgh Pirates,PIT,National League,National League Central,608717,Chris Stratton,/api/v1/people/608717,46,1,Pitcher,Pitcher,P,TR,Traded,pitching,True,60,1,10,4,2,8,63.1,72,34,30,25,60,4,4.26,1.53,,,2.40,,,,,,,,,,,,,,,,,,,
2022,134,Pittsburgh Pirates,PIT,National League,National League Central,676641,Beau Sulser,/api/v1/people/676641,,1,Pitcher,Pitcher,P,RM,Reassigned to Minors,pitching,True,10,0,0,0,0,0,22.1,24,14,9,9,19,3,3.63,1.48,,,2.11,,,,,,,,,,,,,,,,,,,
2022,134,Pittsburgh Pirates,PIT,National League,National League Central,669261,Jack Suwinski,/api/v1/people/669261,65,7,Outfielder,Outfielder,LF,A,Active,hitting,True,,,,,,,,,,,,,,,,,,,106,372,326,45,66,11,0,19,38,41,114,4,.202,.298,.411,.709,.242,,
2022,134,Pittsburgh Pirates,PIT,National League,National League Central,680552,Travis Swaggerty,/api/v1/people/680552,5,7,Outfielder,Outfielder,LF,A,Active,hitting,True,,,,,,,,,,,,,,,,,,,5,9,9,0,1,0,0,0,0,0,4,0,.111,.111,.111,.222,.200,,
2022,134,Pittsburgh Pirates,PIT,National League,National League Central,605507,Zach Thompson,/api/v1/people/605507,39,1,Pitcher,Pitcher,P,A,Active,pitching,True,29,22,3,10,0,0,121.2,138,76,70,46,90,19,5.18,1.51,,,1.96,,,,,,,,,,,,,,,,,,,
2022,134,Pittsburgh Pirates,PIT,National League,National League Central,660294,Yoshi Tsutsugo,/api/v1/people/660294,25,3,First Base,Infielder,1B,RL,Released,hitting,True,,,,,,,,,,,,,,,,,,,50,193,170,11,29,4,0,2,19,19,50,0,.171,.249,.229,.478,.221,,
2022,134,Pittsburgh Pirates,PIT,National League,National League Central,657061,Cole Tucker,/api/v1/people/657061,3,6,Shortstop,Infielder,SS,CL,Claimed,hitting,True,,,,,,,,,,,,,,,,,,,18,63,63,3,11,1,1,0,2,0,25,1,.175,.175,.222,.397,.289,,
2022,134,Pittsburgh Pirates,PIT,National League,National League Central,621249,Duane Underwood Jr.,/api/v1/people/621249,56,1,Pitcher,Pitcher,P,A,Active,pitching,True,51,1,1,6,1,12,57.1,57,35,28,25,57,1,4.40,1.43,,,2.28,,,,,,,,,,,,,,,,,,,
2022,134,Pittsburgh Pirates,PIT,National League,National League Central,642165,Josh VanMeter,/api/v1/people/642165,26,4,Second Base,Infielder,2B,MIN,Minor League Contract,hitting,True,,,,,,,,,,,,,,,,,,,67,192,171,15,32,5,2,3,14,19,45,4,.187,.266,.292,.558,.232,,
2022,134,Pittsburgh Pirates,PIT,National League,National League Central,664944,Cam Vieaux,/api/v1/people/664944,68,1,Pitcher,Pitcher,P,MIN,Minor League Contract,pitching,True,8,0,0,0,0,1,8.2,15,11,10,5,15,2,10.38,2.31,,,3.00,,,,,,,,,,,,,,,,,,,
2022,134,Pittsburgh Pirates,PIT,National League,National League Central,596129,Daniel Vogelbach,/api/v1/people/596129,19,3,First Base,Infielder,1B,TR,Traded,hitting,True,,,,,,,,,,,,,,,,,,,130,461,386,47,92,19,1,18,59,73,114,0,.238,.360,.433,.793,.290,,
2022,134,Pittsburgh Pirates,PIT,National League,National League Central,669060,Bryse Wilson,/api/v1/people/669060,32,1,Pitcher,Pitcher,P,A,Active,pitching,True,25,20,3,9,0,0,115.2,132,80,71,32,79,20,5.52,1.42,,,2.47,,,,,,,,,,,,,,,,,,,
2022,134,Pittsburgh Pirates,PIT,National League,National League Central,664337,Miguel Yajure,/api/v1/people/664337,89,1,Pitcher,Pitcher,P,A,Active,pitching,True,12,1,1,1,1,0,24.1,31,26,24,16,16,3,8.88,1.93,,,1.00,,,,,,,,,,,,,,,,,,,
2022,135,San Diego Padres,SD,National League,National League West,682928,CJ Abrams,/api/v1/people/682928,77,6,Shortstop,Infielder,SS,TR,Traded,hitting,True,,,,,,,,,,,,,,,,,,,90,302,284,33,70,12,2,2,21,5,50,7,.246,.280,.324,.604,.291,,
2022,135,San Diego Padres,SD,National League,National League West,613534,Austin Adams,/api/v1/people/613534,54,1,Pitcher,Pitcher,P,D60,Injured 60-Day,pitching,True,2,0,1,0,0,0,2.1,0,0,0,3,2,0,0.00,1.29,,,0.67,,,,,,,,,,,,,,,,,,,
2022,135,San Diego Padres,SD,National League,National League West,642727,Sergio Alcántara,/api/v1/people/642727,41,5,Third Base,Infielder,3B,CL,Claimed,hitting,True,,,,,,,,,,,,,,,,,,,93,224,205,26,45,8,1,6,29,12,57,1,.220,.261,.356,.617,.267,,
2022,135,San Diego Padres,SD,National League,National League West,595751,Jorge Alfaro,/api/v1/people/595751,38,2,Catcher,Catcher,C,A,Active,hitting,True,,,,,,,,,,,,,,,,,,,82,274,256,25,63,14,0,7,40,11,98,1,.246,.285,.383,.668,.364,,
2022,135,San Diego Padres,SD,National League,National League West,658648,Pedro Avila,/api/v1/people/658648,60,1,Pitcher,Pitcher,P,MIN,Minor League Contract,pitching,True,2,0,0,0,0,0,4.0,3,3,2,1,5,1,4.50,1.00,,,5.00,,,,,,,,,,,,,,,,,,,
2022,135,San Diego Padres,SD,National League,National League West,640492,José Azocar,/api/v1/people/640492,28,9,Outfielder,Outfielder,RF,A,Active,hitting,True,,,,,,,,,,,,,,,,,,,98,216,202,24,52,9,3,0,10,12,44,5,.257,.298,.332,.630,.327,,
2022,135,San Diego Padres,SD,National League,National League West,673258,Michel Baez,/api/v1/people/673258,49,1,Pitcher,Pitcher,P,A,Active,pitching,True,2,0,0,0,0,0,2.0,1,0,0,0,2,0,0.00,0.50,,,-.--,,,,,,,,,,,,,,,,,,,
2022,135,San Diego Padres,SD,National League,National League West,676946,Matthew Batten,/api/v1/people/676946,37,5,Third Base,Infielder,3B,A,Active,hitting,True,,,,,,,,,,,,,,,,,,,15,22,19,0,2,1,0,0,1,2,6,0,.105,.227,.158,.385,.154,,
2022,135,San Diego Padres,SD,National League,National League West,607461,Matt Beaty,/api/v1/people/607461,27,9,Outfielder,Outfielder,RF,MIN,Minor League Contract,hitting,True,,,,,,,,,,,,,,,,,,,20,47,43,6,4,1,1,0,1,2,8,0,.093,.170,.163,.333,.114,,
2022,135,San Diego Padres,SD,National League,National League West,605137,Josh Bell,/api/v1/people/605137,24,3,First Base,Infielder,1B,A,Active,hitting,True,,,,,,,,,,,,,,,,,,,156,647,552,78,147,29,3,17,71,81,102,0,.266,.362,.422,.784,.296,,
2022,135,San Diego Padres,SD,National League,National League West,669134,Luis Campusano,/api/v1/people/669134,12,2,Catcher,Catcher,C,A,Active,hitting,True,,,,,,,,,,,,,,,,,,,16,50,48,4,12,1,0,1,5,1,11,0,.250,.260,.333,.593,.297,,
2022,135,San Diego Padres,SD,National League,National League West,429664,Robinson Canó,/api/v1/people/429664,,4,Second Base,Infielder,2B,TR,Traded,hitting,True,,,,,,,,,,,,,,,,,,,33,104,100,5,15,1,0,1,4,4,25,0,.150,.183,.190,.373,.189,,
2022,135,San Diego Padres,SD,National League,National League West,620454,José Castillo,/api/v1/people/620454,65,1,Pitcher,Pitcher,P,A,Active,pitching,True,1,0,0,0,0,0,1.0,1,1,1,1,1,0,9.00,2.00,,,1.00,,,,,,,,,,,,,,,,,,,
2022,135,San Diego Padres,SD,National League,National League West,605182,Mike Clevinger,/api/v1/people/605182,52,1,Pitcher,Pitcher,P,A,Active,pitching,True,23,22,7,7,0,0,114.1,102,56,55,35,91,20,4.33,1.20,,,2.60,,,,,,,,,,,,,,,,,,,
2022,135,San Diego Padres,SD,National League,National League West,622503,Nabil Crismatt,/api/v1/people/622503,74,1,Pitcher,Pitcher,P,A,Active,pitching,True,50,1,5,2,0,5,67.1,57,29,22,22,65,5,2.94,1.17,,,2.95,,,,,,,,,,,,,,,,,,,
2022,135,San Diego Padres,SD,National League,National League West,630105,Jake Cronenworth,/api/v1/people/630105,9,3,First Base,Infielder,1B,A,Active,hitting,True,,,,,,,,,,,,,,,,,,,158,684,587,88,140,30,4,17,88,70,131,3,.239,.332,.390,.722,.275,,
2022,135,San Diego Padres,SD,National League,National League West,506433,Yu Darvish,/api/v1/people/506433,11,1,Pitcher,Pitcher,P,D15,Injured 15-Day,pitching,True,30,30,16,8,0,0,194.2,148,67,67,37,197,22,3.10,0.95,,,5.32,,,,,,,,,,,,,,,,,,,
2022,135,San Diego Padres,SD,National League,National League West,641525,Brandon Dixon,/api/v1/people/641525,16,5,Third Base,Infielder,3B,A,Active,hitting,True,,,,,,,,,,,,,,,,,,,5,14,14,1,3,1,0,0,1,0,5,0,.214,.214,.286,.500,.333,,
2022,135,San Diego Padres,SD,National League,National League West,592273,Brandon Drury,/api/v1/people/592273,17,3,First Base,Infielder,1B,A,Active,hitting,True,,,,,,,,,,,,,,,,,,,138,568,518,87,136,31,2,28,87,38,126,2,.263,.320,.492,.812,.293,,
2022,135,San Diego Padres,SD,National League,National League West,472610,Luis García,/api/v1/people/472610,66,1,Pitcher,Pitcher,P,A,Active,pitching,True,64,0,4,6,3,20,61.0,57,28,23,17,68,3,3.39,1.21,,,4.00,,,,,,,,,,,,,,,,,,,
2022,135,San Diego Padres,SD,National League,National League West,669022,MacKenzie Gore,/api/v1/people/669022,1,1,Pitcher,Pitcher,P,TR,Traded,pitching,True,16,13,4,4,0,1,70.0,66,35,35,37,72,7,4.50,1.47,,,1.95,,,,,,,,,,,,,,,,,,,
2022,135,San Diego Padres,SD,National League,National League West,663757,Trent Grisham,/api/v1/people/663757,2,8,Outfielder,Outfielder,CF,A,Active,hitting,True,,,,,,,,,,,,,,,,,,,152,524,451,58,83,16,2,17,53,57,150,7,.184,.284,.341,.625,.231,,
2022,135,San Diego Padres,SD,National League,National League West,642770,Javy Guerra,/api/v1/people/642770,8,1,Pitcher,Pitcher,P,TR,Traded,pitching,True,18,0,2,1,0,3,18.0,16,11,10,11,10,3,5.00,1.50,,,0.91,,,,,,,,,,,,,,,,,,,
2022,135,San Diego Padres,SD,National League,National League West,623352,Josh Hader,/api/v1/people/623352,71,1,Pitcher,Pitcher,P,A,Active,pitching,True,56,0,2,5,36,0,50.0,43,30,29,21,81,8,5.22,1.28,,,3.86,,,,,,,,,,,,,,,,,,,
2022,135,San Diego Padres,SD,National League,National League West,657612,Tim Hill,/api/v1/people/657612,25,1,Pitcher,Pitcher,P,A,Active,pitching,True,55,0,3,0,0,7,48.0,45,20,19,14,25,1,3.56,1.23,,,1.79,,,,,,,,,,,,,,,,,,,
2022,135,San Diego Padres,SD,National League,National League West,543333,Eric Hosmer,/api/v1/people/543333,30,3,First Base,Infielder,1B,TR,Traded,hitting,True,,,,,,,,,,,,,,,,,,,104,419,380,38,102,19,0,8,44,37,64,0,.268,.334,.382,.716,.304,,
2022,135,San Diego Padres,SD,National League,National League West,572955,Pierce Johnson,/api/v1/people/572955,36,1,Pitcher,Pitcher,P,A,Active,pitching,True,15,0,1,2,0,6,14.1,14,8,8,8,21,1,5.02,1.53,,,2.63,,,,,,,,,,,,,,,,,,,
2022,135,San Diego Padres,SD,National League,National League West,678061,Ray Kerr,/api/v1/people/678061,56,1,Pitcher,Pitcher,P,A,Active,pitching,True,7,0,0,0,0,0,5.0,3,5,5,4,3,1,9.00,1.40,,,0.75,,,,,,,,,,,,,,,,,,,
2022,135,San Diego Padres,SD,National League,National League West,673490,Ha-Seong Kim,/api/v1/people/673490,7,6,Shortstop,Infielder,SS,A,Active,hitting,True,,,,,,,,,,,,,,,,,,,150,582,517,58,130,29,3,11,59,51,100,12,.251,.325,.383,.708,.290,,
2022,135,San Diego Padres,SD,National League,National League West,663753,Reiss Knehr,/api/v1/people/663753,33,1,Pitcher,Pitcher,P,A,Active,pitching,True,5,1,0,0,0,0,13.2,11,6,6,4,10,1,3.95,1.10,,,2.50,,,,,,,,,,,,,,,,,,,
2022,135,San Diego Padres,SD,National League,National League West,659275,Dinelson Lamet,/api/v1/people/659275,29,1,Pitcher,Pitcher,P,TR,Traded,pitching,True,32,0,1,2,0,4,32.1,30,23,22,19,45,4,6.12,1.52,,,2.37,,,,,,,,,,,,,,,,,,,
2022,135,San Diego Padres,SD,National League,National League West,642451,Luis Liberato,/api/v1/people/642451,1,O,Outfield,Outfielder,OF,MIN,Minor League Contract,hitting,True,,,,,,,,,,,,,,,,,,,7,5,5,0,0,0,0,0,0,0,3,0,.000,.000,.000,.000,.000,,
2022,135,San Diego Padres,SD,National League,National League West,592518,Manny Machado,/api/v1/people/592518,13,5,Third Base,Infielder,3B,A,Active,hitting,True,,,,,,,,,,,,,,,,,,,150,644,578,100,172,37,1,32,102,63,133,9,.298,.366,.531,.897,.337,,
2022,135,San Diego Padres,SD,National League,National League West,640455,Sean Manaea,/api/v1/people/640455,55,1,Pitcher,Pitcher,P,A,Active,pitching,True,30,28,8,9,0,0,158.0,155,95,87,50,156,29,4.96,1.30,,,3.12,,,,,,,,,,,,,,,,,,,
2022,135,San Diego Padres,SD,National League,National League West,607259,Nick Martinez,/api/v1/people/607259,21,1,Pitcher,Pitcher,P,A,Active,pitching,True,47,10,4,4,8,8,106.1,96,44,41,41,95,15,3.47,1.29,,,2.32,,,,,,,,,,,,,,,,,,,
2022,135,San Diego Padres,SD,National League,National League West,608577,Nomar Mazara,/api/v1/people/608577,16,9,Outfielder,Outfielder,RF,RL,Released,hitting,True,,,,,,,,,,,,,,,,,,,55,171,159,16,42,8,0,2,18,10,40,0,.264,.316,.352,.668,.342,,
2022,135,San Diego Padres,SD,National League,National League West,670970,Adrian Morejon,/api/v1/people/670970,50,1,Pitcher,Pitcher,P,A,Active,pitching,True,26,0,5,1,0,5,34.0,31,18,16,9,28,4,4.24,1.18,,,3.11,,,,,,,,,,,,,,,,,,,
2022,135,San Diego Padres,SD,National League,National League West,605397,Joe Musgrove,/api/v1/people/605397,44,1,Pitcher,Pitcher,P,A,Active,pitching,True,30,30,10,7,0,0,181.0,154,67,59,42,184,22,2.93,1.08,,,4.38,,,,,,,,,,,,,,,,,,,
2022,135,San Diego Padres,SD,National League,National League West,571976,Wil Myers,/api/v1/people/571976,5,9,Outfielder,Outfielder,RF,A,Active,hitting,True,,,,,,,,,,,,,,,,,,,77,286,261,29,68,15,0,7,41,21,86,2,.261,.315,.398,.713,.357,,
2022,135,San Diego Padres,SD,National League,National League West,543592,Austin Nola,/api/v1/people/543592,26,2,Catcher,Catcher,C,A,Active,hitting,True,,,,,,,,,,,,,,,,,,,110,397,347,40,87,15,0,4,40,34,60,2,.251,.321,.329,.650,.284,,
2022,135,San Diego Padres,SD,National League,National League West,595777,Jurickson Profar,/api/v1/people/595777,10,7,Outfielder,Outfielder,LF,A,Active,hitting,True,,,,,,,,,,,,,,,,,,,152,658,575,82,140,36,2,15,58,73,103,5,.243,.331,.391,.722,.272,,
2022,135,San Diego Padres,SD,National League,National League West,573124,Taylor Rogers,/api/v1/people/573124,17,1,Pitcher,Pitcher,P,TR,Traded,pitching,True,66,0,4,8,31,4,64.1,57,38,34,19,84,7,4.76,1.18,,,4.42,,,,,,,,,,,,,,,,,,,
2022,135,San Diego Padres,SD,National League,National League West,667670,Brent Rooker,/api/v1/people/667670,12,7,Outfielder,Outfielder,LF,TR,Traded,hitting,True,,,,,,,,,,,,,,,,,,,16,36,32,1,4,1,0,0,2,3,11,0,.125,.222,.156,.378,.190,,
2022,135,San Diego Padres,SD,National League,National League West,666703,Eguy Rosario,/api/v1/people/666703,32,5,Third Base,Infielder,3B,A,Active,hitting,True,,,,,,,,,,,,,,,,,,,7,6,5,0,1,0,0,0,0,1,2,0,.200,.333,.200,.533,.333,,
2022,135,San Diego Padres,SD,National League,National League West,665923,Esteury Ruiz,/api/v1/people/665923,43,7,Outfielder,Outfielder,LF,TR,Traded,hitting,True,,,,,,,,,,,,,,,,,,,17,36,35,3,6,1,1,0,2,1,7,1,.171,.194,.257,.451,.214,,
2022,135,San Diego Padres,SD,National League,National League West,605463,Tayler Scott,/api/v1/people/605463,62,1,Pitcher,Pitcher,P,CL,Claimed,pitching,True,8,0,0,1,0,0,12.0,19,10,9,6,13,1,6.75,2.08,,,2.17,,,,,,,,,,,,,,,,,,,
2022,135,San Diego Padres,SD,National League,National League West,605483,Blake Snell,/api/v1/people/605483,4,1,Pitcher,Pitcher,P,A,Active,pitching,True,24,24,8,10,0,0,128.0,103,51,48,51,171,11,3.38,1.20,,,3.35,,,,,,,,,,,,,,,,,,,
2022,135,San Diego Padres,SD,National League,National League West,665742,Juan Soto,/api/v1/people/665742,22,7,Outfielder,Outfielder,LF,A,Active,hitting,True,,,,,,,,,,,,,,,,,,,153,664,524,93,127,25,2,27,62,135,96,6,.242,.401,.452,.853,.249,,
2022,135,San Diego Padres,SD,National League,National League West,489334,Craig Stammen,/api/v1/people/489334,34,1,Pitcher,Pitcher,P,A,Active,pitching,True,33,1,1,2,0,2,40.2,45,22,20,10,35,9,4.43,1.35,,,3.50,,,,,,,,,,,,,,,,,,,
2022,135,San Diego Padres,SD,National League,National League West,663158,Robert Suarez,/api/v1/people/663158,75,1,Pitcher,Pitcher,P,A,Active,pitching,True,45,0,5,1,1,11,47.2,29,13,12,21,61,4,2.27,1.05,,,2.90,,,,,,,,,,,,,,,,,,,
2022,135,San Diego Padres,SD,National League,National League West,572204,Trayce Thompson,/api/v1/people/572204,43,O,Outfield,Outfielder,OF,FA,Free Agent,hitting,True,,,,,,,,,,,,,,,,,,,80,255,219,36,56,14,1,13,41,32,93,4,.256,.353,.507,.860,.374,,
2022,135,San Diego Padres,SD,National League,National League West,667725,Kyle Tyler,/api/v1/people/667725,63,1,Pitcher,Pitcher,P,MIN,Minor League Contract,pitching,True,2,0,1,0,0,0,4.0,2,0,0,1,2,0,0.00,0.75,,,2.00,,,,,,,,,,,,,,,,,,,
2022,135,San Diego Padres,SD,National League,National League West,572228,Luke Voit,/api/v1/people/572228,45,3,First Base,Infielder,1B,TR,Traded,hitting,True,,,,,,,,,,,,,,,,,,,135,568,500,55,113,22,0,22,69,55,179,1,.226,.308,.402,.710,.298,,
2022,135,San Diego Padres,SD,National League,National League West,677960,Ryan Weathers,/api/v1/people/677960,40,1,Pitcher,Pitcher,P,A,Active,pitching,True,1,1,0,0,0,0,3.2,6,4,4,4,3,0,9.82,2.73,,,0.75,,,,,,,,,,,,,,,,,,,
2022,135,San Diego Padres,SD,National League,National League West,621051,Steven Wilson,/api/v1/people/621051,48,1,Pitcher,Pitcher,P,A,Active,pitching,True,50,1,4,2,1,5,53.0,36,20,18,20,53,7,3.06,1.06,,,2.65,,,,,,,,,,,,,,,,,,,
2022,136,Seattle Mariners,SEA,American League,American League West,657514,Brennan Bernardino,/api/v1/people/657514,70,1,Pitcher,Pitcher,P,A,Active,pitching,True,2,0,0,1,0,0,2.1,3,3,1,2,0,0,3.86,2.14,,,0.00,,,,,,,,,,,,,,,,,,,
2022,136,Seattle Mariners,SEA,American League,American League West,621366,Ryan Borucki,/api/v1/people/621366,30,1,Pitcher,Pitcher,P,A,Active,pitching,True,32,0,2,0,0,6,25.1,24,16,16,11,21,6,5.68,1.38,,,1.91,,,,,,,,,,,,,,,,,,,
2022,136,Seattle Mariners,SEA,American League,American League West,571510,Matthew Boyd,/api/v1/people/571510,48,1,Pitcher,Pitcher,P,A,Active,pitching,True,10,0,2,0,0,1,13.1,5,2,2,8,13,0,1.35,0.98,,,1.63,,,,,,,,,,,,,,,,,,,
2022,136,Seattle Mariners,SEA,American League,American League West,666374,Matt Brash,/api/v1/people/666374,47,1,Pitcher,Pitcher,P,A,Active,pitching,True,39,5,4,4,0,9,50.2,46,25,25,33,62,3,4.44,1.56,,,1.88,,,,,,,,,,,,,,,,,,,
2022,136,Seattle Mariners,SEA,American League,American League West,592200,Curt Casali,/api/v1/people/592200,5,2,Catcher,Catcher,C,A,Active,hitting,True,,,,,,,,,,,,,,,,,,,57,176,148,20,30,4,0,5,17,24,50,0,.203,.318,.331,.649,.263,,
2022,136,Seattle Mariners,SEA,American League,American League West,650895,Diego Castillo,/api/v1/people/650895,63,1,Pitcher,Pitcher,P,A,Active,pitching,True,59,0,7,3,7,9,54.1,40,27,22,22,53,5,3.64,1.14,,,2.41,,,,,,,,,,,,,,,,,,,
2022,136,Seattle Mariners,SEA,American League,American League West,622491,Luis Castillo,/api/v1/people/622491,58,1,Pitcher,Pitcher,P,A,Active,pitching,True,25,25,8,6,0,0,150.1,118,56,50,45,167,13,2.99,1.08,,,3.71,,,,,,,,,,,,,,,,,,,
2022,136,Seattle Mariners,SEA,American League,American League West,641487,J.P. Crawford,/api/v1/people/641487,3,6,Shortstop,Infielder,SS,A,Active,hitting,True,,,,,,,,,,,,,,,,,,,145,603,518,57,126,24,3,6,42,68,80,3,.243,.339,.336,.675,.275,,
2022,136,Seattle Mariners,SEA,American League,American League West,606273,Roenis Elías,/api/v1/people/606273,55,1,Pitcher,Pitcher,P,MIN,Minor League Contract,pitching,True,7,0,0,0,0,0,7.2,7,3,3,3,6,1,3.52,1.30,,,2.00,,,,,,,,,,,,,,,,,,,
2022,136,Seattle Mariners,SEA,American League,American League West,656403,Drew Ellis,/api/v1/people/656403,31,5,Third Base,Infielder,3B,MIN,Minor League Contract,hitting,True,,,,,,,,,,,,,,,,,,,7,17,16,2,3,1,0,0,1,1,7,0,.188,.235,.250,.485,.333,,
2022,136,Seattle Mariners,SEA,American League,American League West,656413,Stuart Fairchild,/api/v1/people/656413,30,7,Outfielder,Outfielder,LF,TR,Traded,hitting,True,,,,,,,,,,,,,,,,,,,46,110,97,14,24,4,1,5,6,8,34,0,.247,.336,.464,.800,.328,,
2022,136,Seattle Mariners,SEA,American League,American League West,670036,Matt Festa,/api/v1/people/670036,67,1,Pitcher,Pitcher,P,A,Active,pitching,True,53,0,2,0,2,6,54.0,43,26,25,18,64,10,4.17,1.13,,,3.56,,,,,,,,,,,,,,,,,,,
2022,136,Seattle Mariners,SEA,American League,American League West,623167,Chris Flexen,/api/v1/people/623167,77,1,Pitcher,Pitcher,P,A,Active,pitching,True,33,22,8,9,2,0,137.2,132,61,57,51,95,17,3.73,1.33,,,1.86,,,,,,,,,,,,,,,,,,,
2022,136,Seattle Mariners,SEA,American League,American League West,645801,Mike Ford,/api/v1/people/645801,70,3,First Base,Infielder,1B,CL,Claimed,hitting,True,,,,,,,,,,,,,,,,,,,50,149,131,9,27,5,0,3,10,17,40,0,.206,.302,.313,.615,.273,,
2022,136,Seattle Mariners,SEA,American League,American League West,664034,Ty France,/api/v1/people/664034,23,3,First Base,Infielder,1B,A,Active,hitting,True,,,,,,,,,,,,,,,,,,,140,613,551,65,151,27,1,20,83,35,94,0,.274,.338,.436,.774,.296,,
2022,136,Seattle Mariners,SEA,American League,American League West,624428,Adam Frazier,/api/v1/people/624428,26,4,Second Base,Infielder,2B,A,Active,hitting,True,,,,,,,,,,,,,,,,,,,156,602,541,61,129,22,4,3,42,46,73,11,.238,.301,.311,.612,.268,,
2022,136,Seattle Mariners,SEA,American League,American League West,669302,Logan Gilbert,/api/v1/people/669302,36,1,Pitcher,Pitcher,P,A,Active,pitching,True,32,32,13,6,0,0,185.2,170,71,66,49,174,19,3.20,1.18,,,3.55,,,,,,,,,,,,,,,,,,,
2022,136,Seattle Mariners,SEA,American League,American League West,571704,Ken Giles,/api/v1/people/571704,58,1,Pitcher,Pitcher,P,RL,Released,pitching,True,5,0,0,0,0,0,4.1,1,0,0,4,6,0,0.00,1.15,,,1.50,,,,,,,,,,,,,,,,,,,
2022,136,Seattle Mariners,SEA,American League,American League West,594835,Marco Gonzales,/api/v1/people/594835,7,1,Pitcher,Pitcher,P,A,Active,pitching,True,32,32,10,15,0,0,183.0,194,97,84,50,103,30,4.13,1.33,,,2.06,,,,,,,,,,,,,,,,,,,
2022,136,Seattle Mariners,SEA,American League,American League West,664059,Sam Haggerty,/api/v1/people/664059,0,8,Outfielder,Outfielder,CF,A,Active,hitting,True,,,,,,,,,,,,,,,,,,,83,201,176,29,45,9,1,5,23,18,53,13,.256,.335,.403,.738,.333,,
2022,136,Seattle Mariners,SEA,American League,American League West,571745,Mitch Haniger,/api/v1/people/571745,17,9,Outfielder,Outfielder,RF,A,Active,hitting,True,,,,,,,,,,,,,,,,,,,57,247,224,31,55,8,0,11,34,20,65,0,.246,.308,.429,.737,.293,,
2022,136,Seattle Mariners,SEA,American League,American League West,608671,Travis Jankowski,/api/v1/people/608671,8,7,Outfielder,Outfielder,LF,RL,Released,hitting,True,,,,,,,,,,,,,,,,,,,44,64,55,11,9,0,0,0,2,8,10,3,.164,.281,.164,.445,.200,,
2022,136,Seattle Mariners,SEA,American League,American League West,672284,Jarred Kelenic,/api/v1/people/672284,10,7,Outfielder,Outfielder,LF,A,Active,hitting,True,,,,,,,,,,,,,,,,,,,54,181,163,20,23,5,1,7,17,16,61,5,.141,.221,.313,.534,.167,,
2022,136,Seattle Mariners,SEA,American League,American League West,669923,George Kirby,/api/v1/people/669923,68,1,Pitcher,Pitcher,P,A,Active,pitching,True,25,25,8,5,0,0,130.0,135,54,49,22,133,13,3.39,1.21,,,6.05,,,,,,,,,,,,,,,,,,,
2022,136,Seattle Mariners,SEA,American League,American League West,595284,Andrew Knapp,/api/v1/people/595284,40,2,Catcher,Catcher,C,FA,Free Agent,hitting,True,,,,,,,,,,,,,,,,,,,16,46,39,4,5,1,0,0,4,5,12,0,.128,.239,.154,.393,.179,,
2022,136,Seattle Mariners,SEA,American League,American League West,571863,Matt Koch,/api/v1/people/571863,41,1,Pitcher,Pitcher,P,MIN,Minor League Contract,pitching,True,4,0,0,0,0,0,4.1,5,4,4,1,3,2,8.31,1.38,,,3.00,,,,,,,,,,,,,,,,,,,
2022,136,Seattle Mariners,SEA,American League,American League West,571875,Jake Lamb,/api/v1/people/571875,18,7,Outfielder,Outfielder,LF,RL,Released,hitting,True,,,,,,,,,,,,,,,,,,,41,111,97,13,21,6,1,3,6,11,38,0,.216,.315,.392,.707,.321,,
2022,136,Seattle Mariners,SEA,American League,American League West,677223,Jack Larsen,/api/v1/people/677223,74,8,Outfielder,Outfielder,CF,MIN,Minor League Contract,hitting,True,,,,,,,,,,,,,,,,,,,1,1,1,0,0,0,0,0,0,0,1,0,.000,.000,.000,.000,.---,,
2022,136,Seattle Mariners,SEA,American League,American League West,641786,Kyle Lewis,/api/v1/people/641786,1,O,Outfield,Outfielder,OF,A,Active,hitting,True,,,,,,,,,,,,,,,,,,,18,62,56,6,8,0,0,3,5,5,19,0,.143,.226,.304,.530,.147,,
2022,136,Seattle Mariners,SEA,American League,American League West,670090,Wyatt Mills,/api/v1/people/670090,40,1,Pitcher,Pitcher,P,TR,Traded,pitching,True,27,0,0,1,0,4,29.1,26,15,15,13,26,1,4.60,1.33,,,2.00,,,,,,,,,,,,,,,,,,,
2022,136,Seattle Mariners,SEA,American League,American League West,543548,Tommy Milone,/api/v1/people/543548,,1,Pitcher,Pitcher,P,MIN,Minor League Contract,pitching,True,7,0,1,1,0,0,16.2,14,10,10,6,5,4,5.40,1.20,,,0.83,,,,,,,,,,,,,,,,,,,
2022,136,Seattle Mariners,SEA,American League,American League West,664948,Anthony Misiewicz,/api/v1/people/664948,18,1,Pitcher,Pitcher,P,DES,Designated for Assignment,pitching,True,32,0,1,2,0,4,29.0,27,15,14,10,27,4,4.34,1.28,,,2.70,,,,,,,,,,,,,,,,,,,
2022,136,Seattle Mariners,SEA,American League,American League West,664238,Dylan Moore,/api/v1/people/664238,25,9,Outfielder,Outfielder,RF,A,Active,hitting,True,,,,,,,,,,,,,,,,,,,104,255,205,41,46,11,2,6,24,34,75,21,.224,.368,.385,.753,.320,,
2022,136,Seattle Mariners,SEA,American League,American League West,662253,Andrés Muñoz,/api/v1/people/662253,75,1,Pitcher,Pitcher,P,D15,Injured 15-Day,pitching,True,64,0,2,5,4,22,65.0,43,20,18,15,96,5,2.49,0.89,,,6.40,,,,,,,,,,,,,,,,,,,
2022,136,Seattle Mariners,SEA,American League,American League West,682171,Penn Murfee,/api/v1/people/682171,56,1,Pitcher,Pitcher,P,A,Active,pitching,True,64,1,4,0,0,8,69.1,48,23,23,18,76,7,2.99,0.95,,,4.22,,,,,,,,,,,,,,,,,,,
2022,136,Seattle Mariners,SEA,American League,American League West,608596,Tom Murphy,/api/v1/people/608596,2,2,Catcher,Catcher,C,D60,Injured 60-Day,hitting,True,,,,,,,,,,,,,,,,,,,14,42,33,9,10,2,0,1,1,8,13,0,.303,.439,.455,.894,.474,,
2022,136,Seattle Mariners,SEA,American League,American League West,676617,Riley O'Brien,/api/v1/people/676617,61,1,Pitcher,Pitcher,P,MIN,Minor League Contract,pitching,True,1,0,0,0,0,0,1.0,1,0,0,1,1,0,0.00,2.00,,,1.00,,,,,,,,,,,,,,,,,,,
2022,136,Seattle Mariners,SEA,American League,American League West,657247,Brian O'Keefe,/api/v1/people/657247,64,2,Catcher,Catcher,C,A,Active,hitting,True,,,,,,,,,,,,,,,,,,,2,4,3,0,1,0,0,0,0,1,2,0,.333,.500,.333,.833,1.000,,
2022,136,Seattle Mariners,SEA,American League,American League West,656821,Kevin Padlo,/api/v1/people/656821,35,5,Third Base,Infielder,3B,CL,Claimed,hitting,True,,,,,,,,,,,,,,,,,,,13,34,33,0,4,1,0,0,3,1,10,0,.121,.147,.152,.299,.174,,
2022,136,Seattle Mariners,SEA,American League,American League West,663728,Cal Raleigh,/api/v1/people/663728,29,2,Catcher,Catcher,C,A,Active,hitting,True,,,,,,,,,,,,,,,,,,,119,415,370,46,78,20,1,27,63,38,122,1,.211,.284,.489,.773,.226,,
2022,136,Seattle Mariners,SEA,American League,American League West,670990,Yohan Ramírez,/api/v1/people/670990,55,1,Pitcher,Pitcher,P,TR,Traded,pitching,True,30,0,4,1,1,3,37.1,32,19,19,20,32,4,4.58,1.39,,,1.60,,,,,,,,,,,,,,,,,,,
2022,136,Seattle Mariners,SEA,American League,American League West,592662,Robbie Ray,/api/v1/people/592662,38,1,Pitcher,Pitcher,P,A,Active,pitching,True,32,32,12,12,0,0,189.0,163,80,78,62,212,32,3.71,1.19,,,3.42,,,,,,,,,,,,,,,,,,,
2022,136,Seattle Mariners,SEA,American League,American League West,677594,Julio Rodríguez,/api/v1/people/677594,44,8,Outfielder,Outfielder,CF,A,Active,hitting,True,,,,,,,,,,,,,,,,,,,132,560,511,84,145,25,3,28,75,40,145,25,.284,.345,.509,.854,.345,,
2022,136,Seattle Mariners,SEA,American League,American League West,489265,Sergio Romo,/api/v1/people/489265,54,1,Pitcher,Pitcher,P,RL,Released,pitching,True,23,0,0,1,0,4,18.0,19,16,15,6,14,7,7.50,1.39,,,2.33,,,,,,,,,,,,,,,,,,,
2022,136,Seattle Mariners,SEA,American League,American League West,467793,Carlos Santana,/api/v1/people/467793,41,3,First Base,Infielder,1B,A,Active,hitting,True,,,,,,,,,,,,,,,,,,,131,506,431,52,87,18,0,19,60,71,88,0,.202,.316,.376,.692,.209,,
2022,136,Seattle Mariners,SEA,American League,American League West,623149,Paul Sewald,/api/v1/people/623149,37,1,Pitcher,Pitcher,P,A,Active,pitching,True,65,0,5,4,20,8,64.0,32,21,19,17,72,10,2.67,0.77,,,4.24,,,,,,,,,,,,,,,,,,,
2022,136,Seattle Mariners,SEA,American League,American League West,656954,Justus Sheffield,/api/v1/people/656954,33,1,Pitcher,Pitcher,P,A,Active,pitching,True,6,1,1,0,0,0,11.2,9,5,5,6,7,1,3.86,1.29,,,1.17,,,,,,,,,,,,,,,,,,,
2022,136,Seattle Mariners,SEA,American League,American League West,519306,Steven Souza Jr.,/api/v1/people/519306,21,9,Outfielder,Outfielder,RF,RL,Released,hitting,True,,,,,,,,,,,,,,,,,,,6,19,19,0,3,0,0,0,1,0,8,0,.158,.158,.158,.316,.273,,
2022,136,Seattle Mariners,SEA,American League,American League West,608716,Drew Steckenrider,/api/v1/people/608716,16,1,Pitcher,Pitcher,P,MIN,Minor League Contract,pitching,True,16,0,0,2,2,4,14.1,21,9,9,5,10,2,5.65,1.81,,,2.00,,,,,,,,,,,,,,,,,,,
2022,136,Seattle Mariners,SEA,American League,American League West,553993,Eugenio Suárez,/api/v1/people/553993,28,5,Third Base,Infielder,3B,A,Active,hitting,True,,,,,,,,,,,,,,,,,,,150,629,543,76,128,24,2,31,87,73,196,0,.236,.332,.459,.791,.302,,
2022,136,Seattle Mariners,SEA,American League,American League West,657024,Erik Swanson,/api/v1/people/657024,50,1,Pitcher,Pitcher,P,A,Active,pitching,True,57,1,3,2,3,14,53.2,39,11,10,10,70,3,1.68,0.91,,,7.00,,,,,,,,,,,,,,,,,,,
2022,136,Seattle Mariners,SEA,American League,American League West,647351,Abraham Toro,/api/v1/people/647351,13,4,Second Base,Infielder,2B,A,Active,hitting,True,,,,,,,,,,,,,,,,,,,109,352,324,36,60,13,1,10,35,22,65,2,.185,.239,.324,.563,.198,,
2022,136,Seattle Mariners,SEA,American League,American League West,620443,Luis Torrens,/api/v1/people/620443,22,2,Catcher,Catcher,C,A,Active,hitting,True,,,,,,,,,,,,,,,,,,,57,166,151,13,34,2,0,3,15,12,50,0,.225,.283,.298,.581,.310,,
2022,136,Seattle Mariners,SEA,American League,American League West,666211,Taylor Trammell,/api/v1/people/666211,20,9,Outfielder,Outfielder,RF,A,Active,hitting,True,,,,,,,,,,,,,,,,,,,43,117,102,15,20,9,0,4,10,13,33,2,.196,.284,.402,.686,.242,,
2022,136,Seattle Mariners,SEA,American League,American League West,457708,Justin Upton,/api/v1/people/457708,8,7,Outfielder,Outfielder,LF,FA,Free Agent,hitting,True,,,,,,,,,,,,,,,,,,,17,57,48,2,6,1,0,1,3,6,23,0,.125,.263,.208,.471,.208,,
2022,136,Seattle Mariners,SEA,American League,American League West,622268,Donovan Walton,/api/v1/people/622268,8,4,Second Base,Infielder,2B,TR,Traded,hitting,True,,,,,,,,,,,,,,,,,,,25,78,76,9,12,8,0,1,8,1,16,0,.158,.179,.303,.482,.186,,
2022,136,Seattle Mariners,SEA,American League,American League West,657129,Marcus Wilson,/api/v1/people/657129,60,8,Outfielder,Outfielder,CF,MIN,Minor League Contract,hitting,True,,,,,,,,,,,,,,,,,,,3,6,5,1,1,0,0,0,0,1,4,0,.200,.333,.200,.533,1.000,,
2022,136,Seattle Mariners,SEA,American League,American League West,608385,Jesse Winker,/api/v1/people/608385,27,7,Outfielder,Outfielder,LF,A,Active,hitting,True,,,,,,,,,,,,,,,,,,,136,547,456,51,100,15,0,14,53,84,103,0,.219,.344,.344,.688,.251,,
2022,136,Seattle Mariners,SEA,American League,American League West,664849,Danny Young,/api/v1/people/664849,81,1,Pitcher,Pitcher,P,CL,Claimed,pitching,True,3,0,0,0,0,0,6.1,11,3,3,2,6,1,4.26,2.05,,,3.00,,,,,,,,,,,,,,,,,,,
2022,137,San Francisco Giants,SF,National League,National League West,518397,Scott Alexander,/api/v1/people/518397,54,1,Pitcher,Pitcher,P,A,Active,pitching,True,17,4,0,0,2,5,17.1,12,2,2,1,10,1,1.04,0.75,,,10.00,,,,,,,,,,,,,,,,,,,
2022,137,San Francisco Giants,SF,National League,National League West,501625,Jose Alvarez,/api/v1/people/501625,48,1,Pitcher,Pitcher,P,D60,Injured 60-Day,pitching,True,21,0,2,1,1,1,15.1,17,10,9,9,15,3,5.28,1.70,,,1.67,,,,,,,,,,,,,,,,,,,
2022,137,San Francisco Giants,SF,National League,National League West,663698,Joey Bart,/api/v1/people/663698,21,2,Catcher,Catcher,C,A,Active,hitting,True,,,,,,,,,,,,,,,,,,,97,291,261,34,56,6,0,11,25,26,112,2,.215,.296,.364,.660,.326,,
2022,137,San Francisco Giants,SF,National League,National League West,595881,Tyler Beede,/api/v1/people/595881,14,1,Pitcher,Pitcher,P,CL,Claimed,pitching,True,31,5,2,5,0,3,61.1,71,37,35,29,39,7,5.14,1.63,,,1.34,,,,,,,,,,,,,,,,,,,
2022,137,San Francisco Giants,SF,National League,National League West,474832,Brandon Belt,/api/v1/people/474832,9,3,First Base,Infielder,1B,D60,Injured 60-Day,hitting,True,,,,,,,,,,,,,,,,,,,78,298,254,25,54,9,1,8,23,37,81,1,.213,.326,.350,.676,.277,,
2022,137,San Francisco Giants,SF,National League,National League West,605154,John Brebbia,/api/v1/people/605154,59,1,Pitcher,Pitcher,P,A,Active,pitching,True,76,11,6,2,0,18,68.0,71,27,24,18,54,5,3.18,1.31,,,3.00,,,,,,,,,,,,,,,,,,,
2022,137,San Francisco Giants,SF,National League,National League West,621446,Lewis Brinson,/api/v1/people/621446,29,8,Outfielder,Outfielder,CF,MIN,Minor League Contract,hitting,True,,,,,,,,,,,,,,,,,,,16,39,36,5,6,2,0,3,4,2,14,1,.167,.211,.472,.683,.158,,
2022,137,San Francisco Giants,SF,National League,National League West,641432,Willie Calhoun,/api/v1/people/641432,2,O,Outfield,Outfielder,OF,MIN,Minor League Contract,hitting,True,,,,,,,,,,,,,,,,,,,22,62,52,7,7,3,0,1,3,9,8,0,.135,.274,.250,.524,.140,,
2022,137,San Francisco Giants,SF,National League,National League West,592200,Curt Casali,/api/v1/people/592200,2,2,Catcher,Catcher,C,TR,Traded,hitting,True,,,,,,,,,,,,,,,,,,,57,176,148,20,30,4,0,5,17,24,50,0,.203,.318,.331,.649,.263,,
2022,137,San Francisco Giants,SF,National League,National League West,665645,Kervin Castro,/api/v1/people/665645,76,1,Pitcher,Pitcher,P,CL,Claimed,pitching,True,10,0,0,1,0,0,12.1,15,14,14,7,11,3,10.22,1.78,,,1.57,,,,,,,,,,,,,,,,,,,
2022,137,San Francisco Giants,SF,National League,National League West,502171,Alex Cobb,/api/v1/people/502171,38,1,Pitcher,Pitcher,P,A,Active,pitching,True,28,28,7,8,0,0,149.2,152,72,62,43,151,9,3.73,1.30,,,3.51,,,,,,,,,,,,,,,,,,,
2022,137,San Francisco Giants,SF,National League,National League West,605194,Jharel Cotton,/api/v1/people/605194,47,1,Pitcher,Pitcher,P,MIN,Minor League Contract,pitching,True,30,0,4,2,0,2,43.0,34,20,17,20,39,7,3.56,1.26,,,1.95,,,,,,,,,,,,,,,,,,,
2022,137,San Francisco Giants,SF,National League,National League West,543063,Brandon Crawford,/api/v1/people/543063,35,6,Shortstop,Infielder,SS,A,Active,hitting,True,,,,,,,,,,,,,,,,,,,118,458,407,50,94,15,2,9,52,39,98,1,.231,.308,.344,.652,.280,,
2022,137,San Francisco Giants,SF,National League,National League West,605204,J.D. Davis,/api/v1/people/605204,7,5,Third Base,Infielder,3B,A,Active,hitting,True,,,,,,,,,,,,,,,,,,,115,365,318,46,79,16,1,12,35,39,122,1,.248,.340,.418,.758,.360,,
2022,137,San Francisco Giants,SF,National League,National League West,543101,Anthony DeSclafani,/api/v1/people/543101,26,1,Pitcher,Pitcher,P,D60,Injured 60-Day,pitching,True,5,5,0,2,0,0,19.0,34,21,14,4,17,4,6.63,2.00,,,4.25,,,,,,,,,,,,,,,,,,,
2022,137,San Francisco Giants,SF,National League,National League West,621573,Austin Dean,/api/v1/people/621573,1,7,Outfielder,Outfielder,LF,A,Active,hitting,True,,,,,,,,,,,,,,,,,,,3,9,8,1,3,0,0,0,0,1,0,0,.375,.444,.375,.819,.375,,
2022,137,San Francisco Giants,SF,National League,National League West,666808,Camilo Doval,/api/v1/people/666808,75,1,Pitcher,Pitcher,P,A,Active,pitching,True,68,0,6,6,27,1,67.2,54,27,19,30,80,4,2.53,1.24,,,2.67,,,,,,,,,,,,,,,,,,,
2022,137,San Francisco Giants,SF,National League,National League West,643289,Mauricio Dubón,/api/v1/people/643289,1,6,Shortstop,Infielder,SS,TR,Traded,hitting,True,,,,,,,,,,,,,,,,,,,104,265,243,31,52,9,0,5,24,13,30,2,.214,.252,.313,.565,.221,,
2022,137,San Francisco Giants,SF,National League,National League West,621453,Steven Duggar,/api/v1/people/621453,6,8,Outfielder,Outfielder,CF,TR,Traded,hitting,True,,,,,,,,,,,,,,,,,,,29,80,72,7,11,3,1,0,4,7,41,5,.153,.225,.222,.447,.344,,
2022,137,San Francisco Giants,SF,National League,National League West,642731,Thairo Estrada,/api/v1/people/642731,39,4,Second Base,Infielder,2B,A,Active,hitting,True,,,,,,,,,,,,,,,,,,,140,541,488,71,127,22,2,14,62,33,89,21,.260,.322,.400,.722,.290,,
2022,137,San Francisco Giants,SF,National League,National League West,656413,Stuart Fairchild,/api/v1/people/656413,61,7,Outfielder,Outfielder,LF,CL,Claimed,hitting,True,,,,,,,,,,,,,,,,,,,46,110,97,14,24,4,1,5,6,8,34,0,.247,.336,.464,.800,.328,,
2022,137,San Francisco Giants,SF,National League,National League West,527038,Wilmer Flores,/api/v1/people/527038,41,3,First Base,Infielder,1B,A,Active,hitting,True,,,,,,,,,,,,,,,,,,,151,602,525,72,120,28,1,19,71,59,103,0,.229,.316,.394,.710,.246,,
2022,137,San Francisco Giants,SF,National League,National League West,645801,Mike Ford,/api/v1/people/645801,70,3,First Base,Infielder,1B,TR,Traded,hitting,True,,,,,,,,,,,,,,,,,,,50,149,131,9,27,5,0,3,10,17,40,0,.206,.302,.313,.615,.273,,
2022,137,San Francisco Giants,SF,National League,National League West,606424,Jarlín García,/api/v1/people/606424,66,1,Pitcher,Pitcher,P,A,Active,pitching,True,58,0,1,4,1,4,65.0,60,34,27,18,56,10,3.74,1.20,,,3.11,,,,,,,,,,,,,,,,,,,
2022,137,San Francisco Giants,SF,National League,National League West,670768,Luis González,/api/v1/people/670768,51,9,Outfielder,Outfielder,RF,A,Active,hitting,True,,,,,,,,,,,,,,,,,,,98,350,311,31,78,17,2,4,36,30,75,10,.251,.320,.357,.677,.312,,
2022,137,San Francisco Giants,SF,National League,National League West,663546,Sean Hjelle,/api/v1/people/663546,64,1,Pitcher,Pitcher,P,A,Active,pitching,True,8,0,1,2,0,1,25.0,33,19,16,8,28,3,5.76,1.64,,,3.50,,,,,,,,,,,,,,,,,,,
2022,137,San Francisco Giants,SF,National League,National League West,669369,Bryce Johnson,/api/v1/people/669369,58,8,Outfielder,Outfielder,CF,A,Active,hitting,True,,,,,,,,,,,,,,,,,,,11,19,18,1,2,0,0,0,2,1,7,0,.111,.158,.111,.269,.182,,
2022,137,San Francisco Giants,SF,National League,National League West,596001,Jakob Junis,/api/v1/people/596001,34,1,Pitcher,Pitcher,P,A,Active,pitching,True,23,17,5,7,0,0,112.0,120,57,55,25,98,13,4.42,1.29,,,3.92,,,,,,,,,,,,,,,,,,,
2022,137,San Francisco Giants,SF,National League,National League West,595284,Andrew Knapp,/api/v1/people/595284,33,2,Catcher,Catcher,C,MIN,Minor League Contract,hitting,True,,,,,,,,,,,,,,,,,,,16,46,39,4,5,1,0,0,4,5,12,0,.128,.239,.154,.393,.179,,
2022,137,San Francisco Giants,SF,National League,National League West,607249,Jason Krizan,/api/v1/people/607249,56,4,Second Base,Infielder,2B,MIN,Minor League Contract,hitting,True,,,,,,,,,,,,,,,,,,,3,10,8,0,1,0,0,0,0,2,3,0,.125,.300,.125,.425,.200,,
2022,137,San Francisco Giants,SF,National League,National League West,600303,Tommy La Stella,/api/v1/people/600303,8,10,Designated Hitter,Hitter,DH,A,Active,hitting,True,,,,,,,,,,,,,,,,,,,60,195,180,17,43,14,0,2,14,11,30,0,.239,.282,.350,.632,.272,,
2022,137,San Francisco Giants,SF,National League,National League West,608678,Dominic Leone,/api/v1/people/608678,52,1,Pitcher,Pitcher,P,RL,Released,pitching,True,55,0,4,5,3,11,49.1,55,24,22,24,52,6,4.01,1.60,,,2.17,,,,,,,,,,,,,,,,,,,
2022,137,San Francisco Giants,SF,National League,National League West,641793,Zack Littell,/api/v1/people/641793,46,1,Pitcher,Pitcher,P,A,Active,pitching,True,39,0,3,3,1,5,44.1,48,25,25,13,39,8,5.08,1.38,,,3.00,,,,,,,,,,,,,,,,,,,
2022,137,San Francisco Giants,SF,National League,National League West,661440,Mauricio Llovera,/api/v1/people/661440,63,1,Pitcher,Pitcher,P,D60,Injured 60-Day,pitching,True,17,1,0,0,0,1,16.1,14,8,8,8,20,2,4.41,1.35,,,2.50,,,,,,,,,,,,,,,,,,,
2022,137,San Francisco Giants,SF,National League,National League West,669674,Sam Long,/api/v1/people/669674,73,1,Pitcher,Pitcher,P,D60,Injured 60-Day,pitching,True,28,6,1,3,1,0,42.1,39,23,17,14,33,8,3.61,1.25,,,2.36,,,,,,,,,,,,,,,,,,,
2022,137,San Francisco Giants,SF,National League,National League West,446334,Evan Longoria,/api/v1/people/446334,10,5,Third Base,Infielder,3B,A,Active,hitting,True,,,,,,,,,,,,,,,,,,,89,298,266,31,65,13,0,14,42,27,83,0,.244,.315,.451,.766,.297,,
2022,137,San Francisco Giants,SF,National League,National League West,553988,Dixon Machado,/api/v1/people/553988,49,6,Shortstop,Infielder,SS,MIN,Minor League Contract,hitting,True,,,,,,,,,,,,,,,,,,,5,17,15,1,3,0,0,0,0,1,5,0,.200,.294,.200,.494,.300,,
2022,137,San Francisco Giants,SF,National League,National League West,628708,Yunior Marte,/api/v1/people/628708,74,1,Pitcher,Pitcher,P,A,Active,pitching,True,39,0,1,1,0,2,48.0,47,32,29,22,44,5,5.44,1.44,,,2.00,,,,,,,,,,,,,,,,,,,
2022,137,San Francisco Giants,SF,National League,National League West,459429,Jake McGee,/api/v1/people/459429,17,1,Pitcher,Pitcher,P,RL,Released,pitching,True,42,0,1,3,3,4,37.0,41,29,28,12,25,6,6.81,1.43,,,2.08,,,,,,,,,,,,,,,,,,,
2022,137,San Francisco Giants,SF,National League,National League West,606213,Yermín Mercedes,/api/v1/people/606213,6,10,Designated Hitter,Hitter,DH,MIN,Minor League Contract,hitting,True,,,,,,,,,,,,,,,,,,,31,83,73,9,17,5,0,1,8,9,17,0,.233,.325,.342,.667,.291,,
2022,137,San Francisco Giants,SF,National League,National League West,571946,Shelby Miller,/api/v1/people/571946,18,1,Pitcher,Pitcher,P,A,Active,pitching,True,4,0,0,1,0,1,7.0,6,5,5,3,14,0,6.43,1.29,,,4.67,,,,,,,,,,,,,,,,,,,
2022,137,San Francisco Giants,SF,National League,National League West,656814,Luis Ortiz,/api/v1/people/656814,60,1,Pitcher,Pitcher,P,A,Active,pitching,True,6,0,0,0,0,0,8.2,5,1,1,3,6,0,1.04,0.92,,,2.00,,,,,,,,,,,,,,,,,,,
2022,137,San Francisco Giants,SF,National League,National League West,656821,Kevin Padlo,/api/v1/people/656821,49,5,Third Base,Infielder,3B,CL,Claimed,hitting,True,,,,,,,,,,,,,,,,,,,13,34,33,0,4,1,0,0,3,1,10,0,.121,.147,.152,.299,.174,,
2022,137,San Francisco Giants,SF,National League,National League West,657709,Michael Papierski,/api/v1/people/657709,70,2,Catcher,Catcher,C,CL,Claimed,hitting,True,,,,,,,,,,,,,,,,,,,39,103,91,7,13,1,0,1,4,10,26,0,.143,.228,.187,.415,.188,,
2022,137,San Francisco Giants,SF,National League,National League West,592626,Joc Pederson,/api/v1/people/592626,23,7,Outfielder,Outfielder,LF,A,Active,hitting,True,,,,,,,,,,,,,,,,,,,134,433,380,57,104,19,3,23,70,42,100,3,.274,.353,.521,.874,.310,,
2022,137,San Francisco Giants,SF,National League,National League West,665154,Ford Proctor,/api/v1/people/665154,65,2,Catcher,Catcher,C,A,Active,hitting,True,,,,,,,,,,,,,,,,,,,7,22,18,3,2,0,0,1,6,2,3,0,.111,.182,.278,.460,.063,,
2022,137,San Francisco Giants,SF,National League,National League West,671218,Heliot Ramos,/api/v1/people/671218,12,9,Outfielder,Outfielder,RF,A,Active,hitting,True,,,,,,,,,,,,,,,,,,,9,22,20,4,2,0,0,0,0,2,6,0,.100,.182,.100,.282,.143,,
2022,137,San Francisco Giants,SF,National League,National League West,607074,Carlos Rodón,/api/v1/people/607074,16,1,Pitcher,Pitcher,P,A,Active,pitching,True,31,31,14,8,0,0,178.0,131,59,57,52,237,12,2.88,1.03,,,4.56,,,,,,,,,,,,,,,,,,,
2022,137,San Francisco Giants,SF,National League,National League West,643511,Tyler Rogers,/api/v1/people/643511,71,1,Pitcher,Pitcher,P,A,Active,pitching,True,68,0,3,4,0,15,75.2,73,34,30,23,49,3,3.57,1.27,,,2.13,,,,,,,,,,,,,,,,,,,
2022,137,San Francisco Giants,SF,National League,National League West,573131,Darin Ruf,/api/v1/people/573131,33,3,First Base,Infielder,1B,TR,Traded,hitting,True,,,,,,,,,,,,,,,,,,,119,388,334,52,68,12,0,11,45,45,105,2,.204,.307,.338,.645,.258,,
2022,137,San Francisco Giants,SF,National League,National League West,666619,Gregory Santos,/api/v1/people/666619,78,1,Pitcher,Pitcher,P,D60,Injured 60-Day,pitching,True,2,0,0,0,0,0,3.2,3,2,2,3,2,0,4.91,1.64,,,0.67,,,,,,,,,,,,,,,,,,,
2022,137,San Francisco Giants,SF,National League,National League West,596103,Austin Slater,/api/v1/people/596103,13,8,Outfielder,Outfielder,CF,A,Active,hitting,True,,,,,,,,,,,,,,,,,,,125,325,277,49,73,15,2,7,34,40,89,12,.264,.366,.408,.774,.361,,
2022,137,San Francisco Giants,SF,National League,National League West,663378,Thomas Szapucki,/api/v1/people/663378,61,1,Pitcher,Pitcher,P,A,Active,pitching,True,11,1,0,1,0,1,15.0,19,12,12,7,18,6,7.20,1.73,,,2.57,,,,,,,,,,,,,,,,,,,
2022,137,San Francisco Giants,SF,National League,National League West,664789,Ka'ai Tom,/api/v1/people/664789,60,O,Outfield,Outfielder,OF,MIN,Minor League Contract,hitting,True,,,,,,,,,,,,,,,,,,,1,1,1,0,0,0,0,0,0,0,0,0,.000,.000,.000,.000,.000,,
2022,137,San Francisco Giants,SF,National League,National League West,607755,Andrew Vasquez,/api/v1/people/607755,67,1,Pitcher,Pitcher,P,A,Active,pitching,True,10,0,0,0,0,0,8.2,6,6,6,4,10,1,6.23,1.15,,,2.50,,,,,,,,,,,,,,,,,,,
2022,137,San Francisco Giants,SF,National League,National League West,681584,David Villar,/api/v1/people/681584,70,5,Third Base,Infielder,3B,A,Active,hitting,True,,,,,,,,,,,,,,,,,,,52,181,156,21,36,6,1,9,24,18,58,0,.231,.331,.455,.786,.300,,
2022,137,San Francisco Giants,SF,National League,National League West,613564,Jason Vosler,/api/v1/people/613564,32,5,Third Base,Infielder,3B,A,Active,hitting,True,,,,,,,,,,,,,,,,,,,36,111,98,14,26,6,1,4,12,10,29,1,.265,.342,.469,.811,.333,,
2022,137,San Francisco Giants,SF,National League,National League West,664774,LaMonte Wade Jr.,/api/v1/people/664774,31,3,First Base,Infielder,1B,A,Active,hitting,True,,,,,,,,,,,,,,,,,,,77,251,217,29,45,7,1,8,26,26,51,1,.207,.305,.359,.664,.233,,
2022,137,San Francisco Giants,SF,National League,National League West,686972,Cole Waites,/api/v1/people/686972,56,1,Pitcher,Pitcher,P,A,Active,pitching,True,7,0,0,0,0,0,5.2,6,2,2,4,4,1,3.18,1.76,,,1.00,,,,,,,,,,,,,,,,,,,
2022,137,San Francisco Giants,SF,National League,National League West,622268,Donovan Walton,/api/v1/people/622268,37,4,Second Base,Infielder,2B,D60,Injured 60-Day,hitting,True,,,,,,,,,,,,,,,,,,,25,78,76,9,12,8,0,1,8,1,16,0,.158,.179,.303,.482,.186,,
2022,137,San Francisco Giants,SF,National League,National League West,657277,Logan Webb,/api/v1/people/657277,62,1,Pitcher,Pitcher,P,A,Active,pitching,True,32,32,15,9,0,0,192.1,174,76,62,49,163,11,2.90,1.16,,,3.33,,,,,,,,,,,,,,,,,,,
2022,137,San Francisco Giants,SF,National League,National League West,663897,Luke Williams,/api/v1/people/663897,45,4,Second Base,Infielder,2B,TR,Traded,hitting,True,,,,,,,,,,,,,,,,,,,79,136,127,21,30,5,1,1,6,9,44,11,.236,.287,.315,.602,.354,,
2022,137,San Francisco Giants,SF,National League,National League West,622072,Alex Wood,/api/v1/people/622072,57,1,Pitcher,Pitcher,P,D60,Injured 60-Day,pitching,True,26,26,8,12,0,0,130.2,132,78,74,30,131,17,5.10,1.24,,,4.37,,,,,,,,,,,,,,,,,,,
2022,137,San Francisco Giants,SF,National League,National League West,642851,Austin Wynns,/api/v1/people/642851,14,2,Catcher,Catcher,C,A,Active,hitting,True,,,,,,,,,,,,,,,,,,,66,177,162,14,42,7,0,3,21,10,38,0,.259,.313,.358,.671,.320,,
2022,137,San Francisco Giants,SF,National League,National League West,573262,Mike Yastrzemski,/api/v1/people/573262,5,8,Outfielder,Outfielder,CF,A,Active,hitting,True,,,,,,,,,,,,,,,,,,,148,558,485,73,104,31,2,17,57,61,141,5,.214,.305,.392,.697,.261,,
2022,137,San Francisco Giants,SF,National League,National League West,622065,Alex Young,/api/v1/people/622065,45,1,Pitcher,Pitcher,P,A,Active,pitching,True,25,1,1,1,0,5,26.2,29,11,7,11,21,0,2.36,1.50,,,1.91,,,,,,,,,,,,,,,,,,,
2022,138,St. Louis Cardinals,STL,National League,National League Central,571448,Nolan Arenado,/api/v1/people/571448,28,5,Third Base,Infielder,3B,A,Active,hitting,True,,,,,,,,,,,,,,,,,,,148,620,557,73,163,42,1,30,103,52,72,5,.293,.358,.533,.891,.290,,
2022,138,St. Louis Cardinals,STL,National League,National League Central,664056,Harrison Bader,/api/v1/people/664056,48,8,Outfielder,Outfielder,CF,TR,Traded,hitting,True,,,,,,,,,,,,,,,,,,,86,313,292,38,73,10,3,5,30,15,62,17,.250,.294,.356,.650,.300,,
2022,138,St. Louis Cardinals,STL,National League,National League Central,605156,Aaron Brooks,/api/v1/people/605156,67,1,Pitcher,Pitcher,P,MIN,Minor League Contract,pitching,True,5,0,0,0,0,0,9.1,11,8,8,2,7,3,7.71,1.39,,,3.50,,,,,,,,,,,,,,,,,,,
2022,138,St. Louis Cardinals,STL,National League,National League Central,676475,Alec Burleson,/api/v1/people/676475,41,9,Outfielder,Outfielder,RF,A,Active,hitting,True,,,,,,,,,,,,,,,,,,,16,53,48,4,9,1,0,1,3,5,9,1,.188,.264,.271,.535,.211,,
2022,138,St. Louis Cardinals,STL,National League,National League Central,650893,Génesis Cabrera,/api/v1/people/650893,92,1,Pitcher,Pitcher,P,A,Active,pitching,True,39,0,4,2,1,13,44.2,39,24,23,20,32,8,4.63,1.32,,,1.60,,,,,,,,,,,,,,,,,,,
2022,138,St. Louis Cardinals,STL,National League,National League Central,668843,Conner Capel,/api/v1/people/668843,71,9,Outfielder,Outfielder,RF,CL,Claimed,hitting,True,,,,,,,,,,,,,,,,,,,22,59,52,7,16,0,1,3,11,5,10,1,.308,.356,.519,.875,.317,,
2022,138,St. Louis Cardinals,STL,National League,National League Central,666185,Dylan Carlson,/api/v1/people/666185,3,8,Outfielder,Outfielder,CF,A,Active,hitting,True,,,,,,,,,,,,,,,,,,,128,488,432,56,102,30,4,8,42,45,94,5,.236,.316,.380,.696,.281,,
2022,138,St. Louis Cardinals,STL,National League,National League Central,657557,Paul DeJong,/api/v1/people/657557,11,6,Shortstop,Infielder,SS,A,Active,hitting,True,,,,,,,,,,,,,,,,,,,77,237,210,19,33,9,0,6,25,21,79,3,.157,.245,.286,.531,.213,,
2022,138,St. Louis Cardinals,STL,National League,National League Central,641512,Ben DeLuzio,/api/v1/people/641512,26,8,Outfielder,Outfielder,CF,A,Active,hitting,True,,,,,,,,,,,,,,,,,,,22,25,20,3,3,1,0,0,0,3,5,0,.150,.292,.200,.492,.200,,
2022,138,St. Louis Cardinals,STL,National League,National League Central,572816,Corey Dickerson,/api/v1/people/572816,25,7,Outfielder,Outfielder,LF,A,Active,hitting,True,,,,,,,,,,,,,,,,,,,97,297,281,28,75,17,1,6,36,12,48,0,.267,.300,.399,.699,.301,,
2022,138,St. Louis Cardinals,STL,National League,National League Central,680977,Brendan Donovan,/api/v1/people/680977,33,4,Second Base,Infielder,2B,A,Active,hitting,True,,,,,,,,,,,,,,,,,,,126,468,391,64,110,21,1,5,45,60,70,2,.281,.394,.379,.773,.330,,
2022,138,St. Louis Cardinals,STL,National League,National League Central,669242,Tommy Edman,/api/v1/people/669242,19,6,Shortstop,Infielder,SS,A,Active,hitting,True,,,,,,,,,,,,,,,,,,,153,630,577,95,153,31,4,13,57,46,111,32,.265,.324,.400,.724,.308,,
2022,138,St. Louis Cardinals,STL,National League,National League Central,658551,Junior Fernández,/api/v1/people/658551,44,1,Pitcher,Pitcher,P,CL,Claimed,pitching,True,16,0,0,0,0,3,18.2,18,6,5,12,14,3,2.41,1.61,,,1.17,,,,,,,,,,,,,,,,,,,
2022,138,St. Louis Cardinals,STL,National League,National League Central,656427,Jack Flaherty,/api/v1/people/656427,22,1,Pitcher,Pitcher,P,A,Active,pitching,True,9,8,2,1,0,0,36.0,36,18,17,22,33,4,4.25,1.61,,,1.50,,,,,,,,,,,,,,,,,,,
2022,138,St. Louis Cardinals,STL,National League,National League Central,606149,Giovanny Gallegos,/api/v1/people/606149,65,1,Pitcher,Pitcher,P,A,Active,pitching,True,57,0,3,6,14,12,59.0,42,23,20,18,73,6,3.05,1.02,,,4.06,,,,,,,,,,,,,,,,,,,
2022,138,St. Louis Cardinals,STL,National League,National League Central,502671,Paul Goldschmidt,/api/v1/people/502671,46,3,First Base,Infielder,1B,A,Active,hitting,True,,,,,,,,,,,,,,,,,,,151,651,561,106,178,41,0,35,115,79,141,7,.317,.404,.578,.982,.368,,
2022,138,St. Louis Cardinals,STL,National League,National League Central,669357,Nolan Gorman,/api/v1/people/669357,16,4,Second Base,Infielder,2B,A,Active,hitting,True,,,,,,,,,,,,,,,,,,,89,313,283,44,64,13,0,14,35,28,103,1,.226,.300,.420,.720,.301,,
2022,138,St. Louis Cardinals,STL,National League,National League Central,664854,Ryan Helsley,/api/v1/people/664854,56,1,Pitcher,Pitcher,P,A,Active,pitching,True,54,0,9,1,19,7,64.2,28,11,9,20,94,6,1.25,0.74,,,4.70,,,,,,,,,,,,,,,,,,,
2022,138,St. Louis Cardinals,STL,National League,National League Central,671056,Iván Herrera,/api/v1/people/671056,48,2,Catcher,Catcher,C,A,Active,hitting,True,,,,,,,,,,,,,,,,,,,11,22,18,0,2,0,0,0,1,2,8,0,.111,.190,.111,.301,.182,,
2022,138,St. Louis Cardinals,STL,National League,National League Central,663855,Jordan Hicks,/api/v1/people/663855,12,1,Pitcher,Pitcher,P,A,Active,pitching,True,35,8,3,6,0,8,61.1,46,33,33,35,63,5,4.84,1.32,,,1.80,,,,,,,,,,,,,,,,,,,
2022,138,St. Louis Cardinals,STL,National League,National League Central,641712,Dakota Hudson,/api/v1/people/641712,43,1,Pitcher,Pitcher,P,A,Active,pitching,True,27,26,8,7,0,0,139.2,141,71,69,61,78,9,4.45,1.45,,,1.28,,,,,,,,,,,,,,,,,,,
2022,138,St. Louis Cardinals,STL,National League,National League Central,668800,Andrew Knizner,/api/v1/people/668800,7,2,Catcher,Catcher,C,A,Active,hitting,True,,,,,,,,,,,,,,,,,,,97,293,260,28,56,10,0,4,25,26,62,0,.215,.301,.300,.601,.268,,
2022,138,St. Louis Cardinals,STL,National League,National League Central,669461,Matthew Liberatore,/api/v1/people/669461,52,1,Pitcher,Pitcher,P,A,Active,pitching,True,9,7,2,2,0,1,34.2,42,23,23,18,28,5,5.97,1.73,,,1.56,,,,,,,,,,,,,,,,,,,
2022,138,St. Louis Cardinals,STL,National League,National League Central,571927,Steven Matz,/api/v1/people/571927,32,1,Pitcher,Pitcher,P,A,Active,pitching,True,15,10,5,3,0,2,48.0,50,28,28,10,54,8,5.25,1.25,,,5.40,,,,,,,,,,,,,,,,,,,
2022,138,St. Louis Cardinals,STL,National League,National League Central,519008,T.J. McFarland,/api/v1/people/519008,,1,Pitcher,Pitcher,P,MIN,Minor League Contract,pitching,True,28,0,0,0,0,2,32.2,42,26,24,11,16,5,6.61,1.62,,,1.45,,,,,,,,,,,,,,,,,,,
2022,138,St. Louis Cardinals,STL,National League,National League Central,571945,Miles Mikolas,/api/v1/people/571945,39,1,Pitcher,Pitcher,P,A,Active,pitching,True,33,32,12,13,0,0,202.1,170,81,74,39,153,25,3.29,1.03,,,3.92,,,,,,,,,,,,,,,,,,,
2022,138,St. Louis Cardinals,STL,National League,National League Central,425877,Yadier Molina,/api/v1/people/425877,4,2,Catcher,Catcher,C,RET,Voluntarily Retired List,hitting,True,,,,,,,,,,,,,,,,,,,80,270,262,19,56,8,0,5,24,5,40,2,.214,.233,.302,.535,.234,,
2022,138,St. Louis Cardinals,STL,National League,National League Central,656756,Jordan Montgomery,/api/v1/people/656756,48,1,Pitcher,Pitcher,P,A,Active,pitching,True,32,32,9,6,0,0,178.1,159,72,69,36,158,21,3.48,1.09,,,4.39,,,,,,,,,,,,,,,,,,,
2022,138,St. Louis Cardinals,STL,National League,National League Central,664942,James Naile,/api/v1/people/664942,68,1,Pitcher,Pitcher,P,A,Active,pitching,True,7,0,0,0,0,0,9.0,8,5,5,2,5,2,5.00,1.11,,,2.50,,,,,,,,,,,,,,,,,,,
2022,138,St. Louis Cardinals,STL,National League,National League Central,676050,Packy Naughton,/api/v1/people/676050,70,1,Pitcher,Pitcher,P,A,Active,pitching,True,26,3,0,2,1,3,32.0,39,17,17,7,31,3,4.78,1.44,,,4.43,,,,,,,,,,,,,,,,,,,
2022,138,St. Louis Cardinals,STL,National League,National League Central,663457,Lars Nootbaar,/api/v1/people/663457,21,7,Outfielder,Outfielder,LF,A,Active,hitting,True,,,,,,,,,,,,,,,,,,,108,347,290,53,66,16,3,14,40,51,71,4,.228,.340,.448,.788,.248,,
2022,138,St. Louis Cardinals,STL,National League,National League Central,641933,Tyler O'Neill,/api/v1/people/641933,27,8,Outfielder,Outfielder,CF,A,Active,hitting,True,,,,,,,,,,,,,,,,,,,96,383,334,56,76,11,1,14,58,38,103,14,.228,.308,.392,.700,.277,,
2022,138,St. Louis Cardinals,STL,National League,National League Central,670912,Johan Oviedo,/api/v1/people/670912,59,1,Pitcher,Pitcher,P,TR,Traded,pitching,True,21,8,4,3,0,0,56.0,49,21,20,23,54,5,3.21,1.29,,,2.35,,,,,,,,,,,,,,,,,,,
2022,138,St. Louis Cardinals,STL,National League,National League Central,669467,Andre Pallante,/api/v1/people/669467,53,1,Pitcher,Pitcher,P,A,Active,pitching,True,47,10,6,5,0,9,108.0,113,39,38,40,73,9,3.17,1.42,,,1.83,,,,,,,,,,,,,,,,,,,
2022,138,St. Louis Cardinals,STL,National League,National League Central,405395,Albert Pujols,/api/v1/people/405395,5,10,Designated Hitter,Hitter,DH,RET,Voluntarily Retired List,hitting,True,,,,,,,,,,,,,,,,,,,109,351,307,42,83,14,0,24,68,28,55,1,.270,.345,.550,.895,.252,,
2022,138,St. Louis Cardinals,STL,National League,National League Central,500779,Jose Quintana,/api/v1/people/500779,62,1,Pitcher,Pitcher,P,A,Active,pitching,True,32,32,6,7,0,0,165.2,154,61,54,47,137,8,2.93,1.21,,,2.91,,,,,,,,,,,,,,,,,,,
2022,138,St. Louis Cardinals,STL,National League,National League Central,670298,Kramer Robertson,/api/v1/people/670298,71,6,Shortstop,Infielder,SS,NRI,Non-Roster Invitee,hitting,True,,,,,,,,,,,,,,,,,,,2,1,1,0,0,0,0,0,1,0,0,0,.000,.000,.000,.000,.000,,
2022,138,St. Louis Cardinals,STL,National League,National League Central,668941,JoJo Romero,/api/v1/people/668941,59,1,Pitcher,Pitcher,P,A,Active,pitching,True,17,0,0,0,0,0,16.1,13,9,9,10,17,3,4.96,1.41,,,1.70,,,,,,,,,,,,,,,,,,,
2022,138,St. Louis Cardinals,STL,National League,National League Central,519222,Austin Romine,/api/v1/people/519222,35,2,Catcher,Catcher,C,TR,Traded,hitting,True,,,,,,,,,,,,,,,,,,,51,136,129,10,20,3,0,3,9,4,46,0,.155,.187,.248,.435,.213,,
2022,138,St. Louis Cardinals,STL,National League,National League Central,667373,Angel Rondón,/api/v1/people/667373,60,1,Pitcher,Pitcher,P,CL,Claimed,pitching,True,1,0,1,0,0,0,5.0,1,0,0,3,4,0,0.00,0.80,,,1.33,,,,,,,,,,,,,,,,,,,
2022,138,St. Louis Cardinals,STL,National League,National League Central,624641,Edmundo Sosa,/api/v1/people/624641,63,6,Shortstop,Infielder,SS,TR,Traded,hitting,True,,,,,,,,,,,,,,,,,,,78,190,176,26,40,11,4,2,21,5,50,6,.227,.275,.369,.644,.304,,
2022,138,St. Louis Cardinals,STL,National League,National League Central,605486,Cory Spangenberg,/api/v1/people/605486,18,5,Third Base,Infielder,3B,MIN,Minor League Contract,hitting,True,,,,,,,,,,,,,,,,,,,1,0,0,0,0,0,0,0,0,0,0,0,.000,.000,.000,.000,.---,,
2022,138,St. Louis Cardinals,STL,National League,National League Central,608717,Chris Stratton,/api/v1/people/608717,30,1,Pitcher,Pitcher,P,A,Active,pitching,True,60,1,10,4,2,8,63.1,72,34,30,25,60,4,4.26,1.53,,,2.40,,,,,,,,,,,,,,,,,,,
2022,138,St. Louis Cardinals,STL,National League,National League Central,668868,Zack Thompson,/api/v1/people/668868,57,1,Pitcher,Pitcher,P,A,Active,pitching,True,22,1,1,1,1,1,34.2,20,9,8,14,27,3,2.08,0.98,,,1.93,,,,,,,,,,,,,,,,,,,
2022,138,St. Louis Cardinals,STL,National League,National League Central,572403,Drew VerHagen,/api/v1/people/572403,34,1,Pitcher,Pitcher,P,D60,Injured 60-Day,pitching,True,19,0,3,1,0,3,21.2,27,18,16,14,18,5,6.65,1.89,,,1.29,,,,,,,,,,,,,,,,,,,
2022,138,St. Louis Cardinals,STL,National League,National League Central,425794,Adam Wainwright,/api/v1/people/425794,50,1,Pitcher,Pitcher,P,A,Active,pitching,True,32,32,11,12,0,0,191.2,192,80,79,54,143,16,3.71,1.28,,,2.65,,,,,,,,,,,,,,,,,,,
2022,138,St. Louis Cardinals,STL,National League,National League Central,673904,Jake Walsh,/api/v1/people/673904,61,1,Pitcher,Pitcher,P,A,Active,pitching,True,3,0,0,1,0,0,2.2,3,4,4,2,5,0,13.50,1.88,,,2.50,,,,,,,,,,,,,,,,,,,
2022,138,St. Louis Cardinals,STL,National League,National League Central,676831,Kodi Whitley,/api/v1/people/676831,38,1,Pitcher,Pitcher,P,NRI,Non-Roster Invitee,pitching,True,14,0,2,0,0,1,12.2,11,8,8,9,12,2,5.68,1.58,,,1.33,,,,,,,,,,,,,,,,,,,
2022,138,St. Louis Cardinals,STL,National League,National League Central,621295,Nick Wittgren,/api/v1/people/621295,30,1,Pitcher,Pitcher,P,RL,Released,pitching,True,29,0,1,0,1,4,29.0,35,19,19,10,17,1,5.90,1.55,,,1.70,,,,,,,,,,,,,,,,,,,
2022,138,St. Louis Cardinals,STL,National League,National League Central,663765,Jake Woodford,/api/v1/people/663765,40,1,Pitcher,Pitcher,P,A,Active,pitching,True,27,1,4,0,0,1,48.1,43,13,12,11,24,1,2.23,1.12,,,2.18,,,,,,,,,,,,,,,,,,,
2022,138,St. Louis Cardinals,STL,National League,National League Central,660766,Juan Yepez,/api/v1/people/660766,36,7,Outfielder,Outfielder,LF,A,Active,hitting,True,,,,,,,,,,,,,,,,,,,76,274,253,27,64,13,0,12,30,16,61,0,.253,.296,.447,.743,.283,,
2022,139,Tampa Bay Rays,TB,American League,American League East,592094,Jason Adam,/api/v1/people/592094,47,1,Pitcher,Pitcher,P,A,Active,pitching,True,67,0,2,3,8,22,63.1,31,12,11,17,75,5,1.56,0.76,,,4.41,,,,,,,,,,,,,,,,,,,
2022,139,Tampa Bay Rays,TB,American League,American League East,666018,Jonathan Aranda,/api/v1/people/666018,62,4,Second Base,Infielder,2B,A,Active,hitting,True,,,,,,,,,,,,,,,,,,,32,87,78,10,15,4,0,2,6,8,23,0,.192,.276,.321,.597,.245,,
2022,139,Tampa Bay Rays,TB,American League,American League East,542888,Shawn Armstrong,/api/v1/people/542888,64,1,Pitcher,Pitcher,P,A,Active,pitching,True,50,3,2,3,2,2,61.2,66,32,30,17,66,7,4.38,1.35,,,3.88,,,,,,,,,,,,,,,,,,,
2022,139,Tampa Bay Rays,TB,American League,American League East,668227,Randy Arozarena,/api/v1/people/668227,56,7,Outfielder,Outfielder,LF,A,Active,hitting,True,,,,,,,,,,,,,,,,,,,153,645,586,72,154,41,3,20,89,46,156,32,.263,.327,.445,.772,.325,,
2022,139,Tampa Bay Rays,TB,American League,American League East,572703,Luke Bard,/api/v1/people/572703,46,1,Pitcher,Pitcher,P,CL,Claimed,pitching,True,9,0,1,1,0,0,15.0,7,3,3,7,8,0,1.80,0.93,,,1.14,,,,,,,,,,,,,,,,,,,
2022,139,Tampa Bay Rays,TB,American League,American League East,669358,Shane Baz,/api/v1/people/669358,11,1,Pitcher,Pitcher,P,D60,Injured 60-Day,pitching,True,6,6,1,2,0,0,27.0,27,15,15,9,30,5,5.00,1.33,,,3.33,,,,,,,,,,,,,,,,,,,
2022,139,Tampa Bay Rays,TB,American League,American League East,656222,Jalen Beeks,/api/v1/people/656222,68,1,Pitcher,Pitcher,P,A,Active,pitching,True,42,7,2,3,2,5,61.0,49,22,19,22,70,7,2.80,1.16,,,3.18,,,,,,,,,,,,,,,,,,,
2022,139,Tampa Bay Rays,TB,American League,American League East,542194,Christian Bethancourt,/api/v1/people/542194,14,2,Catcher,Catcher,C,A,Active,hitting,True,,,,,,,,,,,,,,,,,,,101,333,318,39,80,17,0,11,34,12,80,5,.252,.283,.409,.692,.304,,
2022,139,Tampa Bay Rays,TB,American League,American League East,660644,Vidal Bruján,/api/v1/people/660644,7,4,Second Base,Infielder,2B,A,Active,hitting,True,,,,,,,,,,,,,,,,,,,52,162,147,13,24,5,0,3,16,12,37,5,.163,.228,.259,.487,.193,,
2022,139,Tampa Bay Rays,TB,American League,American League East,644374,Yu Chang,/api/v1/people/644374,9,4,Second Base,Infielder,2B,CL,Claimed,hitting,True,,,,,,,,,,,,,,,,,,,69,190,168,19,35,6,0,4,15,16,59,0,.208,.289,.315,.604,.290,,
2022,139,Tampa Bay Rays,TB,American League,American League East,608638,JT Chargois,/api/v1/people/608638,84,1,Pitcher,Pitcher,P,A,Active,pitching,True,21,3,2,0,0,3,22.1,16,7,6,5,17,3,2.42,0.94,,,3.40,,,,,,,,,,,,,,,,,,,
2022,139,Tampa Bay Rays,TB,American League,American League East,630023,Yonny Chirinos,/api/v1/people/630023,72,1,Pitcher,Pitcher,P,A,Active,pitching,True,2,1,1,0,0,0,7.0,7,0,0,1,6,0,0.00,1.14,,,6.00,,,,,,,,,,,,,,,,,,,
2022,139,Tampa Bay Rays,TB,American League,American League East,596847,Ji Man Choi,/api/v1/people/596847,26,3,First Base,Infielder,1B,A,Active,hitting,True,,,,,,,,,,,,,,,,,,,113,419,356,36,83,22,0,11,52,58,123,0,.233,.341,.388,.729,.320,,
2022,139,Tampa Bay Rays,TB,American League,American League East,664076,Garrett Cleavinger,/api/v1/people/664076,60,1,Pitcher,Pitcher,P,A,Active,pitching,True,17,0,1,1,0,1,23.0,14,12,10,7,32,2,3.91,0.91,,,4.57,,,,,,,,,,,,,,,,,,,
2022,139,Tampa Bay Rays,TB,American League,American League East,681867,Cooper Criswell,/api/v1/people/681867,71,1,Pitcher,Pitcher,P,MIN,Minor League Contract,pitching,True,1,1,0,0,0,0,3.1,2,1,1,1,4,0,2.70,0.90,,,4.00,,,,,,,,,,,,,,,,,,,
2022,139,Tampa Bay Rays,TB,American League,American League East,650490,Yandy Díaz,/api/v1/people/650490,2,3,First Base,Infielder,1B,A,Active,hitting,True,,,,,,,,,,,,,,,,,,,137,558,473,71,140,33,0,9,57,78,60,3,.296,.401,.423,.824,.323,,
2022,139,Tampa Bay Rays,TB,American League,American League East,667498,Robert Dugger,/api/v1/people/667498,44,1,Pitcher,Pitcher,P,CL,Claimed,pitching,True,4,1,0,1,0,0,16.0,19,11,11,7,19,3,6.19,1.63,,,2.71,,,,,,,,,,,,,,,,,,,
2022,139,Tampa Bay Rays,TB,American League,American League East,664126,Pete Fairbanks,/api/v1/people/664126,29,1,Pitcher,Pitcher,P,A,Active,pitching,True,24,0,0,0,8,6,24.0,13,3,3,3,38,1,1.13,0.67,,,12.67,,,,,,,,,,,,,,,,,,,
2022,139,Tampa Bay Rays,TB,American League,American League East,676534,Calvin Faucher,/api/v1/people/676534,58,1,Pitcher,Pitcher,P,A,Active,pitching,True,22,0,2,3,1,2,21.1,26,16,13,10,21,4,5.48,1.69,,,2.10,,,,,,,,,,,,,,,,,,,
2022,139,Tampa Bay Rays,TB,American League,American League East,656420,J.P. Feyereisen,/api/v1/people/656420,34,1,Pitcher,Pitcher,P,D60,Injured 60-Day,pitching,True,22,2,4,0,1,7,24.1,7,1,0,5,25,0,0.00,0.49,,,5.00,,,,,,,,,,,,,,,,,,,
2022,139,Tampa Bay Rays,TB,American League,American League East,676596,Josh Fleming,/api/v1/people/676596,19,1,Pitcher,Pitcher,P,A,Active,pitching,True,10,3,2,5,0,0,35.0,54,36,25,12,29,5,6.43,1.89,,,2.42,,,,,,,,,,,,,,,,,,,
2022,139,Tampa Bay Rays,TB,American League,American League East,677551,Wander Franco,/api/v1/people/677551,5,6,Shortstop,Infielder,SS,A,Active,hitting,True,,,,,,,,,,,,,,,,,,,83,344,314,46,87,20,3,6,33,26,33,8,.277,.328,.417,.745,.290,,
2022,139,Tampa Bay Rays,TB,American League,American League East,621248,Ralph Garza Jr.,/api/v1/people/621248,61,1,Pitcher,Pitcher,P,MIN,Minor League Contract,pitching,True,19,0,2,2,0,0,35.0,38,14,13,16,17,4,3.34,1.54,,,1.06,,,,,,,,,,,,,,,,,,,
2022,139,Tampa Bay Rays,TB,American League,American League East,607192,Tyler Glasnow,/api/v1/people/607192,20,1,Pitcher,Pitcher,P,A,Active,pitching,True,2,2,0,0,0,0,6.2,4,1,1,2,10,1,1.35,0.90,,,5.00,,,,,,,,,,,,,,,,,,,
2022,139,Tampa Bay Rays,TB,American League,American League East,642770,Javy Guerra,/api/v1/people/642770,65,1,Pitcher,Pitcher,P,A,Active,pitching,True,18,0,2,1,0,3,18.0,16,11,10,11,10,3,5.00,1.50,,,0.91,,,,,,,,,,,,,,,,,,,
2022,139,Tampa Bay Rays,TB,American League,American League East,643361,Kevin Herget,/api/v1/people/643361,44,1,Pitcher,Pitcher,P,MIN,Minor League Contract,pitching,True,3,0,0,1,0,0,7.0,9,6,6,0,4,0,7.71,1.29,,,-.--,,,,,,,,,,,,,,,,,,,
2022,139,Tampa Bay Rays,TB,American League,American League East,595281,Kevin Kiermaier,/api/v1/people/595281,39,8,Outfielder,Outfielder,CF,D60,Injured 60-Day,hitting,True,,,,,,,,,,,,,,,,,,,63,221,206,28,47,8,0,7,22,14,61,6,.228,.281,.369,.650,.290,,
2022,139,Tampa Bay Rays,TB,American League,American League East,552640,Andrew Kittredge,/api/v1/people/552640,36,1,Pitcher,Pitcher,P,D60,Injured 60-Day,pitching,True,17,0,3,1,5,0,20.0,15,7,7,2,14,4,3.15,0.85,,,7.00,,,,,,,,,,,,,,,,,,,
2022,139,Tampa Bay Rays,TB,American League,American League East,446372,Corey Kluber,/api/v1/people/446372,28,1,Pitcher,Pitcher,P,A,Active,pitching,True,31,31,10,10,0,0,164.0,178,82,79,21,139,20,4.34,1.21,,,6.62,,,,,,,,,,,,,,,,,,,
2022,139,Tampa Bay Rays,TB,American League,American League East,643400,Dusten Knight,/api/v1/people/643400,76,1,Pitcher,Pitcher,P,MIN,Minor League Contract,pitching,True,6,0,0,1,0,0,11.0,11,8,7,4,9,4,5.73,1.36,,,2.25,,,,,,,,,,,,,,,,,,,
2022,139,Tampa Bay Rays,TB,American League,American League East,664040,Brandon Lowe,/api/v1/people/664040,8,4,Second Base,Infielder,2B,D60,Injured 60-Day,hitting,True,,,,,,,,,,,,,,,,,,,65,266,235,31,52,10,2,8,25,27,61,1,.221,.308,.383,.691,.263,,
2022,139,Tampa Bay Rays,TB,American League,American League East,666139,Josh Lowe,/api/v1/people/666139,15,9,Outfielder,Outfielder,RF,A,Active,hitting,True,,,,,,,,,,,,,,,,,,,52,198,181,24,40,12,2,2,13,15,66,3,.221,.284,.343,.627,.336,,
2022,139,Tampa Bay Rays,TB,American League,American League East,622534,Manuel Margot,/api/v1/people/622534,13,8,Outfielder,Outfielder,CF,A,Active,hitting,True,,,,,,,,,,,,,,,,,,,89,363,336,36,92,18,2,4,47,24,68,7,.274,.325,.375,.700,.332,,
2022,139,Tampa Bay Rays,TB,American League,American League East,670156,Miles Mastrobuoni,/api/v1/people/670156,78,4,Second Base,Infielder,2B,A,Active,hitting,True,,,,,,,,,,,,,,,,,,,8,17,16,1,3,0,0,0,0,1,6,1,.188,.235,.188,.423,.300,,
2022,139,Tampa Bay Rays,TB,American League,American League East,607391,Chris Mazza,/api/v1/people/607391,22,1,Pitcher,Pitcher,P,MIN,Minor League Contract,pitching,True,2,0,1,0,0,0,5.1,9,10,7,6,5,3,11.81,2.81,,,0.83,,,,,,,,,,,,,,,,,,,
2022,139,Tampa Bay Rays,TB,American League,American League East,663556,Shane McClanahan,/api/v1/people/663556,18,1,Pitcher,Pitcher,P,A,Active,pitching,True,28,28,12,8,0,0,166.1,116,52,47,38,194,19,2.54,0.93,,,5.11,,,,,,,,,,,,,,,,,,,
2022,139,Tampa Bay Rays,TB,American League,American League East,668834,Easton McGee,/api/v1/people/668834,73,1,Pitcher,Pitcher,P,CL,Claimed,pitching,True,1,0,0,0,0,0,3.0,4,1,0,0,1,0,0.00,1.33,,,-.--,,,,,,,,,,,,,,,,,,,
2022,139,Tampa Bay Rays,TB,American League,American League East,641853,David McKay,/api/v1/people/641853,74,1,Pitcher,Pitcher,P,CL,Claimed,pitching,True,4,0,0,0,0,0,6.2,8,5,5,4,3,1,6.75,1.80,,,0.75,,,,,,,,,,,,,,,,,,,
2022,139,Tampa Bay Rays,TB,American League,American League East,642336,Francisco Mejía,/api/v1/people/642336,21,2,Catcher,Catcher,C,A,Active,hitting,True,,,,,,,,,,,,,,,,,,,93,299,289,32,70,22,0,6,31,7,65,0,.242,.264,.381,.645,.292,,
2022,139,Tampa Bay Rays,TB,American League,American League East,642657,Cristofer Ogando,/api/v1/people/642657,75,1,Pitcher,Pitcher,P,MIN,Minor League Contract,pitching,True,3,0,0,0,0,0,4.1,4,2,2,1,2,0,4.15,1.15,,,2.00,,,,,,,,,,,,,,,,,,,
2022,139,Tampa Bay Rays,TB,American League,American League East,670623,Isaac Paredes,/api/v1/people/670623,17,5,Third Base,Infielder,3B,A,Active,hitting,True,,,,,,,,,,,,,,,,,,,111,381,331,48,68,16,0,20,45,44,67,0,.205,.304,.435,.739,.195,,
2022,139,Tampa Bay Rays,TB,American League,American League East,672715,Luis Patiño,/api/v1/people/672715,1,1,Pitcher,Pitcher,P,A,Active,pitching,True,6,6,1,2,0,0,20.0,26,18,18,13,11,6,8.10,1.95,,,0.85,,,,,,,,,,,,,,,,,,,
2022,139,Tampa Bay Rays,TB,American League,American League East,444482,David Peralta,/api/v1/people/444482,6,7,Outfielder,Outfielder,LF,A,Active,hitting,True,,,,,,,,,,,,,,,,,,,134,490,439,39,110,30,3,12,59,41,114,1,.251,.316,.415,.731,.307,,
2022,139,Tampa Bay Rays,TB,American League,American League East,621433,Brett Phillips,/api/v1/people/621433,35,9,Outfielder,Outfielder,RF,DES,Designated for Assignment,hitting,True,,,,,,,,,,,,,,,,,,,83,225,201,22,29,6,0,5,15,16,94,7,.144,.217,.249,.466,.233,,
2022,139,Tampa Bay Rays,TB,American League,American League East,650907,René Pinto,/api/v1/people/650907,50,2,Catcher,Catcher,C,A,Active,hitting,True,,,,,,,,,,,,,,,,,,,25,83,80,5,17,3,0,2,10,2,35,0,.213,.241,.325,.566,.349,,
2022,139,Tampa Bay Rays,TB,American League,American League East,621363,Colin Poche,/api/v1/people/621363,38,1,Pitcher,Pitcher,P,A,Active,pitching,True,65,0,4,2,7,23,58.2,46,30,26,22,64,11,3.99,1.16,,,2.91,,,,,,,,,,,,,,,,,,,
2022,139,Tampa Bay Rays,TB,American League,American League East,596451,Roman Quinn,/api/v1/people/596451,25,8,Outfielder,Outfielder,CF,A,Active,hitting,True,,,,,,,,,,,,,,,,,,,44,87,79,15,17,3,2,0,7,7,36,4,.215,.287,.304,.591,.395,,
2022,139,Tampa Bay Rays,TB,American League,American League East,548384,Brooks Raley,/api/v1/people/548384,30,1,Pitcher,Pitcher,P,A,Active,pitching,True,60,0,1,2,6,25,53.2,37,19,16,15,61,3,2.68,0.97,,,4.07,,,,,,,,,,,,,,,,,,,
2022,139,Tampa Bay Rays,TB,American League,American League East,670042,Luke Raley,/api/v1/people/670042,55,3,First Base,Infielder,1B,A,Active,hitting,True,,,,,,,,,,,,,,,,,,,22,72,61,7,12,2,0,1,4,7,24,0,.197,.306,.279,.585,.297,,
2022,139,Tampa Bay Rays,TB,American League,American League East,623912,Harold Ramírez,/api/v1/people/623912,87,10,Designated Hitter,Hitter,DH,A,Active,hitting,True,,,,,,,,,,,,,,,,,,,120,435,403,46,121,24,0,6,58,19,72,3,.300,.343,.404,.747,.350,,
2022,139,Tampa Bay Rays,TB,American League,American League East,656876,Drew Rasmussen,/api/v1/people/656876,57,1,Pitcher,Pitcher,P,A,Active,pitching,True,28,28,11,7,0,0,146.0,121,51,46,31,125,13,2.84,1.04,,,4.03,,,,,,,,,,,,,,,,,,,
2022,139,Tampa Bay Rays,TB,American League,American League East,676720,Tommy Romero,/api/v1/people/676720,52,1,Pitcher,Pitcher,P,CL,Claimed,pitching,True,4,2,1,1,0,0,8.1,11,12,10,9,7,7,10.80,2.40,,,0.78,,,,,,,,,,,,,,,,,,,
2022,139,Tampa Bay Rays,TB,American League,American League East,676637,Phoenix Sanders,/api/v1/people/676637,80,1,Pitcher,Pitcher,P,CL,Claimed,pitching,True,8,0,0,0,0,0,14.2,12,5,5,3,12,0,3.07,1.02,,,4.00,,,,,,,,,,,,,,,,,,,
2022,139,Tampa Bay Rays,TB,American League,American League East,642350,Jose Siri,/api/v1/people/642350,22,8,Outfielder,Outfielder,CF,A,Active,hitting,True,,,,,,,,,,,,,,,,,,,104,325,301,53,64,13,2,7,24,20,108,14,.213,.268,.339,.607,.305,,
2022,139,Tampa Bay Rays,TB,American League,American League East,605488,Jeffrey Springs,/api/v1/people/605488,59,1,Pitcher,Pitcher,P,A,Active,pitching,True,33,25,9,5,0,0,135.1,114,42,37,31,144,14,2.46,1.07,,,4.65,,,,,,,,,,,,,,,,,,,
2022,139,Tampa Bay Rays,TB,American League,American League East,657044,Ryan Thompson,/api/v1/people/657044,81,1,Pitcher,Pitcher,P,D60,Injured 60-Day,pitching,True,47,0,3,3,3,10,42.2,39,24,18,11,39,4,3.80,1.17,,,3.55,,,,,,,,,,,,,,,,,,,
2022,139,Tampa Bay Rays,TB,American League,American League East,670764,Taylor Walls,/api/v1/people/670764,0,6,Shortstop,Infielder,SS,A,Active,hitting,True,,,,,,,,,,,,,,,,,,,142,466,407,53,70,18,2,8,33,52,120,10,.172,.268,.285,.553,.221,,
2022,139,Tampa Bay Rays,TB,American League,American League East,605538,Matt Wisler,/api/v1/people/605538,37,1,Pitcher,Pitcher,P,RL,Released,pitching,True,39,5,3,3,1,7,44.0,30,18,11,14,35,6,2.25,1.00,,,2.50,,,,,,,,,,,,,,,,,,,
2022,139,Tampa Bay Rays,TB,American League,American League East,642231,Jimmy Yacabonis,/api/v1/people/642231,46,1,Pitcher,Pitcher,P,A,Active,pitching,True,14,1,1,1,0,0,14.0,20,15,13,10,21,4,8.36,2.14,,,2.10,,,,,,,,,,,,,,,,,,,
2022,139,Tampa Bay Rays,TB,American League,American League East,642232,Ryan Yarbrough,/api/v1/people/642232,48,1,Pitcher,Pitcher,P,A,Active,pitching,True,20,9,3,8,0,0,80.0,88,44,40,22,61,12,4.50,1.38,,,2.77,,,,,,,,,,,,,,,,,,,
2022,139,Tampa Bay Rays,TB,American League,American League East,572287,Mike Zunino,/api/v1/people/572287,10,2,Catcher,Catcher,C,D60,Injured 60-Day,hitting,True,,,,,,,,,,,,,,,,,,,36,123,115,7,17,3,0,5,16,6,46,0,.148,.195,.304,.499,.185,,
2022,140,Texas Rangers,TEX,American League,American League West,656061,Albert Abreu,/api/v1/people/656061,36,1,Pitcher,Pitcher,P,TR,Traded,pitching,True,33,0,2,2,0,1,38.2,35,15,14,22,38,5,3.26,1.47,,,1.73,,,,,,,,,,,,,,,,,,,
2022,140,Texas Rangers,TEX,American League,American League West,669935,A.J. Alexy,/api/v1/people/669935,62,1,Pitcher,Pitcher,P,A,Active,pitching,True,4,0,1,1,0,0,7.0,10,9,9,9,6,1,11.57,2.71,,,0.67,,,,,,,,,,,,,,,,,,,
2022,140,Texas Rangers,TEX,American League,American League West,663465,Kolby Allard,/api/v1/people/663465,39,1,Pitcher,Pitcher,P,A,Active,pitching,True,10,0,1,2,1,0,21.0,21,17,17,6,19,9,7.29,1.29,,,3.17,,,,,,,,,,,,,,,,,,,
2022,140,Texas Rangers,TEX,American League,American League West,685503,Kohei Arihara,/api/v1/people/685503,35,1,Pitcher,Pitcher,P,MIN,Minor League Contract,pitching,True,5,4,1,3,0,0,20.0,36,22,21,11,14,4,9.45,2.35,,,1.27,,,,,,,,,,,,,,,,,,,
2022,140,Texas Rangers,TEX,American League,American League West,669618,Joe Barlow,/api/v1/people/669618,68,1,Pitcher,Pitcher,P,A,Active,pitching,True,35,0,3,1,13,0,35.0,27,18,15,13,28,5,3.86,1.14,,,2.15,,,,,,,,,,,,,,,,,,,
2022,140,Texas Rangers,TEX,American League,American League West,656271,Brock Burke,/api/v1/people/656271,46,1,Pitcher,Pitcher,P,A,Active,pitching,True,52,0,7,5,0,9,82.1,63,25,18,24,90,9,1.97,1.06,,,3.75,,,,,,,,,,,,,,,,,,,
2022,140,Texas Rangers,TEX,American League,American League West,456713,Matt Bush,/api/v1/people/456713,51,1,Pitcher,Pitcher,P,TR,Traded,pitching,True,65,6,2,3,3,18,59.2,43,31,23,18,74,11,3.47,1.02,,,4.11,,,,,,,,,,,,,,,,,,,
2022,140,Texas Rangers,TEX,American League,American League West,594777,Kole Calhoun,/api/v1/people/594777,56,9,Outfielder,Outfielder,RF,A,Active,hitting,True,,,,,,,,,,,,,,,,,,,125,424,388,36,76,14,1,12,49,27,136,3,.196,.257,.330,.587,.263,,
2022,140,Texas Rangers,TEX,American League,American League West,641432,Willie Calhoun,/api/v1/people/641432,4,7,Outfielder,Outfielder,LF,TR,Traded,hitting,True,,,,,,,,,,,,,,,,,,,22,62,52,7,7,3,0,1,3,9,8,0,.135,.274,.250,.524,.140,,
2022,140,Texas Rangers,TEX,American League,American League West,518586,Charlie Culberson,/api/v1/people/518586,11,5,Third Base,Infielder,3B,A,Active,hitting,True,,,,,,,,,,,,,,,,,,,70,124,115,19,29,6,0,2,12,5,31,2,.252,.283,.357,.640,.329,,
2022,140,Texas Rangers,TEX,American League,American League West,621453,Steven Duggar,/api/v1/people/621453,9,8,Outfielder,Outfielder,CF,CL,Claimed,hitting,True,,,,,,,,,,,,,,,,,,,29,80,72,7,11,3,1,0,4,7,41,5,.153,.225,.222,.447,.344,,
2022,140,Texas Rangers,TEX,American League,American League West,641540,Dane Dunning,/api/v1/people/641540,33,1,Pitcher,Pitcher,P,A,Active,pitching,True,29,29,4,8,0,0,153.1,158,80,76,62,137,20,4.46,1.43,,,2.21,,,,,,,,,,,,,,,,,,,
2022,140,Texas Rangers,TEX,American League,American League West,677649,Ezequiel Duran,/api/v1/people/677649,70,5,Third Base,Infielder,3B,A,Active,hitting,True,,,,,,,,,,,,,,,,,,,58,220,208,25,49,10,1,5,25,12,54,4,.236,.277,.365,.642,.295,,
2022,140,Texas Rangers,TEX,American League,American League West,666969,Adolis García,/api/v1/people/666969,53,9,Outfielder,Outfielder,RF,A,Active,hitting,True,,,,,,,,,,,,,,,,,,,156,657,605,88,151,34,5,27,101,40,183,25,.250,.300,.456,.756,.309,,
2022,140,Texas Rangers,TEX,American League,American League West,641598,Mitch Garver,/api/v1/people/641598,18,10,Designated Hitter,Hitter,DH,D60,Injured 60-Day,hitting,True,,,,,,,,,,,,,,,,,,,54,215,188,23,39,7,0,10,24,23,53,1,.207,.298,.404,.702,.228,,
2022,140,Texas Rangers,TEX,American League,American League West,592351,Jon Gray,/api/v1/people/592351,22,1,Pitcher,Pitcher,P,A,Active,pitching,True,24,24,7,7,0,0,127.1,105,61,56,39,134,17,3.96,1.13,,,3.44,,,,,,,,,,,,,,,,,,,
2022,140,Texas Rangers,TEX,American League,American League West,621368,Taylor Hearn,/api/v1/people/621368,52,1,Pitcher,Pitcher,P,A,Active,pitching,True,31,13,6,8,1,2,100.0,107,60,57,43,97,11,5.13,1.50,,,2.26,,,,,,,,,,,,,,,,,,,
2022,140,Texas Rangers,TEX,American League,American League West,641680,Jonah Heim,/api/v1/people/641680,28,2,Catcher,Catcher,C,A,Active,hitting,True,,,,,,,,,,,,,,,,,,,127,450,406,51,92,20,1,16,48,41,87,2,.227,.298,.399,.697,.249,,
2022,140,Texas Rangers,TEX,American League,American League West,609274,Elier Hernandez,/api/v1/people/609274,38,O,Outfield,Outfielder,OF,MIN,Minor League Contract,hitting,True,,,,,,,,,,,,,,,,,,,14,35,33,4,6,2,0,0,3,1,15,0,.182,.200,.242,.442,.316,,
2022,140,Texas Rangers,TEX,American League,American League West,642546,Jonathan Hernández,/api/v1/people/642546,72,1,Pitcher,Pitcher,P,A,Active,pitching,True,29,0,2,3,4,3,30.1,26,14,10,17,27,2,2.97,1.42,,,1.59,,,,,,,,,,,,,,,,,,,
2022,140,Texas Rangers,TEX,American League,American League West,518813,Greg Holland,/api/v1/people/518813,40,1,Pitcher,Pitcher,P,MIN,Minor League Contract,pitching,True,5,0,0,1,0,0,4.2,6,5,4,1,5,3,7.71,1.50,,,5.00,,,,,,,,,,,,,,,,,,,
2022,140,Texas Rangers,TEX,American League,American League West,675921,Spencer Howard,/api/v1/people/675921,36,1,Pitcher,Pitcher,P,A,Active,pitching,True,10,8,2,4,0,0,37.2,50,33,31,15,32,12,7.41,1.73,,,2.13,,,,,,,,,,,,,,,,,,,
2022,140,Texas Rangers,TEX,American League,American League West,669087,Sam Huff,/api/v1/people/669087,55,2,Catcher,Catcher,C,A,Active,hitting,True,,,,,,,,,,,,,,,,,,,44,132,121,9,29,4,0,4,10,11,42,1,.240,.303,.372,.675,.333,,
2022,140,Texas Rangers,TEX,American League,American League West,628451,Andy Ibáñez,/api/v1/people/628451,77,5,Third Base,Infielder,3B,A,Active,hitting,True,,,,,,,,,,,,,,,,,,,40,128,119,13,26,4,0,1,9,9,21,3,.218,.273,.277,.550,.258,,
2022,140,Texas Rangers,TEX,American League,American League West,673962,Josh Jung,/api/v1/people/673962,6,5,Third Base,Infielder,3B,A,Active,hitting,True,,,,,,,,,,,,,,,,,,,26,102,98,9,20,4,1,5,14,4,39,2,.204,.235,.418,.653,.278,,
2022,140,Texas Rangers,TEX,American League,American League West,572971,Dallas Keuchel,/api/v1/people/572971,60,1,Pitcher,Pitcher,P,RL,Released,pitching,True,14,14,2,9,0,0,60.2,94,69,62,31,45,11,9.20,2.06,,,1.45,,,,,,,,,,,,,,,,,,,
2022,140,Texas Rangers,TEX,American League,American League West,667463,John King,/api/v1/people/667463,32,1,Pitcher,Pitcher,P,A,Active,pitching,True,39,0,1,4,0,8,51.1,61,27,23,14,30,5,4.03,1.46,,,2.14,,,,,,,,,,,,,,,,,,,
2022,140,Texas Rangers,TEX,American League,American League West,600917,José Leclerc,/api/v1/people/600917,25,1,Pitcher,Pitcher,P,A,Active,pitching,True,39,0,0,3,7,4,47.2,33,17,15,21,54,5,2.83,1.13,,,2.57,,,,,,,,,,,,,,,,,,,
2022,140,Texas Rangers,TEX,American League,American League West,663993,Nathaniel Lowe,/api/v1/people/663993,30,3,First Base,Infielder,1B,A,Active,hitting,True,,,,,,,,,,,,,,,,,,,157,645,593,74,179,26,3,27,76,48,147,2,.302,.358,.492,.850,.363,,
2022,140,Texas Rangers,TEX,American League,American League West,656685,Brett Martin,/api/v1/people/656685,59,1,Pitcher,Pitcher,P,A,Active,pitching,True,55,1,1,7,3,7,50.0,50,27,23,18,40,4,4.14,1.36,,,2.22,,,,,,,,,,,,,,,,,,,
2022,140,Texas Rangers,TEX,American League,American League West,664029,Mark Mathias,/api/v1/people/664029,9,4,Second Base,Infielder,2B,A,Active,hitting,True,,,,,,,,,,,,,,,,,,,30,91,81,13,20,3,0,6,20,9,30,3,.247,.319,.506,.825,.304,,
2022,140,Texas Rangers,TEX,American League,American League West,543543,Brad Miller,/api/v1/people/543543,13,7,Outfielder,Outfielder,LF,D60,Injured 60-Day,hitting,True,,,,,,,,,,,,,,,,,,,81,241,222,20,47,3,0,7,32,18,70,4,.212,.270,.320,.590,.274,,
2022,140,Texas Rangers,TEX,American League,American League West,668338,Tyson Miller,/api/v1/people/668338,76,1,Pitcher,Pitcher,P,A,Active,pitching,True,4,2,1,2,0,0,10.2,16,14,13,8,8,1,10.97,2.25,,,1.00,,,,,,,,,,,,,,,,,,,
2022,140,Texas Rangers,TEX,American League,American League West,519043,Matt Moore,/api/v1/people/519043,45,1,Pitcher,Pitcher,P,A,Active,pitching,True,63,0,5,2,5,14,74.0,49,20,16,38,83,3,1.95,1.18,,,2.18,,,,,,,,,,,,,,,,,,,
2022,140,Texas Rangers,TEX,American League,American League West,657248,Glenn Otto Jr.,/api/v1/people/657248,49,1,Pitcher,Pitcher,P,A,Active,pitching,True,27,27,7,10,0,0,135.2,119,74,70,62,107,21,4.64,1.33,,,1.73,,,,,,,,,,,,,,,,,,,
2022,140,Texas Rangers,TEX,American League,American League West,607359,Spencer Patton,/api/v1/people/607359,61,1,Pitcher,Pitcher,P,MIN,Minor League Contract,pitching,True,7,0,0,0,0,1,7.0,4,3,3,3,5,1,3.86,1.00,,,1.67,,,,,,,,,,,,,,,,,,,
2022,140,Texas Rangers,TEX,American League,American League West,527048,Martín Pérez,/api/v1/people/527048,54,1,Pitcher,Pitcher,P,A,Active,pitching,True,32,32,12,8,0,0,196.1,178,70,63,69,169,11,2.89,1.26,,,2.45,,,,,,,,,,,,,,,,,,,
2022,140,Texas Rangers,TEX,American League,American League West,608700,Kevin Plawecki,/api/v1/people/608700,23,2,Catcher,Catcher,C,A,Active,hitting,True,,,,,,,,,,,,,,,,,,,64,186,168,15,37,8,0,1,13,14,32,0,.220,.286,.286,.572,.265,,
2022,140,Texas Rangers,TEX,American League,American League West,666142,Cole Ragans,/api/v1/people/666142,50,1,Pitcher,Pitcher,P,A,Active,pitching,True,9,9,0,3,0,0,40.0,43,24,22,16,27,6,4.95,1.48,,,1.69,,,,,,,,,,,,,,,,,,,
2022,140,Texas Rangers,TEX,American League,American League West,676646,Zach Reks,/api/v1/people/676646,65,7,Outfielder,Outfielder,LF,RL,Released,hitting,True,,,,,,,,,,,,,,,,,,,16,34,34,3,9,1,0,0,3,0,10,0,.265,.265,.294,.559,.375,,
2022,140,Texas Rangers,TEX,American League,American League West,572070,Garrett Richards,/api/v1/people/572070,43,1,Pitcher,Pitcher,P,RL,Released,pitching,True,32,2,1,1,1,3,42.2,44,28,25,13,36,3,5.27,1.34,,,2.77,,,,,,,,,,,,,,,,,,,
2022,140,Texas Rangers,TEX,American League,American League West,666720,Yerry Rodríguez,/api/v1/people/666720,51,1,Pitcher,Pitcher,P,A,Active,pitching,True,1,0,0,0,0,1,1.0,1,0,0,0,1,0,0.00,1.00,,,-.--,,,,,,,,,,,,,,,,,,,
2022,140,Texas Rangers,TEX,American League,American League West,642701,Dennis Santana,/api/v1/people/642701,19,1,Pitcher,Pitcher,P,A,Active,pitching,True,63,1,3,8,1,20,58.2,50,39,34,28,54,2,5.22,1.33,,,1.93,,,,,,,,,,,,,,,,,,,
2022,140,Texas Rangers,TEX,American League,American League West,622250,Josh Sborz,/api/v1/people/622250,66,1,Pitcher,Pitcher,P,D60,Injured 60-Day,pitching,True,19,1,1,0,0,1,22.1,25,16,16,11,32,4,6.45,1.61,,,2.91,,,,,,,,,,,,,,,,,,,
2022,140,Texas Rangers,TEX,American League,American League West,608369,Corey Seager,/api/v1/people/608369,5,6,Shortstop,Infielder,SS,A,Active,hitting,True,,,,,,,,,,,,,,,,,,,151,663,593,91,145,24,1,33,83,58,103,3,.245,.317,.455,.772,.242,,
2022,140,Texas Rangers,TEX,American League,American League West,543760,Marcus Semien,/api/v1/people/543760,2,4,Second Base,Infielder,2B,A,Active,hitting,True,,,,,,,,,,,,,,,,,,,161,724,657,101,163,31,5,26,83,53,120,25,.248,.304,.429,.733,.263,,
2022,140,Texas Rangers,TEX,American League,American League West,669701,Josh Smith,/api/v1/people/669701,47,6,Shortstop,Infielder,SS,A,Active,hitting,True,,,,,,,,,,,,,,,,,,,73,253,213,23,42,5,0,2,16,28,50,4,.197,.307,.249,.556,.244,,
2022,140,Texas Rangers,TEX,American League,American League West,676766,Nick Snyder,/api/v1/people/676766,57,1,Pitcher,Pitcher,P,A,Active,pitching,True,2,0,0,0,0,0,1.0,1,2,2,3,0,0,18.00,4.00,,,0.00,,,,,,,,,,,,,,,,,,,
2022,140,Texas Rangers,TEX,American League,American League West,669256,Nick Solak,/api/v1/people/669256,15,7,Outfielder,Outfielder,LF,D60,Injured 60-Day,hitting,True,,,,,,,,,,,,,,,,,,,35,95,82,14,17,1,0,3,4,7,19,3,.207,.309,.329,.638,.233,,
2022,140,Texas Rangers,TEX,American League,American League West,665750,Leody Taveras,/api/v1/people/665750,3,8,Outfielder,Outfielder,CF,A,Active,hitting,True,,,,,,,,,,,,,,,,,,,99,341,314,39,82,14,2,5,34,21,88,11,.261,.309,.366,.675,.344,,
2022,140,Texas Rangers,TEX,American League,American League West,669352,Bubba Thompson,/api/v1/people/669352,65,7,Outfielder,Outfielder,LF,A,Active,hitting,True,,,,,,,,,,,,,,,,,,,55,181,170,18,45,5,0,1,9,7,56,18,.265,.302,.312,.614,.389,,
2022,140,Texas Rangers,TEX,American League,American League West,622786,Jesus Tinoco,/api/v1/people/622786,63,1,Pitcher,Pitcher,P,A,Active,pitching,True,17,2,0,0,0,4,20.2,12,5,5,10,18,2,2.18,1.06,,,1.80,,,,,,,,,,,,,,,,,,,
2022,140,Texas Rangers,TEX,American League,American League West,650619,Meibrys Viloria,/api/v1/people/650619,20,2,Catcher,Catcher,C,A,Active,hitting,True,,,,,,,,,,,,,,,,,,,26,75,63,10,10,1,0,2,5,11,29,0,.159,.280,.270,.550,.242,,
2022,140,Texas Rangers,TEX,American League,American League West,667727,Steele Walker,/api/v1/people/667727,40,7,Outfielder,Outfielder,LF,CL,Claimed,hitting,True,,,,,,,,,,,,,,,,,,,5,16,14,1,1,0,0,1,1,2,4,0,.071,.188,.286,.474,.000,,
2022,140,Texas Rangers,TEX,American League,American League West,642201,Eli White,/api/v1/people/642201,41,8,Outfielder,Outfielder,CF,D60,Injured 60-Day,hitting,True,,,,,,,,,,,,,,,,,,,47,117,105,16,21,2,0,3,10,11,41,12,.200,.274,.305,.579,.290,,
2022,141,Toronto Blue Jays,TOR,American League,American League East,641312,Shaun Anderson,/api/v1/people/641312,64,1,Pitcher,Pitcher,P,MIN,Minor League Contract,pitching,True,1,0,0,0,0,0,1.0,4,2,2,0,0,0,18.00,4.00,,,-.--,,,,,,,,,,,,,,,,,,,
2022,141,Toronto Blue Jays,TOR,American League,American League East,607455,Anthony Banda,/api/v1/people/607455,43,1,Pitcher,Pitcher,P,MIN,Minor League Contract,pitching,True,32,1,1,1,0,2,26.2,43,20,20,13,30,4,6.75,2.10,,,2.31,,,,,,,,,,,,,,,,,,,
2022,141,Toronto Blue Jays,TOR,American League,American League East,542914,Anthony Bass,/api/v1/people/542914,52,1,Pitcher,Pitcher,P,A,Active,pitching,True,73,0,4,3,0,23,70.1,51,15,12,20,73,6,1.54,1.01,,,3.65,,,,,,,,,,,,,,,,,,,
2022,141,Toronto Blue Jays,TOR,American League,American League East,676886,Jeremy Beasley,/api/v1/people/676886,38,1,Pitcher,Pitcher,P,TR,Traded,pitching,True,9,0,0,0,0,1,15.0,14,9,8,5,19,4,4.80,1.27,,,3.80,,,,,,,,,,,,,,,,,,,
2022,141,Toronto Blue Jays,TOR,American League,American League East,621244,José Berríos,/api/v1/people/621244,17,1,Pitcher,Pitcher,P,A,Active,pitching,True,32,32,12,7,0,0,172.0,199,103,100,45,149,29,5.23,1.42,,,3.31,,,,,,,,,,,,,,,,,,,
2022,141,Toronto Blue Jays,TOR,American League,American League East,666182,Bo Bichette,/api/v1/people/666182,11,6,Shortstop,Infielder,SS,A,Active,hitting,True,,,,,,,,,,,,,,,,,,,159,697,652,91,189,43,1,24,93,41,155,13,.290,.333,.469,.802,.347,,
2022,141,Toronto Blue Jays,TOR,American League,American League East,624415,Cavan Biggio,/api/v1/people/624415,8,4,Second Base,Infielder,2B,A,Active,hitting,True,,,,,,,,,,,,,,,,,,,97,303,257,43,52,18,1,6,24,38,85,2,.202,.318,.350,.668,.275,,
2022,141,Toronto Blue Jays,TOR,American League,American League East,621366,Ryan Borucki,/api/v1/people/621366,56,1,Pitcher,Pitcher,P,TR,Traded,pitching,True,32,0,2,0,0,6,25.1,24,16,16,11,21,6,5.68,1.38,,,1.91,,,,,,,,,,,,,,,,,,,
2022,141,Toronto Blue Jays,TOR,American League,American League East,598265,Jackie Bradley Jr.,/api/v1/people/598265,25,8,Outfielder,Outfielder,CF,A,Active,hitting,True,,,,,,,,,,,,,,,,,,,132,370,344,30,70,23,1,4,38,24,77,2,.203,.255,.311,.566,.251,,
2022,141,Toronto Blue Jays,TOR,American League,American League East,681962,Vinny Capra,/api/v1/people/681962,44,5,Third Base,Infielder,3B,D60,Injured 60-Day,hitting,True,,,,,,,,,,,,,,,,,,,8,7,5,2,1,0,0,0,0,2,1,0,.200,.429,.200,.629,.250,,
2022,141,Toronto Blue Jays,TOR,American League,American League East,666721,Max Castillo,/api/v1/people/666721,60,1,Pitcher,Pitcher,P,TR,Traded,pitching,True,14,6,0,2,0,0,39.1,38,28,26,15,37,8,5.95,1.35,,,2.47,,,,,,,,,,,,,,,,,,,
2022,141,Toronto Blue Jays,TOR,American League,American League East,656305,Matt Chapman,/api/v1/people/656305,26,5,Third Base,Infielder,3B,A,Active,hitting,True,,,,,,,,,,,,,,,,,,,155,621,538,83,123,27,1,27,76,68,170,2,.229,.324,.433,.757,.277,,
2022,141,Toronto Blue Jays,TOR,American League,American League East,643256,Adam Cimber,/api/v1/people/643256,90,1,Pitcher,Pitcher,P,A,Active,pitching,True,77,0,10,6,4,19,70.2,66,28,22,13,58,6,2.80,1.12,,,4.46,,,,,,,,,,,,,,,,,,,
2022,141,Toronto Blue Jays,TOR,American League,American League East,641470,Zack Collins,/api/v1/people/641470,21,2,Catcher,Catcher,C,CL,Claimed,hitting,True,,,,,,,,,,,,,,,,,,,36,108,97,9,15,4,0,4,11,9,41,0,.155,.231,.320,.551,.208,,
2022,141,Toronto Blue Jays,TOR,American League,American League East,669289,Santiago Espinal,/api/v1/people/669289,5,4,Second Base,Infielder,2B,A,Active,hitting,True,,,,,,,,,,,,,,,,,,,135,491,449,51,120,25,0,7,51,36,68,6,.267,.322,.370,.692,.300,,
2022,141,Toronto Blue Jays,TOR,American League,American League East,670102,Bowden Francis,/api/v1/people/670102,59,1,Pitcher,Pitcher,P,MIN,Minor League Contract,pitching,True,1,0,0,0,0,0,0.2,1,0,0,0,1,0,0.00,1.50,,,-.--,,,,,,,,,,,,,,,,,,,
2022,141,Toronto Blue Jays,TOR,American League,American League East,657424,Matt Gage,/api/v1/people/657424,91,1,Pitcher,Pitcher,P,RM,Reassigned to Minors,pitching,True,11,0,0,1,0,0,13.0,6,4,2,6,12,1,1.38,0.92,,,2.00,,,,,,,,,,,,,,,,,,,
2022,141,Toronto Blue Jays,TOR,American League,American League East,554340,Yimi García,/api/v1/people/554340,93,1,Pitcher,Pitcher,P,A,Active,pitching,True,61,0,4,5,1,23,61.0,48,26,21,16,58,6,3.10,1.05,,,3.63,,,,,,,,,,,,,,,,,,,
2022,141,Toronto Blue Jays,TOR,American League,American League East,592332,Kevin Gausman,/api/v1/people/592332,34,1,Pitcher,Pitcher,P,A,Active,pitching,True,31,31,12,10,0,0,174.2,188,72,65,28,205,15,3.35,1.24,,,7.32,,,,,,,,,,,,,,,,,,,
2022,141,Toronto Blue Jays,TOR,American League,American League East,656492,Foster Griffin,/api/v1/people/656492,60,1,Pitcher,Pitcher,P,A,Active,pitching,True,6,0,0,0,0,0,6.1,7,7,6,5,4,0,8.53,1.89,,,0.80,,,,,,,,,,,,,,,,,,,
2022,141,Toronto Blue Jays,TOR,American League,American League East,665489,Vladimir Guerrero Jr.,/api/v1/people/665489,27,3,First Base,Infielder,1B,A,Active,hitting,True,,,,,,,,,,,,,,,,,,,160,706,638,90,175,35,0,32,97,58,116,8,.274,.339,.480,.819,.289,,
2022,141,Toronto Blue Jays,TOR,American League,American League East,666971,Lourdes Gurriel Jr.,/api/v1/people/666971,13,7,Outfielder,Outfielder,LF,A,Active,hitting,True,,,,,,,,,,,,,,,,,,,121,493,453,52,132,32,1,5,52,31,83,3,.291,.343,.400,.743,.346,,
2022,141,Toronto Blue Jays,TOR,American League,American League East,641672,Thomas Hatch,/api/v1/people/641672,31,1,Pitcher,Pitcher,P,A,Active,pitching,True,1,1,0,1,0,0,4.2,12,10,10,2,4,3,19.29,3.00,,,2.00,,,,,,,,,,,,,,,,,,,
2022,141,Toronto Blue Jays,TOR,American League,American League East,623168,Tyler Heineman,/api/v1/people/623168,22,2,Catcher,Catcher,C,CL,Claimed,hitting,True,,,,,,,,,,,,,,,,,,,62,174,157,16,34,8,0,0,9,8,17,1,.217,.276,.268,.544,.243,,
2022,141,Toronto Blue Jays,TOR,American League,American League East,606192,Teoscar Hernández,/api/v1/people/606192,37,9,Outfielder,Outfielder,RF,A,Active,hitting,True,,,,,,,,,,,,,,,,,,,131,535,499,71,133,35,1,25,77,34,152,6,.267,.316,.491,.807,.335,,
2022,141,Toronto Blue Jays,TOR,American League,American League East,643376,Danny Jansen,/api/v1/people/643376,9,2,Catcher,Catcher,C,A,Active,hitting,True,,,,,,,,,,,,,,,,,,,72,248,215,34,56,10,0,15,44,25,44,1,.260,.339,.516,.855,.255,,
2022,141,Toronto Blue Jays,TOR,American League,American League East,641741,Gosuke Katoh,/api/v1/people/641741,29,4,Second Base,Infielder,2B,CL,Claimed,hitting,True,,,,,,,,,,,,,,,,,,,8,11,7,2,1,1,0,0,0,3,1,0,.143,.400,.286,.686,.167,,
2022,141,Toronto Blue Jays,TOR,American League,American League East,641743,Anthony Kay,/api/v1/people/641743,47,1,Pitcher,Pitcher,P,A,Active,pitching,True,1,0,0,0,0,0,2.0,2,1,1,1,3,0,4.50,1.50,,,3.00,,,,,,,,,,,,,,,,,,,
2022,141,Toronto Blue Jays,TOR,American League,American League East,579328,Yusei Kikuchi,/api/v1/people/579328,16,1,Pitcher,Pitcher,P,D15,Injured 15-Day,pitching,True,32,20,6,7,1,0,100.2,93,67,58,58,124,23,5.19,1.50,,,2.14,,,,,,,,,,,,,,,,,,,
2022,141,Toronto Blue Jays,TOR,American League,American League East,672386,Alejandro Kirk,/api/v1/people/672386,30,2,Catcher,Catcher,C,A,Active,hitting,True,,,,,,,,,,,,,,,,,,,139,541,470,59,134,19,0,14,63,63,58,0,.285,.372,.415,.787,.299,,
2022,141,Toronto Blue Jays,TOR,American League,American League East,596271,Casey Lawrence,/api/v1/people/596271,62,1,Pitcher,Pitcher,P,A,Active,pitching,True,6,0,0,1,0,0,18.0,23,15,15,4,11,5,7.50,1.50,,,2.75,,,,,,,,,,,,,,,,,,,
2022,141,Toronto Blue Jays,TOR,American League,American League East,672640,Otto Lopez,/api/v1/people/672640,51,6,Shortstop,Infielder,SS,A,Active,hitting,True,,,,,,,,,,,,,,,,,,,8,10,9,0,6,0,0,0,3,1,1,0,.667,.700,.667,1.367,.750,,
2022,141,Toronto Blue Jays,TOR,American League,American League East,666201,Alek Manoah,/api/v1/people/666201,6,1,Pitcher,Pitcher,P,A,Active,pitching,True,31,31,16,7,0,0,196.2,144,55,49,51,180,16,2.24,0.99,,,3.53,,,,,,,,,,,,,,,,,,,
2022,141,Toronto Blue Jays,TOR,American League,American League East,641835,Tim Mayza,/api/v1/people/641835,58,1,Pitcher,Pitcher,P,A,Active,pitching,True,63,0,8,1,2,17,48.2,42,19,17,12,44,7,3.14,1.11,,,3.67,,,,,,,,,,,,,,,,,,,
2022,141,Toronto Blue Jays,TOR,American League,American League East,593160,Whit Merrifield,/api/v1/people/593160,1,8,Outfielder,Outfielder,CF,A,Active,hitting,True,,,,,,,,,,,,,,,,,,,139,550,504,70,126,28,1,11,58,38,85,16,.250,.298,.375,.673,.276,,
2022,141,Toronto Blue Jays,TOR,American League,American League East,657240,Julian Merryweather,/api/v1/people/657240,67,1,Pitcher,Pitcher,P,A,Active,pitching,True,26,1,0,3,0,1,26.2,31,20,20,7,23,4,6.75,1.43,,,3.29,,,,,,,,,,,,,,,,,,,
2022,141,Toronto Blue Jays,TOR,American League,American League East,672515,Gabriel Moreno,/api/v1/people/672515,55,2,Catcher,Catcher,C,A,Active,hitting,True,,,,,,,,,,,,,,,,,,,25,73,69,10,22,1,0,1,7,4,8,0,.319,.356,.377,.733,.350,,
2022,141,Toronto Blue Jays,TOR,American League,American League East,475479,David Phelps,/api/v1/people/475479,35,1,Pitcher,Pitcher,P,A,Active,pitching,True,65,1,0,2,1,9,63.2,52,22,20,31,64,2,2.83,1.30,,,2.06,,,,,,,,,,,,,,,,,,,
2022,141,Toronto Blue Jays,TOR,American League,American League East,647315,Zach Pop,/api/v1/people/647315,56,1,Pitcher,Pitcher,P,A,Active,pitching,True,35,0,4,0,0,3,39.0,41,13,12,4,25,2,2.77,1.15,,,6.25,,,,,,,,,,,,,,,,,,,
2022,141,Toronto Blue Jays,TOR,American League,American League East,670950,Trevor Richards,/api/v1/people/670950,33,1,Pitcher,Pitcher,P,A,Active,pitching,True,62,4,3,2,0,8,64.0,57,41,38,35,82,9,5.34,1.44,,,2.34,,,,,,,,,,,,,,,,,,,
2022,141,Toronto Blue Jays,TOR,American League,American League East,605447,Jordan Romano,/api/v1/people/605447,68,1,Pitcher,Pitcher,P,A,Active,pitching,True,63,0,5,4,36,3,64.0,44,18,15,21,73,4,2.11,1.02,,,3.48,,,,,,,,,,,,,,,,,,,
2022,141,Toronto Blue Jays,TOR,American League,American League East,489265,Sergio Romo,/api/v1/people/489265,54,1,Pitcher,Pitcher,P,MIN,Minor League Contract,pitching,True,23,0,0,1,0,4,18.0,19,16,15,6,14,7,7.50,1.39,,,2.33,,,,,,,,,,,,,,,,,,,
2022,141,Toronto Blue Jays,TOR,American League,American League East,547943,Hyun Jin Ryu,/api/v1/people/547943,99,1,Pitcher,Pitcher,P,D60,Injured 60-Day,pitching,True,6,6,2,0,0,0,27.0,32,17,17,4,16,5,5.67,1.33,,,4.00,,,,,,,,,,,,,,,,,,,
2022,141,Toronto Blue Jays,TOR,American League,American League East,642048,Tayler Saucedo,/api/v1/people/642048,46,1,Pitcher,Pitcher,P,D60,Injured 60-Day,pitching,True,4,0,0,0,0,0,2.2,6,4,4,1,0,3,13.50,2.63,,,0.00,,,,,,,,,,,,,,,,,,,
2022,141,Toronto Blue Jays,TOR,American League,American League East,543807,George Springer,/api/v1/people/543807,4,9,Outfielder,Outfielder,RF,A,Active,hitting,True,,,,,,,,,,,,,,,,,,,133,583,513,89,137,22,4,25,76,54,100,14,.267,.342,.472,.814,.285,,
2022,141,Toronto Blue Jays,TOR,American League,American League East,548389,Ross Stripling,/api/v1/people/548389,48,1,Pitcher,Pitcher,P,A,Active,pitching,True,32,24,10,4,1,0,134.1,117,49,45,20,111,12,3.01,1.02,,,5.55,,,,,,,,,,,,,,,,,,,
2022,141,Toronto Blue Jays,TOR,American League,American League East,606132,Raimel Tapia,/api/v1/people/606132,15,7,Outfielder,Outfielder,LF,A,Active,hitting,True,,,,,,,,,,,,,,,,,,,128,433,411,47,109,20,3,7,52,16,81,8,.265,.292,.380,.672,.315,,
2022,141,Toronto Blue Jays,TOR,American League,American League East,663423,Trent Thornton,/api/v1/people/663423,57,1,Pitcher,Pitcher,P,A,Active,pitching,True,32,0,0,2,0,3,46.0,40,21,21,17,37,7,4.11,1.24,,,2.18,,,,,,,,,,,,,,,,,,,
2022,141,Toronto Blue Jays,TOR,American League,American League East,607755,Andrew Vasquez,/api/v1/people/607755,50,1,Pitcher,Pitcher,P,CL,Claimed,pitching,True,10,0,0,0,0,0,8.2,6,6,6,4,10,1,6.23,1.15,,,2.50,,,,,,,,,,,,,,,,,,,
2022,141,Toronto Blue Jays,TOR,American League,American League East,669952,Mitch White,/api/v1/people/669952,45,1,Pitcher,Pitcher,P,A,Active,pitching,True,25,18,1,7,0,0,99.0,110,62,60,35,78,9,5.45,1.46,,,2.23,,,,,,,,,,,,,,,,,,,
2022,141,Toronto Blue Jays,TOR,American League,American League East,605548,Bradley Zimmer,/api/v1/people/605548,7,8,Outfielder,Outfielder,CF,A,Active,hitting,True,,,,,,,,,,,,,,,,,,,109,117,105,18,13,5,0,2,5,5,45,3,.124,.207,.229,.436,.190,,
2022,142,Minnesota Twins,MIN,American League,American League Central,660896,Jorge Alcala,/api/v1/people/660896,66,1,Pitcher,Pitcher,P,D60,Injured 60-Day,pitching,True,2,0,0,0,0,0,2.1,2,0,0,2,2,0,0.00,1.71,,,1.00,,,,,,,,,,,,,,,,,,,
2022,142,Minnesota Twins,MIN,American League,American League Central,502042,Chris Archer,/api/v1/people/502042,17,1,Pitcher,Pitcher,P,A,Active,pitching,True,25,25,2,8,0,0,102.2,87,56,52,48,84,12,4.56,1.31,,,1.75,,,,,,,,,,,,,,,,,,,
2022,142,Minnesota Twins,MIN,American League,American League Central,650333,Luis Arraez,/api/v1/people/650333,2,3,First Base,Infielder,1B,A,Active,hitting,True,,,,,,,,,,,,,,,,,,,144,603,547,88,173,31,1,8,49,50,43,4,.316,.375,.420,.795,.331,,
2022,142,Minnesota Twins,MIN,American League,American League Central,542921,Tim Beckham,/api/v1/people/542921,9,6,Shortstop,Infielder,SS,MIN,Minor League Contract,hitting,True,,,,,,,,,,,,,,,,,,,12,25,25,1,2,0,0,0,1,0,9,0,.080,.080,.080,.160,.125,,
2022,142,Minnesota Twins,MIN,American League,American League Central,605164,Dylan Bundy,/api/v1/people/605164,37,1,Pitcher,Pitcher,P,A,Active,pitching,True,29,29,8,8,0,0,140.0,151,79,76,28,94,24,4.89,1.28,,,3.36,,,,,,,,,,,,,,,,,,,
2022,142,Minnesota Twins,MIN,American League,American League Central,621439,Byron Buxton,/api/v1/people/621439,25,10,Designated Hitter,Hitter,DH,A,Active,hitting,True,,,,,,,,,,,,,,,,,,,92,382,340,61,76,13,3,28,51,34,116,6,.224,.306,.526,.832,.244,,
2022,142,Minnesota Twins,MIN,American League,American League Central,666974,Yennier Cano,/api/v1/people/666974,99,1,Pitcher,Pitcher,P,TR,Traded,pitching,True,13,0,1,1,0,0,18.0,26,23,23,16,21,3,11.50,2.33,,,1.31,,,,,,,,,,,,,,,,,,,
2022,142,Minnesota Twins,MIN,American League,American League Central,595909,Jake Cave,/api/v1/people/595909,8,7,Outfielder,Outfielder,LF,CL,Claimed,hitting,True,,,,,,,,,,,,,,,,,,,54,177,164,17,35,7,3,5,20,11,49,2,.213,.260,.384,.644,.268,,
2022,142,Minnesota Twins,MIN,American League,American League Central,665482,Gilberto Celestino,/api/v1/people/665482,67,8,Outfielder,Outfielder,CF,A,Active,hitting,True,,,,,,,,,,,,,,,,,,,122,347,311,30,74,12,1,2,24,32,77,4,.238,.313,.302,.615,.310,,
2022,142,Minnesota Twins,MIN,American League,American League Central,676628,Mark Contreras,/api/v1/people/676628,55,7,Outfielder,Outfielder,LF,A,Active,hitting,True,,,,,,,,,,,,,,,,,,,28,61,58,9,7,1,0,3,6,1,21,1,.121,.148,.293,.441,.114,,
2022,142,Minnesota Twins,MIN,American League,American League Central,621043,Carlos Correa,/api/v1/people/621043,4,6,Shortstop,Infielder,SS,A,Active,hitting,True,,,,,,,,,,,,,,,,,,,136,590,522,70,152,24,1,22,64,61,121,0,.291,.366,.467,.833,.339,,
2022,142,Minnesota Twins,MIN,American League,American League Central,605194,Jharel Cotton,/api/v1/people/605194,45,1,Pitcher,Pitcher,P,CL,Claimed,pitching,True,30,0,4,2,0,2,43.0,34,20,17,20,39,7,3.56,1.26,,,1.95,,,,,,,,,,,,,,,,,,,
2022,142,Minnesota Twins,MIN,American League,American League Central,543056,Danny Coulombe,/api/v1/people/543056,53,1,Pitcher,Pitcher,P,A,Active,pitching,True,10,0,0,0,0,0,12.1,7,3,2,9,9,0,1.46,1.30,,,1.00,,,,,,,,,,,,,,,,,,,
2022,142,Minnesota Twins,MIN,American League,American League Central,656354,Austin Davis,/api/v1/people/656354,21,1,Pitcher,Pitcher,P,MIN,Minor League Contract,pitching,True,52,3,2,1,0,3,56.0,57,39,36,33,64,5,5.79,1.61,,,1.94,,,,,,,,,,,,,,,,,,,
2022,142,Minnesota Twins,MIN,American League,American League Central,608648,Tyler Duffey,/api/v1/people/608648,21,1,Pitcher,Pitcher,P,RL,Released,pitching,True,40,0,2,4,2,9,44.0,45,24,24,15,39,8,4.91,1.36,,,2.60,,,,,,,,,,,,,,,,,,,
2022,142,Minnesota Twins,MIN,American League,American League Central,661395,Jhoan Duran,/api/v1/people/661395,59,1,Pitcher,Pitcher,P,A,Active,pitching,True,57,0,2,4,8,18,67.2,50,15,14,16,89,6,1.86,0.98,,,5.56,,,,,,,,,,,,,,,,,,,
2022,142,Minnesota Twins,MIN,American League,American League Central,605242,Michael Fulmer,/api/v1/people/605242,52,1,Pitcher,Pitcher,P,A,Active,pitching,True,67,0,5,6,3,25,63.2,59,27,24,28,61,4,3.39,1.37,,,2.18,,,,,,,,,,,,,,,,,,,
2022,142,Minnesota Twins,MIN,American League,American League Central,664247,Kyle Garlick,/api/v1/people/664247,30,7,Outfielder,Outfielder,LF,D10,Injured 10-Day,hitting,True,,,,,,,,,,,,,,,,,,,66,162,150,23,35,3,0,9,18,8,48,0,.233,.284,.433,.717,.277,,
2022,142,Minnesota Twins,MIN,American League,American League Central,608422,José Godoy,/api/v1/people/608422,60,2,Catcher,Catcher,C,CL,Claimed,hitting,True,,,,,,,,,,,,,,,,,,,10,22,20,3,1,0,0,0,1,2,9,0,.050,.136,.050,.186,.091,,
2022,142,Minnesota Twins,MIN,American League,American League Central,592346,Chi Chi González,/api/v1/people/592346,51,1,Pitcher,Pitcher,P,CL,Claimed,pitching,True,7,5,0,1,0,0,23.0,28,15,15,7,15,5,5.87,1.52,,,2.14,,,,,,,,,,,,,,,,,,,
2022,142,Minnesota Twins,MIN,American League,American League Central,624503,Nick Gordon,/api/v1/people/624503,1,4,Second Base,Infielder,2B,A,Active,hitting,True,,,,,,,,,,,,,,,,,,,138,443,405,45,110,28,4,9,50,19,105,6,.272,.316,.427,.743,.340,,
2022,142,Minnesota Twins,MIN,American League,American League Central,543243,Sonny Gray,/api/v1/people/543243,54,1,Pitcher,Pitcher,P,A,Active,pitching,True,24,24,8,5,0,0,119.2,99,44,41,36,117,11,3.08,1.13,,,3.25,,,,,,,,,,,,,,,,,,,
2022,142,Minnesota Twins,MIN,American League,American League Central,571740,Billy Hamilton,/api/v1/people/571740,0,10,Designated Hitter,Hitter,DH,A,Active,hitting,True,,,,,,,,,,,,,,,,,,,37,23,20,13,1,0,0,0,0,2,12,10,.050,.136,.050,.186,.125,,
2022,142,Minnesota Twins,MIN,American League,American League Central,643348,Caleb Hamilton,/api/v1/people/643348,90,2,Catcher,Catcher,C,CL,Claimed,hitting,True,,,,,,,,,,,,,,,,,,,22,23,18,5,1,0,0,1,1,4,14,0,.056,.227,.222,.449,.000,,
2022,142,Minnesota Twins,MIN,American League,American League Central,641656,Ian Hamilton,/api/v1/people/641656,44,1,Pitcher,Pitcher,P,TR,Traded,pitching,True,1,0,0,0,0,0,2.2,3,2,2,1,0,1,6.75,1.50,,,0.00,,,,,,,,,,,,,,,,,,,
2022,142,Minnesota Twins,MIN,American League,American League Central,678692,Ronny Henriquez,/api/v1/people/678692,70,1,Pitcher,Pitcher,P,A,Active,pitching,True,3,0,0,1,0,0,11.2,8,4,3,3,9,1,2.31,0.94,,,3.00,,,,,,,,,,,,,,,,,,,
2022,142,Minnesota Twins,MIN,American League,American League Central,643377,Griffin Jax,/api/v1/people/643377,65,1,Pitcher,Pitcher,P,A,Active,pitching,True,65,0,7,4,1,18,72.1,56,29,27,20,78,7,3.36,1.05,,,3.90,,,,,,,,,,,,,,,,,,,
2022,142,Minnesota Twins,MIN,American League,American League Central,680777,Ryan Jeffers,/api/v1/people/680777,27,2,Catcher,Catcher,C,A,Active,hitting,True,,,,,,,,,,,,,,,,,,,67,236,212,25,44,10,1,7,27,23,62,0,.208,.285,.363,.648,.259,,
2022,142,Minnesota Twins,MIN,American League,American League Central,596146,Max Kepler,/api/v1/people/596146,26,9,Outfielder,Outfielder,RF,A,Active,hitting,True,,,,,,,,,,,,,,,,,,,115,446,388,54,88,18,1,9,43,49,66,3,.227,.318,.348,.666,.249,,
2022,142,Minnesota Twins,MIN,American League,American League Central,666135,Alex Kirilloff,/api/v1/people/666135,19,7,Outfielder,Outfielder,LF,D60,Injured 60-Day,hitting,True,,,,,,,,,,,,,,,,,,,45,156,144,14,36,7,0,3,21,5,36,0,.250,.290,.361,.651,.308,,
2022,142,Minnesota Twins,MIN,American League,American League Central,663616,Trevor Larnach,/api/v1/people/663616,13,7,Outfielder,Outfielder,LF,D60,Injured 60-Day,hitting,True,,,,,,,,,,,,,,,,,,,51,180,160,22,37,13,0,5,18,18,57,0,.231,.306,.406,.712,.320,,
2022,142,Minnesota Twins,MIN,American League,American League Central,506702,Sandy León,/api/v1/people/506702,39,2,Catcher,Catcher,C,D60,Injured 60-Day,hitting,True,,,,,,,,,,,,,,,,,,,34,86,71,6,12,3,0,0,4,13,27,0,.169,.298,.211,.509,.273,,
2022,142,Minnesota Twins,MIN,American League,American League Central,668904,Royce Lewis,/api/v1/people/668904,23,6,Shortstop,Infielder,SS,D60,Injured 60-Day,hitting,True,,,,,,,,,,,,,,,,,,,12,41,40,5,12,4,0,2,5,1,5,0,.300,.317,.550,.867,.303,,
2022,142,Minnesota Twins,MIN,American League,American League Central,605347,Jorge López,/api/v1/people/605347,48,1,Pitcher,Pitcher,P,A,Active,pitching,True,67,0,4,7,23,1,71.0,53,26,20,31,72,4,2.54,1.18,,,2.32,,,,,,,,,,,,,,,,,,,
2022,142,Minnesota Twins,MIN,American League,American League Central,641816,Tyler Mahle,/api/v1/people/641816,51,1,Pitcher,Pitcher,P,A,Active,pitching,True,23,23,6,8,0,0,120.2,104,61,59,43,126,16,4.40,1.22,,,2.93,,,,,,,,,,,,,,,,,,,
2022,142,Minnesota Twins,MIN,American League,American League Central,656730,Trevor Megill,/api/v1/people/656730,58,1,Pitcher,Pitcher,P,A,Active,pitching,True,39,0,4,3,0,3,45.0,50,29,24,17,49,4,4.80,1.49,,,2.88,,,,,,,,,,,,,,,,,,,
2022,142,Minnesota Twins,MIN,American League,American League Central,573668,Juan Minaya,/api/v1/people/573668,49,1,Pitcher,Pitcher,P,MIN,Minor League Contract,pitching,True,6,0,1,0,0,0,9.2,8,6,6,5,11,0,5.59,1.34,,,2.20,,,,,,,,,,,,,,,,,,,
2022,142,Minnesota Twins,MIN,American League,American League Central,669304,Jose Miranda,/api/v1/people/669304,64,5,Third Base,Infielder,3B,A,Active,hitting,True,,,,,,,,,,,,,,,,,,,125,483,444,45,119,25,0,15,66,28,91,1,.268,.325,.426,.751,.307,,
2022,142,Minnesota Twins,MIN,American League,American League Central,663558,Jovani Morán,/api/v1/people/663558,71,1,Pitcher,Pitcher,P,A,Active,pitching,True,31,0,0,1,1,2,40.2,25,11,10,18,54,0,2.21,1.06,,,3.00,,,,,,,,,,,,,,,,,,,
2022,142,Minnesota Twins,MIN,American League,American League Central,641927,Bailey Ober,/api/v1/people/641927,16,1,Pitcher,Pitcher,P,A,Active,pitching,True,11,11,2,3,0,0,56.0,48,22,20,11,51,4,3.21,1.05,,,4.64,,,,,,,,,,,,,,,,,,,
2022,142,Minnesota Twins,MIN,American League,American League Central,663978,Chris Paddack,/api/v1/people/663978,20,1,Pitcher,Pitcher,P,D60,Injured 60-Day,pitching,True,5,5,1,2,0,0,22.1,25,10,10,2,20,0,4.03,1.21,,,10.00,,,,,,,,,,,,,,,,,,,
2022,142,Minnesota Twins,MIN,American League,American League Central,641941,Emilio Pagán,/api/v1/people/641941,12,1,Pitcher,Pitcher,P,A,Active,pitching,True,59,0,4,6,9,7,63.0,60,36,31,26,84,12,4.43,1.37,,,3.23,,,,,,,,,,,,,,,,,,,
2022,142,Minnesota Twins,MIN,American League,American League Central,650339,Jermaine Palacios,/api/v1/people/650339,87,6,Shortstop,Infielder,SS,CL,Claimed,hitting,True,,,,,,,,,,,,,,,,,,,30,77,70,8,10,0,0,2,6,4,27,0,.143,.184,.229,.413,.186,,
2022,142,Minnesota Twins,MIN,American League,American League Central,593871,Jorge Polanco,/api/v1/people/593871,11,4,Second Base,Infielder,2B,A,Active,hitting,True,,,,,,,,,,,,,,,,,,,104,445,375,54,88,16,0,16,56,64,95,3,.235,.346,.405,.751,.269,,
2022,142,Minnesota Twins,MIN,American League,American League Central,605446,Dereck Rodríguez,/api/v1/people/605446,32,1,Pitcher,Pitcher,P,MIN,Minor League Contract,pitching,True,2,0,0,1,0,0,7.2,7,5,3,4,4,3,3.52,1.43,,,1.00,,,,,,,,,,,,,,,,,,,
2022,142,Minnesota Twins,MIN,American League,American League Central,664584,Jhon Romero,/api/v1/people/664584,50,1,Pitcher,Pitcher,P,MIN,Minor League Contract,pitching,True,4,0,0,0,0,0,5.0,9,2,2,1,6,0,3.60,2.00,,,6.00,,,,,,,,,,,,,,,,,,,
2022,142,Minnesota Twins,MIN,American League,American League Central,657746,Joe Ryan,/api/v1/people/657746,41,1,Pitcher,Pitcher,P,A,Active,pitching,True,27,27,13,8,0,0,147.0,115,60,58,47,151,20,3.55,1.10,,,3.21,,,,,,,,,,,,,,,,,,,
2022,142,Minnesota Twins,MIN,American League,American League Central,592717,Aaron Sanchez,/api/v1/people/592717,43,1,Pitcher,Pitcher,P,A,Active,pitching,True,15,10,3,4,0,0,60.0,78,46,44,15,41,8,6.60,1.55,,,2.73,,,,,,,,,,,,,,,,,,,
2022,142,Minnesota Twins,MIN,American League,American League Central,596142,Gary Sánchez,/api/v1/people/596142,24,2,Catcher,Catcher,C,A,Active,hitting,True,,,,,,,,,,,,,,,,,,,128,471,419,42,86,24,0,16,61,40,136,2,.205,.282,.377,.659,.257,,
2022,142,Minnesota Twins,MIN,American League,American League Central,663485,Cole Sands,/api/v1/people/663485,77,1,Pitcher,Pitcher,P,A,Active,pitching,True,11,3,0,3,1,0,30.2,35,21,20,13,28,4,5.87,1.57,,,2.15,,,,,,,,,,,,,,,,,,,
2022,142,Minnesota Twins,MIN,American League,American League Central,593934,Miguel Sanó,/api/v1/people/593934,22,3,First Base,Infielder,1B,D60,Injured 60-Day,hitting,True,,,,,,,,,,,,,,,,,,,20,71,60,1,5,0,0,1,3,9,25,1,.083,.211,.133,.344,.114,,
2022,142,Minnesota Twins,MIN,American League,American League Central,656970,Devin Smeltzer,/api/v1/people/656970,31,1,Pitcher,Pitcher,P,MIN,Minor League Contract,pitching,True,15,12,5,2,0,0,70.1,67,30,29,19,40,13,3.71,1.22,,,2.11,,,,,,,,,,,,,,,,,,,
2022,142,Minnesota Twins,MIN,American League,American League Central,501925,Joe Smith,/api/v1/people/501925,38,1,Pitcher,Pitcher,P,RL,Released,pitching,True,34,0,1,1,0,14,27.1,33,18,14,9,17,7,4.61,1.54,,,1.89,,,,,,,,,,,,,,,,,,,
2022,142,Minnesota Twins,MIN,American League,American League Central,664054,Cody Stashak,/api/v1/people/664054,61,1,Pitcher,Pitcher,P,D60,Injured 60-Day,pitching,True,11,0,3,0,0,1,16.1,16,7,7,0,15,1,3.86,0.98,,,-.--,,,,,,,,,,,,,,,,,,,
2022,142,Minnesota Twins,MIN,American League,American League Central,573204,Caleb Thielbar,/api/v1/people/573204,56,1,Pitcher,Pitcher,P,A,Active,pitching,True,67,0,4,3,1,18,59.1,51,26,23,18,80,5,3.49,1.16,,,4.44,,,,,,,,,,,,,,,,,,,
2022,142,Minnesota Twins,MIN,American League,American League Central,592804,Tyler Thornburg,/api/v1/people/592804,48,1,Pitcher,Pitcher,P,MIN,Minor League Contract,pitching,True,14,0,0,1,0,0,19.0,16,10,7,11,14,1,3.32,1.42,,,1.27,,,,,,,,,,,,,,,,,,,
2022,142,Minnesota Twins,MIN,American League,American League Central,570482,Gio Urshela,/api/v1/people/570482,15,5,Third Base,Infielder,3B,A,Active,hitting,True,,,,,,,,,,,,,,,,,,,144,551,501,61,143,27,3,13,64,41,96,1,.285,.338,.429,.767,.326,,
2022,142,Minnesota Twins,MIN,American League,American League Central,686973,Louis Varland,/api/v1/people/686973,49,1,Pitcher,Pitcher,P,A,Active,pitching,True,5,5,1,2,0,0,26.0,26,11,11,6,21,4,3.81,1.23,,,3.50,,,,,,,,,,,,,,,,,,,
2022,142,Minnesota Twins,MIN,American League,American League Central,670242,Matt Wallner,/api/v1/people/670242,38,9,Outfielder,Outfielder,RF,A,Active,hitting,True,,,,,,,,,,,,,,,,,,,18,65,57,4,13,3,0,2,10,6,25,1,.228,.323,.386,.709,.367,,
2022,142,Minnesota Twins,MIN,American League,American League Central,680739,Josh Winder,/api/v1/people/680739,74,1,Pitcher,Pitcher,P,A,Active,pitching,True,15,11,4,6,0,0,67.0,69,37,35,18,47,11,4.70,1.30,,,2.61,,,,,,,,,,,,,,,,,,,
2022,142,Minnesota Twins,MIN,American League,American League Central,680573,Simeon Woods Richardson,/api/v1/people/680573,78,1,Pitcher,Pitcher,P,A,Active,pitching,True,1,1,0,1,0,0,5.0,3,3,2,2,3,1,3.60,1.00,,,1.50,,,,,,,,,,,,,,,,,,,
2022,143,Philadelphia Phillies,PHI,National League,National League East,621237,José Alvarado,/api/v1/people/621237,46,1,Pitcher,Pitcher,P,A,Active,pitching,True,59,0,4,2,2,22,51.0,38,21,18,24,81,2,3.18,1.22,,,3.38,,,,,,,,,,,,,,,,,,,
2022,143,Philadelphia Phillies,PHI,National League,National League East,571446,Mark Appel,/api/v1/people/571446,22,1,Pitcher,Pitcher,P,D60,Injured 60-Day,pitching,True,6,0,0,0,0,0,10.1,9,2,2,3,5,0,1.74,1.16,,,1.67,,,,,,,,,,,,,,,,,,,
2022,143,Philadelphia Phillies,PHI,National League,National League East,571479,Andrew Bellatti,/api/v1/people/571479,64,1,Pitcher,Pitcher,P,A,Active,pitching,True,59,1,4,4,2,9,54.1,47,25,20,25,78,5,3.31,1.33,,,3.12,,,,,,,,,,,,,,,,,,,
2022,143,Philadelphia Phillies,PHI,National League,National League East,664761,Alec Bohm,/api/v1/people/664761,28,3,First Base,Infielder,1B,A,Active,hitting,True,,,,,,,,,,,,,,,,,,,152,631,586,79,164,24,3,13,72,31,110,2,.280,.315,.398,.713,.319,,
2022,143,Philadelphia Phillies,PHI,National League,National League East,641401,Connor Brogdon,/api/v1/people/641401,75,1,Pitcher,Pitcher,P,A,Active,pitching,True,47,0,2,2,2,6,44.0,44,16,16,11,50,6,3.27,1.25,,,4.55,,,,,,,,,,,,,,,,,,,
2022,143,Philadelphia Phillies,PHI,National League,National League East,622666,Johan Camargo,/api/v1/people/622666,7,6,Shortstop,Infielder,SS,MIN,Minor League Contract,hitting,True,,,,,,,,,,,,,,,,,,,52,166,152,8,36,3,0,3,15,13,37,0,.237,.297,.316,.613,.295,,
2022,143,Philadelphia Phillies,PHI,National League,National League East,592206,Nick Castellanos,/api/v1/people/592206,8,9,Outfielder,Outfielder,RF,A,Active,hitting,True,,,,,,,,,,,,,,,,,,,136,558,524,56,138,27,0,13,62,29,130,7,.263,.305,.389,.694,.326,,
2022,143,Philadelphia Phillies,PHI,National League,National League East,656322,Sam Coonrod,/api/v1/people/656322,54,1,Pitcher,Pitcher,P,RM,Reassigned to Minors,pitching,True,12,0,0,0,0,3,12.2,12,12,11,7,12,1,7.82,1.50,,,1.71,,,,,,,,,,,,,,,,,,,
2022,143,Philadelphia Phillies,PHI,National League,National League East,664202,Tyler Cyr,/api/v1/people/664202,63,1,Pitcher,Pitcher,P,CL,Claimed,pitching,True,12,0,1,0,0,1,13.1,11,4,4,5,16,2,2.70,1.20,,,3.20,,,,,,,,,,,,,,,,,,,
2022,143,Philadelphia Phillies,PHI,National League,National League East,606965,Chris Devenski,/api/v1/people/606965,47,1,Pitcher,Pitcher,P,RM,Reassigned to Minors,pitching,True,13,0,2,1,0,0,14.2,21,14,14,1,12,3,8.59,1.50,,,12.00,,,,,,,,,,,,,,,,,,,
2022,143,Philadelphia Phillies,PHI,National League,National League East,622554,Seranthony Domínguez,/api/v1/people/622554,58,1,Pitcher,Pitcher,P,A,Active,pitching,True,54,0,6,5,9,15,51.0,36,18,17,22,61,4,3.00,1.14,,,2.77,,,,,,,,,,,,,,,,,,,
2022,143,Philadelphia Phillies,PHI,National League,National League East,663975,Nick Duron,/api/v1/people/663975,71,1,Pitcher,Pitcher,P,TR,Traded,pitching,True,1,0,0,0,0,0,1.0,2,0,0,0,1,0,0.00,2.00,,,-.--,,,,,,,,,,,,,,,,,,,
2022,143,Philadelphia Phillies,PHI,National League,National League East,621107,Zach Eflin,/api/v1/people/621107,56,1,Pitcher,Pitcher,P,A,Active,pitching,True,20,13,3,5,1,2,75.2,70,38,34,15,65,8,4.04,1.12,,,4.33,,,,,,,,,,,,,,,,,,,
2022,143,Philadelphia Phillies,PHI,National League,National League East,663559,Bailey Falter,/api/v1/people/663559,70,1,Pitcher,Pitcher,P,RM,Reassigned to Minors,pitching,True,20,16,6,4,0,0,84.0,85,39,36,17,74,16,3.86,1.21,,,4.35,,,,,,,,,,,,,,,,,,,
2022,143,Philadelphia Phillies,PHI,National League,National League East,544727,Jeurys Familia,/api/v1/people/544727,31,1,Pitcher,Pitcher,P,RL,Released,pitching,True,48,0,2,3,0,7,44.1,58,34,30,22,41,7,6.09,1.80,,,1.86,,,,,,,,,,,,,,,,,,,
2022,143,Philadelphia Phillies,PHI,National League,National League East,502043,Kyle Gibson,/api/v1/people/502043,44,1,Pitcher,Pitcher,P,A,Active,pitching,True,31,31,10,8,0,0,167.2,176,98,94,48,144,24,5.05,1.34,,,3.00,,,,,,,,,,,,,,,,,,,
2022,143,Philadelphia Phillies,PHI,National League,National League East,544369,Didi Gregorius,/api/v1/people/544369,18,6,Shortstop,Infielder,SS,RL,Released,hitting,True,,,,,,,,,,,,,,,,,,,63,232,214,17,45,9,4,1,19,13,36,1,.210,.263,.304,.567,.246,,
2022,143,Philadelphia Phillies,PHI,National League,National League East,656495,Dalton Guthrie,/api/v1/people/656495,18,5,Third Base,Infielder,3B,RM,Reassigned to Minors,hitting,True,,,,,,,,,,,,,,,,,,,14,28,21,3,7,0,0,1,5,6,7,1,.333,.500,.476,.976,.462,,
2022,143,Philadelphia Phillies,PHI,National League,National League East,669742,Darick Hall,/api/v1/people/669742,25,3,First Base,Infielder,1B,RM,Reassigned to Minors,hitting,True,,,,,,,,,,,,,,,,,,,42,142,136,19,34,8,1,9,16,5,44,0,.250,.282,.522,.804,.301,,
2022,143,Philadelphia Phillies,PHI,National League,National League East,543272,Brad Hand,/api/v1/people/543272,52,1,Pitcher,Pitcher,P,A,Active,pitching,True,55,0,3,2,5,13,45.0,37,18,14,23,38,2,2.80,1.33,,,1.65,,,,,,,,,,,,,,,,,,,
2022,143,Philadelphia Phillies,PHI,National League,National League East,547180,Bryce Harper,/api/v1/people/547180,3,10,Designated Hitter,Hitter,DH,A,Active,hitting,True,,,,,,,,,,,,,,,,,,,99,426,370,63,106,28,1,18,65,46,87,11,.286,.364,.514,.878,.324,,
2022,143,Philadelphia Phillies,PHI,National League,National League East,546318,Odúbel Herrera,/api/v1/people/546318,37,8,Outfielder,Outfielder,CF,RL,Released,hitting,True,,,,,,,,,,,,,,,,,,,62,197,185,23,44,9,1,5,21,11,42,6,.238,.279,.378,.657,.281,,
2022,143,Philadelphia Phillies,PHI,National League,National League East,656555,Rhys Hoskins,/api/v1/people/656555,17,3,First Base,Infielder,1B,A,Active,hitting,True,,,,,,,,,,,,,,,,,,,156,672,589,81,145,33,2,30,79,72,169,2,.246,.332,.462,.794,.292,,
2022,143,Philadelphia Phillies,PHI,National League,National League East,676103,Damon Jones,/api/v1/people/676103,68,1,Pitcher,Pitcher,P,D60,Injured 60-Day,pitching,True,4,0,0,0,0,0,4.2,4,5,5,5,5,0,9.64,1.93,,,1.00,,,,,,,,,,,,,,,,,,,
2022,143,Philadelphia Phillies,PHI,National League,National League East,547184,Michael Kelly,/api/v1/people/547184,67,1,Pitcher,Pitcher,P,MIN,Minor League Contract,pitching,True,4,0,0,0,0,0,4.0,3,1,1,1,4,1,2.25,1.00,,,4.00,,,,,,,,,,,,,,,,,,,
2022,143,Philadelphia Phillies,PHI,National League,National League East,664068,Scott Kingery,/api/v1/people/664068,4,O,Outfield,Outfielder,OF,MIN,Minor League Contract,hitting,True,,,,,,,,,,,,,,,,,,,1,0,0,0,0,0,0,0,0,0,0,0,.000,.000,.000,.000,.---,,
2022,143,Philadelphia Phillies,PHI,National League,National League East,608349,Corey Knebel,/api/v1/people/608349,23,1,Pitcher,Pitcher,P,D60,Injured 60-Day,pitching,True,46,0,3,5,12,2,44.2,33,22,17,28,41,4,3.43,1.37,,,1.46,,,,,,,,,,,,,,,,,,,
2022,143,Philadelphia Phillies,PHI,National League,National League East,669016,Brandon Marsh,/api/v1/people/669016,16,8,Outfielder,Outfielder,CF,A,Active,hitting,True,,,,,,,,,,,,,,,,,,,134,461,424,49,104,18,4,11,52,28,158,10,.245,.295,.384,.679,.360,,
2022,143,Philadelphia Phillies,PHI,National League,National League East,665155,Nick Maton,/api/v1/people/665155,29,7,Outfielder,Outfielder,LF,A,Active,hitting,True,,,,,,,,,,,,,,,,,,,35,85,72,13,18,2,1,5,17,10,29,0,.250,.341,.514,.855,.325,,
2022,143,Philadelphia Phillies,PHI,National League,National League East,640458,Óscar Mercado,/api/v1/people/640458,35,9,Outfielder,Outfielder,RF,CL,Claimed,hitting,True,,,,,,,,,,,,,,,,,,,55,128,121,17,25,6,1,4,16,5,29,2,.207,.242,.372,.614,.236,,
2022,143,Philadelphia Phillies,PHI,National League,National League East,666160,Mickey Moniak,/api/v1/people/666160,16,8,Outfielder,Outfielder,CF,TR,Traded,hitting,True,,,,,,,,,,,,,,,,,,,37,112,106,13,18,3,1,3,8,4,44,1,.170,.207,.302,.509,.254,,
2022,143,Philadelphia Phillies,PHI,National League,National League East,672839,Francisco Morales,/api/v1/people/672839,69,1,Pitcher,Pitcher,P,RM,Reassigned to Minors,pitching,True,3,0,0,0,1,0,5.0,2,5,4,6,3,1,7.20,1.60,,,0.50,,,,,,,,,,,,,,,,,,,
2022,143,Philadelphia Phillies,PHI,National League,National League East,622168,Yairo Muñoz,/api/v1/people/622168,41,4,Second Base,Infielder,2B,RM,Reassigned to Minors,hitting,True,,,,,,,,,,,,,,,,,,,29,60,57,7,12,2,0,3,7,3,10,1,.211,.250,.404,.654,.205,,
2022,143,Philadelphia Phillies,PHI,National League,National League East,665922,Símon Muzziotti,/api/v1/people/665922,40,8,Outfielder,Outfielder,CF,D60,Injured 60-Day,hitting,True,,,,,,,,,,,,,,,,,,,9,9,7,0,1,0,0,0,0,0,2,0,.143,.250,.143,.393,.200,,
2022,143,Philadelphia Phillies,PHI,National League,National League East,656793,Nick Nelson,/api/v1/people/656793,57,1,Pitcher,Pitcher,P,A,Active,pitching,True,47,2,3,2,1,3,68.2,66,38,37,36,69,1,4.85,1.49,,,1.92,,,,,,,,,,,,,,,,,,,
2022,143,Philadelphia Phillies,PHI,National League,National League East,657697,Vinny Nittoli,/api/v1/people/657697,48,1,Pitcher,Pitcher,P,RM,Reassigned to Minors,pitching,True,2,0,0,0,0,1,2.0,0,0,0,1,1,0,0.00,0.50,,,1.00,,,,,,,,,,,,,,,,,,,
2022,143,Philadelphia Phillies,PHI,National League,National League East,605400,Aaron Nola,/api/v1/people/605400,27,1,Pitcher,Pitcher,P,A,Active,pitching,True,32,32,11,13,0,0,205.0,168,75,74,29,235,19,3.25,0.96,,,8.10,,,,,,,,,,,,,,,,,,,
2022,143,Philadelphia Phillies,PHI,National League,National League East,656803,James Norwood,/api/v1/people/656803,49,1,Pitcher,Pitcher,P,TR,Traded,pitching,True,20,0,1,0,0,1,17.1,24,17,16,9,22,2,8.31,1.90,,,2.44,,,,,,,,,,,,,,,,,,,
2022,143,Philadelphia Phillies,PHI,National League,National League East,674681,Michael Plassmeyer,/api/v1/people/674681,49,1,Pitcher,Pitcher,P,RM,Reassigned to Minors,pitching,True,2,0,0,1,0,0,7.1,9,3,3,1,7,1,3.68,1.36,,,7.00,,,,,,,,,,,,,,,,,,,
2022,143,Philadelphia Phillies,PHI,National League,National League East,596451,Roman Quinn,/api/v1/people/596451,24,O,Outfield,Outfielder,OF,MIN,Minor League Contract,hitting,True,,,,,,,,,,,,,,,,,,,44,87,79,15,17,3,2,0,7,7,36,4,.215,.287,.304,.591,.395,,
2022,143,Philadelphia Phillies,PHI,National League,National League East,592663,J.T. Realmuto,/api/v1/people/592663,10,2,Catcher,Catcher,C,A,Active,hitting,True,,,,,,,,,,,,,,,,,,,139,562,504,75,139,26,5,22,84,41,119,21,.276,.342,.478,.820,.318,,
2022,143,Philadelphia Phillies,PHI,National League,National League East,502085,David Robertson,/api/v1/people/502085,30,1,Pitcher,Pitcher,P,A,Active,pitching,True,58,0,4,3,20,3,63.2,39,18,17,35,81,6,2.40,1.16,,,2.31,,,,,,,,,,,,,,,,,,,
2022,143,Philadelphia Phillies,PHI,National League,National League East,668941,JoJo Romero,/api/v1/people/668941,79,1,Pitcher,Pitcher,P,TR,Traded,pitching,True,17,0,0,0,0,0,16.1,13,9,9,10,17,3,4.96,1.41,,,1.70,,,,,,,,,,,,,,,,,,,
2022,143,Philadelphia Phillies,PHI,National League,National League East,657745,Bubby Rossman,/api/v1/people/657745,77,1,Pitcher,Pitcher,P,TR,Traded,pitching,True,1,0,0,0,0,0,1.0,1,2,2,1,1,1,18.00,2.00,,,1.00,,,,,,,,,,,,,,,,,,,
2022,143,Philadelphia Phillies,PHI,National League,National League East,650911,Cristopher Sánchez,/api/v1/people/650911,61,1,Pitcher,Pitcher,P,RM,Reassigned to Minors,pitching,True,15,3,2,2,1,2,40.0,38,25,25,17,35,5,5.63,1.38,,,2.06,,,,,,,,,,,,,,,,,,,
2022,143,Philadelphia Phillies,PHI,National League,National League East,664848,Donny Sands,/api/v1/people/664848,39,2,Catcher,Catcher,C,RM,Reassigned to Minors,hitting,True,,,,,,,,,,,,,,,,,,,3,4,3,0,0,0,0,0,0,1,1,0,.000,.250,.000,.250,.000,,
2022,143,Philadelphia Phillies,PHI,National League,National League East,656941,Kyle Schwarber,/api/v1/people/656941,12,10,Designated Hitter,Hitter,DH,A,Active,hitting,True,,,,,,,,,,,,,,,,,,,155,669,577,100,126,21,3,46,94,86,200,10,.218,.323,.504,.827,.240,,
2022,143,Philadelphia Phillies,PHI,National League,National League East,516416,Jean Segura,/api/v1/people/516416,2,4,Second Base,Infielder,2B,A,Active,hitting,True,,,,,,,,,,,,,,,,,,,98,387,354,45,98,9,0,10,33,25,58,13,.277,.336,.387,.723,.307,,
2022,143,Philadelphia Phillies,PHI,National League,National League East,624641,Edmundo Sosa,/api/v1/people/624641,33,6,Shortstop,Infielder,SS,A,Active,hitting,True,,,,,,,,,,,,,,,,,,,78,190,176,26,40,11,4,2,21,5,50,6,.227,.275,.369,.644,.304,,
2022,143,Philadelphia Phillies,PHI,National League,National League East,681082,Bryson Stott,/api/v1/people/681082,5,4,Second Base,Infielder,2B,A,Active,hitting,True,,,,,,,,,,,,,,,,,,,127,466,427,58,100,19,2,10,49,36,89,12,.234,.295,.358,.653,.274,,
2022,143,Philadelphia Phillies,PHI,National League,National League East,596117,Garrett Stubbs,/api/v1/people/596117,21,2,Catcher,Catcher,C,A,Active,hitting,True,,,,,,,,,,,,,,,,,,,50,121,106,19,28,4,1,5,16,14,30,2,.264,.350,.462,.812,.324,,
2022,143,Philadelphia Phillies,PHI,National League,National League East,624133,Ranger Suarez,/api/v1/people/624133,55,1,Pitcher,Pitcher,P,A,Active,pitching,True,29,29,10,7,0,0,155.1,149,74,63,58,129,15,3.65,1.33,,,2.22,,,,,,,,,,,,,,,,,,,
2022,143,Philadelphia Phillies,PHI,National League,National League East,592789,Noah Syndergaard,/api/v1/people/592789,43,1,Pitcher,Pitcher,P,A,Active,pitching,True,25,24,10,10,0,0,134.2,138,62,59,31,95,14,3.94,1.25,,,3.06,,,,,,,,,,,,,,,,,,,
2022,143,Philadelphia Phillies,PHI,National League,National League East,663837,Matt Vierling,/api/v1/people/663837,19,8,Outfielder,Outfielder,CF,A,Active,hitting,True,,,,,,,,,,,,,,,,,,,117,357,325,41,80,12,2,6,32,23,70,7,.246,.297,.351,.648,.290,,
2022,143,Philadelphia Phillies,PHI,National League,National League East,554430,Zack Wheeler,/api/v1/people/554430,45,1,Pitcher,Pitcher,P,A,Active,pitching,True,26,26,12,7,0,0,153.0,125,52,48,34,163,13,2.82,1.04,,,4.79,,,,,,,,,,,,,,,,,,,
2022,143,Philadelphia Phillies,PHI,National League,National League East,605548,Bradley Zimmer,/api/v1/people/605548,18,8,Outfielder,Outfielder,CF,CL,Claimed,hitting,True,,,,,,,,,,,,,,,,,,,109,117,105,18,13,5,0,2,5,5,45,3,.124,.207,.229,.436,.190,,
2022,144,Atlanta Braves,ATL,National League,National League East,660670,Ronald Acuña Jr.,/api/v1/people/660670,13,9,Outfielder,Outfielder,RF,A,Active,hitting,True,,,,,,,,,,,,,,,,,,,119,533,467,71,124,24,0,15,50,53,126,29,.266,.351,.413,.764,.331,,
2022,144,Atlanta Braves,ATL,National League,National League East,501303,Ehire Adrianza,/api/v1/people/501303,17,4,Second Base,Infielder,2B,A,Active,hitting,True,,,,,,,,,,,,,,,,,,,37,110,97,8,17,3,0,0,7,11,25,1,.175,.264,.206,.470,.233,,
2022,144,Atlanta Braves,ATL,National League,National League East,645277,Ozzie Albies,/api/v1/people/645277,1,4,Second Base,Infielder,2B,A,Active,hitting,True,,,,,,,,,,,,,,,,,,,64,269,247,36,61,16,0,8,35,16,47,3,.247,.294,.409,.703,.270,,
2022,144,Atlanta Braves,ATL,National League,National League East,666120,Ian Anderson,/api/v1/people/666120,36,1,Pitcher,Pitcher,P,A,Active,pitching,True,22,22,10,6,0,0,111.2,115,63,62,54,97,12,5.00,1.51,,,1.80,,,,,,,,,,,,,,,,,,,
2022,144,Atlanta Braves,ATL,National League,National League East,606115,Orlando Arcia,/api/v1/people/606115,11,6,Shortstop,Infielder,SS,A,Active,hitting,True,,,,,,,,,,,,,,,,,,,68,234,209,25,51,9,0,9,30,21,51,0,.244,.316,.416,.732,.278,,
2022,144,Atlanta Braves,ATL,National League,National League East,676625,Rylan Bannon,/api/v1/people/676625,46,5,Third Base,Infielder,3B,A,Active,hitting,True,,,,,,,,,,,,,,,,,,,5,15,14,0,2,0,0,0,0,0,5,0,.143,.200,.143,.343,.222,,
2022,144,Atlanta Braves,ATL,National League,National League East,611093,Silvino Bracho,/api/v1/people/611093,61,1,Pitcher,Pitcher,P,A,Active,pitching,True,3,0,0,0,0,0,4.1,3,3,3,1,4,2,6.23,0.92,,,4.00,,,,,,,,,,,,,,,,,,,
2022,144,Atlanta Braves,ATL,National League,National League East,429664,Robinson Canó,/api/v1/people/429664,22,4,Second Base,Infielder,2B,MIN,Minor League Contract,hitting,True,,,,,,,,,,,,,,,,,,,33,104,100,5,15,1,0,1,4,4,25,0,.150,.183,.190,.373,.189,,
2022,144,Atlanta Braves,ATL,National League,National League East,445926,Jesse Chavez,/api/v1/people/445926,60,1,Pitcher,Pitcher,P,A,Active,pitching,True,60,1,4,3,0,10,69.1,71,34,29,20,74,8,3.76,1.31,,,3.70,,,,,,,,,,,,,,,,,,,
2022,144,Atlanta Braves,ATL,National League,National League East,661388,William Contreras,/api/v1/people/661388,24,2,Catcher,Catcher,C,A,Active,hitting,True,,,,,,,,,,,,,,,,,,,97,376,334,51,93,14,1,20,45,39,104,2,.278,.354,.506,.860,.344,,
2022,144,Atlanta Braves,ATL,National League,National League East,672911,Jesus Cruz,/api/v1/people/672911,49,1,Pitcher,Pitcher,P,MIN,Minor League Contract,pitching,True,7,0,0,0,0,0,8.2,8,6,6,4,6,3,6.23,1.38,,,1.50,,,,,,,,,,,,,,,,,,,
2022,144,Atlanta Braves,ATL,National League,National League East,656353,Tucker Davidson,/api/v1/people/656353,64,1,Pitcher,Pitcher,P,TR,Traded,pitching,True,12,11,2,7,0,0,52.0,54,39,39,35,33,7,6.75,1.71,,,0.94,,,,,,,,,,,,,,,,,,,
2022,144,Atlanta Braves,ATL,National League,National League East,641513,Travis Demeritte,/api/v1/people/641513,48,9,Outfielder,Outfielder,RF,MIN,Minor League Contract,hitting,True,,,,,,,,,,,,,,,,,,,26,96,89,9,19,2,0,3,6,6,32,0,.213,.260,.337,.597,.291,,
2022,144,Atlanta Braves,ATL,National League,National League East,543105,Alex Dickerson,/api/v1/people/543105,25,7,Outfielder,Outfielder,LF,MIN,Minor League Contract,hitting,True,,,,,,,,,,,,,,,,,,,13,36,33,3,4,0,0,1,2,3,9,0,.121,.194,.212,.406,.130,,
2022,144,Atlanta Braves,ATL,National League,National League East,594807,Adam Duvall,/api/v1/people/594807,14,8,Outfielder,Outfielder,CF,D60,Injured 60-Day,hitting,True,,,,,,,,,,,,,,,,,,,86,315,287,39,61,16,1,12,36,21,101,0,.213,.276,.401,.677,.278,,
2022,144,Atlanta Braves,ATL,National League,National League East,693821,Bryce Elder,/api/v1/people/693821,55,1,Pitcher,Pitcher,P,A,Active,pitching,True,10,9,2,4,0,0,54.0,44,19,19,23,47,4,3.17,1.24,,,2.04,,,,,,,,,,,,,,,,,,,
2022,144,Atlanta Braves,ATL,National League,National League East,645801,Mike Ford,/api/v1/people/645801,34,3,First Base,Infielder,1B,RL,Released,hitting,True,,,,,,,,,,,,,,,,,,,50,149,131,9,27,5,0,3,10,17,40,0,.206,.302,.313,.615,.273,,
2022,144,Atlanta Braves,ATL,National League,National League East,608331,Max Fried,/api/v1/people/608331,54,1,Pitcher,Pitcher,P,A,Active,pitching,True,30,30,14,7,0,0,185.1,156,55,51,32,170,12,2.48,1.01,,,5.31,,,,,,,,,,,,,,,,,,,
2022,144,Atlanta Braves,ATL,National League,National League East,594838,Phil Gosselin,/api/v1/people/594838,15,4,Second Base,Infielder,2B,CL,Claimed,hitting,True,,,,,,,,,,,,,,,,,,,34,77,74,6,11,0,1,0,2,2,24,0,.149,.182,.176,.358,.220,,
2022,144,Atlanta Braves,ATL,National League,National League East,687093,Vaughn Grissom,/api/v1/people/687093,18,4,Second Base,Infielder,2B,A,Active,hitting,True,,,,,,,,,,,,,,,,,,,41,156,141,24,41,6,0,5,18,11,34,5,.291,.353,.440,.793,.350,,
2022,144,Atlanta Braves,ATL,National League,National League East,543257,Robbie Grossman,/api/v1/people/543257,15,7,Outfielder,Outfielder,LF,A,Active,hitting,True,,,,,,,,,,,,,,,,,,,129,477,411,40,86,19,1,7,45,56,129,6,.209,.310,.311,.621,.283,,
2022,144,Atlanta Braves,ATL,National League,National League East,671739,Michael Harris II,/api/v1/people/671739,23,8,Outfielder,Outfielder,CF,A,Active,hitting,True,,,,,,,,,,,,,,,,,,,114,441,414,75,123,27,3,19,64,21,107,20,.297,.339,.514,.853,.361,,
2022,144,Atlanta Braves,ATL,National League,National League East,628338,Guillermo Heredia,/api/v1/people/628338,38,7,Outfielder,Outfielder,LF,A,Active,hitting,True,,,,,,,,,,,,,,,,,,,74,82,76,12,12,3,1,3,8,6,32,0,.158,.220,.342,.562,.220,,
2022,144,Atlanta Braves,ATL,National League,National League East,628452,Raisel Iglesias,/api/v1/people/628452,26,1,Pitcher,Pitcher,P,A,Active,pitching,True,67,0,2,6,17,15,62.0,46,20,17,14,78,5,2.47,0.97,,,5.57,,,,,,,,,,,,,,,,,,,
2022,144,Atlanta Braves,ATL,National League,National League East,543351,Jay Jackson,/api/v1/people/543351,45,1,Pitcher,Pitcher,P,MIN,Minor League Contract,pitching,True,2,0,0,0,0,0,1.1,1,0,0,0,1,0,0.00,0.75,,,-.--,,,,,,,,,,,,,,,,,,,
2022,144,Atlanta Braves,ATL,National League,National League East,445276,Kenley Jansen,/api/v1/people/445276,74,1,Pitcher,Pitcher,P,A,Active,pitching,True,65,0,5,2,41,0,64.0,45,25,24,22,85,8,3.38,1.05,,,3.86,,,,,,,,,,,,,,,,,,,
2022,144,Atlanta Braves,ATL,National League,National League East,669276,Dylan Lee,/api/v1/people/669276,52,1,Pitcher,Pitcher,P,A,Active,pitching,True,46,0,5,1,0,9,50.2,40,16,12,10,59,5,2.13,0.99,,,5.90,,,,,,,,,,,,,,,,,,,
2022,144,Atlanta Braves,ATL,National League,National League East,554431,Tyler Matzek,/api/v1/people/554431,68,1,Pitcher,Pitcher,P,A,Active,pitching,True,42,0,4,2,1,8,43.2,26,21,17,29,36,3,3.50,1.26,,,1.24,,,,,,,,,,,,,,,,,,,
2022,144,Atlanta Braves,ATL,National League,National League East,543521,Collin McHugh,/api/v1/people/543521,32,1,Pitcher,Pitcher,P,A,Active,pitching,True,58,0,3,2,0,17,69.1,51,20,20,14,75,5,2.60,0.94,,,5.36,,,,,,,,,,,,,,,,,,,
2022,144,Atlanta Braves,ATL,National League,National League East,621345,A.J. Minter,/api/v1/people/621345,33,1,Pitcher,Pitcher,P,A,Active,pitching,True,75,0,5,4,5,34,70.0,49,21,16,15,94,5,2.06,0.91,,,6.27,,,,,,,,,,,,,,,,,,,
2022,144,Atlanta Braves,ATL,National League,National League East,450203,Charlie Morton,/api/v1/people/450203,50,1,Pitcher,Pitcher,P,A,Active,pitching,True,31,31,9,6,0,0,172.0,149,85,83,63,205,28,4.34,1.23,,,3.25,,,,,,,,,,,,,,,,,,,
2022,144,Atlanta Braves,ATL,National League,National League East,666205,Kyle Muller,/api/v1/people/666205,66,1,Pitcher,Pitcher,P,A,Active,pitching,True,3,3,1,1,0,0,12.1,13,11,11,8,12,2,8.03,1.70,,,1.50,,,,,,,,,,,,,,,,,,,
2022,144,Atlanta Braves,ATL,National League,National League East,656794,Sean Newcomb,/api/v1/people/656794,15,1,Pitcher,Pitcher,P,TR,Traded,pitching,True,20,1,2,1,0,2,27.2,33,28,27,19,28,8,8.78,1.88,,,1.47,,,,,,,,,,,,,,,,,,,
2022,144,Atlanta Braves,ATL,National League,National League East,503285,Darren O'Day,/api/v1/people/503285,56,1,Pitcher,Pitcher,P,D60,Injured 60-Day,pitching,True,28,0,2,2,0,5,21.2,19,12,10,10,26,3,4.15,1.34,,,2.60,,,,,,,,,,,,,,,,,,,
2022,144,Atlanta Braves,ATL,National League,National League East,543606,Jake Odorizzi,/api/v1/people/543606,12,1,Pitcher,Pitcher,P,A,Active,pitching,True,22,22,6,6,0,0,106.1,106,58,52,35,86,14,4.40,1.33,,,2.46,,,,,,,,,,,,,,,,,,,
2022,144,Atlanta Braves,ATL,National League,National League East,621566,Matt Olson,/api/v1/people/621566,28,3,First Base,Infielder,1B,A,Active,hitting,True,,,,,,,,,,,,,,,,,,,162,699,616,86,148,44,0,34,103,75,170,0,.240,.325,.477,.802,.274,,
2022,144,Atlanta Braves,ATL,National League,National League East,542303,Marcell Ozuna,/api/v1/people/542303,20,10,Designated Hitter,Hitter,DH,A,Active,hitting,True,,,,,,,,,,,,,,,,,,,124,507,470,56,106,19,0,23,56,31,122,2,.226,.274,.413,.687,.252,,
2022,144,Atlanta Braves,ATL,National League,National League East,444489,Manny Piña,/api/v1/people/444489,9,2,Catcher,Catcher,C,D60,Injured 60-Day,hitting,True,,,,,,,,,,,,,,,,,,,5,17,14,1,2,0,0,0,2,1,1,0,.143,.235,.143,.378,.143,,
2022,144,Atlanta Braves,ATL,National League,National League East,663586,Austin Riley,/api/v1/people/663586,27,5,Third Base,Infielder,3B,A,Active,hitting,True,,,,,,,,,,,,,,,,,,,159,693,615,90,168,39,2,38,93,57,168,2,.273,.349,.528,.877,.315,,
2022,144,Atlanta Braves,ATL,National League,National League East,592696,Eddie Rosario,/api/v1/people/592696,8,7,Outfielder,Outfielder,LF,A,Active,hitting,True,,,,,,,,,,,,,,,,,,,80,270,250,27,53,12,1,5,24,17,68,3,.212,.259,.328,.587,.267,,
2022,144,Atlanta Braves,ATL,National League,National League East,519293,Will Smith,/api/v1/people/519293,51,1,Pitcher,Pitcher,P,TR,Traded,pitching,True,65,0,0,3,5,16,59.0,58,35,26,25,65,9,3.97,1.41,,,2.60,,,,,,,,,,,,,,,,,,,
2022,144,Atlanta Braves,ATL,National League,National League East,623451,Jackson Stephens,/api/v1/people/623451,53,1,Pitcher,Pitcher,P,A,Active,pitching,True,39,1,3,3,2,2,53.2,49,32,22,23,47,3,3.69,1.34,,,2.04,,,,,,,,,,,,,,,,,,,
2022,144,Atlanta Braves,ATL,National League,National League East,675911,Spencer Strider,/api/v1/people/675911,65,1,Pitcher,Pitcher,P,A,Active,pitching,True,31,20,11,5,0,2,131.2,86,42,39,45,202,7,2.67,0.99,,,4.49,,,,,,,,,,,,,,,,,,,
2022,144,Atlanta Braves,ATL,National League,National League East,621020,Dansby Swanson,/api/v1/people/621020,7,6,Shortstop,Infielder,SS,A,Active,hitting,True,,,,,,,,,,,,,,,,,,,162,696,640,99,177,32,1,25,96,49,182,18,.277,.329,.447,.776,.348,,
2022,144,Atlanta Braves,ATL,National League,National League East,676206,Freddy Tarnok,/api/v1/people/676206,67,1,Pitcher,Pitcher,P,A,Active,pitching,True,1,0,0,0,0,0,0.2,1,0,0,0,1,0,0.00,1.50,,,-.--,,,,,,,,,,,,,,,,,,,
2022,144,Atlanta Braves,ATL,National League,National League East,592804,Tyler Thornburg,/api/v1/people/592804,63,1,Pitcher,Pitcher,P,RL,Released,pitching,True,14,0,0,1,0,0,19.0,16,10,7,11,14,1,3.32,1.42,,,1.27,,,,,,,,,,,,,,,,,,,
2022,144,Atlanta Braves,ATL,National League,National League East,644433,Chadwick Tromp,/api/v1/people/644433,48,2,Catcher,Catcher,C,A,Active,hitting,True,,,,,,,,,,,,,,,,,,,1,4,4,0,3,2,0,0,3,0,0,0,.750,.750,1.250,2.000,.750,,
2022,144,Atlanta Braves,ATL,National League,National League East,682016,William Woods,/api/v1/people/682016,78,1,Pitcher,Pitcher,P,A,Active,pitching,True,2,0,0,0,0,0,2.0,2,0,0,1,2,0,0.00,1.50,,,2.00,,,,,,,,,,,,,,,,,,,
2022,144,Atlanta Braves,ATL,National League,National League East,657140,Kyle Wright,/api/v1/people/657140,30,1,Pitcher,Pitcher,P,A,Active,pitching,True,30,30,21,5,0,0,180.1,156,67,64,53,174,19,3.19,1.16,,,3.28,,,,,,,,,,,,,,,,,,,
2022,144,Atlanta Braves,ATL,National League,National League East,489446,Kirby Yates,/api/v1/people/489446,22,1,Pitcher,Pitcher,P,A,Active,pitching,True,9,0,0,0,0,2,7.0,6,4,4,5,6,2,5.14,1.57,,,1.20,,,,,,,,,,,,,,,,,,,
2022,144,Atlanta Braves,ATL,National League,National League East,660623,Huascar Ynoa,/api/v1/people/660623,19,1,Pitcher,Pitcher,P,D60,Injured 60-Day,pitching,True,2,2,0,2,0,0,6.2,11,10,10,6,8,2,13.50,2.55,,,1.33,,,,,,,,,,,,,,,,,,,
2022,144,Atlanta Braves,ATL,National League,National League East,664849,Danny Young,/api/v1/people/664849,63,1,Pitcher,Pitcher,P,MIN,Minor League Contract,pitching,True,3,0,0,0,0,0,6.1,11,3,3,2,6,1,4.26,2.05,,,3.00,,,,,,,,,,,,,,,,,,,
2022,144,Atlanta Braves,ATL,National League,National League East,518595,Travis d'Arnaud,/api/v1/people/518595,16,2,Catcher,Catcher,C,A,Active,hitting,True,,,,,,,,,,,,,,,,,,,107,426,396,61,106,25,1,18,60,19,90,0,.268,.319,.472,.791,.306,,
2022,145,Chicago White Sox,CWS,American League,American League Central,547989,José Abreu,/api/v1/people/547989,79,3,First Base,Infielder,1B,A,Active,hitting,True,,,,,,,,,,,,,,,,,,,157,679,601,85,183,40,0,15,75,62,110,0,.304,.378,.446,.824,.350,,
2022,145,Chicago White Sox,CWS,American League,American League Central,641313,Tim Anderson,/api/v1/people/641313,7,6,Shortstop,Infielder,SS,A,Active,hitting,True,,,,,,,,,,,,,,,,,,,79,351,332,50,100,13,0,6,25,14,55,13,.301,.339,.395,.734,.347,,
2022,145,Chicago White Sox,CWS,American League,American League Central,462101,Elvis Andrus,/api/v1/people/462101,1,6,Shortstop,Infielder,SS,A,Active,hitting,True,,,,,,,,,,,,,,,,,,,149,577,535,66,133,32,0,17,58,39,92,18,.249,.303,.404,.707,.272,,
2022,145,Chicago White Sox,CWS,American League,American League Central,621383,Tanner Banks,/api/v1/people/621383,57,1,Pitcher,Pitcher,P,A,Active,pitching,True,35,0,2,0,0,1,53.0,42,25,18,18,49,5,3.06,1.13,,,2.72,,,,,,,,,,,,,,,,,,,
2022,145,Chicago White Sox,CWS,American League,American League Central,607481,Aaron Bummer,/api/v1/people/607481,39,1,Pitcher,Pitcher,P,A,Active,pitching,True,32,0,2,1,2,10,26.2,30,11,7,10,30,2,2.36,1.50,,,3.00,,,,,,,,,,,,,,,,,,,
2022,145,Chicago White Sox,CWS,American League,American League Central,669394,Jake Burger,/api/v1/people/669394,30,3,First Base,Infielder,1B,A,Active,hitting,True,,,,,,,,,,,,,,,,,,,51,183,168,20,42,9,1,8,26,10,56,0,.250,.302,.458,.760,.324,,
2022,145,Chicago White Sox,CWS,American League,American League Central,621114,Ryan Burr,/api/v1/people/621114,61,1,Pitcher,Pitcher,P,RL,Released,pitching,True,8,0,1,1,0,1,9.0,8,7,6,4,7,3,6.00,1.33,,,1.75,,,,,,,,,,,,,,,,,,,
2022,145,Chicago White Sox,CWS,American League,American League Central,656302,Dylan Cease,/api/v1/people/656302,84,1,Pitcher,Pitcher,P,A,Active,pitching,True,32,32,14,8,0,0,184.0,126,55,45,78,227,16,2.20,1.11,,,2.91,,,,,,,,,,,,,,,,,,,
2022,145,Chicago White Sox,CWS,American League,American League Central,605195,Kyle Crick,/api/v1/people/605195,59,1,Pitcher,Pitcher,P,A,Active,pitching,True,14,0,2,0,0,3,15.2,10,7,7,11,19,0,4.02,1.34,,,1.73,,,,,,,,,,,,,,,,,,,
2022,145,Chicago White Sox,CWS,American League,American League Central,456501,Johnny Cueto,/api/v1/people/456501,47,1,Pitcher,Pitcher,P,A,Active,pitching,True,25,24,8,10,0,0,158.1,161,66,59,33,102,15,3.35,1.23,,,3.09,,,,,,,,,,,,,,,,,,,
2022,145,Chicago White Sox,CWS,American League,American League Central,518617,Jake Diekman,/api/v1/people/518617,55,1,Pitcher,Pitcher,P,A,Active,pitching,True,70,0,5,4,1,16,57.2,52,40,32,42,79,9,4.99,1.63,,,1.88,,,,,,,,,,,,,,,,,,,
2022,145,Chicago White Sox,CWS,American League,American League Central,641553,Adam Engel,/api/v1/people/641553,15,9,Outfielder,Outfielder,RF,A,Active,hitting,True,,,,,,,,,,,,,,,,,,,119,260,245,32,55,13,1,2,17,11,76,12,.224,.269,.310,.579,.317,,
2022,145,Chicago White Sox,CWS,American League,American League Central,641582,Matt Foster,/api/v1/people/641582,63,1,Pitcher,Pitcher,P,A,Active,pitching,True,48,0,1,2,1,5,45.0,43,25,22,17,42,6,4.40,1.33,,,2.47,,,,,,,,,,,,,,,,,,,
2022,145,Chicago White Sox,CWS,American League,American League Central,544725,Leury García,/api/v1/people/544725,28,6,Shortstop,Infielder,SS,A,Active,hitting,True,,,,,,,,,,,,,,,,,,,97,315,300,38,63,8,0,3,20,7,65,2,.210,.233,.267,.500,.255,,
2022,145,Chicago White Sox,CWS,American League,American League Central,608337,Lucas Giolito,/api/v1/people/608337,27,1,Pitcher,Pitcher,P,A,Active,pitching,True,30,30,11,9,0,0,161.2,171,92,88,61,177,24,4.90,1.44,,,2.90,,,,,,,,,,,,,,,,,,,
2022,145,Chicago White Sox,CWS,American League,American League Central,663853,Romy Gonzalez,/api/v1/people/663853,12,9,Outfielder,Outfielder,RF,A,Active,hitting,True,,,,,,,,,,,,,,,,,,,32,109,105,15,25,4,1,2,11,2,39,0,.238,.257,.352,.609,.354,,
2022,145,Chicago White Sox,CWS,American League,American League Central,518735,Yasmani Grandal,/api/v1/people/518735,24,2,Catcher,Catcher,C,A,Active,hitting,True,,,,,,,,,,,,,,,,,,,99,376,327,15,66,7,0,5,27,45,79,1,.202,.301,.269,.570,.249,,
2022,145,Chicago White Sox,CWS,American League,American League Central,608665,Kendall Graveman,/api/v1/people/608665,49,1,Pitcher,Pitcher,P,A,Active,pitching,True,65,0,3,4,6,27,65.0,65,29,23,26,66,5,3.18,1.40,,,2.54,,,,,,,,,,,,,,,,,,,
2022,145,Chicago White Sox,CWS,American League,American League Central,656514,Adam Haseley,/api/v1/people/656514,51,9,Outfielder,Outfielder,RF,NRI,Non-Roster Invitee,hitting,True,,,,,,,,,,,,,,,,,,,14,25,21,4,5,0,0,0,2,3,7,0,.238,.333,.238,.571,.357,,
2022,145,Chicago White Sox,CWS,American League,American League Central,521230,Liam Hendriks,/api/v1/people/521230,31,1,Pitcher,Pitcher,P,A,Active,pitching,True,58,0,4,4,37,0,57.2,44,22,18,16,85,7,2.81,1.04,,,5.31,,,,,,,,,,,,,,,,,,,
2022,145,Chicago White Sox,CWS,American League,American League Central,650391,Eloy Jiménez,/api/v1/people/650391,74,9,Outfielder,Outfielder,RF,D10,Injured 10-Day,hitting,True,,,,,,,,,,,,,,,,,,,84,327,292,40,86,12,0,16,54,28,72,0,.295,.358,.500,.858,.337,,
2022,145,Chicago White Sox,CWS,American League,American League Central,523260,Joe Kelly,/api/v1/people/523260,17,1,Pitcher,Pitcher,P,A,Active,pitching,True,43,1,1,3,1,15,37.0,36,26,25,23,53,2,6.08,1.59,,,2.30,,,,,,,,,,,,,,,,,,,
2022,145,Chicago White Sox,CWS,American League,American League Central,572971,Dallas Keuchel,/api/v1/people/572971,60,1,Pitcher,Pitcher,P,RL,Released,pitching,True,14,14,2,9,0,0,60.2,94,69,62,31,45,11,9.20,2.06,,,1.45,,,,,,,,,,,,,,,,,,,
2022,145,Chicago White Sox,CWS,American League,American League Central,656629,Michael Kopech,/api/v1/people/656629,34,1,Pitcher,Pitcher,P,A,Active,pitching,True,25,25,5,9,0,0,119.1,85,53,47,57,105,15,3.54,1.19,,,1.84,,,,,,,,,,,,,,,,,,,
2022,145,Chicago White Sox,CWS,American League,American League Central,669424,Jimmy Lambert,/api/v1/people/669424,58,1,Pitcher,Pitcher,P,A,Active,pitching,True,42,2,1,2,0,10,47.0,40,18,17,24,45,4,3.26,1.36,,,1.88,,,,,,,,,,,,,,,,,,,
2022,145,Chicago White Sox,CWS,American League,American League Central,625643,Reynaldo López,/api/v1/people/625643,40,1,Pitcher,Pitcher,P,A,Active,pitching,True,61,1,6,4,0,9,65.1,51,24,20,11,63,1,2.76,0.95,,,5.73,,,,,,,,,,,,,,,,,,,
2022,145,Chicago White Sox,CWS,American League,American League Central,458681,Lance Lynn,/api/v1/people/458681,33,1,Pitcher,Pitcher,P,A,Active,pitching,True,21,21,8,7,0,0,121.2,119,65,54,19,124,19,3.99,1.13,,,6.53,,,,,,,,,,,,,,,,,,,
2022,145,Chicago White Sox,CWS,American League,American League Central,663436,Davis Martin,/api/v1/people/663436,65,1,Pitcher,Pitcher,P,A,Active,pitching,True,14,9,3,6,0,0,63.1,63,36,34,19,48,8,4.83,1.29,,,2.53,,,,,,,,,,,,,,,,,,,
2022,145,Chicago White Sox,CWS,American League,American League Central,624512,Reese McGuire,/api/v1/people/624512,21,2,Catcher,Catcher,C,TR,Traded,hitting,True,,,,,,,,,,,,,,,,,,,89,274,249,25,67,14,1,3,22,12,56,1,.269,.307,.369,.676,.332,,
2022,145,Chicago White Sox,CWS,American League,American League Central,664901,Danny Mendick,/api/v1/people/664901,20,6,Shortstop,Infielder,SS,D60,Injured 60-Day,hitting,True,,,,,,,,,,,,,,,,,,,31,106,97,22,28,4,1,3,15,7,23,1,.289,.343,.443,.786,.352,,
2022,145,Chicago White Sox,CWS,American League,American League Central,660162,Yoán Moncada,/api/v1/people/660162,10,5,Third Base,Infielder,3B,A,Active,hitting,True,,,,,,,,,,,,,,,,,,,104,433,397,41,84,18,1,12,51,32,114,2,.212,.273,.353,.626,.265,,
2022,145,Chicago White Sox,CWS,American League,American League Central,592622,Mark Payton,/api/v1/people/592622,46,9,Outfielder,Outfielder,RF,A,Active,hitting,True,,,,,,,,,,,,,,,,,,,8,25,21,3,3,0,0,0,1,4,4,0,.143,.280,.143,.423,.176,,
2022,145,Chicago White Sox,CWS,American League,American League Central,656024,Carlos Pérez,/api/v1/people/656024,36,2,Catcher,Catcher,C,A,Active,hitting,True,,,,,,,,,,,,,,,,,,,7,18,18,0,4,2,0,0,2,0,2,0,.222,.222,.333,.555,.250,,
2022,145,Chicago White Sox,CWS,American League,American League Central,572041,AJ Pollock,/api/v1/people/572041,18,7,Outfielder,Outfielder,LF,A,Active,hitting,True,,,,,,,,,,,,,,,,,,,138,527,489,61,120,26,1,14,56,32,98,3,.245,.292,.389,.681,.278,,
2022,145,Chicago White Sox,CWS,American League,American League Central,673357,Luis Robert Jr.,/api/v1/people/673357,88,8,Outfielder,Outfielder,CF,A,Active,hitting,True,,,,,,,,,,,,,,,,,,,98,401,380,54,108,18,0,12,56,17,77,11,.284,.319,.426,.745,.329,,
2022,145,Chicago White Sox,CWS,American League,American League Central,614179,José Ruiz,/api/v1/people/614179,66,1,Pitcher,Pitcher,P,A,Active,pitching,True,63,0,1,0,0,11,60.2,53,32,31,33,68,9,4.60,1.42,,,2.06,,,,,,,,,,,,,,,,,,,
2022,145,Chicago White Sox,CWS,American League,American League Central,644429,Anderson Severino,/api/v1/people/644429,62,1,Pitcher,Pitcher,P,MIN,Minor League Contract,pitching,True,6,0,0,0,0,0,7.1,7,5,5,4,9,0,6.14,1.50,,,2.25,,,,,,,,,,,,,,,,,,,
2022,145,Chicago White Sox,CWS,American League,American League Central,657757,Gavin Sheets,/api/v1/people/657757,32,3,First Base,Infielder,1B,A,Active,hitting,True,,,,,,,,,,,,,,,,,,,124,410,377,34,91,19,0,15,53,27,86,0,.241,.295,.411,.706,.272,,
2022,145,Chicago White Sox,CWS,American League,American League Central,672820,Lenyn Sosa,/api/v1/people/672820,50,6,Shortstop,Infielder,SS,A,Active,hitting,True,,,,,,,,,,,,,,,,,,,11,36,35,3,4,1,0,1,1,1,12,0,.114,.139,.229,.368,.136,,
2022,145,Chicago White Sox,CWS,American League,American League Central,656986,Bennett Sousa,/api/v1/people/656986,67,1,Pitcher,Pitcher,P,A,Active,pitching,True,25,0,3,0,1,5,20.1,25,20,19,10,12,3,8.41,1.72,,,1.20,,,,,,,,,,,,,,,,,,,
2022,145,Chicago White Sox,CWS,American League,American League Central,683734,Andrew Vaughn,/api/v1/people/683734,25,3,First Base,Infielder,1B,A,Active,hitting,True,,,,,,,,,,,,,,,,,,,134,555,510,60,138,28,1,17,76,31,96,0,.271,.321,.429,.750,.301,,
2022,145,Chicago White Sox,CWS,American League,American League Central,592826,Vince Velasquez,/api/v1/people/592826,23,1,Pitcher,Pitcher,P,A,Active,pitching,True,27,9,3,3,0,1,75.1,68,42,40,25,69,11,4.78,1.23,,,2.76,,,,,,,,,,,,,,,,,,,
2022,145,Chicago White Sox,CWS,American League,American League Central,664874,Seby Zavala,/api/v1/people/664874,44,2,Catcher,Catcher,C,A,Active,hitting,True,,,,,,,,,,,,,,,,,,,61,205,178,22,48,14,0,2,21,19,64,0,.270,.347,.382,.729,.404,,
2022,146,Miami Marlins,MIA,National League,National League East,542583,Jesús Aguilar,/api/v1/people/542583,99,3,First Base,Infielder,1B,RL,Released,hitting,True,,,,,,,,,,,,,,,,,,,129,507,464,39,109,19,0,16,51,28,119,1,.235,.281,.379,.660,.278,,
2022,146,Miami Marlins,MIA,National League,National League East,645261,Sandy Alcantara,/api/v1/people/645261,22,1,Pitcher,Pitcher,P,A,Active,pitching,True,32,32,14,9,0,0,228.2,174,67,58,50,207,16,2.28,0.98,,,4.14,,,,,,,,,,,,,,,,,,,
2022,146,Miami Marlins,MIA,National League,National League East,605119,Brian Anderson,/api/v1/people/605119,15,5,Third Base,Infielder,3B,A,Active,hitting,True,,,,,,,,,,,,,,,,,,,98,383,338,43,75,16,1,8,28,37,101,1,.222,.311,.346,.657,.291,,
2022,146,Miami Marlins,MIA,National League,National League East,542888,Shawn Armstrong,/api/v1/people/542888,43,1,Pitcher,Pitcher,P,MIN,Minor League Contract,pitching,True,50,3,2,3,2,2,61.2,66,32,30,17,66,7,4.38,1.35,,,3.88,,,,,,,,,,,,,,,,,,,
2022,146,Miami Marlins,MIA,National League,National League East,553902,Willians Astudillo,/api/v1/people/553902,37,5,Third Base,Infielder,3B,MIN,Minor League Contract,hitting,True,,,,,,,,,,,,,,,,,,,21,55,54,5,13,0,0,1,4,1,3,1,.241,.255,.296,.551,.240,,
2022,146,Miami Marlins,MIA,National League,National League East,542914,Anthony Bass,/api/v1/people/542914,52,1,Pitcher,Pitcher,P,TR,Traded,pitching,True,73,0,4,3,0,23,70.1,51,15,12,20,73,6,1.54,1.01,,,3.65,,,,,,,,,,,,,,,,,,,
2022,146,Miami Marlins,MIA,National League,National League East,669622,Anthony Bender,/api/v1/people/669622,55,1,Pitcher,Pitcher,P,D60,Injured 60-Day,pitching,True,22,0,1,3,6,3,19.1,17,7,7,8,17,3,3.26,1.29,,,2.13,,,,,,,,,,,,,,,,,,,
2022,146,Miami Marlins,MIA,National League,National League East,542932,Jon Berti,/api/v1/people/542932,5,6,Shortstop,Infielder,SS,A,Active,hitting,True,,,,,,,,,,,,,,,,,,,102,404,358,47,86,17,3,4,28,42,89,41,.240,.324,.338,.662,.308,,
2022,146,Miami Marlins,MIA,National League,National League East,668709,JJ Bleday,/api/v1/people/668709,67,8,Outfielder,Outfielder,CF,A,Active,hitting,True,,,,,,,,,,,,,,,,,,,65,238,204,21,34,10,2,5,16,30,67,4,.167,.277,.309,.586,.216,,
2022,146,Miami Marlins,MIA,National League,National League East,542947,Richard Bleier,/api/v1/people/542947,35,1,Pitcher,Pitcher,P,A,Active,pitching,True,55,1,2,2,1,7,50.2,63,22,20,10,32,3,3.55,1.44,,,3.20,,,,,,,,,,,,,,,,,,,
2022,146,Miami Marlins,MIA,National League,National League East,623211,Huascar Brazobán,/api/v1/people/623211,81,1,Pitcher,Pitcher,P,A,Active,pitching,True,27,0,1,1,0,4,32.0,26,13,11,21,40,3,3.09,1.47,,,1.90,,,,,,,,,,,,,,,,,,,
2022,146,Miami Marlins,MIA,National League,National League East,656257,Jeff Brigham,/api/v1/people/656257,43,1,Pitcher,Pitcher,P,A,Active,pitching,True,16,0,0,1,1,3,24.0,22,10,9,10,28,3,3.38,1.33,,,2.80,,,,,,,,,,,,,,,,,,,
2022,146,Miami Marlins,MIA,National League,National League East,680814,Peyton Burdick,/api/v1/people/680814,86,9,Outfielder,Outfielder,RF,A,Active,hitting,True,,,,,,,,,,,,,,,,,,,32,102,92,8,19,4,0,4,11,8,35,1,.207,.284,.380,.664,.283,,
2022,146,Miami Marlins,MIA,National League,National League East,665795,Edward Cabrera,/api/v1/people/665795,27,1,Pitcher,Pitcher,P,A,Active,pitching,True,14,14,6,4,0,0,71.2,44,24,24,33,75,10,3.01,1.07,,,2.27,,,,,,,,,,,,,,,,,,,
2022,146,Miami Marlins,MIA,National League,National League East,641447,Daniel Castano,/api/v1/people/641447,20,1,Pitcher,Pitcher,P,A,Active,pitching,True,10,7,1,3,0,0,35.2,42,20,16,9,20,5,4.04,1.43,,,2.22,,,,,,,,,,,,,,,,,,,
2022,146,Miami Marlins,MIA,National League,National League East,665862,Jazz Chisholm Jr.,/api/v1/people/665862,2,8,Outfielder,Outfielder,CF,D60,Injured 60-Day,hitting,True,,,,,,,,,,,,,,,,,,,60,241,213,39,54,10,4,14,45,21,66,12,.254,.325,.535,.860,.294,,
2022,146,Miami Marlins,MIA,National League,National League East,643265,Garrett Cooper,/api/v1/people/643265,26,3,First Base,Infielder,1B,A,Active,hitting,True,,,,,,,,,,,,,,,,,,,119,469,414,37,108,33,2,9,50,40,119,0,.261,.337,.415,.752,.340,,
2022,146,Miami Marlins,MIA,National League,National League East,650559,Bryan De La Cruz,/api/v1/people/650559,14,7,Outfielder,Outfielder,LF,A,Active,hitting,True,,,,,,,,,,,,,,,,,,,115,355,329,38,83,20,0,13,43,19,90,4,.252,.294,.432,.726,.304,,
2022,146,Miami Marlins,MIA,National League,National League East,650331,Lewin Díaz,/api/v1/people/650331,34,3,First Base,Infielder,1B,A,Active,hitting,True,,,,,,,,,,,,,,,,,,,58,174,160,12,27,4,0,5,11,11,54,1,.169,.224,.288,.512,.214,,
2022,146,Miami Marlins,MIA,National League,National League East,656388,Joe Dunand,/api/v1/people/656388,62,5,Third Base,Infielder,3B,CL,Claimed,hitting,True,,,,,,,,,,,,,,,,,,,3,11,10,2,3,1,0,1,1,0,3,0,.300,.364,.700,1.064,.333,,
2022,146,Miami Marlins,MIA,National League,National League East,666464,Jerar Encarnacion,/api/v1/people/666464,64,7,Outfielder,Outfielder,LF,A,Active,hitting,True,,,,,,,,,,,,,,,,,,,23,81,77,7,14,3,0,3,14,3,32,2,.182,.210,.338,.548,.256,,
2022,146,Miami Marlins,MIA,National League,National League East,670288,Jake Fishman,/api/v1/people/670288,94,1,Pitcher,Pitcher,P,MIN,Minor League Contract,pitching,True,7,0,0,0,0,2,11.0,13,5,5,0,6,0,4.09,1.18,,,-.--,,,,,,,,,,,,,,,,,,,
2022,146,Miami Marlins,MIA,National League,National League East,571670,Dylan Floro,/api/v1/people/571670,36,1,Pitcher,Pitcher,P,A,Active,pitching,True,56,0,1,3,10,6,53.2,48,23,18,15,48,4,3.02,1.17,,,3.20,,,,,,,,,,,,,,,,,,,
2022,146,Miami Marlins,MIA,National League,National League East,663743,Nick Fortes,/api/v1/people/663743,54,2,Catcher,Catcher,C,A,Active,hitting,True,,,,,,,,,,,,,,,,,,,72,240,217,41,50,6,1,9,24,18,45,5,.230,.304,.392,.696,.252,,
2022,146,Miami Marlins,MIA,National League,National League East,541645,Avisaíl García,/api/v1/people/541645,24,9,Outfielder,Outfielder,RF,A,Active,hitting,True,,,,,,,,,,,,,,,,,,,98,380,357,31,80,9,0,8,35,17,109,4,.224,.266,.317,.583,.298,,
2022,146,Miami Marlins,MIA,National League,National League East,666129,Braxton Garrett,/api/v1/people/666129,60,1,Pitcher,Pitcher,P,A,Active,pitching,True,17,17,3,7,0,0,88.0,86,38,35,24,90,9,3.58,1.25,,,3.75,,,,,,,,,,,,,,,,,,,
2022,146,Miami Marlins,MIA,National League,National League East,570481,Erik González,/api/v1/people/570481,9,5,Third Base,Infielder,3B,MIN,Minor League Contract,hitting,True,,,,,,,,,,,,,,,,,,,16,41,37,4,7,1,0,0,3,4,12,1,.189,.268,.216,.484,.280,,
2022,146,Miami Marlins,MIA,National League,National League East,677954,Jordan Groshans,/api/v1/people/677954,65,6,Shortstop,Infielder,SS,A,Active,hitting,True,,,,,,,,,,,,,,,,,,,17,65,61,9,16,0,0,1,2,4,13,0,.262,.308,.311,.619,.319,,
2022,146,Miami Marlins,MIA,National League,National League East,571740,Billy Hamilton,/api/v1/people/571740,6,6,Shortstop,Infielder,SS,MIN,Minor League Contract,hitting,True,,,,,,,,,,,,,,,,,,,37,23,20,13,1,0,0,0,0,2,12,10,.050,.136,.050,.186,.125,,
2022,146,Miami Marlins,MIA,National League,National League East,545343,Louis Head,/api/v1/people/545343,38,1,Pitcher,Pitcher,P,CL,Claimed,pitching,True,28,0,0,0,1,1,28.2,32,20,20,15,26,4,6.28,1.64,,,1.73,,,,,,,,,,,,,,,,,,,
2022,146,Miami Marlins,MIA,National League,National League East,668721,Payton Henry,/api/v1/people/668721,59,2,Catcher,Catcher,C,A,Active,hitting,True,,,,,,,,,,,,,,,,,,,15,35,28,2,4,0,0,0,4,5,8,0,.143,.314,.143,.457,.200,,
2022,146,Miami Marlins,MIA,National League,National League East,622694,Elieser Hernández,/api/v1/people/622694,57,1,Pitcher,Pitcher,P,A,Active,pitching,True,20,10,3,6,0,0,62.1,67,48,44,22,60,19,6.35,1.43,,,2.73,,,,,,,,,,,,,,,,,,,
2022,146,Miami Marlins,MIA,National League,National League East,663773,Bryan Hoeing,/api/v1/people/663773,93,1,Pitcher,Pitcher,P,A,Active,pitching,True,8,1,1,1,0,0,12.2,19,17,17,5,6,5,12.08,1.89,,,1.20,,,,,,,,,,,,,,,,,,,
2022,146,Miami Marlins,MIA,National League,National League East,656548,Jordan Holloway,/api/v1/people/656548,25,1,Pitcher,Pitcher,P,D60,Injured 60-Day,pitching,True,1,0,0,0,0,0,2.2,3,1,1,1,2,0,3.38,1.50,,,2.00,,,,,,,,,,,,,,,,,,,
2022,146,Miami Marlins,MIA,National League,National League East,607609,A.J. Ladwig,/api/v1/people/607609,70,1,Pitcher,Pitcher,P,MIN,Minor League Contract,pitching,True,1,0,0,0,0,0,3.1,6,4,4,0,0,2,10.80,1.80,,,-.--,,,,,,,,,,,,,,,,,,,
2022,146,Miami Marlins,MIA,National League,National League East,641779,Charles Leblanc,/api/v1/people/641779,83,5,Third Base,Infielder,3B,A,Active,hitting,True,,,,,,,,,,,,,,,,,,,48,169,156,18,41,10,0,4,11,12,53,4,.263,.320,.404,.724,.374,,
2022,146,Miami Marlins,MIA,National League,National League East,641154,Pablo López,/api/v1/people/641154,49,1,Pitcher,Pitcher,P,A,Active,pitching,True,32,32,10,10,0,0,180.0,157,78,75,53,174,21,3.75,1.17,,,3.28,,,,,,,,,,,,,,,,,,,
2022,146,Miami Marlins,MIA,National League,National League East,666200,Jesús Luzardo,/api/v1/people/666200,44,1,Pitcher,Pitcher,P,A,Active,pitching,True,18,18,4,7,0,0,100.1,69,40,37,35,120,10,3.32,1.04,,,3.43,,,,,,,,,,,,,,,,,,,
2022,146,Miami Marlins,MIA,National League,National League East,676974,Max Meyer,/api/v1/people/676974,23,1,Pitcher,Pitcher,P,D60,Injured 60-Day,pitching,True,2,2,0,1,0,0,6.0,7,5,5,2,6,2,7.50,1.50,,,3.00,,,,,,,,,,,,,,,,,,,
2022,146,Miami Marlins,MIA,National League,National League East,667297,Tommy Nance,/api/v1/people/667297,51,1,Pitcher,Pitcher,P,A,Active,pitching,True,35,2,2,3,0,2,43.2,45,22,21,21,57,5,4.33,1.51,,,2.71,,,,,,,,,,,,,,,,,,,
2022,146,Miami Marlins,MIA,National League,National League East,677053,Andrew Nardi,/api/v1/people/677053,90,1,Pitcher,Pitcher,P,A,Active,pitching,True,13,0,1,1,0,1,14.2,25,17,16,14,24,5,9.82,2.66,,,1.71,,,,,,,,,,,,,,,,,,,
2022,146,Miami Marlins,MIA,National League,National League East,663734,Nick Neidert,/api/v1/people/663734,29,1,Pitcher,Pitcher,P,A,Active,pitching,True,1,1,0,1,0,0,5.0,5,2,2,0,3,1,3.60,1.00,,,-.--,,,,,,,,,,,,,,,,,,,
2022,146,Miami Marlins,MIA,National League,National League East,595345,Steven Okert,/api/v1/people/595345,48,1,Pitcher,Pitcher,P,A,Active,pitching,True,60,0,5,5,0,19,51.1,34,19,17,26,63,7,2.98,1.17,,,2.42,,,,,,,,,,,,,,,,,,,
2022,146,Miami Marlins,MIA,National League,National League East,647315,Zach Pop,/api/v1/people/647315,56,1,Pitcher,Pitcher,P,TR,Traded,pitching,True,35,0,4,0,0,3,39.0,41,13,12,4,25,2,2.77,1.15,,,6.25,,,,,,,,,,,,,,,,,,,
2022,146,Miami Marlins,MIA,National League,National League East,547001,Cody Poteet,/api/v1/people/547001,72,1,Pitcher,Pitcher,P,D60,Injured 60-Day,pitching,True,12,2,0,1,0,1,28.0,23,12,12,11,21,4,3.86,1.21,,,1.91,,,,,,,,,,,,,,,,,,,
2022,146,Miami Marlins,MIA,National League,National League East,669432,Trevor Rogers,/api/v1/people/669432,28,1,Pitcher,Pitcher,P,A,Active,pitching,True,23,23,4,11,0,0,107.0,116,69,65,45,106,15,5.47,1.50,,,2.36,,,,,,,,,,,,,,,,,,,
2022,146,Miami Marlins,MIA,National League,National League East,500743,Miguel Rojas,/api/v1/people/500743,11,6,Shortstop,Infielder,SS,A,Active,hitting,True,,,,,,,,,,,,,,,,,,,140,507,471,34,111,19,2,6,36,26,61,9,.236,.283,.323,.606,.258,,
2022,146,Miami Marlins,MIA,National League,National League East,660821,Jesús Sánchez,/api/v1/people/660821,7,9,Outfielder,Outfielder,RF,A,Active,hitting,True,,,,,,,,,,,,,,,,,,,98,343,313,38,67,14,3,13,36,26,92,1,.214,.280,.403,.683,.258,,
2022,146,Miami Marlins,MIA,National League,National League East,656945,Tanner Scott,/api/v1/people/656945,66,1,Pitcher,Pitcher,P,A,Active,pitching,True,67,0,4,5,20,4,62.2,55,34,30,46,90,5,4.31,1.61,,,1.96,,,,,,,,,,,,,,,,,,,
2022,146,Miami Marlins,MIA,National League,National League East,624585,Jorge Soler,/api/v1/people/624585,12,7,Outfielder,Outfielder,LF,D60,Injured 60-Day,hitting,True,,,,,,,,,,,,,,,,,,,72,306,270,32,56,13,0,13,34,31,90,0,.207,.295,.400,.695,.256,,
2022,146,Miami Marlins,MIA,National League,National League East,607732,Jacob Stallings,/api/v1/people/607732,58,2,Catcher,Catcher,C,A,Active,hitting,True,,,,,,,,,,,,,,,,,,,114,384,346,25,77,12,0,4,34,29,83,0,.223,.292,.292,.584,.280,,
2022,146,Miami Marlins,MIA,National League,National League East,642121,Cole Sulser,/api/v1/people/642121,31,1,Pitcher,Pitcher,P,A,Active,pitching,True,39,0,1,4,2,5,34.0,39,23,20,16,38,6,5.29,1.62,,,2.38,,,,,,,,,,,,,,,,,,,
2022,146,Miami Marlins,MIA,National League,National League East,621563,Joey Wendle,/api/v1/people/621563,18,6,Shortstop,Infielder,SS,A,Active,hitting,True,,,,,,,,,,,,,,,,,,,101,371,347,27,90,24,1,3,32,15,50,12,.259,.297,.360,.657,.293,,
2022,146,Miami Marlins,MIA,National League,National League East,663897,Luke Williams,/api/v1/people/663897,46,7,Outfielder,Outfielder,LF,A,Active,hitting,True,,,,,,,,,,,,,,,,,,,79,136,127,21,30,5,1,1,6,9,44,11,.236,.287,.315,.602,.354,,
2022,146,Miami Marlins,MIA,National League,National League East,642231,Jimmy Yacabonis,/api/v1/people/642231,47,1,Pitcher,Pitcher,P,CL,Claimed,pitching,True,14,1,1,1,0,0,14.0,20,15,13,10,21,4,8.36,2.14,,,2.10,,,,,,,,,,,,,,,,,,,
2022,146,Miami Marlins,MIA,National League,National League East,656008,Aneurys Zabala,/api/v1/people/656008,80,1,Pitcher,Pitcher,P,MIN,Minor League Contract,pitching,True,2,0,0,0,0,0,2.2,3,0,0,1,2,0,0.00,1.50,,,2.00,,,,,,,,,,,,,,,,,,,
2022,147,New York Yankees,NYY,American League,American League East,656061,Albert Abreu,/api/v1/people/656061,84,1,Pitcher,Pitcher,P,A,Active,pitching,True,33,0,2,2,0,1,38.2,35,15,14,22,38,5,3.26,1.47,,,1.73,,,,,,,,,,,,,,,,,,,
2022,147,New York Yankees,NYY,American League,American League East,609280,Miguel Andujar,/api/v1/people/609280,41,7,Outfielder,Outfielder,LF,CL,Claimed,hitting,True,,,,,,,,,,,,,,,,,,,36,140,132,13,31,5,1,1,17,5,27,4,.235,.257,.311,.568,.280,,
2022,147,New York Yankees,NYY,American League,American League East,664056,Harrison Bader,/api/v1/people/664056,22,8,Outfielder,Outfielder,CF,A,Active,hitting,True,,,,,,,,,,,,,,,,,,,86,313,292,38,73,10,3,5,30,15,62,17,.250,.294,.356,.650,.300,,
2022,147,New York Yankees,NYY,American League,American League East,607455,Anthony Banda,/api/v1/people/607455,61,1,Pitcher,Pitcher,P,MIN,Minor League Contract,pitching,True,32,1,1,1,0,2,26.2,43,20,20,13,30,4,6.75,2.10,,,2.31,,,,,,,,,,,,,,,,,,,
2022,147,New York Yankees,NYY,American League,American League East,544365,Manny Banuelos,/api/v1/people/544365,68,1,Pitcher,Pitcher,P,TR,Traded,pitching,True,35,0,2,1,1,5,41.0,32,23,20,21,42,2,4.39,1.29,,,2.00,,,,,,,,,,,,,,,,,,,
2022,147,New York Yankees,NYY,American League,American League East,572703,Luke Bard,/api/v1/people/572703,68,1,Pitcher,Pitcher,P,MIN,Minor League Contract,pitching,True,9,0,1,1,0,0,15.0,7,3,3,7,8,0,1.80,0.93,,,1.14,,,,,,,,,,,,,,,,,,,
2022,147,New York Yankees,NYY,American League,American League East,606930,Jacob Barnes,/api/v1/people/606930,68,1,Pitcher,Pitcher,P,MIN,Minor League Contract,pitching,True,23,0,3,1,0,2,22.1,23,14,14,9,12,3,5.64,1.43,,,1.33,,,,,,,,,,,,,,,,,,,
2022,147,New York Yankees,NYY,American League,American League East,643217,Andrew Benintendi,/api/v1/people/643217,18,7,Outfielder,Outfielder,LF,A,Active,hitting,True,,,,,,,,,,,,,,,,,,,126,521,461,54,140,23,3,5,51,52,77,8,.304,.373,.399,.772,.352,,
2022,147,New York Yankees,NYY,American League,American League East,542963,Rob Brantly,/api/v1/people/542963,,2,Catcher,Catcher,C,MIN,Minor League Contract,hitting,True,,,,,,,,,,,,,,,,,,,1,3,3,0,1,1,0,0,0,0,0,0,.333,.333,.667,1.000,.333,,
2022,147,New York Yankees,NYY,American League,American League East,502154,Zack Britton,/api/v1/people/502154,53,1,Pitcher,Pitcher,P,D60,Injured 60-Day,pitching,True,3,0,0,0,0,2,0.2,1,1,1,6,1,0,13.50,10.50,,,0.17,,,,,,,,,,,,,,,,,,,
2022,147,New York Yankees,NYY,American League,American League East,665828,Oswaldo Cabrera,/api/v1/people/665828,95,7,Outfielder,Outfielder,LF,A,Active,hitting,True,,,,,,,,,,,,,,,,,,,44,171,154,21,38,8,1,6,19,15,44,3,.247,.312,.429,.741,.305,,
2022,147,New York Yankees,NYY,American League,American League East,572761,Matt Carpenter,/api/v1/people/572761,24,10,Designated Hitter,Hitter,DH,A,Active,hitting,True,,,,,,,,,,,,,,,,,,,47,154,128,28,39,9,0,15,37,19,35,0,.305,.412,.727,1.139,.304,,
2022,147,New York Yankees,NYY,American League,American League East,612434,Miguel Castro,/api/v1/people/612434,30,1,Pitcher,Pitcher,P,A,Active,pitching,True,34,0,5,0,0,9,29.0,27,16,13,15,31,2,4.03,1.45,,,2.07,,,,,,,,,,,,,,,,,,,
2022,147,New York Yankees,NYY,American League,American League East,547973,Aroldis Chapman,/api/v1/people/547973,54,1,Pitcher,Pitcher,P,A,Active,pitching,True,43,0,4,4,9,1,36.1,24,18,18,28,43,4,4.46,1.43,,,1.54,,,,,,,,,,,,,,,,,,,
2022,147,New York Yankees,NYY,American League,American League East,543037,Gerrit Cole,/api/v1/people/543037,45,1,Pitcher,Pitcher,P,A,Active,pitching,True,33,33,13,8,0,0,200.2,154,81,78,50,257,33,3.50,1.02,,,5.14,,,,,,,,,,,,,,,,,,,
2022,147,New York Yankees,NYY,American League,American League East,641482,Nestor Cortes,/api/v1/people/641482,65,1,Pitcher,Pitcher,P,A,Active,pitching,True,28,28,12,4,0,0,158.1,108,44,43,38,163,16,2.44,0.92,,,4.29,,,,,,,,,,,,,,,,,,,
2022,147,New York Yankees,NYY,American League,American League East,518626,Josh Donaldson,/api/v1/people/518626,28,5,Third Base,Infielder,3B,A,Active,hitting,True,,,,,,,,,,,,,,,,,,,132,546,478,59,106,28,0,15,62,54,148,2,.222,.308,.374,.682,.283,,
2022,147,New York Yankees,NYY,American League,American League East,664123,Scott Effross,/api/v1/people/664123,59,1,Pitcher,Pitcher,P,A,Active,pitching,True,60,1,1,4,4,16,56.2,45,23,16,15,62,3,2.54,1.06,,,4.13,,,,,,,,,,,,,,,,,,,
2022,147,New York Yankees,NYY,American League,American League East,664314,Estevan Florial,/api/v1/people/664314,90,9,Outfielder,Outfielder,RF,A,Active,hitting,True,,,,,,,,,,,,,,,,,,,17,35,31,4,3,0,0,0,1,3,13,2,.097,.200,.097,.297,.167,,
2022,147,New York Yankees,NYY,American League,American League East,608336,Joey Gallo,/api/v1/people/608336,13,7,Outfielder,Outfielder,LF,TR,Traded,hitting,True,,,,,,,,,,,,,,,,,,,126,410,350,48,56,8,2,19,47,56,163,3,.160,.280,.357,.637,.219,,
2022,147,New York Yankees,NYY,American League,American League East,593334,Domingo Germán,/api/v1/people/593334,55,1,Pitcher,Pitcher,P,A,Active,pitching,True,15,14,2,5,0,0,72.1,65,31,29,19,58,11,3.61,1.16,,,3.05,,,,,,,,,,,,,,,,,,,
2022,147,New York Yankees,NYY,American League,American League East,661563,Luis Gil,/api/v1/people/661563,81,1,Pitcher,Pitcher,P,D60,Injured 60-Day,pitching,True,1,1,0,0,0,0,4.0,5,4,4,2,5,0,9.00,1.75,,,2.50,,,,,,,,,,,,,,,,,,,
2022,147,New York Yankees,NYY,American League,American League East,592346,Chi Chi González,/api/v1/people/592346,70,1,Pitcher,Pitcher,P,MIN,Minor League Contract,pitching,True,7,5,0,1,0,0,23.0,28,15,15,7,15,5,5.87,1.52,,,2.14,,,,,,,,,,,,,,,,,,,
2022,147,New York Yankees,NYY,American League,American League East,503556,Marwin Gonzalez,/api/v1/people/503556,14,6,Shortstop,Infielder,SS,A,Active,hitting,True,,,,,,,,,,,,,,,,,,,86,207,184,20,34,7,0,6,18,14,54,3,.185,.255,.321,.576,.222,,
2022,147,New York Yankees,NYY,American League,American League East,643338,Chad Green,/api/v1/people/643338,57,1,Pitcher,Pitcher,P,D60,Injured 60-Day,pitching,True,14,0,1,1,1,3,15.0,13,6,5,5,16,1,3.00,1.20,,,3.20,,,,,,,,,,,,,,,,,,,
2022,147,New York Yankees,NYY,American League,American League East,572888,Shane Greene,/api/v1/people/572888,,1,Pitcher,Pitcher,P,MIN,Minor League Contract,pitching,True,2,0,1,0,0,0,3.0,3,2,2,1,2,1,6.00,1.33,,,2.00,,,,,,,,,,,,,,,,,,,
2022,147,New York Yankees,NYY,American League,American League East,608597,Ronald Guzmán,/api/v1/people/608597,29,3,First Base,Infielder,1B,MIN,Minor League Contract,hitting,True,,,,,,,,,,,,,,,,,,,3,6,6,0,0,0,0,0,0,0,5,0,.000,.000,.000,.000,.000,,
2022,147,New York Yankees,NYY,American League,American League East,543305,Aaron Hicks,/api/v1/people/543305,31,7,Outfielder,Outfielder,LF,A,Active,hitting,True,,,,,,,,,,,,,,,,,,,130,453,384,54,83,9,2,8,40,62,109,10,.216,.330,.313,.643,.279,,
2022,147,New York Yankees,NYY,American League,American League East,543309,Kyle Higashioka,/api/v1/people/543309,66,2,Catcher,Catcher,C,A,Active,hitting,True,,,,,,,,,,,,,,,,,,,83,248,229,27,52,7,0,10,31,12,52,0,.227,.264,.389,.653,.246,,
2022,147,New York Yankees,NYY,American League,American League East,605280,Clay Holmes,/api/v1/people/605280,35,1,Pitcher,Pitcher,P,A,Active,pitching,True,62,0,7,4,20,7,63.2,45,21,18,20,65,2,2.54,1.02,,,3.25,,,,,,,,,,,,,,,,,,,
2022,147,New York Yankees,NYY,American League,American League East,592450,Aaron Judge,/api/v1/people/592450,99,8,Outfielder,Outfielder,CF,A,Active,hitting,True,,,,,,,,,,,,,,,,,,,157,696,570,133,177,28,0,62,131,111,175,16,.311,.425,.686,1.111,.340,,
2022,147,New York Yankees,NYY,American League,American League East,643396,Isiah Kiner-Falefa,/api/v1/people/643396,12,8,Outfielder,Outfielder,CF,A,Active,hitting,True,,,,,,,,,,,,,,,,,,,142,531,483,66,126,20,0,4,48,35,72,22,.261,.314,.327,.641,.296,,
2022,147,New York Yankees,NYY,American League,American League East,650633,Michael King,/api/v1/people/650633,34,1,Pitcher,Pitcher,P,D60,Injured 60-Day,pitching,True,34,0,6,3,1,16,51.0,35,15,13,16,66,3,2.29,1.00,,,4.13,,,,,,,,,,,,,,,,,,,
2022,147,New York Yankees,NYY,American League,American League East,518934,DJ LeMahieu,/api/v1/people/518934,26,5,Third Base,Infielder,3B,A,Active,hitting,True,,,,,,,,,,,,,,,,,,,125,541,467,74,122,18,0,12,46,67,71,4,.261,.357,.377,.734,.285,,
2022,147,New York Yankees,NYY,American League,American League East,642528,Jonathan Loáisiga,/api/v1/people/642528,43,1,Pitcher,Pitcher,P,A,Active,pitching,True,50,0,2,3,2,10,48.0,43,25,22,19,37,3,4.13,1.29,,,1.95,,,,,,,,,,,,,,,,,,,
2022,147,New York Yankees,NYY,American League,American League East,641796,Tim Locastro,/api/v1/people/641796,33,8,Outfielder,Outfielder,CF,A,Active,hitting,True,,,,,,,,,,,,,,,,,,,38,46,43,13,8,1,0,2,4,2,7,8,.186,.239,.349,.588,.176,,
2022,147,New York Yankees,NYY,American League,American League East,476595,Lucas Luetge,/api/v1/people/476595,63,1,Pitcher,Pitcher,P,RM,Reassigned to Minors,pitching,True,50,0,4,4,2,6,57.1,63,19,17,17,60,4,2.67,1.40,,,3.53,,,,,,,,,,,,,,,,,,,
2022,147,New York Yankees,NYY,American League,American League East,676760,Ron Marinaccio,/api/v1/people/676760,97,1,Pitcher,Pitcher,P,A,Active,pitching,True,40,0,1,0,0,6,44.0,22,12,10,24,56,2,2.05,1.05,,,2.33,,,,,,,,,,,,,,,,,,,
2022,147,New York Yankees,NYY,American League,American League East,641853,David McKay,/api/v1/people/641853,71,1,Pitcher,Pitcher,P,TR,Traded,pitching,True,4,0,0,0,0,0,6.2,8,5,5,4,3,1,6.75,1.80,,,0.75,,,,,,,,,,,,,,,,,,,
2022,147,New York Yankees,NYY,American League,American League East,593423,Frankie Montas,/api/v1/people/593423,47,1,Pitcher,Pitcher,P,A,Active,pitching,True,27,27,5,12,0,0,144.1,137,72,65,43,142,18,4.05,1.25,,,3.30,,,,,,,,,,,,,,,,,,,
2022,147,New York Yankees,NYY,American League,American League East,656756,Jordan Montgomery,/api/v1/people/656756,47,1,Pitcher,Pitcher,P,TR,Traded,pitching,True,32,32,9,6,0,0,178.1,159,72,69,36,158,21,3.48,1.09,,,4.39,,,,,,,,,,,,,,,,,,,
2022,147,New York Yankees,NYY,American League,American League East,593974,Wandy Peralta,/api/v1/people/593974,58,1,Pitcher,Pitcher,P,A,Active,pitching,True,56,0,3,4,4,9,56.1,42,19,17,17,47,2,2.72,1.05,,,2.76,,,,,,,,,,,,,,,,,,,
2022,147,New York Yankees,NYY,American League,American League East,672724,Oswald Peraza,/api/v1/people/672724,91,6,Shortstop,Infielder,SS,A,Active,hitting,True,,,,,,,,,,,,,,,,,,,18,57,49,8,15,3,0,1,2,6,9,2,.306,.404,.429,.833,.359,,
2022,147,New York Yankees,NYY,American League,American League East,519203,Anthony Rizzo,/api/v1/people/519203,48,3,First Base,Infielder,1B,A,Active,hitting,True,,,,,,,,,,,,,,,,,,,130,548,465,77,104,21,1,32,75,58,101,6,.224,.338,.480,.818,.216,,
2022,147,New York Yankees,NYY,American League,American League East,657376,Clarke Schmidt,/api/v1/people/657376,86,1,Pitcher,Pitcher,P,A,Active,pitching,True,29,3,5,5,2,4,57.2,46,23,20,23,56,5,3.12,1.20,,,2.43,,,,,,,,,,,,,,,,,,,
2022,147,New York Yankees,NYY,American League,American League East,676664,JP Sears,/api/v1/people/676664,92,1,Pitcher,Pitcher,P,TR,Traded,pitching,True,17,11,6,3,0,0,70.0,67,31,30,23,51,8,3.86,1.29,,,2.22,,,,,,,,,,,,,,,,,,,
2022,147,New York Yankees,NYY,American League,American League East,622663,Luis Severino,/api/v1/people/622663,40,1,Pitcher,Pitcher,P,A,Active,pitching,True,19,19,7,3,0,0,102.0,72,37,36,30,112,14,3.18,1.00,,,3.73,,,,,,,,,,,,,,,,,,,
2022,147,New York Yankees,NYY,American League,American League East,519317,Giancarlo Stanton,/api/v1/people/519317,27,9,Outfielder,Outfielder,RF,A,Active,hitting,True,,,,,,,,,,,,,,,,,,,110,452,398,53,84,7,0,31,78,50,137,0,.211,.297,.462,.759,.227,,
2022,147,New York Yankees,NYY,American League,American League East,592791,Jameson Taillon,/api/v1/people/592791,50,1,Pitcher,Pitcher,P,A,Active,pitching,True,32,32,14,5,0,0,177.1,168,78,77,32,151,26,3.91,1.13,,,4.72,,,,,,,,,,,,,,,,,,,
2022,147,New York Yankees,NYY,American League,American League East,650402,Gleyber Torres,/api/v1/people/650402,25,4,Second Base,Infielder,2B,A,Active,hitting,True,,,,,,,,,,,,,,,,,,,140,572,526,73,135,28,1,24,76,39,129,10,.257,.310,.451,.761,.295,,
2022,147,New York Yankees,NYY,American League,American League East,624431,Jose Trevino,/api/v1/people/624431,39,2,Catcher,Catcher,C,A,Active,hitting,True,,,,,,,,,,,,,,,,,,,115,353,335,39,83,12,1,11,43,15,62,2,.248,.283,.388,.671,.274,,
2022,147,New York Yankees,NYY,American League,American League East,642152,Lou Trivino,/api/v1/people/642152,56,1,Pitcher,Pitcher,P,A,Active,pitching,True,64,0,2,8,11,4,53.2,64,31,27,24,67,6,4.53,1.64,,,2.79,,,,,,,,,,,,,,,,,,,
2022,147,New York Yankees,NYY,American League,American League East,543901,Ryan Weber,/api/v1/people/543901,92,1,Pitcher,Pitcher,P,MIN,Minor League Contract,pitching,True,5,0,0,0,1,0,10.2,6,1,1,1,3,1,0.84,0.66,,,3.00,,,,,,,,,,,,,,,,,,,
2022,147,New York Yankees,NYY,American League,American League East,669711,Greg Weissert,/api/v1/people/669711,68,1,Pitcher,Pitcher,P,A,Active,pitching,True,12,0,3,0,0,2,11.1,6,7,7,5,11,1,5.56,0.97,,,2.20,,,,,,,,,,,,,,,,,,,
2022,158,Milwaukee Brewers,MIL,National League,National League Central,642715,Willy Adames,/api/v1/people/642715,27,6,Shortstop,Infielder,SS,A,Active,hitting,True,,,,,,,,,,,,,,,,,,,139,617,563,83,134,31,0,31,98,49,166,8,.238,.298,.458,.756,.278,,
2022,158,Milwaukee Brewers,MIL,National League,National League Central,669920,Jason Alexander,/api/v1/people/669920,41,1,Pitcher,Pitcher,P,A,Active,pitching,True,18,11,2,3,0,0,71.2,88,47,43,28,46,12,5.40,1.62,,,1.64,,,,,,,,,,,,,,,,,,,
2022,158,Milwaukee Brewers,MIL,National League,National League Central,676879,Aaron Ashby,/api/v1/people/676879,26,1,Pitcher,Pitcher,P,A,Active,pitching,True,27,19,2,10,1,1,107.1,106,62,53,47,126,15,4.44,1.43,,,2.68,,,,,,,,,,,,,,,,,,,
2022,158,Milwaukee Brewers,MIL,National League,National League Central,673316,Luke Barker,/api/v1/people/673316,49,1,Pitcher,Pitcher,P,RL,Released,pitching,True,3,0,0,0,0,0,4.0,7,5,5,0,3,2,11.25,1.75,,,-.--,,,,,,,,,,,,,,,,,,,
2022,158,Milwaukee Brewers,MIL,National League,National League Central,502202,Brad Boxberger,/api/v1/people/502202,45,1,Pitcher,Pitcher,P,A,Active,pitching,True,70,0,4,3,1,30,64.0,52,23,21,27,68,6,2.95,1.23,,,2.52,,,,,,,,,,,,,,,,,,,
2022,158,Milwaukee Brewers,MIL,National League,National League Central,670712,Mike Brosseau,/api/v1/people/670712,20,5,Third Base,Infielder,3B,A,Active,hitting,True,,,,,,,,,,,,,,,,,,,70,160,141,15,36,5,0,6,23,14,48,2,.255,.344,.418,.762,.345,,
2022,158,Milwaukee Brewers,MIL,National League,National League Central,669203,Corbin Burnes,/api/v1/people/669203,39,1,Pitcher,Pitcher,P,A,Active,pitching,True,33,33,12,8,0,0,202.0,144,73,66,51,243,23,2.94,0.97,,,4.76,,,,,,,,,,,,,,,,,,,
2022,158,Milwaukee Brewers,MIL,National League,National League Central,456713,Matt Bush,/api/v1/people/456713,50,1,Pitcher,Pitcher,P,A,Active,pitching,True,65,6,2,3,3,18,59.2,43,31,23,18,74,11,3.47,1.02,,,4.11,,,,,,,,,,,,,,,,,,,
2022,158,Milwaukee Brewers,MIL,National League,National League Central,456715,Lorenzo Cain,/api/v1/people/456715,6,8,Outfielder,Outfielder,CF,RL,Released,hitting,True,,,,,,,,,,,,,,,,,,,43,156,145,17,26,5,0,1,9,8,36,2,.179,.231,.234,.465,.229,,
2022,158,Milwaukee Brewers,MIL,National League,National League Central,605170,Victor Caratini,/api/v1/people/605170,7,2,Catcher,Catcher,C,A,Active,hitting,True,,,,,,,,,,,,,,,,,,,96,314,272,26,54,12,0,9,34,31,67,0,.199,.300,.342,.642,.228,,
2022,158,Milwaukee Brewers,MIL,National League,National League Central,664776,Jake Cousins,/api/v1/people/664776,54,1,Pitcher,Pitcher,P,A,Active,pitching,True,12,0,2,1,0,1,13.1,10,4,4,8,21,1,2.70,1.35,,,2.63,,,,,,,,,,,,,,,,,,,
2022,158,Milwaukee Brewers,MIL,National League,National League Central,641505,Jonathan Davis,/api/v1/people/641505,3,8,Outfielder,Outfielder,CF,MIN,Minor League Contract,hitting,True,,,,,,,,,,,,,,,,,,,37,91,76,9,17,1,0,0,4,14,26,7,.224,.344,.237,.581,.340,,
2022,158,Milwaukee Brewers,MIL,National League,National League Central,666128,Mario Feliciano,/api/v1/people/666128,0,2,Catcher,Catcher,C,A,Active,hitting,True,,,,,,,,,,,,,,,,,,,2,5,4,0,1,0,0,0,0,1,1,0,.250,.400,.250,.650,.333,,
2022,158,Milwaukee Brewers,MIL,National League,National League Central,592346,Chi Chi González,/api/v1/people/592346,21,1,Pitcher,Pitcher,P,MIN,Minor League Contract,pitching,True,7,5,0,1,0,0,23.0,28,15,15,7,15,5,5.87,1.52,,,2.14,,,,,,,,,,,,,,,,,,,
2022,158,Milwaukee Brewers,MIL,National League,National League Central,641627,Trevor Gott,/api/v1/people/641627,48,1,Pitcher,Pitcher,P,A,Active,pitching,True,45,0,3,4,0,11,45.2,35,25,21,12,44,8,4.14,1.03,,,3.67,,,,,,,,,,,,,,,,,,,
2022,158,Milwaukee Brewers,MIL,National League,National League Central,594311,Jandel Gustave,/api/v1/people/594311,31,1,Pitcher,Pitcher,P,A,Active,pitching,True,27,0,2,0,0,2,28.0,25,13,12,11,27,4,3.86,1.29,,,2.45,,,,,,,,,,,,,,,,,,,
2022,158,Milwaukee Brewers,MIL,National League,National League Central,623352,Josh Hader,/api/v1/people/623352,71,1,Pitcher,Pitcher,P,TR,Traded,pitching,True,56,0,2,5,36,0,50.0,43,30,29,21,81,8,5.22,1.28,,,3.86,,,,,,,,,,,,,,,,,,,
2022,158,Milwaukee Brewers,MIL,National League,National League Central,669374,Keston Hiura,/api/v1/people/669374,18,3,First Base,Infielder,1B,A,Active,hitting,True,,,,,,,,,,,,,,,,,,,80,266,234,34,53,8,1,14,32,23,111,5,.226,.316,.449,.765,.355,,
2022,158,Milwaukee Brewers,MIL,National League,National League Central,605288,Adrian Houser,/api/v1/people/605288,37,1,Pitcher,Pitcher,P,A,Active,pitching,True,22,21,6,10,0,0,102.2,103,66,54,47,69,8,4.73,1.46,,,1.47,,,,,,,,,,,,,,,,,,,
2022,158,Milwaukee Brewers,MIL,National League,National League Central,656577,Alex Jackson,/api/v1/people/656577,5,2,Catcher,Catcher,C,D60,Injured 60-Day,hitting,True,,,,,,,,,,,,,,,,,,,5,12,12,0,3,0,0,0,0,0,7,0,.250,.250,.250,.500,.600,,
2022,158,Milwaukee Brewers,MIL,National League,National League Central,665001,Trevor Kelley,/api/v1/people/665001,43,1,Pitcher,Pitcher,P,A,Active,pitching,True,18,0,1,0,0,2,23.2,25,17,16,9,23,7,6.08,1.44,,,2.56,,,,,,,,,,,,,,,,,,,
2022,158,Milwaukee Brewers,MIL,National League,National League Central,641778,Eric Lauer,/api/v1/people/641778,52,1,Pitcher,Pitcher,P,A,Active,pitching,True,29,29,11,7,0,0,158.2,135,71,65,59,157,27,3.69,1.22,,,2.66,,,,,,,,,,,,,,,,,,,
2022,158,Milwaukee Brewers,MIL,National League,National League Central,664029,Mark Mathias,/api/v1/people/664029,13,4,Second Base,Infielder,2B,TR,Traded,hitting,True,,,,,,,,,,,,,,,,,,,30,91,81,13,20,3,0,6,20,9,30,3,.247,.319,.506,.825,.304,,
2022,158,Milwaukee Brewers,MIL,National League,National League Central,457705,Andrew McCutchen,/api/v1/people/457705,24,10,Designated Hitter,Hitter,DH,A,Active,hitting,True,,,,,,,,,,,,,,,,,,,134,580,515,66,122,25,0,17,69,57,124,8,.237,.316,.384,.700,.278,,
2022,158,Milwaukee Brewers,MIL,National League,National League Central,459429,Jake McGee,/api/v1/people/459429,21,1,Pitcher,Pitcher,P,CL,Claimed,pitching,True,42,0,1,3,3,4,37.0,41,29,28,12,25,6,6.81,1.43,,,2.08,,,,,,,,,,,,,,,,,,,
2022,158,Milwaukee Brewers,MIL,National League,National League Central,650496,J.C. Mejía,/api/v1/people/650496,36,1,Pitcher,Pitcher,P,MIN,Minor League Contract,pitching,True,2,0,0,0,0,0,2.1,5,6,6,5,1,0,23.14,4.29,,,0.20,,,,,,,,,,,,,,,,,,,
2022,158,Milwaukee Brewers,MIL,National League,National League Central,571948,Hoby Milner,/api/v1/people/571948,55,1,Pitcher,Pitcher,P,A,Active,pitching,True,67,0,3,3,0,11,64.2,61,29,27,15,64,5,3.76,1.18,,,4.27,,,,,,,,,,,,,,,,,,,
2022,158,Milwaukee Brewers,MIL,National League,National League Central,669003,Garrett Mitchell,/api/v1/people/669003,5,8,Outfielder,Outfielder,CF,A,Active,hitting,True,,,,,,,,,,,,,,,,,,,28,68,61,9,19,3,0,2,9,6,28,8,.311,.373,.459,.832,.548,,
2022,158,Milwaukee Brewers,MIL,National League,National League Central,553882,Omar Narváez,/api/v1/people/553882,10,2,Catcher,Catcher,C,A,Active,hitting,True,,,,,,,,,,,,,,,,,,,84,296,262,21,54,12,1,4,23,29,57,0,.206,.292,.305,.597,.248,,
2022,158,Milwaukee Brewers,MIL,National League,National League Central,642547,Freddy Peralta,/api/v1/people/642547,51,1,Pitcher,Pitcher,P,A,Active,pitching,True,18,17,4,4,0,0,78.0,54,31,31,27,86,6,3.58,1.04,,,3.19,,,,,,,,,,,,,,,,,,,
2022,158,Milwaukee Brewers,MIL,National League,National League Central,606131,Luis Perdomo,/api/v1/people/606131,46,1,Pitcher,Pitcher,P,A,Active,pitching,True,14,0,3,0,0,1,23.2,24,10,10,3,12,4,3.80,1.14,,,4.00,,,,,,,,,,,,,,,,,,,
2022,158,Milwaukee Brewers,MIL,National League,National League Central,607054,Jace Peterson,/api/v1/people/607054,14,5,Third Base,Infielder,3B,A,Active,hitting,True,,,,,,,,,,,,,,,,,,,113,328,288,44,68,14,2,8,34,33,85,12,.236,.316,.382,.698,.303,,
2022,158,Milwaukee Brewers,MIL,National League,National League Central,592669,Hunter Renfroe,/api/v1/people/592669,12,9,Outfielder,Outfielder,RF,A,Active,hitting,True,,,,,,,,,,,,,,,,,,,125,522,474,62,121,23,1,29,72,39,121,1,.255,.315,.492,.807,.281,,
2022,158,Milwaukee Brewers,MIL,National League,National League Central,622569,Pablo Reyes,/api/v1/people/622569,33,5,Third Base,Infielder,3B,MIN,Minor League Contract,hitting,True,,,,,,,,,,,,,,,,,,,6,16,15,1,4,0,0,0,0,1,2,0,.267,.313,.267,.580,.308,,
2022,158,Milwaukee Brewers,MIL,National League,National League Central,573124,Taylor Rogers,/api/v1/people/573124,25,1,Pitcher,Pitcher,P,A,Active,pitching,True,66,0,4,8,31,4,64.1,57,38,34,19,84,7,4.76,1.18,,,4.42,,,,,,,,,,,,,,,,,,,
2022,158,Milwaukee Brewers,MIL,National League,National League Central,665923,Esteury Ruiz,/api/v1/people/665923,13,7,Outfielder,Outfielder,LF,A,Active,hitting,True,,,,,,,,,,,,,,,,,,,17,36,35,3,6,1,1,0,2,1,7,1,.171,.194,.257,.451,.214,,
2022,158,Milwaukee Brewers,MIL,National League,National League Central,592712,Connor Sadzeck,/api/v1/people/592712,59,1,Pitcher,Pitcher,P,MIN,Minor League Contract,pitching,True,2,0,0,0,0,0,3.0,4,3,3,1,2,2,9.00,1.67,,,2.00,,,,,,,,,,,,,,,,,,,
2022,158,Milwaukee Brewers,MIL,National League,National League Central,667376,Miguel Sánchez,/api/v1/people/667376,58,1,Pitcher,Pitcher,P,MIN,Minor League Contract,pitching,True,12,0,1,1,0,2,13.1,12,7,6,8,9,3,4.05,1.50,,,1.13,,,,,,,,,,,,,,,,,,,
2022,158,Milwaukee Brewers,MIL,National League,National League Central,600474,Pedro Severino,/api/v1/people/600474,28,2,Catcher,Catcher,C,MIN,Minor League Contract,hitting,True,,,,,,,,,,,,,,,,,,,8,21,18,0,4,2,0,0,1,3,7,0,.222,.333,.333,.666,.364,,
2022,158,Milwaukee Brewers,MIL,National League,National League Central,663629,Ethan Small,/api/v1/people/663629,43,1,Pitcher,Pitcher,P,A,Active,pitching,True,2,2,0,0,0,0,6.1,8,5,5,8,7,1,7.11,2.53,,,0.88,,,,,,,,,,,,,,,,,,,
2022,158,Milwaukee Brewers,MIL,National League,National League Central,657265,Peter Strzelecki,/api/v1/people/657265,32,1,Pitcher,Pitcher,P,A,Active,pitching,True,30,0,2,1,1,4,35.0,28,13,11,15,40,2,2.83,1.23,,,2.67,,,,,,,,,,,,,,,,,,,
2022,158,Milwaukee Brewers,MIL,National League,National League Central,608718,Brent Suter,/api/v1/people/608718,35,1,Pitcher,Pitcher,P,A,Active,pitching,True,54,0,5,3,0,1,66.2,58,32,28,22,53,9,3.78,1.20,,,2.41,,,,,,,,,,,,,,,,,,,
2022,158,Milwaukee Brewers,MIL,National League,National League Central,621438,Tyrone Taylor,/api/v1/people/621438,15,8,Outfielder,Outfielder,CF,A,Active,hitting,True,,,,,,,,,,,,,,,,,,,120,405,373,49,87,21,3,17,51,22,102,3,.233,.286,.442,.728,.272,,
2022,158,Milwaukee Brewers,MIL,National League,National League Central,642133,Rowdy Tellez,/api/v1/people/642133,11,3,First Base,Infielder,1B,A,Active,hitting,True,,,,,,,,,,,,,,,,,,,153,599,529,67,116,23,0,35,89,62,121,2,.219,.306,.461,.767,.215,,
2022,158,Milwaukee Brewers,MIL,National League,National League Central,623437,Justin Topa,/api/v1/people/623437,56,1,Pitcher,Pitcher,P,A,Active,pitching,True,7,0,0,0,0,1,7.1,9,6,4,4,4,0,4.91,1.77,,,1.00,,,,,,,,,,,,,,,,,,,
2022,158,Milwaukee Brewers,MIL,National League,National League Central,570632,José Ureña,/api/v1/people/570632,32,1,Pitcher,Pitcher,P,MIN,Minor League Contract,pitching,True,21,17,3,8,0,0,97.0,109,62,54,43,63,11,5.01,1.57,,,1.47,,,,,,,,,,,,,,,,,,,
2022,158,Milwaukee Brewers,MIL,National League,National League Central,649966,Luis Urías,/api/v1/people/649966,2,4,Second Base,Infielder,2B,A,Active,hitting,True,,,,,,,,,,,,,,,,,,,119,472,406,54,97,17,1,16,47,50,99,1,.239,.335,.404,.739,.274,,
2022,158,Milwaukee Brewers,MIL,National League,National League Central,642207,Devin Williams,/api/v1/people/642207,38,1,Pitcher,Pitcher,P,A,Active,pitching,True,65,0,6,4,15,26,60.2,31,17,13,30,96,2,1.93,1.01,,,3.20,,,,,,,,,,,,,,,,,,,
2022,158,Milwaukee Brewers,MIL,National League,National League Central,543939,Kolten Wong,/api/v1/people/543939,16,4,Second Base,Infielder,2B,A,Active,hitting,True,,,,,,,,,,,,,,,,,,,134,497,430,65,108,24,4,15,47,46,88,17,.251,.339,.430,.769,.280,,
2022,158,Milwaukee Brewers,MIL,National League,National League Central,605540,Brandon Woodruff,/api/v1/people/605540,53,1,Pitcher,Pitcher,P,A,Active,pitching,True,27,27,13,4,0,0,153.1,122,56,52,42,190,18,3.05,1.07,,,4.52,,,,,,,,,,,,,,,,,,,
2022,158,Milwaukee Brewers,MIL,National League,National League Central,592885,Christian Yelich,/api/v1/people/592885,22,7,Outfielder,Outfielder,LF,A,Active,hitting,True,,,,,,,,,,,,,,,,,,,154,671,575,99,145,25,4,14,57,88,162,19,.252,.355,.383,.738,.327,,
2022,108,Los Angeles Angels,LAA,American League,American League West,666176,Jo Adell,/api/v1/people/666176,7,7,Outfielder,Outfielder,LF,A,Active,hitting,True,,,,,,,,,,,,,,,,,,,88,285,268,22,60,12,2,8,27,11,107,4,.224,.264,.373,.637,.338,,
2022,108,Los Angeles Angels,LAA,American League,American League West,666922,Ryan Aguilar,/api/v1/people/666922,39,9,Outfielder,Outfielder,RF,MIN,Minor League Contract,hitting,True,,,,,,,,,,,,,,,,,,,7,26,22,2,3,1,0,0,2,2,14,0,.136,.231,.182,.413,.333,,
2022,108,Los Angeles Angels,LAA,American League,American League West,607457,Kyle Barraclough,/api/v1/people/607457,49,1,Pitcher,Pitcher,P,MIN,Minor League Contract,pitching,True,8,0,0,1,0,2,9.0,7,3,3,4,9,0,3.00,1.22,,,2.25,,,,,,,,,,,,,,,,,,,
2022,108,Los Angeles Angels,LAA,American League,American League West,642545,Jaime Barria,/api/v1/people/642545,51,1,Pitcher,Pitcher,P,A,Active,pitching,True,35,1,3,3,0,5,79.1,63,29,23,19,54,11,2.61,1.03,,,2.84,,,,,,,,,,,,,,,,,,,
2022,108,Los Angeles Angels,LAA,American League,American League West,605151,Archie Bradley,/api/v1/people/605151,23,1,Pitcher,Pitcher,P,A,Active,pitching,True,21,0,0,1,2,4,18.2,17,13,10,7,15,1,4.82,1.29,,,2.14,,,,,,,,,,,,,,,,,,,
2022,108,Los Angeles Angels,LAA,American League,American League West,445926,Jesse Chavez,/api/v1/people/445926,40,1,Pitcher,Pitcher,P,RL,Released,pitching,True,60,1,4,3,0,10,69.1,71,34,29,20,74,8,3.76,1.31,,,3.70,,,,,,,,,,,,,,,,,,,
2022,108,Los Angeles Angels,LAA,American League,American League West,656353,Tucker Davidson,/api/v1/people/656353,32,1,Pitcher,Pitcher,P,A,Active,pitching,True,12,11,2,7,0,0,52.0,54,39,39,35,33,7,6.75,1.71,,,0.94,,,,,,,,,,,,,,,,,,,
2022,108,Los Angeles Angels,LAA,American League,American League West,672282,Reid Detmers,/api/v1/people/672282,48,1,Pitcher,Pitcher,P,A,Active,pitching,True,25,25,7,6,0,0,129.0,110,56,54,46,122,13,3.77,1.21,,,2.65,,,,,,,,,,,,,,,,,,,
2022,108,Los Angeles Angels,LAA,American League,American League West,646242,Jhonathan Díaz,/api/v1/people/646242,74,1,Pitcher,Pitcher,P,D60,Injured 60-Day,pitching,True,4,3,1,1,0,0,15.1,13,5,5,10,11,1,2.93,1.50,,,1.10,,,,,,,,,,,,,,,,,,,
2022,108,Los Angeles Angels,LAA,American League,American League West,622110,Matt Duffy,/api/v1/people/622110,5,5,Third Base,Infielder,3B,A,Active,hitting,True,,,,,,,,,,,,,,,,,,,77,247,228,14,57,8,0,2,16,17,50,0,.250,.308,.311,.619,.313,,
2022,108,Los Angeles Angels,LAA,American League,American League West,621453,Steven Duggar,/api/v1/people/621453,8,8,Outfielder,Outfielder,CF,MIN,Minor League Contract,hitting,True,,,,,,,,,,,,,,,,,,,29,80,72,7,11,3,1,0,4,7,41,5,.153,.225,.222,.447,.344,,
2022,108,Los Angeles Angels,LAA,American League,American League West,664058,David Fletcher,/api/v1/people/664058,42,6,Shortstop,Infielder,SS,A,Active,hitting,True,,,,,,,,,,,,,,,,,,,61,228,216,20,55,9,1,2,17,7,16,1,.255,.288,.333,.621,.268,,
2022,108,Los Angeles Angels,LAA,American League,American League West,645801,Mike Ford,/api/v1/people/645801,36,3,First Base,Infielder,1B,MIN,Minor League Contract,hitting,True,,,,,,,,,,,,,,,,,,,50,149,131,9,27,5,0,3,10,17,40,0,.206,.302,.313,.615,.273,,
2022,108,Los Angeles Angels,LAA,American League,American League West,594838,Phil Gosselin,/api/v1/people/594838,14,4,Second Base,Infielder,2B,RL,Released,hitting,True,,,,,,,,,,,,,,,,,,,34,77,74,6,11,0,1,0,2,2,24,0,.149,.182,.176,.358,.220,,
2022,108,Los Angeles Angels,LAA,American League,American League West,656509,Monte Harrison,/api/v1/people/656509,13,O,Outfield,Outfielder,OF,MIN,Minor League Contract,hitting,True,,,,,,,,,,,,,,,,,,,9,14,11,5,2,0,0,1,3,2,8,1,.182,.357,.455,.812,.500,,
2022,108,Los Angeles Angels,LAA,American League,American League West,623474,Jimmy Herget,/api/v1/people/623474,46,1,Pitcher,Pitcher,P,A,Active,pitching,True,49,1,2,1,9,6,69.0,48,20,19,15,63,4,2.48,0.91,,,4.20,,,,,,,,,,,,,,,,,,,
2022,108,Los Angeles Angels,LAA,American League,American League West,628452,Raisel Iglesias,/api/v1/people/628452,32,1,Pitcher,Pitcher,P,TR,Traded,pitching,True,67,0,2,6,17,15,62.0,46,20,17,14,78,5,2.47,0.97,,,5.57,,,,,,,,,,,,,,,,,,,
2022,108,Los Angeles Angels,LAA,American League,American League West,676083,Janson Junk,/api/v1/people/676083,66,1,Pitcher,Pitcher,P,A,Active,pitching,True,3,2,1,1,0,0,8.1,10,6,6,3,11,1,6.48,1.56,,,3.67,,,,,,,,,,,,,,,,,,,
2022,108,Los Angeles Angels,LAA,American League,American League West,501571,Juan Lagares,/api/v1/people/501571,10,9,Outfielder,Outfielder,RF,MIN,Minor League Contract,hitting,True,,,,,,,,,,,,,,,,,,,20,62,60,4,11,2,1,0,0,2,15,0,.183,.210,.250,.460,.244,,
2022,108,Los Angeles Angels,LAA,American League,American League West,547179,Michael Lorenzen,/api/v1/people/547179,25,1,Pitcher,Pitcher,P,A,Active,pitching,True,18,18,8,6,0,0,97.2,81,48,46,44,85,11,4.24,1.28,,,1.93,,,,,,,,,,,,,,,,,,,
2022,108,Los Angeles Angels,LAA,American League,American League West,571901,Aaron Loup,/api/v1/people/571901,28,1,Pitcher,Pitcher,P,A,Active,pitching,True,65,0,0,5,1,19,58.2,54,38,25,22,52,4,3.84,1.30,,,2.36,,,,,,,,,,,,,,,,,,,
2022,108,Los Angeles Angels,LAA,American League,American League West,676950,David MacKinnon,/api/v1/people/676950,39,3,First Base,Infielder,1B,CL,Claimed,hitting,True,,,,,,,,,,,,,,,,,,,22,57,50,2,7,0,0,0,6,6,17,0,.140,.228,.140,.368,.206,,
2022,108,Los Angeles Angels,LAA,American League,American League West,669016,Brandon Marsh,/api/v1/people/669016,16,7,Outfielder,Outfielder,LF,TR,Traded,hitting,True,,,,,,,,,,,,,,,,,,,134,461,424,49,104,18,4,11,52,28,158,10,.245,.295,.384,.679,.360,,
2022,108,Los Angeles Angels,LAA,American League,American League West,665896,José Marte,/api/v1/people/665896,68,1,Pitcher,Pitcher,P,A,Active,pitching,True,11,0,0,0,0,0,11.0,8,9,9,18,15,2,7.36,2.36,,,0.83,,,,,,,,,,,,,,,,,,,
2022,108,Los Angeles Angels,LAA,American League,American League West,594577,Mike Mayers,/api/v1/people/594577,21,1,Pitcher,Pitcher,P,MIN,Minor League Contract,pitching,True,24,3,1,1,0,1,50.2,52,35,32,18,45,15,5.68,1.38,,,2.50,,,,,,,,,,,,,,,,,,,
2022,108,Los Angeles Angels,LAA,American League,American League West,608686,Jack Mayfield,/api/v1/people/608686,9,4,Second Base,Infielder,2B,MIN,Minor League Contract,hitting,True,,,,,,,,,,,,,,,,,,,23,74,70,8,13,1,1,1,6,3,17,1,.186,.230,.271,.501,.231,,
2022,108,Los Angeles Angels,LAA,American League,American League West,666160,Mickey Moniak,/api/v1/people/666160,16,8,Outfielder,Outfielder,CF,A,Active,hitting,True,,,,,,,,,,,,,,,,,,,37,112,106,13,18,3,1,3,8,4,44,1,.170,.207,.302,.509,.254,,
2022,108,Los Angeles Angels,LAA,American League,American League West,572383,Brian Moran,/api/v1/people/572383,58,1,Pitcher,Pitcher,P,MIN,Minor League Contract,pitching,True,1,0,0,0,0,0,0.1,3,2,2,1,0,1,54.00,12.00,,,0.00,,,,,,,,,,,,,,,,,,,
2022,108,Los Angeles Angels,LAA,American League,American League West,681351,Logan O'Hoppe,/api/v1/people/681351,14,2,Catcher,Catcher,C,A,Active,hitting,True,,,,,,,,,,,,,,,,,,,5,16,14,1,4,0,0,0,2,2,3,0,.286,.375,.286,.661,.364,,
2022,108,Los Angeles Angels,LAA,American League,American League West,660271,Shohei Ohtani,/api/v1/people/660271,17,Y,Two-Way Player,Two-Way Player,TWP,A,Active,hitting,True,,,,,,,,,,,,,,,,,,,157,666,586,90,160,30,6,34,95,72,161,11,.273,.356,.519,.875,.320,,
2022,108,Los Angeles Angels,LAA,American League,American League West,661383,Oliver Ortega,/api/v1/people/661383,40,1,Pitcher,Pitcher,P,A,Active,pitching,True,27,0,1,3,1,5,34.0,32,18,14,18,33,5,3.71,1.47,,,1.83,,,,,,,,,,,,,,,,,,,
2022,108,Los Angeles Angels,LAA,American League,American League West,665625,Elvis Peguero,/api/v1/people/665625,59,1,Pitcher,Pitcher,P,A,Active,pitching,True,13,0,0,0,0,0,17.1,23,16,13,5,12,4,6.75,1.62,,,2.40,,,,,,,,,,,,,,,,,,,
2022,108,Los Angeles Angels,LAA,American League,American League West,650671,José Quijada,/api/v1/people/650671,65,1,Pitcher,Pitcher,P,A,Active,pitching,True,42,0,0,5,3,12,40.2,25,19,18,21,52,5,3.98,1.13,,,2.48,,,,,,,,,,,,,,,,,,,
2022,108,Los Angeles Angels,LAA,American League,American League West,543685,Anthony Rendon,/api/v1/people/543685,6,5,Third Base,Infielder,3B,A,Active,hitting,True,,,,,,,,,,,,,,,,,,,47,193,166,15,38,10,0,5,24,23,35,2,.229,.326,.380,.706,.258,,
2022,108,Los Angeles Angels,LAA,American League,American League West,650859,Luis Rengifo,/api/v1/people/650859,2,4,Second Base,Infielder,2B,A,Active,hitting,True,,,,,,,,,,,,,,,,,,,127,511,489,45,129,22,4,17,52,17,79,6,.264,.294,.429,.723,.285,,
2022,108,Los Angeles Angels,LAA,American League,American League West,622103,Gerardo Reyes,/api/v1/people/622103,64,1,Pitcher,Pitcher,P,MIN,Minor League Contract,pitching,True,2,0,0,0,0,0,2.0,3,1,1,3,0,1,4.50,3.00,,,0.00,,,,,,,,,,,,,,,,,,,
2022,108,Los Angeles Angels,LAA,American League,American League West,670351,Jose Rojas,/api/v1/people/670351,18,5,Third Base,Infielder,3B,CL,Claimed,hitting,True,,,,,,,,,,,,,,,,,,,22,57,56,1,7,2,0,0,1,0,19,0,.125,.140,.161,.301,.189,,
2022,108,Los Angeles Angels,LAA,American League,American League West,519222,Austin Romine,/api/v1/people/519222,19,2,Catcher,Catcher,C,MIN,Minor League Contract,hitting,True,,,,,,,,,,,,,,,,,,,51,136,129,10,20,3,0,3,9,4,46,0,.155,.187,.248,.435,.213,,
2022,108,Los Angeles Angels,LAA,American League,American League West,670046,Kenny Rosenberg,/api/v1/people/670046,53,1,Pitcher,Pitcher,P,A,Active,pitching,True,3,1,0,0,0,0,10.2,9,5,5,6,8,1,4.22,1.41,,,1.33,,,,,,,,,,,,,,,,,,,
2022,108,Los Angeles Angels,LAA,American League,American League West,663776,Patrick Sandoval,/api/v1/people/663776,43,1,Pitcher,Pitcher,P,A,Active,pitching,True,27,27,6,9,0,0,148.2,139,56,48,60,151,8,2.91,1.34,,,2.52,,,,,,,,,,,,,,,,,,,
2022,108,Los Angeles Angels,LAA,American League,American League West,642423,Magneuris Sierra,/api/v1/people/642423,37,8,Outfielder,Outfielder,CF,MIN,Minor League Contract,hitting,True,,,,,,,,,,,,,,,,,,,45,96,91,7,15,1,3,0,5,4,25,6,.165,.200,.242,.442,.227,,
2022,108,Los Angeles Angels,LAA,American League,American League West,681217,Chase Silseth,/api/v1/people/681217,63,1,Pitcher,Pitcher,P,A,Active,pitching,True,7,7,1,3,0,0,28.2,33,21,21,12,24,7,6.59,1.57,,,2.00,,,,,,,,,,,,,,,,,,,
2022,108,Los Angeles Angels,LAA,American League,American League West,670869,Livan Soto,/api/v1/people/670869,13,6,Shortstop,Infielder,SS,A,Active,hitting,True,,,,,,,,,,,,,,,,,,,18,59,55,9,22,5,1,1,9,2,13,1,.400,.414,.582,.996,.500,,
2022,108,Los Angeles Angels,LAA,American League,American League West,545358,Max Stassi,/api/v1/people/545358,33,2,Catcher,Catcher,C,A,Active,hitting,True,,,,,,,,,,,,,,,,,,,102,375,333,32,60,12,1,9,30,38,112,0,.180,.267,.303,.570,.239,,
2022,108,Los Angeles Angels,LAA,American League,American League West,683021,Michael Stefanic,/api/v1/people/683021,38,4,Second Base,Infielder,2B,A,Active,hitting,True,,,,,,,,,,,,,,,,,,,25,69,61,5,12,2,0,0,0,5,12,0,.197,.279,.230,.509,.245,,
2022,108,Los Angeles Angels,LAA,American League,American League West,660761,José Suarez,/api/v1/people/660761,54,1,Pitcher,Pitcher,P,A,Active,pitching,True,22,20,8,8,0,0,109.0,103,49,48,33,103,14,3.96,1.25,,,3.12,,,,,,,,,,,,,,,,,,,
2022,108,Los Angeles Angels,LAA,American League,American League West,435559,Kurt Suzuki,/api/v1/people/435559,24,2,Catcher,Catcher,C,A,Active,hitting,True,,,,,,,,,,,,,,,,,,,51,159,139,10,25,4,0,4,15,15,29,0,.180,.266,.295,.561,.194,,
2022,108,Los Angeles Angels,LAA,American League,American League West,592789,Noah Syndergaard,/api/v1/people/592789,34,1,Pitcher,Pitcher,P,TR,Traded,pitching,True,25,24,10,10,0,0,134.2,138,62,59,31,95,14,3.94,1.25,,,3.06,,,,,,,,,,,,,,,,,,,
2022,108,Los Angeles Angels,LAA,American League,American League West,572193,Ryan Tepera,/api/v1/people/572193,52,1,Pitcher,Pitcher,P,A,Active,pitching,True,59,0,5,4,6,17,57.1,42,27,23,20,47,7,3.61,1.08,,,2.35,,,,,,,,,,,,,,,,,,,
2022,108,Los Angeles Angels,LAA,American League,American League West,642136,Matt Thaiss,/api/v1/people/642136,12,2,Catcher,Catcher,C,A,Active,hitting,True,,,,,,,,,,,,,,,,,,,29,81,69,9,15,1,0,2,8,11,24,1,.217,.321,.319,.640,.295,,
2022,108,Los Angeles Angels,LAA,American League,American League West,605504,Dillon Thomas,/api/v1/people/605504,10,7,Outfielder,Outfielder,LF,MIN,Minor League Contract,hitting,True,,,,,,,,,,,,,,,,,,,8,14,11,1,1,0,0,0,0,2,6,0,.091,.286,.091,.377,.200,,
2022,108,Los Angeles Angels,LAA,American League,American League West,657053,Touki Toussaint,/api/v1/people/657053,56,1,Pitcher,Pitcher,P,A,Active,pitching,True,8,2,1,1,0,0,25.1,15,13,13,19,26,2,4.62,1.34,,,1.37,,,,,,,,,,,,,,,,,,,
2022,108,Los Angeles Angels,LAA,American League,American League West,545361,Mike Trout,/api/v1/people/545361,27,8,Outfielder,Outfielder,CF,A,Active,hitting,True,,,,,,,,,,,,,,,,,,,119,499,438,85,124,28,2,40,80,54,139,1,.283,.369,.630,.999,.323,,
2022,108,Los Angeles Angels,LAA,American League,American League West,491624,César Valdez,/api/v1/people/491624,67,1,Pitcher,Pitcher,P,MIN,Minor League Contract,pitching,True,1,0,0,0,0,0,1.0,2,2,1,0,0,0,9.00,2.00,,,-.--,,,,,,,,,,,,,,,,,,,
2022,108,Los Angeles Angels,LAA,American League,American League West,623205,Andrew Velazquez,/api/v1/people/623205,4,6,Shortstop,Infielder,SS,D60,Injured 60-Day,hitting,True,,,,,,,,,,,,,,,,,,,125,349,322,37,63,8,0,9,28,15,119,17,.196,.236,.304,.540,.274,,
2022,108,Los Angeles Angels,LAA,American League,American League West,542340,Jonathan Villar,/api/v1/people/542340,19,4,Second Base,Infielder,2B,FA,Free Agent,hitting,True,,,,,,,,,,,,,,,,,,,59,220,202,25,42,6,2,3,18,15,59,7,.208,.260,.302,.562,.275,,
2022,108,Los Angeles Angels,LAA,American League,American League West,642180,Tyler Wade,/api/v1/people/642180,14,4,Second Base,Infielder,2B,TR,Traded,hitting,True,,,,,,,,,,,,,,,,,,,67,163,147,22,32,5,0,1,8,10,33,8,.218,.272,.272,.544,.274,,
2022,108,Los Angeles Angels,LAA,American League,American League West,595453,Chad Wallach,/api/v1/people/595453,35,2,Catcher,Catcher,C,MIN,Minor League Contract,hitting,True,,,,,,,,,,,,,,,,,,,12,40,35,3,5,1,0,1,4,4,9,0,.143,.231,.257,.488,.160,,
2022,108,Los Angeles Angels,LAA,American League,American League West,665120,Jared Walsh,/api/v1/people/665120,20,3,First Base,Infielder,1B,D60,Injured 60-Day,hitting,True,,,,,,,,,,,,,,,,,,,118,454,423,41,91,18,2,15,44,27,138,2,.215,.269,.374,.643,.281,,
2022,108,Los Angeles Angels,LAA,American League,American League West,663534,Nash Walters,/api/v1/people/663534,58,1,Pitcher,Pitcher,P,A,Active,pitching,True,1,0,0,0,0,0,0.1,1,0,0,1,0,0,0.00,6.00,,,0.00,,,,,,,,,,,,,,,,,,,
2022,108,Los Angeles Angels,LAA,American League,American League West,681806,Andrew Wantz,/api/v1/people/681806,60,1,Pitcher,Pitcher,P,A,Active,pitching,True,42,1,2,1,0,7,50.1,37,19,18,21,52,8,3.22,1.15,,,2.48,,,,,,,,,,,,,,,,,,,
2022,108,Los Angeles Angels,LAA,American League,American League West,621493,Taylor Ward,/api/v1/people/621493,3,7,Outfielder,Outfielder,LF,A,Active,hitting,True,,,,,,,,,,,,,,,,,,,135,564,495,73,139,22,2,23,65,60,120,5,.281,.360,.473,.833,.325,,
2022,108,Los Angeles Angels,LAA,American League,American League West,681810,Austin Warren,/api/v1/people/681810,61,1,Pitcher,Pitcher,P,A,Active,pitching,True,14,0,2,0,0,0,16.0,19,10,10,5,9,3,5.63,1.50,,,1.80,,,,,,,,,,,,,,,,,,,
2022,108,Los Angeles Angels,LAA,American League,American League West,592848,Zack Weiss,/api/v1/people/592848,57,1,Pitcher,Pitcher,P,A,Active,pitching,True,12,0,0,1,0,1,13.1,7,6,5,7,18,2,3.38,1.05,,,2.57,,,,,,,,,,,,,,,,,,,
2022,108,Los Angeles Angels,LAA,American League,American League West,664334,Aaron Whitefield,/api/v1/people/664334,44,O,Outfield,Outfielder,OF,DES,Designated for Assignment,hitting,True,,,,,,,,,,,,,,,,,,,5,11,11,0,0,0,0,0,0,0,5,0,.000,.000,.000,.000,.000,,
2022,108,Los Angeles Angels,LAA,American League,American League West,642239,Rob Zastryzny,/api/v1/people/642239,40,1,Pitcher,Pitcher,P,A,Active,pitching,True,6,0,0,0,0,0,4.0,3,4,3,1,3,0,6.75,1.00,,,3.00,,,,,,,,,,,,,,,,,,,
2022,109,Arizona Diamondbacks,AZ,National League,National League West,605113,Nick Ahmed,/api/v1/people/605113,13,6,Shortstop,Infielder,SS,D60,Injured 60-Day,hitting,True,,,,,,,,,,,,,,,,,,,17,54,52,7,12,2,0,3,7,2,15,0,.231,.259,.442,.701,.265,,
2022,109,Arizona Diamondbacks,AZ,National League,National League West,642727,Sergio Alcántara,/api/v1/people/642727,43,5,Third Base,Infielder,3B,A,Active,hitting,True,,,,,,,,,,,,,,,,,,,93,224,205,26,45,8,1,6,29,12,57,1,.220,.261,.356,.617,.267,,
2022,109,Arizona Diamondbacks,AZ,National League,National League West,666179,Seth Beer,/api/v1/people/666179,28,3,First Base,Infielder,1B,A,Active,hitting,True,,,,,,,,,,,,,,,,,,,38,126,111,4,21,3,0,1,9,11,31,0,.189,.278,.243,.521,.250,,
2022,109,Arizona Diamondbacks,AZ,National League,National League West,518516,Madison Bumgarner,/api/v1/people/518516,40,1,Pitcher,Pitcher,P,A,Active,pitching,True,30,30,7,15,0,0,158.2,179,97,86,49,112,25,4.88,1.44,,,2.29,,,,,,,,,,,,,,,,,,,
2022,109,Arizona Diamondbacks,AZ,National League,National League West,682998,Corbin Carroll,/api/v1/people/682998,7,8,Outfielder,Outfielder,CF,A,Active,hitting,True,,,,,,,,,,,,,,,,,,,32,115,104,13,27,9,2,4,14,8,31,2,.260,.330,.500,.830,.333,,
2022,109,Arizona Diamondbacks,AZ,National League,National League West,528748,Humberto Castellanos,/api/v1/people/528748,54,1,Pitcher,Pitcher,P,D60,Injured 60-Day,pitching,True,11,9,3,2,0,0,44.1,50,29,28,12,32,7,5.68,1.40,,,2.67,,,,,,,,,,,,,,,,,,,
2022,109,Arizona Diamondbacks,AZ,National League,National League West,571602,Matt Davidson,/api/v1/people/571602,14,3,First Base,Infielder,1B,MIN,Minor League Contract,hitting,True,,,,,,,,,,,,,,,,,,,13,37,34,3,5,0,0,2,3,3,13,0,.147,.216,.324,.540,.158,,
2022,109,Arizona Diamondbacks,AZ,National League,National League West,605200,Zach Davies,/api/v1/people/605200,27,1,Pitcher,Pitcher,P,A,Active,pitching,True,27,27,2,5,0,0,134.1,122,66,61,52,102,21,4.09,1.30,,,1.96,,,,,,,,,,,,,,,,,,,
2022,109,Arizona Diamondbacks,AZ,National League,National League West,606965,Chris Devenski,/api/v1/people/606965,32,1,Pitcher,Pitcher,P,RL,Released,pitching,True,13,0,2,1,0,0,14.2,21,14,14,1,12,3,8.59,1.50,,,12.00,,,,,,,,,,,,,,,,,,,
2022,109,Arizona Diamondbacks,AZ,National League,National League West,594694,Wilmer Difo,/api/v1/people/594694,1,6,Shortstop,Infielder,SS,MIN,Minor League Contract,hitting,True,,,,,,,,,,,,,,,,,,,3,6,6,0,0,0,0,0,0,0,1,0,.000,.000,.000,.000,.000,,
2022,109,Arizona Diamondbacks,AZ,National League,National League West,656403,Drew Ellis,/api/v1/people/656403,15,5,Third Base,Infielder,3B,CL,Claimed,hitting,True,,,,,,,,,,,,,,,,,,,7,17,16,2,3,1,0,0,1,1,7,0,.188,.235,.250,.485,.333,,
2022,109,Arizona Diamondbacks,AZ,National League,National League West,666818,Luis Frías,/api/v1/people/666818,65,1,Pitcher,Pitcher,P,A,Active,pitching,True,15,0,1,1,0,3,17.0,23,20,20,17,14,1,10.59,2.35,,,0.82,,,,,,,,,,,,,,,,,,,
2022,109,Arizona Diamondbacks,AZ,National League,National League West,643316,Paul Fry,/api/v1/people/643316,43,1,Pitcher,Pitcher,P,MIN,Minor League Contract,pitching,True,13,0,0,0,0,1,13.0,11,10,9,9,14,1,6.23,1.54,,,1.56,,,,,,,,,,,,,,,,,,,
2022,109,Arizona Diamondbacks,AZ,National League,National League West,668678,Zac Gallen,/api/v1/people/668678,23,1,Pitcher,Pitcher,P,A,Active,pitching,True,31,31,12,4,0,0,184.0,121,56,52,47,192,15,2.54,0.91,,,4.09,,,,,,,,,,,,,,,,,,,
2022,109,Arizona Diamondbacks,AZ,National League,National League West,656448,Stone Garrett,/api/v1/people/656448,46,7,Outfielder,Outfielder,LF,A,Active,hitting,True,,,,,,,,,,,,,,,,,,,27,84,76,13,21,8,0,4,10,3,27,3,.276,.309,.539,.848,.370,,
2022,109,Arizona Diamondbacks,AZ,National League,National League West,656457,Tyler Gilbert,/api/v1/people/656457,49,1,Pitcher,Pitcher,P,D60,Injured 60-Day,pitching,True,8,7,0,3,0,0,34.1,33,21,20,10,20,8,5.24,1.25,,,2.00,,,,,,,,,,,,,,,,,,,
2022,109,Arizona Diamondbacks,AZ,National League,National League West,656464,Kevin Ginkel,/api/v1/people/656464,37,1,Pitcher,Pitcher,P,A,Active,pitching,True,30,0,1,1,1,5,29.1,27,14,11,11,30,1,3.38,1.30,,,2.73,,,,,,,,,,,,,,,,,,,
2022,109,Arizona Diamondbacks,AZ,National League,National League West,606988,Grayson Greiner,/api/v1/people/606988,14,2,Catcher,Catcher,C,TR,Traded,hitting,True,,,,,,,,,,,,,,,,,,,2,8,6,0,1,0,0,0,0,2,3,0,.167,.375,.167,.542,.333,,
2022,109,Arizona Diamondbacks,AZ,National League,National League West,606993,Jake Hager,/api/v1/people/606993,16,4,Second Base,Infielder,2B,MIN,Minor League Contract,hitting,True,,,,,,,,,,,,,,,,,,,28,59,50,4,12,2,0,0,3,8,17,0,.240,.345,.280,.625,.364,,
2022,109,Arizona Diamondbacks,AZ,National League,National League West,674072,Tommy Henry,/api/v1/people/674072,47,1,Pitcher,Pitcher,P,A,Active,pitching,True,9,9,3,4,0,0,47.0,47,28,28,21,36,10,5.36,1.45,,,1.71,,,,,,,,,,,,,,,,,,,
2022,109,Arizona Diamondbacks,AZ,National League,National League West,660634,Yonny Hernández,/api/v1/people/660634,19,5,Third Base,Infielder,3B,CL,Claimed,hitting,True,,,,,,,,,,,,,,,,,,,12,28,24,2,2,0,0,0,0,2,4,2,.083,.154,.083,.237,.100,,
2022,109,Arizona Diamondbacks,AZ,National League,National League West,645444,Jose Herrera,/api/v1/people/645444,36,2,Catcher,Catcher,C,A,Active,hitting,True,,,,,,,,,,,,,,,,,,,47,124,111,9,21,2,0,0,5,9,34,0,.189,.250,.207,.457,.273,,
2022,109,Arizona Diamondbacks,AZ,National League,National League West,663947,Tyler Holton,/api/v1/people/663947,67,1,Pitcher,Pitcher,P,A,Active,pitching,True,10,0,0,0,0,0,9.0,8,3,3,2,6,1,3.00,1.11,,,3.00,,,,,,,,,,,,,,,,,,,
2022,109,Arizona Diamondbacks,AZ,National League,National League West,669450,Cooper Hummel,/api/v1/people/669450,21,7,Outfielder,Outfielder,LF,A,Active,hitting,True,,,,,,,,,,,,,,,,,,,66,201,176,20,31,8,3,3,17,23,64,4,.176,.274,.307,.581,.255,,
2022,109,Arizona Diamondbacks,AZ,National League,National League West,686753,Drey Jameson,/api/v1/people/686753,58,1,Pitcher,Pitcher,P,A,Active,pitching,True,4,4,3,0,0,0,24.1,20,4,4,7,24,2,1.48,1.11,,,3.43,,,,,,,,,,,,,,,,,,,
2022,109,Arizona Diamondbacks,AZ,National League,National League West,608348,Carson Kelly,/api/v1/people/608348,18,2,Catcher,Catcher,C,A,Active,hitting,True,,,,,,,,,,,,,,,,,,,104,354,317,40,67,18,0,7,35,29,71,2,.211,.282,.334,.616,.247,,
2022,109,Arizona Diamondbacks,AZ,National League,National League West,518876,Merrill Kelly,/api/v1/people/518876,29,1,Pitcher,Pitcher,P,A,Active,pitching,True,33,33,13,8,0,0,200.1,167,77,75,61,177,21,3.37,1.14,,,2.90,,,,,,,,,,,,,,,,,,,
2022,109,Arizona Diamondbacks,AZ,National League,National League West,671083,Buddy Kennedy,/api/v1/people/671083,45,4,Second Base,Infielder,2B,A,Active,hitting,True,,,,,,,,,,,,,,,,,,,30,94,83,10,18,2,2,1,12,8,23,0,.217,.287,.325,.612,.279,,
2022,109,Arizona Diamondbacks,AZ,National League,National League West,453178,Ian Kennedy,/api/v1/people/453178,31,1,Pitcher,Pitcher,P,A,Active,pitching,True,57,0,4,7,10,10,50.1,57,33,30,22,44,11,5.36,1.57,,,2.00,,,,,,,,,,,,,,,,,,,
2022,109,Arizona Diamondbacks,AZ,National League,National League West,572971,Dallas Keuchel,/api/v1/people/572971,60,1,Pitcher,Pitcher,P,RL,Released,pitching,True,14,14,2,9,0,0,60.2,94,69,62,31,45,11,9.20,2.06,,,1.45,,,,,,,,,,,,,,,,,,,
2022,109,Arizona Diamondbacks,AZ,National League,National League West,656669,Jordan Luplow,/api/v1/people/656669,8,9,Outfielder,Outfielder,RF,A,Active,hitting,True,,,,,,,,,,,,,,,,,,,83,234,205,26,36,5,0,11,28,25,60,5,.176,.274,.361,.635,.185,,
2022,109,Arizona Diamondbacks,AZ,National League,National League West,573009,Joe Mantiply,/api/v1/people/573009,35,1,Pitcher,Pitcher,P,A,Active,pitching,True,69,0,2,5,2,22,60.0,59,22,19,6,61,6,2.85,1.08,,,10.17,,,,,,,,,,,,,,,,,,,
2022,109,Arizona Diamondbacks,AZ,National League,National League West,606466,Ketel Marte,/api/v1/people/606466,4,4,Second Base,Infielder,2B,A,Active,hitting,True,,,,,,,,,,,,,,,,,,,137,558,492,68,118,42,2,12,52,55,101,5,.240,.321,.407,.728,.276,,
2022,109,Arizona Diamondbacks,AZ,National League,National League West,656686,Corbin Martin,/api/v1/people/656686,25,1,Pitcher,Pitcher,P,A,Active,pitching,True,7,2,0,1,0,0,22.1,25,14,12,12,21,3,4.84,1.66,,,1.75,,,,,,,,,,,,,,,,,,,
2022,109,Arizona Diamondbacks,AZ,National League,National League West,664983,Jake McCarthy,/api/v1/people/664983,30,7,Outfielder,Outfielder,LF,A,Active,hitting,True,,,,,,,,,,,,,,,,,,,99,354,321,53,91,16,3,8,43,23,76,23,.283,.342,.427,.769,.349,,
2022,109,Arizona Diamondbacks,AZ,National League,National League West,453343,Mark Melancon,/api/v1/people/453343,34,1,Pitcher,Pitcher,P,A,Active,pitching,True,62,0,3,10,18,1,56.0,63,37,29,21,35,5,4.66,1.50,,,1.67,,,,,,,,,,,,,,,,,,,
2022,109,Arizona Diamondbacks,AZ,National League,National League West,641871,Keynan Middleton,/api/v1/people/641871,99,1,Pitcher,Pitcher,P,MIN,Minor League Contract,pitching,True,18,0,1,2,0,1,17.0,16,13,10,3,15,5,5.29,1.12,,,5.00,,,,,,,,,,,,,,,,,,,
2022,109,Arizona Diamondbacks,AZ,National League,National League West,606625,Reyes Moronta,/api/v1/people/606625,59,1,Pitcher,Pitcher,P,A,Active,pitching,True,39,0,2,2,2,4,37.2,30,20,18,18,38,5,4.30,1.27,,,2.11,,,,,,,,,,,,,,,,,,,
2022,109,Arizona Diamondbacks,AZ,National League,National League West,669459,Kyle Nelson,/api/v1/people/669459,50,1,Pitcher,Pitcher,P,A,Active,pitching,True,43,1,2,1,0,10,37.0,26,10,9,14,30,1,2.19,1.08,,,2.14,,,,,,,,,,,,,,,,,,,
2022,109,Arizona Diamondbacks,AZ,National League,National League West,669194,Ryne Nelson,/api/v1/people/669194,52,1,Pitcher,Pitcher,P,A,Active,pitching,True,3,3,1,1,0,0,18.1,9,4,3,6,16,2,1.47,0.82,,,2.67,,,,,,,,,,,,,,,,,,,
2022,109,Arizona Diamondbacks,AZ,National League,National League West,676840,Matt Peacock,/api/v1/people/676840,47,1,Pitcher,Pitcher,P,TR,Traded,pitching,True,9,0,0,0,0,0,10.0,12,6,6,4,6,1,5.40,1.60,,,1.50,,,,,,,,,,,,,,,,,,,
2022,109,Arizona Diamondbacks,AZ,National League,National League West,444482,David Peralta,/api/v1/people/444482,6,7,Outfielder,Outfielder,LF,TR,Traded,hitting,True,,,,,,,,,,,,,,,,,,,134,490,439,39,110,30,3,12,59,41,114,1,.251,.316,.415,.731,.307,,
2022,109,Arizona Diamondbacks,AZ,National League,National League West,672695,Geraldo Perdomo,/api/v1/people/672695,2,6,Shortstop,Infielder,SS,A,Active,hitting,True,,,,,,,,,,,,,,,,,,,148,500,431,58,84,10,2,5,40,50,103,9,.195,.285,.262,.547,.243,,
2022,109,Arizona Diamondbacks,AZ,National League,National League West,424144,Oliver Pérez,/api/v1/people/424144,59,1,Pitcher,Pitcher,P,RL,Released,pitching,True,7,0,1,1,0,0,4.0,8,9,7,1,1,1,15.75,2.25,,,1.00,,,,,,,,,,,,,,,,,,,
2022,109,Arizona Diamondbacks,AZ,National League,National League West,664092,Sean Poppen,/api/v1/people/664092,64,1,Pitcher,Pitcher,P,A,Active,pitching,True,29,0,2,2,0,4,28.2,27,15,14,12,22,5,4.40,1.36,,,1.83,,,,,,,,,,,,,,,,,,,
2022,109,Arizona Diamondbacks,AZ,National League,National League West,598287,Noé Ramirez,/api/v1/people/598287,24,1,Pitcher,Pitcher,P,RL,Released,pitching,True,55,0,5,4,0,11,50.0,45,32,29,26,51,9,5.22,1.42,,,1.96,,,,,,,,,,,,,,,,,,,
2022,109,Arizona Diamondbacks,AZ,National League,National League West,656896,Emmanuel Rivera,/api/v1/people/656896,15,5,Third Base,Infielder,3B,D60,Injured 60-Day,hitting,True,,,,,,,,,,,,,,,,,,,102,359,330,46,77,16,3,12,40,23,83,1,.233,.292,.409,.701,.275,,
2022,109,Arizona Diamondbacks,AZ,National League,National League West,668942,Josh Rojas,/api/v1/people/668942,10,5,Third Base,Infielder,3B,A,Active,hitting,True,,,,,,,,,,,,,,,,,,,125,510,443,66,119,25,1,9,56,55,98,23,.269,.349,.391,.740,.323,,
2022,109,Arizona Diamondbacks,AZ,National League,National League West,592761,Caleb Smith,/api/v1/people/592761,22,1,Pitcher,Pitcher,P,A,Active,pitching,True,44,1,1,3,0,6,70.0,57,35,32,39,65,14,4.11,1.37,,,1.67,,,,,,,,,,,,,,,,,,,
2022,109,Arizona Diamondbacks,AZ,National League,National League West,656976,Pavin Smith,/api/v1/people/656976,26,9,Outfielder,Outfielder,RF,A,Active,hitting,True,,,,,,,,,,,,,,,,,,,75,277,245,24,54,9,0,9,33,28,67,1,.220,.300,.367,.667,.262,,
2022,109,Arizona Diamondbacks,AZ,National League,National League West,677950,Alek Thomas,/api/v1/people/677950,5,8,Outfielder,Outfielder,CF,A,Active,hitting,True,,,,,,,,,,,,,,,,,,,113,411,381,45,88,17,1,8,39,22,74,4,.231,.275,.344,.619,.263,,
2022,109,Arizona Diamondbacks,AZ,National League,National League West,670955,Edwin Uceta,/api/v1/people/670955,66,1,Pitcher,Pitcher,P,A,Active,pitching,True,10,0,0,0,0,0,17.0,14,12,11,7,13,2,5.82,1.24,,,1.86,,,,,,,,,,,,,,,,,,,
2022,109,Arizona Diamondbacks,AZ,National League,National League West,662139,Daulton Varsho,/api/v1/people/662139,12,9,Outfielder,Outfielder,RF,A,Active,hitting,True,,,,,,,,,,,,,,,,,,,151,592,531,79,125,23,3,27,74,46,145,16,.235,.302,.443,.745,.269,,
2022,109,Arizona Diamondbacks,AZ,National League,National League West,572233,Christian Walker,/api/v1/people/572233,53,3,First Base,Infielder,1B,A,Active,hitting,True,,,,,,,,,,,,,,,,,,,160,667,583,84,141,25,2,36,94,69,131,2,.242,.327,.477,.804,.248,,
2022,109,Arizona Diamondbacks,AZ,National League,National League West,596133,Luke Weaver,/api/v1/people/596133,7,1,Pitcher,Pitcher,P,TR,Traded,pitching,True,26,1,1,1,0,0,35.2,52,29,26,13,38,1,6.56,1.82,,,2.92,,,,,,,,,,,,,,,,,,,
2022,109,Arizona Diamondbacks,AZ,National League,National League West,605525,J.B. Wendelken,/api/v1/people/605525,48,1,Pitcher,Pitcher,P,MIN,Minor League Contract,pitching,True,29,0,2,1,0,1,29.0,25,18,17,14,21,4,5.28,1.34,,,1.50,,,,,,,,,,,,,,,,,,,
2022,109,Arizona Diamondbacks,AZ,National League,National League West,642203,Taylor Widener,/api/v1/people/642203,57,1,Pitcher,Pitcher,P,A,Active,pitching,True,14,0,0,1,0,1,17.1,22,8,7,5,14,2,3.63,1.56,,,2.80,,,,,,,,,,,,,,,,,,,
2022,110,Baltimore Orioles,BAL,American League,American League East,542583,Jesús Aguilar,/api/v1/people/542583,99,10,Designated Hitter,Hitter,DH,A,Active,hitting,True,,,,,,,,,,,,,,,,,,,129,507,464,39,109,19,0,16,51,28,119,1,.235,.281,.379,.660,.278,,
2022,110,Baltimore Orioles,BAL,American League,American League East,669211,Keegan Akin,/api/v1/people/669211,45,1,Pitcher,Pitcher,P,A,Active,pitching,True,45,1,3,3,2,3,81.2,69,35,29,20,77,10,3.20,1.09,,,3.85,,,,,,,,,,,,,,,,,,,
2022,110,Baltimore Orioles,BAL,American League,American League East,663531,Logan Allen,/api/v1/people/663531,61,1,Pitcher,Pitcher,P,MIN,Minor League Contract,pitching,True,7,0,1,0,0,0,7.2,12,5,5,5,7,0,5.87,2.22,,,1.40,,,,,,,,,,,,,,,,,,,
2022,110,Baltimore Orioles,BAL,American League,American League East,660620,Jonathan Araúz,/api/v1/people/660620,76,4,Second Base,Infielder,2B,MIN,Minor League Contract,hitting,True,,,,,,,,,,,,,,,,,,,15,41,38,3,5,0,0,1,5,1,12,0,.132,.150,.211,.361,.154,,
2022,110,Baltimore Orioles,BAL,American League,American League East,641329,Bryan Baker,/api/v1/people/641329,43,1,Pitcher,Pitcher,P,A,Active,pitching,True,66,2,4,3,1,9,69.2,60,29,27,26,76,3,3.49,1.23,,,2.92,,,,,,,,,,,,,,,,,,,
2022,110,Baltimore Orioles,BAL,American League,American League East,676625,Rylan Bannon,/api/v1/people/676625,65,5,Third Base,Infielder,3B,CL,Claimed,hitting,True,,,,,,,,,,,,,,,,,,,5,15,14,0,2,0,0,0,0,0,5,0,.143,.200,.143,.343,.222,,
2022,110,Baltimore Orioles,BAL,American League,American League East,657508,Mike Baumann,/api/v1/people/657508,53,1,Pitcher,Pitcher,P,A,Active,pitching,True,13,4,1,3,0,1,34.1,43,19,18,9,23,3,4.72,1.51,,,2.56,,,,,,,,,,,,,,,,,,,
2022,110,Baltimore Orioles,BAL,American League,American League East,642585,Félix Bautista,/api/v1/people/642585,74,1,Pitcher,Pitcher,P,A,Active,pitching,True,65,0,4,4,15,13,65.2,38,18,16,23,88,7,2.19,0.93,,,3.83,,,,,,,,,,,,,,,,,,,
2022,110,Baltimore Orioles,BAL,American League,American League East,621532,Anthony Bemboom,/api/v1/people/621532,,2,Catcher,Catcher,C,MIN,Minor League Contract,hitting,True,,,,,,,,,,,,,,,,,,,22,59,52,4,6,2,0,1,1,6,17,0,.115,.207,.212,.419,.147,,
2022,110,Baltimore Orioles,BAL,American League,American League East,680694,Kyle Bradish,/api/v1/people/680694,56,1,Pitcher,Pitcher,P,A,Active,pitching,True,23,23,4,7,0,0,117.2,119,68,64,46,111,17,4.90,1.40,,,2.41,,,,,,,,,,,,,,,,,,,
2022,110,Baltimore Orioles,BAL,American League,American League East,666974,Yennier Cano,/api/v1/people/666974,78,1,Pitcher,Pitcher,P,A,Active,pitching,True,13,0,1,1,0,0,18.0,26,23,23,16,21,3,11.50,2.33,,,1.31,,,,,,,,,,,,,,,,,,,
2022,110,Baltimore Orioles,BAL,American League,American League East,455139,Robinson Chirinos,/api/v1/people/455139,23,2,Catcher,Catcher,C,A,Active,hitting,True,,,,,,,,,,,,,,,,,,,67,220,195,10,35,9,0,4,22,19,67,1,.179,.265,.287,.552,.248,,
2022,110,Baltimore Orioles,BAL,American League,American League East,666783,Yusniel Díaz,/api/v1/people/666783,84,9,Outfielder,Outfielder,RF,A,Active,hitting,True,,,,,,,,,,,,,,,,,,,1,1,1,0,0,0,0,0,0,0,1,0,.000,.000,.000,.000,.---,,
2022,110,Baltimore Orioles,BAL,American League,American League East,650959,Marcos Diplán,/api/v1/people/650959,78,1,Pitcher,Pitcher,P,MIN,Minor League Contract,pitching,True,5,0,0,0,0,0,5.2,4,2,1,5,8,0,1.59,1.59,,,1.60,,,,,,,,,,,,,,,,,,,
2022,110,Baltimore Orioles,BAL,American League,American League East,595939,Chris Ellis,/api/v1/people/595939,39,1,Pitcher,Pitcher,P,A,Active,pitching,True,2,2,0,0,0,0,4.1,5,5,5,6,2,0,10.38,2.54,,,0.33,,,,,,,,,,,,,,,,,,,
2022,110,Baltimore Orioles,BAL,American League,American League East,643316,Paul Fry,/api/v1/people/643316,51,1,Pitcher,Pitcher,P,TR,Traded,pitching,True,13,0,0,0,0,1,13.0,11,10,9,9,14,1,6.23,1.54,,,1.56,,,,,,,,,,,,,,,,,,,
2022,110,Baltimore Orioles,BAL,American League,American League East,670329,Rico Garcia,/api/v1/people/670329,63,1,Pitcher,Pitcher,P,MIN,Minor League Contract,pitching,True,6,0,0,0,0,0,8.0,8,4,4,3,2,2,4.50,1.38,,,0.67,,,,,,,,,,,,,,,,,,,
2022,110,Baltimore Orioles,BAL,American League,American League East,670810,Logan Gillaspie,/api/v1/people/670810,71,1,Pitcher,Pitcher,P,A,Active,pitching,True,17,0,1,0,0,0,17.1,20,8,6,3,10,1,3.12,1.33,,,3.33,,,,,,,,,,,,,,,,,,,
2022,110,Baltimore Orioles,BAL,American League,American League East,642721,Kelvin Gutiérrez,/api/v1/people/642721,82,5,Third Base,Infielder,3B,MIN,Minor League Contract,hitting,True,,,,,,,,,,,,,,,,,,,12,33,28,2,4,1,0,0,3,4,8,1,.143,.250,.179,.429,.200,,
2022,110,Baltimore Orioles,BAL,American League,American League East,669084,DL Hall,/api/v1/people/669084,49,1,Pitcher,Pitcher,P,A,Active,pitching,True,11,1,1,1,1,0,13.2,17,9,9,6,19,0,5.93,1.68,,,3.17,,,,,,,,,,,,,,,,,,,
2022,110,Baltimore Orioles,BAL,American League,American League East,669720,Austin Hays,/api/v1/people/669720,21,7,Outfielder,Outfielder,LF,A,Active,hitting,True,,,,,,,,,,,,,,,,,,,145,582,535,66,134,35,2,16,60,34,114,2,.250,.306,.413,.719,.289,,
2022,110,Baltimore Orioles,BAL,American League,American League East,545343,Louis Head,/api/v1/people/545343,60,1,Pitcher,Pitcher,P,MIN,Minor League Contract,pitching,True,28,0,0,0,1,1,28.2,32,20,20,15,26,4,6.28,1.64,,,1.73,,,,,,,,,,,,,,,,,,,
2022,110,Baltimore Orioles,BAL,American League,American League East,683002,Gunnar Henderson,/api/v1/people/683002,2,6,Shortstop,Infielder,SS,A,Active,hitting,True,,,,,,,,,,,,,,,,,,,34,132,116,12,30,7,1,4,18,16,34,1,.259,.348,.440,.788,.333,,
2022,110,Baltimore Orioles,BAL,American League,American League East,607216,Joey Krehbiel,/api/v1/people/607216,34,1,Pitcher,Pitcher,P,A,Active,pitching,True,56,0,5,5,1,10,57.2,53,28,25,18,45,9,3.90,1.23,,,2.50,,,,,,,,,,,,,,,,,,,
2022,110,Baltimore Orioles,BAL,American League,American League East,665152,Dean Kremer,/api/v1/people/665152,64,1,Pitcher,Pitcher,P,A,Active,pitching,True,22,21,8,7,0,0,125.1,123,48,45,34,87,11,3.23,1.25,,,2.56,,,,,,,,,,,,,,,,,,,
2022,110,Baltimore Orioles,BAL,American League,American League East,664042,Travis Lakins,/api/v1/people/664042,54,1,Pitcher,Pitcher,P,MIN,Minor League Contract,pitching,True,6,0,0,1,0,0,10.1,14,11,11,6,8,3,9.58,1.94,,,1.33,,,,,,,,,,,,,,,,,,,
2022,110,Baltimore Orioles,BAL,American League,American League East,605347,Jorge López,/api/v1/people/605347,48,1,Pitcher,Pitcher,P,TR,Traded,pitching,True,67,0,4,7,23,1,71.0,53,26,20,31,72,4,2.54,1.18,,,2.32,,,,,,,,,,,,,,,,,,,
2022,110,Baltimore Orioles,BAL,American League,American League East,675912,Zac Lowther,/api/v1/people/675912,59,1,Pitcher,Pitcher,P,MIN,Minor League Contract,pitching,True,1,0,0,0,0,0,5.1,8,6,5,2,1,0,8.44,1.88,,,0.50,,,,,,,,,,,,,,,,,,,
2022,110,Baltimore Orioles,BAL,American League,American League East,543475,Jordan Lyles,/api/v1/people/543475,28,1,Pitcher,Pitcher,P,A,Active,pitching,True,32,32,12,11,0,0,179.0,196,94,88,52,144,26,4.42,1.39,,,2.77,,,,,,,,,,,,,,,,,,,
2022,110,Baltimore Orioles,BAL,American League,American League East,641820,Trey Mancini,/api/v1/people/641820,16,3,First Base,Infielder,1B,TR,Traded,hitting,True,,,,,,,,,,,,,,,,,,,143,587,519,56,124,23,1,18,63,53,135,0,.239,.319,.391,.710,.286,,
2022,110,Baltimore Orioles,BAL,American League,American League East,621006,Richie Martin Jr.,/api/v1/people/621006,1,4,Second Base,Infielder,2B,MIN,Minor League Contract,hitting,True,,,,,,,,,,,,,,,,,,,13,33,30,4,5,0,2,0,3,3,10,3,.167,.242,.300,.542,.250,,
2022,110,Baltimore Orioles,BAL,American League,American League East,622761,Jorge Mateo,/api/v1/people/622761,3,4,Second Base,Infielder,2B,A,Active,hitting,True,,,,,,,,,,,,,,,,,,,150,533,494,63,109,25,7,13,50,27,147,35,.221,.267,.379,.646,.286,,
2022,110,Baltimore Orioles,BAL,American League,American League East,663630,Ryan McKenna,/api/v1/people/663630,26,9,Outfielder,Outfielder,RF,A,Active,hitting,True,,,,,,,,,,,,,,,,,,,105,172,156,23,37,10,0,2,11,11,55,2,.237,.294,.340,.634,.350,,
2022,110,Baltimore Orioles,BAL,American League,American League East,607644,John Means,/api/v1/people/607644,47,1,Pitcher,Pitcher,P,D60,Injured 60-Day,pitching,True,2,2,0,0,0,0,8.0,8,3,3,2,7,0,3.38,1.25,,,3.50,,,,,,,,,,,,,,,,,,,
2022,110,Baltimore Orioles,BAL,American League,American League East,663624,Ryan Mountcastle,/api/v1/people/663624,6,3,First Base,Infielder,1B,A,Active,hitting,True,,,,,,,,,,,,,,,,,,,145,609,555,62,139,28,1,22,85,43,154,4,.250,.305,.423,.728,.303,,
2022,110,Baltimore Orioles,BAL,American League,American League East,656775,Cedric Mullins,/api/v1/people/656775,31,8,Outfielder,Outfielder,CF,A,Active,hitting,True,,,,,,,,,,,,,,,,,,,156,672,608,89,157,32,4,16,64,47,126,34,.258,.318,.403,.721,.299,,
2022,110,Baltimore Orioles,BAL,American League,American League East,663527,Tyler Nevin,/api/v1/people/663527,41,5,Third Base,Infielder,3B,A,Active,hitting,True,,,,,,,,,,,,,,,,,,,58,184,157,17,31,4,0,2,16,20,46,0,.197,.299,.261,.560,.259,,
2022,110,Baltimore Orioles,BAL,American League,American League East,596059,Rougned Odor,/api/v1/people/596059,12,4,Second Base,Infielder,2B,A,Active,hitting,True,,,,,,,,,,,,,,,,,,,135,472,426,49,88,19,3,13,53,32,109,6,.207,.275,.357,.632,.244,,
2022,110,Baltimore Orioles,BAL,American League,American League East,572008,Chris Owings,/api/v1/people/572008,11,4,Second Base,Infielder,2B,RL,Released,hitting,True,,,,,,,,,,,,,,,,,,,27,68,56,6,6,2,0,0,0,10,24,1,.107,.254,.143,.397,.188,,
2022,110,Baltimore Orioles,BAL,American League,American League East,672335,Cionel Pérez,/api/v1/people/672335,58,1,Pitcher,Pitcher,P,A,Active,pitching,True,66,0,7,1,1,25,57.2,46,11,9,21,55,2,1.40,1.16,,,2.62,,,,,,,,,,,,,,,,,,,
2022,110,Baltimore Orioles,BAL,American League,American League East,621433,Brett Phillips,/api/v1/people/621433,66,9,Outfielder,Outfielder,RF,MIN,Minor League Contract,hitting,True,,,,,,,,,,,,,,,,,,,83,225,201,22,29,6,0,5,15,16,94,7,.144,.217,.249,.466,.233,,
2022,110,Baltimore Orioles,BAL,American League,American League East,596082,Jake Reed,/api/v1/people/596082,61,1,Pitcher,Pitcher,P,CL,Claimed,pitching,True,18,0,2,0,1,0,16.2,17,15,13,8,13,2,7.02,1.50,,,1.63,,,,,,,,,,,,,,,,,,,
2022,110,Baltimore Orioles,BAL,American League,American League East,660593,Denyi Reyes,/api/v1/people/660593,81,1,Pitcher,Pitcher,P,MIN,Minor League Contract,pitching,True,3,1,0,0,0,0,7.2,8,2,2,1,3,0,2.35,1.17,,,3.00,,,,,,,,,,,,,,,,,,,
2022,110,Baltimore Orioles,BAL,American League,American League East,668939,Adley Rutschman,/api/v1/people/668939,35,2,Catcher,Catcher,C,A,Active,hitting,True,,,,,,,,,,,,,,,,,,,113,470,398,70,101,35,1,13,42,65,86,4,.254,.362,.445,.807,.291,,
2022,110,Baltimore Orioles,BAL,American League,American League East,623993,Anthony Santander,/api/v1/people/623993,25,9,Outfielder,Outfielder,RF,A,Active,hitting,True,,,,,,,,,,,,,,,,,,,152,647,574,78,138,24,0,33,89,55,122,0,.240,.318,.455,.773,.248,,
2022,110,Baltimore Orioles,BAL,American League,American League East,642060,Cody Sedlock,/api/v1/people/642060,73,1,Pitcher,Pitcher,P,TR,Traded,pitching,True,1,0,0,0,0,0,3.0,6,5,5,1,3,0,15.00,2.33,,,3.00,,,,,,,,,,,,,,,,,,,
2022,110,Baltimore Orioles,BAL,American League,American League East,621466,DJ Stewart,/api/v1/people/621466,24,9,Outfielder,Outfielder,RF,MIN,Minor League Contract,hitting,True,,,,,,,,,,,,,,,,,,,3,3,3,0,0,0,0,0,0,0,2,0,.000,.000,.000,.000,.000,,
2022,110,Baltimore Orioles,BAL,American League,American League East,669065,Kyle Stowers,/api/v1/people/669065,83,7,Outfielder,Outfielder,LF,A,Active,hitting,True,,,,,,,,,,,,,,,,,,,34,98,91,11,23,4,1,3,11,5,29,0,.253,.306,.418,.724,.339,,
2022,110,Baltimore Orioles,BAL,American League,American League East,676641,Beau Sulser,/api/v1/people/676641,67,1,Pitcher,Pitcher,P,CL,Claimed,pitching,True,10,0,0,0,0,0,22.1,24,14,9,9,19,3,3.63,1.48,,,2.11,,,,,,,,,,,,,,,,,,,
2022,110,Baltimore Orioles,BAL,American League,American League East,622253,Dillon Tate,/api/v1/people/622253,55,1,Pitcher,Pitcher,P,A,Active,pitching,True,67,0,4,4,5,16,73.2,57,29,25,16,60,6,3.05,0.99,,,3.75,,,,,,,,,,,,,,,,,,,
2022,110,Baltimore Orioles,BAL,American League,American League East,602104,Ramón Urías,/api/v1/people/602104,29,5,Third Base,Infielder,3B,A,Active,hitting,True,,,,,,,,,,,,,,,,,,,118,445,403,50,100,17,1,16,51,30,98,1,.248,.305,.414,.719,.287,,
2022,110,Baltimore Orioles,BAL,American League,American League East,679631,Terrin Vavra,/api/v1/people/679631,77,4,Second Base,Infielder,2B,A,Active,hitting,True,,,,,,,,,,,,,,,,,,,40,103,89,14,23,2,1,1,12,12,19,0,.258,.340,.337,.677,.310,,
2022,110,Baltimore Orioles,BAL,American League,American League East,663989,Nick Vespi,/api/v1/people/663989,79,1,Pitcher,Pitcher,P,A,Active,pitching,True,25,0,5,0,1,1,26.1,29,12,12,8,28,5,4.10,1.41,,,3.50,,,,,,,,,,,,,,,,,,,
2022,110,Baltimore Orioles,BAL,American League,American League East,608723,Austin Voth,/api/v1/people/608723,51,1,Pitcher,Pitcher,P,A,Active,pitching,True,41,17,5,4,0,1,101.2,111,52,49,31,90,14,4.34,1.40,,,2.90,,,,,,,,,,,,,,,,,,,
2022,110,Baltimore Orioles,BAL,American League,American League East,657093,Spenser Watkins,/api/v1/people/657093,80,1,Pitcher,Pitcher,P,A,Active,pitching,True,23,20,5,6,0,0,105.1,119,59,55,30,63,11,4.70,1.41,,,2.10,,,,,,,,,,,,,,,,,,,
2022,110,Baltimore Orioles,BAL,American League,American League East,649144,Alex Wells,/api/v1/people/649144,52,1,Pitcher,Pitcher,P,MIN,Minor League Contract,pitching,True,2,0,0,0,0,0,3.2,5,2,2,0,6,2,4.91,1.36,,,-.--,,,,,,,,,,,,,,,,,,,
2022,110,Baltimore Orioles,BAL,American League,American League East,669330,Tyler Wells,/api/v1/people/669330,68,1,Pitcher,Pitcher,P,A,Active,pitching,True,23,23,7,7,0,0,103.2,90,49,49,28,76,16,4.25,1.14,,,2.71,,,,,,,,,,,,,,,,,,,
2022,110,Baltimore Orioles,BAL,American League,American League East,669145,Bruce Zimmermann,/api/v1/people/669145,50,1,Pitcher,Pitcher,P,A,Active,pitching,True,15,13,2,5,0,1,73.2,97,52,49,12,49,21,5.99,1.48,,,4.08,,,,,,,,,,,,,,,,,,,
2022,111,Boston Red Sox,BOS,American League,American League East,501659,Abraham Almonte,/api/v1/people/501659,48,O,Outfield,Outfielder,OF,FA,Free Agent,hitting,True,,,,,,,,,,,,,,,,,,,15,37,35,7,9,2,0,1,2,1,12,1,.257,.297,.400,.697,.364,,
2022,111,Boston Red Sox,BOS,American League,American League East,660620,Jonathan Araúz,/api/v1/people/660620,3,4,Second Base,Infielder,2B,CL,Claimed,hitting,True,,,,,,,,,,,,,,,,,,,15,41,38,3,5,0,0,1,5,1,12,0,.132,.150,.211,.361,.154,,
2022,111,Boston Red Sox,BOS,American League,American League East,624414,Christian Arroyo,/api/v1/people/624414,39,4,Second Base,Infielder,2B,A,Active,hitting,True,,,,,,,,,,,,,,,,,,,87,300,280,32,80,16,1,6,36,13,49,5,.286,.322,.414,.736,.326,,
2022,111,Boston Red Sox,BOS,American League,American League East,598264,Matt Barnes,/api/v1/people/598264,32,1,Pitcher,Pitcher,P,A,Active,pitching,True,44,0,0,4,8,4,39.2,36,22,19,21,34,2,4.31,1.44,,,1.62,,,,,,,,,,,,,,,,,,,
2022,111,Boston Red Sox,BOS,American League,American League East,660825,Eduard Bazardo,/api/v1/people/660825,83,1,Pitcher,Pitcher,P,MIN,Minor League Contract,pitching,True,12,0,1,0,0,0,16.1,12,5,5,4,11,4,2.76,0.98,,,2.75,,,,,,,,,,,,,,,,,,,
2022,111,Boston Red Sox,BOS,American League,American League East,678394,Brayan Bello,/api/v1/people/678394,66,1,Pitcher,Pitcher,P,A,Active,pitching,True,13,11,2,8,0,0,57.1,75,34,30,27,55,1,4.71,1.78,,,2.04,,,,,,,,,,,,,,,,,,,
2022,111,Boston Red Sox,BOS,American League,American League East,593428,Xander Bogaerts,/api/v1/people/593428,2,6,Shortstop,Infielder,SS,A,Active,hitting,True,,,,,,,,,,,,,,,,,,,150,631,557,84,171,38,0,15,73,57,118,8,.307,.377,.456,.833,.362,,
2022,111,Boston Red Sox,BOS,American League,American League East,598265,Jackie Bradley Jr.,/api/v1/people/598265,19,9,Outfielder,Outfielder,RF,RL,Released,hitting,True,,,,,,,,,,,,,,,,,,,132,370,344,30,70,23,1,4,38,24,77,2,.203,.255,.311,.566,.251,,
2022,111,Boston Red Sox,BOS,American League,American League East,518489,Ryan Brasier,/api/v1/people/518489,70,1,Pitcher,Pitcher,P,A,Active,pitching,True,68,0,0,3,1,13,62.1,68,43,40,13,64,9,5.78,1.30,,,4.92,,,,,,,,,,,,,,,,,,,
2022,111,Boston Red Sox,BOS,American League,American League East,671213,Triston Casas,/api/v1/people/671213,36,3,First Base,Infielder,1B,A,Active,hitting,True,,,,,,,,,,,,,,,,,,,27,95,76,11,15,1,0,5,12,19,23,1,.197,.358,.408,.766,.208,,
2022,111,Boston Red Sox,BOS,American League,American League East,644374,Yu Chang,/api/v1/people/644374,12,4,Second Base,Infielder,2B,A,Active,hitting,True,,,,,,,,,,,,,,,,,,,69,190,168,19,35,6,0,4,15,16,59,0,.208,.289,.315,.604,.290,,
2022,111,Boston Red Sox,BOS,American League,American League East,614173,Franchy Cordero,/api/v1/people/614173,16,3,First Base,Infielder,1B,D60,Injured 60-Day,hitting,True,,,,,,,,,,,,,,,,,,,84,275,242,36,53,17,1,8,29,28,92,4,.219,.300,.397,.697,.313,,
2022,111,Boston Red Sox,BOS,American League,American League East,676710,Kutter Crawford,/api/v1/people/676710,50,1,Pitcher,Pitcher,P,A,Active,pitching,True,21,12,3,6,0,0,77.1,81,49,47,29,77,12,5.47,1.42,,,2.66,,,,,,,,,,,,,,,,,,,
2022,111,Boston Red Sox,BOS,American League,American League East,666915,Bobby Dalbec,/api/v1/people/666915,29,3,First Base,Infielder,1B,A,Active,hitting,True,,,,,,,,,,,,,,,,,,,117,353,317,40,68,9,2,12,39,29,118,3,.215,.283,.369,.652,.293,,
2022,111,Boston Red Sox,BOS,American League,American League East,641501,Tyler Danish,/api/v1/people/641501,60,1,Pitcher,Pitcher,P,MIN,Minor League Contract,pitching,True,32,0,3,1,0,3,40.1,40,24,23,12,32,7,5.13,1.29,,,2.67,,,,,,,,,,,,,,,,,,,
2022,111,Boston Red Sox,BOS,American League,American League East,656354,Austin Davis,/api/v1/people/656354,56,1,Pitcher,Pitcher,P,CL,Claimed,pitching,True,52,3,2,1,0,3,56.0,57,39,36,33,64,5,5.79,1.61,,,1.94,,,,,,,,,,,,,,,,,,,
2022,111,Boston Red Sox,BOS,American League,American League East,664041,Jaylin Davis,/api/v1/people/664041,43,9,Outfielder,Outfielder,RF,MIN,Minor League Contract,hitting,True,,,,,,,,,,,,,,,,,,,12,27,24,4,8,1,0,0,2,3,11,0,.333,.407,.375,.782,.615,,
2022,111,Boston Red Sox,BOS,American League,American League East,646240,Rafael Devers,/api/v1/people/646240,11,5,Third Base,Infielder,3B,A,Active,hitting,True,,,,,,,,,,,,,,,,,,,141,614,555,84,164,42,1,27,88,50,114,3,.295,.358,.521,.879,.329,,
2022,111,Boston Red Sox,BOS,American League,American League East,518617,Jake Diekman,/api/v1/people/518617,31,1,Pitcher,Pitcher,P,TR,Traded,pitching,True,70,0,5,4,1,16,57.2,52,40,32,42,79,9,4.99,1.63,,,1.88,,,,,,,,,,,,,,,,,,,
2022,111,Boston Red Sox,BOS,American League,American League East,669023,Jeter Downs,/api/v1/people/669023,20,6,Shortstop,Infielder,SS,A,Active,hitting,True,,,,,,,,,,,,,,,,,,,14,41,39,4,6,1,0,1,4,1,21,0,.154,.171,.256,.427,.278,,
2022,111,Boston Red Sox,BOS,American League,American League East,680776,Jarren Duran,/api/v1/people/680776,40,8,Outfielder,Outfielder,CF,A,Active,hitting,True,,,,,,,,,,,,,,,,,,,58,223,204,23,45,14,3,3,17,14,63,7,.221,.283,.363,.646,.302,,
2022,111,Boston Red Sox,BOS,American League,American League East,543135,Nathan Eovaldi,/api/v1/people/543135,17,1,Pitcher,Pitcher,P,A,Active,pitching,True,20,20,6,3,0,0,109.1,115,55,47,20,103,21,3.87,1.23,,,5.15,,,,,,,,,,,,,,,,,,,
2022,111,Boston Red Sox,BOS,American League,American League East,544727,Jeurys Familia,/api/v1/people/544727,31,1,Pitcher,Pitcher,P,MIN,Minor League Contract,pitching,True,48,0,2,3,0,7,44.1,58,34,30,22,41,7,6.09,1.80,,,1.86,,,,,,,,,,,,,,,,,,,
2022,111,Boston Red Sox,BOS,American League,American League East,593140,Michael Feliz,/api/v1/people/593140,48,1,Pitcher,Pitcher,P,MIN,Minor League Contract,pitching,True,1,0,0,0,0,0,3.1,1,2,1,2,4,1,2.70,0.90,,,2.00,,,,,,,,,,,,,,,,,,,
2022,111,Boston Red Sox,BOS,American League,American League East,681464,Frank German,/api/v1/people/681464,71,1,Pitcher,Pitcher,P,A,Active,pitching,True,5,0,0,0,0,0,4.0,7,8,8,4,4,2,18.00,2.75,,,1.00,,,,,,,,,,,,,,,,,,,
2022,111,Boston Red Sox,BOS,American League,American League East,650382,Darwinzon Hernández,/api/v1/people/650382,63,1,Pitcher,Pitcher,P,A,Active,pitching,True,7,0,0,1,0,0,6.2,14,17,16,8,9,4,21.60,3.30,,,1.13,,,,,,,,,,,,,,,,,,,
2022,111,Boston Red Sox,BOS,American League,American League East,571771,Enrique Hernández,/api/v1/people/571771,5,6,Shortstop,Infielder,SS,A,Active,hitting,True,,,,,,,,,,,,,,,,,,,93,402,361,48,80,24,0,6,45,34,71,0,.222,.291,.338,.629,.257,,
2022,111,Boston Red Sox,BOS,American League,American League East,448179,Rich Hill,/api/v1/people/448179,44,1,Pitcher,Pitcher,P,A,Active,pitching,True,26,26,8,7,0,0,124.1,125,67,59,37,109,15,4.27,1.30,,,2.95,,,,,,,,,,,,,,,,,,,
2022,111,Boston Red Sox,BOS,American League,American League East,543333,Eric Hosmer,/api/v1/people/543333,35,3,First Base,Infielder,1B,A,Active,hitting,True,,,,,,,,,,,,,,,,,,,104,419,380,38,102,19,0,8,44,37,64,0,.268,.334,.382,.716,.304,,
2022,111,Boston Red Sox,BOS,American League,American League East,656557,Tanner Houck,/api/v1/people/656557,89,1,Pitcher,Pitcher,P,D60,Injured 60-Day,pitching,True,32,4,5,4,8,1,60.0,49,22,21,22,56,3,3.15,1.18,,,2.55,,,,,,,,,,,,,,,,,,,
2022,111,Boston Red Sox,BOS,American League,American League East,677161,Zack Kelly,/api/v1/people/677161,76,1,Pitcher,Pitcher,P,A,Active,pitching,True,13,0,1,0,0,1,13.2,14,6,6,4,11,2,3.95,1.32,,,2.75,,,,,,,,,,,,,,,,,,,
2022,111,Boston Red Sox,BOS,American League,American League East,502110,J.D. Martinez,/api/v1/people/502110,28,10,Designated Hitter,Hitter,DH,A,Active,hitting,True,,,,,,,,,,,,,,,,,,,139,596,533,76,146,43,1,16,62,52,145,0,.274,.341,.448,.789,.345,,
2022,111,Boston Red Sox,BOS,American League,American League East,624512,Reese McGuire,/api/v1/people/624512,3,2,Catcher,Catcher,C,A,Active,hitting,True,,,,,,,,,,,,,,,,,,,89,274,249,25,67,14,1,3,22,12,56,1,.269,.307,.369,.676,.332,,
2022,111,Boston Red Sox,BOS,American League,American League East,672391,Kaleb Ort,/api/v1/people/672391,61,1,Pitcher,Pitcher,P,A,Active,pitching,True,25,0,1,2,1,1,28.1,35,23,20,15,27,4,6.35,1.76,,,1.80,,,,,,,,,,,,,,,,,,,
2022,111,Boston Red Sox,BOS,American League,American League East,502054,Tommy Pham,/api/v1/people/502054,22,7,Outfielder,Outfielder,LF,A,Active,hitting,True,,,,,,,,,,,,,,,,,,,144,622,554,89,131,23,1,17,63,56,167,8,.236,.312,.374,.686,.304,,
2022,111,Boston Red Sox,BOS,American League,American League East,601713,Nick Pivetta,/api/v1/people/601713,37,1,Pitcher,Pitcher,P,A,Active,pitching,True,33,33,10,12,0,0,179.2,175,91,91,73,175,27,4.56,1.38,,,2.40,,,,,,,,,,,,,,,,,,,
2022,111,Boston Red Sox,BOS,American League,American League East,608700,Kevin Plawecki,/api/v1/people/608700,25,2,Catcher,Catcher,C,RL,Released,hitting,True,,,,,,,,,,,,,,,,,,,64,186,168,15,37,8,0,1,13,14,32,0,.220,.286,.286,.572,.265,,
2022,111,Boston Red Sox,BOS,American League,American League East,608701,Rob Refsnyder,/api/v1/people/608701,30,7,Outfielder,Outfielder,LF,A,Active,hitting,True,,,,,,,,,,,,,,,,,,,57,177,153,25,47,11,0,6,21,15,46,1,.307,.384,.497,.881,.394,,
2022,111,Boston Red Sox,BOS,American League,American League East,570663,Hansel Robles,/api/v1/people/570663,57,1,Pitcher,Pitcher,P,RL,Released,pitching,True,26,0,1,3,2,7,24.2,25,19,16,14,21,5,5.84,1.58,,,1.50,,,,,,,,,,,,,,,,,,,
2022,111,Boston Red Sox,BOS,American League,American League East,519242,Chris Sale,/api/v1/people/519242,41,1,Pitcher,Pitcher,P,D60,Injured 60-Day,pitching,True,2,2,0,1,0,0,5.2,5,3,2,1,5,0,3.18,1.06,,,5.00,,,,,,,,,,,,,,,,,,,
2022,111,Boston Red Sox,BOS,American League,American League East,570560,Yolmer Sánchez,/api/v1/people/570560,47,5,Third Base,Infielder,3B,CL,Claimed,hitting,True,,,,,,,,,,,,,,,,,,,17,44,37,1,4,0,0,0,2,5,13,0,.108,.214,.108,.322,.167,,
2022,111,Boston Red Sox,BOS,American League,American League East,617228,Hirokazu Sawamura,/api/v1/people/617228,18,1,Pitcher,Pitcher,P,MIN,Minor League Contract,pitching,True,49,0,1,1,0,3,50.2,45,23,21,27,40,4,3.73,1.42,,,1.48,,,,,,,,,,,,,,,,,,,
2022,111,Boston Red Sox,BOS,American League,American League East,670167,John Schreiber,/api/v1/people/670167,46,1,Pitcher,Pitcher,P,A,Active,pitching,True,64,0,4,4,8,22,65.0,45,19,16,19,74,3,2.22,0.98,,,3.89,,,,,,,,,,,,,,,,,,,
2022,111,Boston Red Sox,BOS,American League,American League East,657756,Connor Seabold,/api/v1/people/657756,67,1,Pitcher,Pitcher,P,A,Active,pitching,True,5,5,0,4,0,0,18.1,35,24,23,8,19,5,11.29,2.35,,,2.38,,,,,,,,,,,,,,,,,,,
2022,111,Boston Red Sox,BOS,American League,American League East,543768,Travis Shaw,/api/v1/people/543768,23,5,Third Base,Infielder,3B,MIN,Minor League Contract,hitting,True,,,,,,,,,,,,,,,,,,,7,19,19,0,0,0,0,0,0,0,7,0,.000,.000,.000,.000,.000,,
2022,111,Boston Red Sox,BOS,American League,American League East,596115,Trevor Story,/api/v1/people/596115,10,4,Second Base,Infielder,2B,A,Active,hitting,True,,,,,,,,,,,,,,,,,,,94,396,357,53,85,22,0,16,66,32,122,13,.238,.303,.434,.737,.309,,
2022,111,Boston Red Sox,BOS,American League,American League East,621381,Matt Strahm,/api/v1/people/621381,55,1,Pitcher,Pitcher,P,A,Active,pitching,True,50,0,4,4,4,13,44.2,38,24,19,17,52,5,3.83,1.23,,,3.06,,,,,,,,,,,,,,,,,,,
2022,111,Boston Red Sox,BOS,American League,American League East,570488,Phillips Valdez,/api/v1/people/570488,71,1,Pitcher,Pitcher,P,CL,Claimed,pitching,True,13,0,0,1,0,0,16.1,12,11,8,7,13,0,4.41,1.16,,,1.86,,,,,,,,,,,,,,,,,,,
2022,111,Boston Red Sox,BOS,American League,American League East,543877,Christian Vázquez,/api/v1/people/543877,7,2,Catcher,Catcher,C,TR,Traded,hitting,True,,,,,,,,,,,,,,,,,,,119,426,398,41,109,23,0,9,52,22,69,1,.274,.315,.399,.714,.310,,
2022,111,Boston Red Sox,BOS,American League,American League East,657077,Alex Verdugo,/api/v1/people/657077,99,9,Outfielder,Outfielder,RF,A,Active,hitting,True,,,,,,,,,,,,,,,,,,,152,644,593,75,166,39,1,11,74,42,86,1,.280,.328,.405,.733,.309,,
2022,111,Boston Red Sox,BOS,American League,American League East,608379,Michael Wacha,/api/v1/people/608379,52,1,Pitcher,Pitcher,P,A,Active,pitching,True,23,23,11,2,0,0,127.1,111,49,47,31,104,18,3.32,1.12,,,3.35,,,,,,,,,,,,,,,,,,,
2022,111,Boston Red Sox,BOS,American League,American League East,676477,Garrett Whitlock,/api/v1/people/676477,72,1,Pitcher,Pitcher,P,A,Active,pitching,True,31,9,4,2,6,4,78.1,65,32,30,15,82,10,3.45,1.02,,,5.47,,,,,,,,,,,,,,,,,,,
2022,111,Boston Red Sox,BOS,American League,American League East,670174,Josh Winckowski,/api/v1/people/670174,73,1,Pitcher,Pitcher,P,A,Active,pitching,True,15,14,5,7,0,0,70.1,85,47,46,27,44,10,5.89,1.59,,,1.63,,,,,,,,,,,,,,,,,,,
2022,111,Boston Red Sox,BOS,American League,American League East,657136,Connor Wong,/api/v1/people/657136,74,2,Catcher,Catcher,C,A,Active,hitting,True,,,,,,,,,,,,,,,,,,,27,56,48,8,9,3,0,1,7,5,16,0,.188,.273,.313,.586,.250,,
2022,112,Chicago Cubs,CHC,National League,National League Central,640470,Adbert Alzolay,/api/v1/people/640470,73,1,Pitcher,Pitcher,P,A,Active,pitching,True,6,0,2,1,0,1,13.1,9,5,5,2,19,1,3.38,0.83,,,9.50,,,,,,,,,,,,,,,,,,,
2022,112,Chicago Cubs,CHC,National League,National League Central,665871,Javier Assad,/api/v1/people/665871,72,1,Pitcher,Pitcher,P,A,Active,pitching,True,9,8,2,2,0,0,37.2,35,14,13,20,30,4,3.11,1.46,,,1.50,,,,,,,,,,,,,,,,,,,
2022,112,Chicago Cubs,CHC,National League,National League Central,623520,David Bote,/api/v1/people/623520,13,4,Second Base,Infielder,2B,A,Active,hitting,True,,,,,,,,,,,,,,,,,,,41,127,116,15,30,8,0,4,12,6,45,1,.259,.315,.431,.746,.382,,
2022,112,Chicago Cubs,CHC,National League,National League Central,643230,Steven Brault,/api/v1/people/643230,25,1,Pitcher,Pitcher,P,A,Active,pitching,True,9,0,0,0,0,1,9.0,8,4,3,5,8,0,3.00,1.44,,,1.60,,,,,,,,,,,,,,,,,,,
2022,112,Chicago Cubs,CHC,National League,National League Central,665645,Kervin Castro,/api/v1/people/665645,74,1,Pitcher,Pitcher,P,MIN,Minor League Contract,pitching,True,10,0,0,1,0,0,12.1,15,14,14,7,11,3,10.22,1.78,,,1.57,,,,,,,,,,,,,,,,,,,
2022,112,Chicago Cubs,CHC,National League,National League Central,445926,Jesse Chavez,/api/v1/people/445926,43,1,Pitcher,Pitcher,P,TR,Traded,pitching,True,60,1,4,3,0,10,69.1,71,34,29,20,74,8,3.76,1.31,,,3.70,,,,,,,,,,,,,,,,,,,
2022,112,Chicago Cubs,CHC,National League,National League Central,575929,Willson Contreras,/api/v1/people/575929,40,2,Catcher,Catcher,C,A,Active,hitting,True,,,,,,,,,,,,,,,,,,,113,487,416,65,101,23,2,22,55,45,103,4,.243,.349,.466,.815,.270,,
2022,112,Chicago Cubs,CHC,National League,National League Central,643271,Narciso Crook,/api/v1/people/643271,24,O,Outfield,Outfielder,OF,A,Active,hitting,True,,,,,,,,,,,,,,,,,,,4,9,8,1,2,1,0,0,2,0,3,0,.250,.222,.375,.597,.333,,
2022,112,Chicago Cubs,CHC,National League,National League Central,571616,Matt Dermody,/api/v1/people/571616,64,1,Pitcher,Pitcher,P,RM,Reassigned to Minors,pitching,True,1,0,0,0,0,0,1.0,2,2,2,2,1,0,18.00,4.00,,,0.50,,,,,,,,,,,,,,,,,,,
2022,112,Chicago Cubs,CHC,National League,National League Central,664123,Scott Effross,/api/v1/people/664123,57,1,Pitcher,Pitcher,P,TR,Traded,pitching,True,60,1,1,4,4,16,56.2,45,23,16,15,62,3,2.54,1.06,,,4.13,,,,,,,,,,,,,,,,,,,
2022,112,Chicago Cubs,CHC,National League,National League Central,659262,Anderson Espinoza,/api/v1/people/659262,51,1,Pitcher,Pitcher,P,A,Active,pitching,True,7,0,0,2,0,0,18.1,14,11,11,16,19,4,5.40,1.64,,,1.19,,,,,,,,,,,,,,,,,,,
2022,112,Chicago Cubs,CHC,National League,National League Central,669093,Jeremiah Estrada,/api/v1/people/669093,56,1,Pitcher,Pitcher,P,A,Active,pitching,True,5,0,0,0,0,0,5.2,6,2,2,3,8,1,3.18,1.59,,,2.67,,,,,,,,,,,,,,,,,,,
2022,112,Chicago Cubs,CHC,National League,National League Central,608652,Luke Farrell,/api/v1/people/608652,60,1,Pitcher,Pitcher,P,CL,Claimed,pitching,True,6,2,0,0,0,0,15.0,18,10,9,7,14,3,5.40,1.67,,,2.00,,,,,,,,,,,,,,,,,,,
2022,112,Chicago Cubs,CHC,National League,National League Central,640449,Clint Frazier,/api/v1/people/640449,77,7,Outfielder,Outfielder,LF,MIN,Minor League Contract,hitting,True,,,,,,,,,,,,,,,,,,,19,45,37,4,8,3,0,0,1,7,11,1,.216,.356,.297,.653,.308,,
2022,112,Chicago Cubs,CHC,National League,National League Central,571710,Mychal Givens,/api/v1/people/571710,60,1,Pitcher,Pitcher,P,TR,Traded,pitching,True,59,1,7,3,2,7,61.1,56,27,23,25,71,8,3.38,1.32,,,2.84,,,,,,,,,,,,,,,,,,,
2022,112,Chicago Cubs,CHC,National League,National League Central,543228,Yan Gomes,/api/v1/people/543228,7,2,Catcher,Catcher,C,A,Active,hitting,True,,,,,,,,,,,,,,,,,,,86,293,277,23,65,12,0,8,31,8,47,2,.235,.260,.365,.625,.252,,
2022,112,Chicago Cubs,CHC,National League,National League Central,607229,Robert Gsellman,/api/v1/people/607229,43,1,Pitcher,Pitcher,P,MIN,Minor League Contract,pitching,True,8,0,0,2,1,0,15.1,17,10,8,3,9,2,4.70,1.30,,,3.00,,,,,,,,,,,,,,,,,,,
2022,112,Chicago Cubs,CHC,National League,National League Central,664023,Ian Happ,/api/v1/people/664023,8,7,Outfielder,Outfielder,LF,A,Active,hitting,True,,,,,,,,,,,,,,,,,,,158,641,573,72,155,42,2,17,72,58,149,9,.271,.342,.440,.782,.336,,
2022,112,Chicago Cubs,CHC,National League,National League Central,543294,Kyle Hendricks,/api/v1/people/543294,28,1,Pitcher,Pitcher,P,D60,Injured 60-Day,pitching,True,16,16,4,6,0,0,84.1,85,45,45,24,66,15,4.80,1.29,,,2.75,,,,,,,,,,,,,,,,,,,
2022,112,Chicago Cubs,CHC,National League,National League Central,641684,Michael Hermosillo,/api/v1/people/641684,37,8,Outfielder,Outfielder,CF,MIN,Minor League Contract,hitting,True,,,,,,,,,,,,,,,,,,,31,73,61,7,7,2,0,0,4,7,27,1,.115,.250,.148,.398,.206,,
2022,112,Chicago Cubs,CHC,National League,National League Central,518792,Jason Heyward,/api/v1/people/518792,22,8,Outfielder,Outfielder,CF,D60,Injured 60-Day,hitting,True,,,,,,,,,,,,,,,,,,,48,151,137,15,28,5,1,1,10,11,32,1,.204,.278,.277,.555,.260,,
2022,112,Chicago Cubs,CHC,National League,National League Central,664731,P.J. Higgins,/api/v1/people/664731,48,3,First Base,Infielder,1B,A,Active,hitting,True,,,,,,,,,,,,,,,,,,,74,229,201,23,46,11,1,6,30,22,58,0,.229,.310,.383,.693,.290,,
2022,112,Chicago Cubs,CHC,National League,National League Central,663538,Nico Hoerner,/api/v1/people/663538,2,4,Second Base,Infielder,2B,A,Active,hitting,True,,,,,,,,,,,,,,,,,,,135,517,481,60,135,22,5,10,55,28,57,20,.281,.327,.410,.737,.300,,
2022,112,Chicago Cubs,CHC,National League,National League Central,676714,Brandon Hughes,/api/v1/people/676714,47,1,Pitcher,Pitcher,P,A,Active,pitching,True,57,0,2,3,8,8,57.2,42,22,20,21,68,11,3.12,1.09,,,3.24,,,,,,,,,,,,,,,,,,,
2022,112,Chicago Cubs,CHC,National League,National League Central,668873,Caleb Kilian,/api/v1/people/668873,45,1,Pitcher,Pitcher,P,A,Active,pitching,True,3,3,0,2,0,0,11.1,11,15,13,12,9,0,10.32,2.03,,,0.75,,,,,,,,,,,,,,,,,,,
2022,112,Chicago Cubs,CHC,National League,National League Central,643410,Mark Leiter Jr.,/api/v1/people/643410,62,1,Pitcher,Pitcher,P,A,Active,pitching,True,35,4,2,7,3,4,67.2,52,32,30,25,73,10,3.99,1.14,,,2.92,,,,,,,,,,,,,,,,,,,
2022,112,Chicago Cubs,CHC,National League,National League Central,663893,Brendon Little,/api/v1/people/663893,57,1,Pitcher,Pitcher,P,MIN,Minor League Contract,pitching,True,1,0,0,1,0,0,0.2,2,3,3,1,0,1,40.50,4.50,,,0.00,,,,,,,,,,,,,,,,,,,
2022,112,Chicago Cubs,CHC,National League,National League Central,663611,Nick Madrigal,/api/v1/people/663611,1,5,Third Base,Infielder,3B,A,Active,hitting,True,,,,,,,,,,,,,,,,,,,59,228,209,19,52,7,0,0,7,14,27,3,.249,.305,.282,.587,.286,,
2022,112,Chicago Cubs,CHC,National League,National League Central,455119,Chris Martin,/api/v1/people/455119,58,1,Pitcher,Pitcher,P,TR,Traded,pitching,True,60,0,4,1,2,9,56.0,50,20,19,5,74,6,3.05,0.98,,,14.80,,,,,,,,,,,,,,,,,,,
2022,112,Chicago Cubs,CHC,National League,National League Central,656716,Zach McKinstry,/api/v1/people/656716,6,5,Third Base,Infielder,3B,A,Active,hitting,True,,,,,,,,,,,,,,,,,,,57,185,166,21,33,6,3,5,14,16,52,7,.199,.273,.361,.634,.257,,
2022,112,Chicago Cubs,CHC,National League,National League Central,669214,Conner Menez,/api/v1/people/669214,65,1,Pitcher,Pitcher,P,MIN,Minor League Contract,pitching,True,1,0,0,0,0,0,1.0,1,0,0,0,1,0,0.00,1.00,,,-.--,,,,,,,,,,,,,,,,,,,
2022,112,Chicago Cubs,CHC,National League,National League Central,489119,Wade Miley,/api/v1/people/489119,20,1,Pitcher,Pitcher,P,A,Active,pitching,True,9,8,2,2,0,0,37.0,31,20,13,14,28,3,3.16,1.22,,,2.00,,,,,,,,,,,,,,,,,,,
2022,112,Chicago Cubs,CHC,National League,National League Central,621219,Alec Mills,/api/v1/people/621219,30,1,Pitcher,Pitcher,P,D60,Injured 60-Day,pitching,True,7,2,0,1,0,0,17.2,28,20,19,3,11,7,9.68,1.75,,,3.67,,,,,,,,,,,,,,,,,,,
2022,112,Chicago Cubs,CHC,National League,National League Central,666624,Christopher Morel,/api/v1/people/666624,5,8,Outfielder,Outfielder,CF,A,Active,hitting,True,,,,,,,,,,,,,,,,,,,113,425,379,55,89,19,4,16,47,38,137,10,.235,.308,.433,.741,.320,,
2022,112,Chicago Cubs,CHC,National League,National League Central,656794,Sean Newcomb,/api/v1/people/656794,15,1,Pitcher,Pitcher,P,MIN,Minor League Contract,pitching,True,20,1,2,1,0,2,27.2,33,28,27,19,28,8,8.78,1.88,,,1.47,,,,,,,,,,,,,,,,,,,
2022,112,Chicago Cubs,CHC,National League,National League Central,596057,Daniel Norris,/api/v1/people/596057,49,1,Pitcher,Pitcher,P,RL,Released,pitching,True,41,3,2,4,0,2,58.2,45,39,34,29,66,11,5.22,1.26,,,2.28,,,,,,,,,,,,,,,,,,,
2022,112,Chicago Cubs,CHC,National League,National League Central,542364,Rafael Ortega,/api/v1/people/542364,66,8,Outfielder,Outfielder,CF,D60,Injured 60-Day,hitting,True,,,,,,,,,,,,,,,,,,,118,371,316,35,76,14,1,7,35,44,74,12,.241,.331,.358,.689,.285,,
2022,112,Chicago Cubs,CHC,National League,National League Central,656820,Nicholas Padilla,/api/v1/people/656820,58,1,Pitcher,Pitcher,P,CL,Claimed,pitching,True,1,0,0,0,0,0,1.2,2,1,1,2,1,0,5.40,2.40,,,0.50,,,,,,,,,,,,,,,,,,,
2022,112,Chicago Cubs,CHC,National League,National League Central,606019,Esteban Quiroz,/api/v1/people/606019,43,4,Second Base,Infielder,2B,A,Active,hitting,True,,,,,,,,,,,,,,,,,,,14,47,40,3,11,0,0,0,3,4,9,1,.275,.370,.275,.645,.355,,
2022,112,Chicago Cubs,CHC,National League,National League Central,614177,Franmil Reyes,/api/v1/people/614177,32,10,Designated Hitter,Hitter,DH,A,Active,hitting,True,,,,,,,,,,,,,,,,,,,118,473,438,43,97,17,2,14,47,30,157,2,.221,.273,.365,.638,.307,,
2022,112,Chicago Cubs,CHC,National League,National League Central,663845,Alfonso Rivas III,/api/v1/people/663845,36,3,First Base,Infielder,1B,A,Active,hitting,True,,,,,,,,,,,,,,,,,,,101,287,251,27,59,5,2,3,25,29,87,6,.235,.322,.307,.629,.344,,
2022,112,Chicago Cubs,CHC,National League,National League Central,681799,Ethan Roberts,/api/v1/people/681799,21,1,Pitcher,Pitcher,P,D60,Injured 60-Day,pitching,True,9,0,0,1,0,1,7.2,10,7,7,6,9,3,8.22,2.09,,,1.50,,,,,,,,,,,,,,,,,,,
2022,112,Chicago Cubs,CHC,National League,National League Central,502085,David Robertson,/api/v1/people/502085,37,1,Pitcher,Pitcher,P,TR,Traded,pitching,True,58,0,4,3,20,3,63.2,39,18,17,35,81,6,2.40,1.16,,,2.31,,,,,,,,,,,,,,,,,,,
2022,112,Chicago Cubs,CHC,National League,National League Central,655889,Manuel Rodríguez,/api/v1/people/655889,39,1,Pitcher,Pitcher,P,A,Active,pitching,True,14,0,2,0,4,2,13.2,10,6,5,9,8,1,3.29,1.39,,,0.89,,,,,,,,,,,,,,,,,,,
2022,112,Chicago Cubs,CHC,National League,National League Central,621074,Michael Rucker,/api/v1/people/621074,59,1,Pitcher,Pitcher,P,A,Active,pitching,True,41,0,3,1,0,5,54.2,50,25,24,20,50,8,3.95,1.28,,,2.50,,,,,,,,,,,,,,,,,,,
2022,112,Chicago Cubs,CHC,National League,National League Central,592716,Adrian Sampson,/api/v1/people/592716,41,1,Pitcher,Pitcher,P,A,Active,pitching,True,21,19,4,5,0,0,104.1,101,40,36,27,73,10,3.11,1.23,,,2.70,,,,,,,,,,,,,,,,,,,
2022,112,Chicago Cubs,CHC,National League,National League Central,643524,Frank Schwindel,/api/v1/people/643524,18,3,First Base,Infielder,1B,RL,Released,hitting,True,,,,,,,,,,,,,,,,,,,75,292,271,23,62,11,0,8,36,19,58,0,.229,.277,.358,.635,.261,,
2022,112,Chicago Cubs,CHC,National League,National League Central,592743,Andrelton Simmons,/api/v1/people/592743,19,6,Shortstop,Infielder,SS,RL,Released,hitting,True,,,,,,,,,,,,,,,,,,,35,85,75,8,13,1,0,0,7,7,13,4,.173,.244,.187,.431,.210,,
2022,112,Chicago Cubs,CHC,National League,National League Central,592767,Drew Smyly,/api/v1/people/592767,11,1,Pitcher,Pitcher,P,A,Active,pitching,True,22,22,7,8,0,0,106.1,101,46,41,26,91,16,3.47,1.19,,,3.50,,,,,,,,,,,,,,,,,,,
2022,112,Chicago Cubs,CHC,National League,National League Central,657766,Locke St. John,/api/v1/people/657766,45,1,Pitcher,Pitcher,P,CL,Claimed,pitching,True,1,0,0,0,0,0,2.0,3,3,3,0,4,2,13.50,1.50,,,-.--,,,,,,,,,,,,,,,,,,,
2022,112,Chicago Cubs,CHC,National League,National League Central,657006,Justin Steele,/api/v1/people/657006,35,1,Pitcher,Pitcher,P,D15,Injured 15-Day,pitching,True,24,24,4,7,0,0,119.0,111,53,42,50,126,8,3.18,1.35,,,2.52,,,,,,,,,,,,,,,,,,,
2022,112,Chicago Cubs,CHC,National League,National League Central,657770,Eric Stout,/api/v1/people/657770,46,1,Pitcher,Pitcher,P,TR,Traded,pitching,True,20,0,0,0,1,1,22.1,25,15,14,16,25,2,5.64,1.84,,,1.56,,,,,,,,,,,,,,,,,,,
2022,112,Chicago Cubs,CHC,National League,National League Central,573186,Marcus Stroman,/api/v1/people/573186,0,1,Pitcher,Pitcher,P,A,Active,pitching,True,25,25,6,7,0,0,138.2,123,61,54,36,119,16,3.50,1.15,,,3.31,,,,,,,,,,,,,,,,,,,
2022,112,Chicago Cubs,CHC,National League,National League Central,673548,Seiya Suzuki,/api/v1/people/673548,27,9,Outfielder,Outfielder,RF,A,Active,hitting,True,,,,,,,,,,,,,,,,,,,111,446,397,54,104,22,2,14,46,42,110,9,.262,.336,.433,.769,.326,,
2022,112,Chicago Cubs,CHC,National League,National League Central,664161,Matt Swarmer,/api/v1/people/664161,67,1,Pitcher,Pitcher,P,MIN,Minor League Contract,pitching,True,11,5,2,3,0,0,34.0,33,26,19,20,36,12,5.03,1.56,,,1.80,,,,,,,,,,,,,,,,,,,
2022,112,Chicago Cubs,CHC,National League,National League Central,624522,Keegan Thompson,/api/v1/people/624522,71,1,Pitcher,Pitcher,P,A,Active,pitching,True,29,17,10,5,1,0,115.0,103,54,48,43,108,16,3.76,1.27,,,2.51,,,,,,,,,,,,,,,,,,,
2022,112,Chicago Cubs,CHC,National League,National League Central,657272,Erich Uelmen,/api/v1/people/657272,46,1,Pitcher,Pitcher,P,A,Active,pitching,True,25,0,2,1,1,3,27.0,25,15,14,12,21,3,4.67,1.37,,,1.75,,,,,,,,,,,,,,,,,,,
2022,112,Chicago Cubs,CHC,National League,National League Central,545121,Ildemaro Vargas,/api/v1/people/545121,4,5,Third Base,Infielder,3B,FA,Free Agent,hitting,True,,,,,,,,,,,,,,,,,,,63,222,209,19,55,13,1,4,23,8,23,3,.263,.299,.392,.691,.279,,
2022,112,Chicago Cubs,CHC,National League,National League Central,676369,Nelson Velázquez,/api/v1/people/676369,4,8,Outfielder,Outfielder,CF,A,Active,hitting,True,,,,,,,,,,,,,,,,,,,77,206,185,20,38,7,3,6,26,19,65,5,.205,.286,.373,.659,.281,,
2022,112,Chicago Cubs,CHC,National League,National League Central,542340,Jonathan Villar,/api/v1/people/542340,24,4,Second Base,Infielder,2B,RL,Released,hitting,True,,,,,,,,,,,,,,,,,,,59,220,202,25,42,6,2,3,18,15,59,7,.208,.260,.302,.562,.275,,
2022,112,Chicago Cubs,CHC,National League,National League Central,669713,Hayden Wesneski,/api/v1/people/669713,19,1,Pitcher,Pitcher,P,A,Active,pitching,True,6,4,3,2,0,0,33.0,24,9,8,7,33,3,2.18,0.94,,,4.71,,,,,,,,,,,,,,,,,,,
2022,112,Chicago Cubs,CHC,National League,National League Central,592858,Rowan Wick,/api/v1/people/592858,50,1,Pitcher,Pitcher,P,A,Active,pitching,True,64,0,4,7,9,4,64.0,79,37,30,29,69,9,4.22,1.69,,,2.38,,,,,,,,,,,,,,,,,,,
2022,112,Chicago Cubs,CHC,National League,National League Central,621550,Patrick Wisdom,/api/v1/people/621550,16,5,Third Base,Infielder,3B,A,Active,hitting,True,,,,,,,,,,,,,,,,,,,134,534,469,67,97,28,0,25,66,53,183,8,.207,.298,.426,.724,.274,,
2022,112,Chicago Cubs,CHC,National League,National League Central,676724,Jared Young,/api/v1/people/676724,74,3,First Base,Infielder,1B,A,Active,hitting,True,,,,,,,,,,,,,,,,,,,6,22,19,2,5,2,0,0,0,3,7,1,.263,.364,.368,.732,.417,,
2022,113,Cincinnati Reds,CIN,National League,National League Central,546991,Albert Almora Jr.,/api/v1/people/546991,3,9,Outfielder,Outfielder,RF,RL,Released,hitting,True,,,,,,,,,,,,,,,,,,,64,235,215,26,48,10,1,5,29,17,46,3,.223,.282,.349,.631,.261,,
2022,113,Cincinnati Reds,CIN,National League,National League Central,502624,Chase Anderson,/api/v1/people/502624,48,1,Pitcher,Pitcher,P,A,Active,pitching,True,9,7,2,4,0,0,24.0,17,18,17,15,23,3,6.38,1.33,,,1.53,,,,,,,,,,,,,,,,,,,
2022,113,Cincinnati Reds,CIN,National League,National League Central,606157,Aristides Aquino,/api/v1/people/606157,44,9,Outfielder,Outfielder,RF,A,Active,hitting,True,,,,,,,,,,,,,,,,,,,80,276,259,24,51,13,0,10,30,17,101,2,.197,.246,.363,.609,.277,,
2022,113,Cincinnati Reds,CIN,National League,National League Central,668933,Graham Ashcraft,/api/v1/people/668933,51,1,Pitcher,Pitcher,P,A,Active,pitching,True,19,19,5,6,0,0,105.0,119,61,57,30,71,11,4.89,1.42,,,2.37,,,,,,,,,,,,,,,,,,,
2022,113,Cincinnati Reds,CIN,National League,National League Central,676480,José Barrero,/api/v1/people/676480,2,6,Shortstop,Infielder,SS,A,Active,hitting,True,,,,,,,,,,,,,,,,,,,48,174,165,13,25,3,0,2,10,9,76,4,.152,.195,.206,.401,.264,,
2022,113,Cincinnati Reds,CIN,National League,National League Central,622491,Luis Castillo,/api/v1/people/622491,58,1,Pitcher,Pitcher,P,TR,Traded,pitching,True,25,25,8,6,0,0,150.1,118,56,50,45,167,13,2.99,1.08,,,3.71,,,,,,,,,,,,,,,,,,,
2022,113,Cincinnati Reds,CIN,National League,National League Central,570666,Luis Cessa,/api/v1/people/570666,85,1,Pitcher,Pitcher,P,A,Active,pitching,True,46,10,4,4,0,5,80.2,76,44,41,28,59,14,4.57,1.29,,,2.11,,,,,,,,,,,,,,,,,,,
2022,113,Cincinnati Reds,CIN,National League,National League Central,518585,Fernando Cruz,/api/v1/people/518585,63,1,Pitcher,Pitcher,P,A,Active,pitching,True,14,2,0,1,0,1,14.2,9,3,2,9,21,1,1.23,1.23,,,2.33,,,,,,,,,,,,,,,,,,,
2022,113,Cincinnati Reds,CIN,National League,National League Central,669008,Ronnie Dawson,/api/v1/people/669008,82,10,Designated Hitter,Hitter,DH,MIN,Minor League Contract,hitting,True,,,,,,,,,,,,,,,,,,,1,3,3,0,0,0,0,0,0,0,2,0,.000,.000,.000,.000,.000,,
2022,113,Cincinnati Reds,CIN,National League,National League Central,446321,Ross Detwiler,/api/v1/people/446321,75,1,Pitcher,Pitcher,P,MIN,Minor League Contract,pitching,True,30,0,0,2,1,1,26.1,31,13,13,10,28,5,4.44,1.56,,,2.80,,,,,,,,,,,,,,,,,,,
2022,113,Cincinnati Reds,CIN,National League,National League Central,664747,Alexis Díaz,/api/v1/people/664747,43,1,Pitcher,Pitcher,P,A,Active,pitching,True,59,0,7,3,10,13,63.2,28,18,13,33,83,5,1.84,0.96,,,2.52,,,,,,,,,,,,,,,,,,,
2022,113,Cincinnati Reds,CIN,National League,National League Central,670426,Phillip Diehl,/api/v1/people/670426,63,1,Pitcher,Pitcher,P,TR,Traded,pitching,True,5,0,0,0,0,0,5.2,8,7,7,3,3,3,11.12,1.94,,,1.00,,,,,,,,,,,,,,,,,,,
2022,113,Cincinnati Reds,CIN,National League,National League Central,664871,Kyle Dowdy,/api/v1/people/664871,72,1,Pitcher,Pitcher,P,A,Active,pitching,True,2,0,0,0,0,0,6.1,5,0,0,3,3,0,0.00,1.26,,,1.00,,,,,,,,,,,,,,,,,,,
2022,113,Cincinnati Reds,CIN,National League,National League Central,592273,Brandon Drury,/api/v1/people/592273,22,5,Third Base,Infielder,3B,TR,Traded,hitting,True,,,,,,,,,,,,,,,,,,,138,568,518,87,136,31,2,28,87,38,126,2,.263,.320,.492,.812,.293,,
2022,113,Cincinnati Reds,CIN,National League,National League Central,650960,Daniel Duarte,/api/v1/people/650960,41,1,Pitcher,Pitcher,P,A,Active,pitching,True,3,0,0,0,0,0,2.2,3,3,3,3,2,1,10.13,2.25,,,0.67,,,,,,,,,,,,,,,,,,,
2022,113,Cincinnati Reds,CIN,National League,National League Central,667498,Robert Dugger,/api/v1/people/667498,76,1,Pitcher,Pitcher,P,MIN,Minor League Contract,pitching,True,4,1,0,1,0,0,16.0,19,11,11,7,19,3,6.19,1.63,,,2.71,,,,,,,,,,,,,,,,,,,
2022,113,Cincinnati Reds,CIN,National League,National League Central,643290,Justin Dunn,/api/v1/people/643290,38,1,Pitcher,Pitcher,P,A,Active,pitching,True,7,7,1,3,0,0,31.0,32,21,21,17,21,11,6.10,1.58,,,1.24,,,,,,,,,,,,,,,,,,,
2022,113,Cincinnati Reds,CIN,National League,National League Central,642659,Raynel Espinal,/api/v1/people/642659,75,1,Pitcher,Pitcher,P,MIN,Minor League Contract,pitching,True,2,0,0,1,0,0,4.2,6,4,4,1,5,1,7.71,1.50,,,5.00,,,,,,,,,,,,,,,,,,,
2022,113,Cincinnati Reds,CIN,National League,National League Central,656413,Stuart Fairchild,/api/v1/people/656413,57,7,Outfielder,Outfielder,LF,A,Active,hitting,True,,,,,,,,,,,,,,,,,,,46,110,97,14,24,4,1,5,6,8,34,0,.247,.336,.464,.800,.328,,
2022,113,Cincinnati Reds,CIN,National League,National League Central,571656,Buck Farmer,/api/v1/people/571656,46,1,Pitcher,Pitcher,P,A,Active,pitching,True,44,0,2,2,2,5,47.0,36,21,20,25,54,2,3.83,1.30,,,2.16,,,,,,,,,,,,,,,,,,,
2022,113,Cincinnati Reds,CIN,National League,National League Central,571657,Kyle Farmer,/api/v1/people/571657,17,6,Shortstop,Infielder,SS,A,Active,hitting,True,,,,,,,,,,,,,,,,,,,145,583,526,58,134,25,1,14,78,33,99,4,.255,.315,.386,.701,.286,,
2022,113,Cincinnati Reds,CIN,National League,National League Central,608652,Luke Farrell,/api/v1/people/608652,32,1,Pitcher,Pitcher,P,MIN,Minor League Contract,pitching,True,6,2,0,0,0,0,15.0,18,10,9,7,14,3,5.40,1.67,,,2.00,,,,,,,,,,,,,,,,,,,
2022,113,Cincinnati Reds,CIN,National League,National League Central,641584,Jake Fraley,/api/v1/people/641584,27,7,Outfielder,Outfielder,LF,A,Active,hitting,True,,,,,,,,,,,,,,,,,,,68,247,216,33,56,9,0,12,28,26,54,4,.259,.344,.468,.812,.289,,
2022,113,Cincinnati Reds,CIN,National League,National League Central,605244,Aramis Garcia,/api/v1/people/605244,33,2,Catcher,Catcher,C,CL,Claimed,hitting,True,,,,,,,,,,,,,,,,,,,47,115,108,6,23,2,0,1,4,3,34,0,.213,.248,.259,.507,.301,,
2022,113,Cincinnati Reds,CIN,National League,National League Central,664139,Ian Gibaut,/api/v1/people/664139,79,1,Pitcher,Pitcher,P,A,Active,pitching,True,34,0,1,2,1,4,36.0,39,18,18,18,48,3,4.50,1.58,,,2.67,,,,,,,,,,,,,,,,,,,
2022,113,Cincinnati Reds,CIN,National League,National League Central,668881,Hunter Greene,/api/v1/people/668881,21,1,Pitcher,Pitcher,P,A,Active,pitching,True,24,24,5,13,0,0,125.2,104,64,62,48,164,24,4.44,1.21,,,3.42,,,,,,,,,,,,,,,,,,,
2022,113,Cincinnati Reds,CIN,National League,National League Central,661269,Vladimir Gutierrez,/api/v1/people/661269,53,1,Pitcher,Pitcher,P,D60,Injured 60-Day,pitching,True,10,8,1,6,0,0,36.2,46,31,31,24,29,8,7.61,1.91,,,1.21,,,,,,,,,,,,,,,,,,,
2022,113,Cincinnati Reds,CIN,National League,National League Central,641682,Ryan Hendrix,/api/v1/people/641682,68,1,Pitcher,Pitcher,P,MIN,Minor League Contract,pitching,True,9,0,0,0,0,0,8.1,9,5,5,6,9,0,5.40,1.80,,,1.50,,,,,,,,,,,,,,,,,,,
2022,113,Cincinnati Reds,CIN,National League,National League Central,656546,Jeff Hoffman,/api/v1/people/656546,23,1,Pitcher,Pitcher,P,D60,Injured 60-Day,pitching,True,35,1,2,0,0,1,44.2,40,22,19,23,45,5,3.83,1.41,,,1.96,,,,,,,,,,,,,,,,,,,
2022,113,Cincinnati Reds,CIN,National League,National League Central,663697,Jonathan India,/api/v1/people/663697,6,4,Second Base,Infielder,2B,A,Active,hitting,True,,,,,,,,,,,,,,,,,,,103,431,386,48,96,16,2,10,41,31,94,3,.249,.327,.378,.705,.305,,
2022,113,Cincinnati Reds,CIN,National League,National League Central,656627,Mark Kolozsvary,/api/v1/people/656627,47,2,Catcher,Catcher,C,CL,Claimed,hitting,True,,,,,,,,,,,,,,,,,,,10,21,20,3,4,2,0,1,3,1,9,0,.200,.238,.450,.688,.300,,
2022,113,Cincinnati Reds,CIN,National League,National League Central,669270,Joel Kuhnel,/api/v1/people/669270,66,1,Pitcher,Pitcher,P,A,Active,pitching,True,53,0,2,3,1,5,58.0,67,41,41,14,56,8,6.36,1.40,,,4.00,,,,,,,,,,,,,,,,,,,
2022,113,Cincinnati Reds,CIN,National League,National League Central,571882,Derek Law,/api/v1/people/571882,58,1,Pitcher,Pitcher,P,A,Active,pitching,True,17,0,2,3,0,3,19.2,23,13,9,8,17,3,4.12,1.58,,,2.13,,,,,,,,,,,,,,,,,,,
2022,113,Cincinnati Reds,CIN,National League,National League Central,666157,Nick Lodolo,/api/v1/people/666157,40,1,Pitcher,Pitcher,P,A,Active,pitching,True,19,19,4,7,0,0,103.1,90,44,42,39,131,13,3.66,1.25,,,3.36,,,,,,,,,,,,,,,,,,,
2022,113,Cincinnati Reds,CIN,National League,National League Central,664670,Alejo Lopez,/api/v1/people/664670,35,4,Second Base,Infielder,2B,A,Active,hitting,True,,,,,,,,,,,,,,,,,,,61,156,145,15,38,5,1,1,10,9,21,3,.262,.314,.331,.645,.301,,
2022,113,Cincinnati Reds,CIN,National League,National League Central,641816,Tyler Mahle,/api/v1/people/641816,30,1,Pitcher,Pitcher,P,TR,Traded,pitching,True,23,23,6,8,0,0,120.2,104,61,59,43,126,16,4.40,1.22,,,2.93,,,,,,,,,,,,,,,,,,,
2022,113,Cincinnati Reds,CIN,National League,National League Central,501985,Mike Minor,/api/v1/people/501985,31,1,Pitcher,Pitcher,P,A,Active,pitching,True,19,19,4,12,0,0,98.0,120,72,66,40,76,24,6.06,1.63,,,1.90,,,,,,,,,,,,,,,,,,,
2022,113,Cincinnati Reds,CIN,National League,National League Central,592567,Colin Moran,/api/v1/people/592567,16,3,First Base,Infielder,1B,RL,Released,hitting,True,,,,,,,,,,,,,,,,,,,42,128,109,11,23,3,0,5,23,16,30,0,.211,.305,.376,.681,.234,,
2022,113,Cincinnati Reds,CIN,National League,National League Central,664294,Dauri Moreta,/api/v1/people/664294,55,1,Pitcher,Pitcher,P,A,Active,pitching,True,35,1,0,2,1,1,38.1,32,24,23,13,39,10,5.40,1.17,,,3.00,,,,,,,,,,,,,,,,,,,
2022,113,Cincinnati Reds,CIN,National League,National League Central,600301,Taylor Motter,/api/v1/people/600301,94,5,Third Base,Infielder,3B,MIN,Minor League Contract,hitting,True,,,,,,,,,,,,,,,,,,,2,6,6,0,1,0,0,0,0,0,3,0,.167,.167,.167,.334,.333,,
2022,113,Cincinnati Reds,CIN,National League,National League Central,519058,Mike Moustakas,/api/v1/people/519058,9,10,Designated Hitter,Hitter,DH,D60,Injured 60-Day,hitting,True,,,,,,,,,,,,,,,,,,,78,285,252,30,54,12,0,7,25,24,75,2,.214,.295,.345,.640,.272,,
2022,113,Cincinnati Reds,CIN,National League,National League Central,571980,Tyler Naquin,/api/v1/people/571980,12,9,Outfielder,Outfielder,RF,TR,Traded,hitting,True,,,,,,,,,,,,,,,,,,,105,334,310,47,71,19,4,11,46,19,93,4,.229,.282,.423,.705,.291,,
2022,113,Cincinnati Reds,CIN,National League,National League Central,608360,Chris Okey,/api/v1/people/608360,72,2,Catcher,Catcher,C,MIN,Minor League Contract,hitting,True,,,,,,,,,,,,,,,,,,,7,13,12,3,2,0,0,0,0,0,5,0,.167,.231,.167,.398,.286,,
2022,113,Cincinnati Reds,CIN,National League,National League Central,656818,Connor Overton,/api/v1/people/656818,42,1,Pitcher,Pitcher,P,A,Active,pitching,True,6,4,1,0,0,0,33.0,21,10,10,11,14,1,2.73,0.97,,,1.27,,,,,,,,,,,,,,,,,,,
2022,113,Cincinnati Reds,CIN,National League,National League Central,657709,Michael Papierski,/api/v1/people/657709,26,2,Catcher,Catcher,C,CL,Claimed,hitting,True,,,,,,,,,,,,,,,,,,,39,103,91,7,13,1,0,1,4,10,26,0,.143,.228,.187,.415,.188,,
2022,113,Cincinnati Reds,CIN,National League,National League Central,502054,Tommy Pham,/api/v1/people/502054,28,7,Outfielder,Outfielder,LF,TR,Traded,hitting,True,,,,,,,,,,,,,,,,,,,144,622,554,89,131,23,1,17,63,56,167,8,.236,.312,.374,.686,.304,,
2022,113,Cincinnati Reds,CIN,National League,National League Central,608703,Matt Reynolds,/api/v1/people/608703,4,4,Second Base,Infielder,2B,A,Active,hitting,True,,,,,,,,,,,,,,,,,,,93,272,244,31,60,10,1,3,23,26,78,5,.246,.320,.332,.652,.348,,
2022,113,Cincinnati Reds,CIN,National League,National League Central,595375,JT Riddle,/api/v1/people/595375,57,6,Shortstop,Infielder,SS,TR,Traded,hitting,True,,,,,,,,,,,,,,,,,,,2,4,4,0,1,0,0,0,0,0,1,0,.250,.250,.250,.500,.333,,
2022,113,Cincinnati Reds,CIN,National League,National League Central,642020,Chuckie Robinson,/api/v1/people/642020,73,2,Catcher,Catcher,C,MIN,Minor League Contract,hitting,True,,,,,,,,,,,,,,,,,,,25,60,59,3,8,2,0,2,5,0,17,0,.136,.136,.271,.407,.150,,
2022,113,Cincinnati Reds,CIN,National League,National League Central,519222,Austin Romine,/api/v1/people/519222,28,2,Catcher,Catcher,C,A,Active,hitting,True,,,,,,,,,,,,,,,,,,,51,136,129,10,20,3,0,3,9,4,46,0,.155,.187,.248,.435,.213,,
2022,113,Cincinnati Reds,CIN,National League,National League Central,665665,Reiver Sanmartin,/api/v1/people/665665,52,1,Pitcher,Pitcher,P,A,Active,pitching,True,45,4,4,4,0,7,57.0,66,43,40,29,47,8,6.32,1.67,,,1.62,,,,,,,,,,,,,,,,,,,
2022,113,Cincinnati Reds,CIN,National League,National League Central,663574,Tony Santillan,/api/v1/people/663574,64,1,Pitcher,Pitcher,P,D60,Injured 60-Day,pitching,True,21,0,0,1,4,6,19.2,23,14,12,12,21,1,5.49,1.78,,,1.75,,,,,,,,,,,,,,,,,,,
2022,113,Cincinnati Reds,CIN,National League,National League Central,621011,Max Schrock,/api/v1/people/621011,32,9,Outfielder,Outfielder,RF,RL,Released,hitting,True,,,,,,,,,,,,,,,,,,,13,27,26,1,4,0,0,0,1,1,6,0,.154,.185,.154,.339,.200,,
2022,113,Cincinnati Reds,CIN,National League,National League Central,669222,Nick Senzel,/api/v1/people/669222,15,8,Outfielder,Outfielder,CF,D60,Injured 60-Day,hitting,True,,,,,,,,,,,,,,,,,,,110,420,373,45,86,13,0,5,25,30,76,8,.231,.296,.306,.602,.276,,
2022,113,Cincinnati Reds,CIN,National League,National League Central,672279,Michael Siani,/api/v1/people/672279,67,O,Outfield,Outfielder,OF,A,Active,hitting,True,,,,,,,,,,,,,,,,,,,9,24,24,1,4,0,0,0,0,0,7,0,.167,.167,.167,.334,.235,,
2022,113,Cincinnati Reds,CIN,National League,National League Central,608371,Lucas Sims,/api/v1/people/608371,39,1,Pitcher,Pitcher,P,D60,Injured 60-Day,pitching,True,6,0,1,0,1,0,6.2,5,7,7,6,5,0,9.45,1.65,,,0.83,,,,,,,,,,,,,,,,,,,
2022,113,Cincinnati Reds,CIN,National League,National League Central,456781,Donovan Solano,/api/v1/people/456781,7,10,Designated Hitter,Hitter,DH,A,Active,hitting,True,,,,,,,,,,,,,,,,,,,80,304,278,22,79,16,0,4,24,19,61,0,.284,.339,.385,.724,.349,,
2022,113,Cincinnati Reds,CIN,National League,National League Central,676660,Jared Solomon,/api/v1/people/676660,84,1,Pitcher,Pitcher,P,A,Active,pitching,True,9,0,0,0,0,0,8.1,8,10,10,5,9,3,10.80,1.56,,,1.80,,,,,,,,,,,,,,,,,,,
2022,113,Cincinnati Reds,CIN,National League,National League Central,668715,Spencer Steer,/api/v1/people/668715,12,3,First Base,Infielder,1B,A,Active,hitting,True,,,,,,,,,,,,,,,,,,,28,108,95,12,20,5,0,2,8,11,26,0,.211,.306,.326,.632,.269,,
2022,113,Cincinnati Reds,CIN,National League,National League Central,663886,Tyler Stephenson,/api/v1/people/663886,37,2,Catcher,Catcher,C,D60,Injured 60-Day,hitting,True,,,,,,,,,,,,,,,,,,,50,183,166,24,53,9,0,6,35,12,47,1,.319,.372,.482,.854,.409,,
2022,113,Cincinnati Reds,CIN,National League,National League Central,519326,Hunter Strickland,/api/v1/people/519326,54,1,Pitcher,Pitcher,P,A,Active,pitching,True,66,0,3,3,7,4,62.1,61,37,34,33,60,8,4.91,1.51,,,1.82,,,,,,,,,,,,,,,,,,,
2022,113,Cincinnati Reds,CIN,National League,National League Central,458015,Joey Votto,/api/v1/people/458015,19,3,First Base,Infielder,1B,D60,Injured 60-Day,hitting,True,,,,,,,,,,,,,,,,,,,91,376,322,31,66,18,1,11,41,44,97,0,.205,.319,.370,.689,.257,,
2022,113,Cincinnati Reds,CIN,National League,National League Central,605521,Art Warren,/api/v1/people/605521,77,1,Pitcher,Pitcher,P,D60,Injured 60-Day,pitching,True,39,0,2,3,3,4,36.0,37,29,26,22,40,6,6.50,1.64,,,1.82,,,,,,,,,,,,,,,,,,,
2022,113,Cincinnati Reds,CIN,National League,National League Central,458677,Justin Wilson,/api/v1/people/458677,34,1,Pitcher,Pitcher,P,D60,Injured 60-Day,pitching,True,5,0,0,1,0,0,3.2,3,1,1,0,7,0,2.45,0.82,,,-.--,,,,,,,,,,,,,,,,,,,
2022,113,Cincinnati Reds,CIN,National League,National League Central,643615,T.J. Zeuch,/api/v1/people/643615,67,1,Pitcher,Pitcher,P,RL,Released,pitching,True,3,3,0,3,0,0,10.2,24,18,18,7,5,5,15.19,2.91,,,0.71,,,,,,,,,,,,,,,,,,,
2022,114,Cleveland Guardians,CLE,American League,American League Central,663531,Logan Allen,/api/v1/people/663531,33,1,Pitcher,Pitcher,P,CL,Claimed,pitching,True,7,0,1,0,0,0,7.2,12,5,5,5,7,0,5.87,2.22,,,1.40,,,,,,,,,,,,,,,,,,,
2022,114,Cleveland Guardians,CLE,American League,American League Central,672356,Gabriel Arias,/api/v1/people/672356,8,5,Third Base,Infielder,3B,A,Active,hitting,True,,,,,,,,,,,,,,,,,,,16,57,47,9,9,1,1,1,5,8,16,1,.191,.321,.319,.640,.267,,
2022,114,Cleveland Guardians,CLE,American League,American League Central,666181,Will Benson,/api/v1/people/666181,29,8,Outfielder,Outfielder,CF,A,Active,hitting,True,,,,,,,,,,,,,,,,,,,28,61,55,8,10,1,0,0,3,3,19,0,.182,.250,.200,.450,.278,,
2022,114,Cleveland Guardians,CLE,American League,American League Central,669456,Shane Bieber,/api/v1/people/669456,57,1,Pitcher,Pitcher,P,A,Active,pitching,True,31,31,13,8,0,0,200.0,172,70,64,36,198,18,2.88,1.04,,,5.50,,,,,,,,,,,,,,,,,,,
2022,114,Cleveland Guardians,CLE,American League,American League Central,656252,Bobby Bradley,/api/v1/people/656252,44,3,First Base,Infielder,1B,MIN,Minor League Contract,hitting,True,,,,,,,,,,,,,,,,,,,8,17,17,1,2,0,0,0,0,0,9,0,.118,.118,.118,.236,.250,,
2022,114,Cleveland Guardians,CLE,American League,American League Central,686823,Will Brennan,/api/v1/people/686823,63,7,Outfielder,Outfielder,LF,A,Active,hitting,True,,,,,,,,,,,,,,,,,,,11,45,42,6,15,1,1,1,8,2,4,2,.357,.400,.500,.900,.378,,
2022,114,Cleveland Guardians,CLE,American League,American League Central,669743,Alex Call,/api/v1/people/669743,65,8,Outfielder,Outfielder,CF,CL,Claimed,hitting,True,,,,,,,,,,,,,,,,,,,47,131,114,18,27,3,1,5,13,15,30,3,.237,.336,.412,.748,.278,,
2022,114,Cleveland Guardians,CLE,American League,American League Central,621593,Anthony Castro,/api/v1/people/621593,58,1,Pitcher,Pitcher,P,CL,Claimed,pitching,True,12,0,0,0,0,0,13.1,19,15,11,10,12,5,7.43,2.18,,,1.20,,,,,,,,,,,,,,,,,,,
2022,114,Cleveland Guardians,CLE,American League,American League Central,644374,Yu Chang,/api/v1/people/644374,2,3,First Base,Infielder,1B,TR,Traded,hitting,True,,,,,,,,,,,,,,,,,,,69,190,168,19,35,6,0,4,15,16,59,0,.208,.289,.315,.604,.290,,
2022,114,Cleveland Guardians,CLE,American League,American League Central,650644,Aaron Civale,/api/v1/people/650644,43,1,Pitcher,Pitcher,P,A,Active,pitching,True,20,20,5,6,0,0,97.0,93,58,53,22,98,14,4.92,1.19,,,4.45,,,,,,,,,,,,,,,,,,,
2022,114,Cleveland Guardians,CLE,American League,American League Central,661403,Emmanuel Clase,/api/v1/people/661403,48,1,Pitcher,Pitcher,P,A,Active,pitching,True,77,0,3,4,42,0,72.2,43,18,11,10,77,3,1.36,0.73,,,7.70,,,,,,,,,,,,,,,,,,,
2022,114,Cleveland Guardians,CLE,American League,American League Central,676391,Ernie Clement,/api/v1/people/676391,28,5,Third Base,Infielder,3B,CL,Claimed,hitting,True,,,,,,,,,,,,,,,,,,,70,179,163,19,30,4,0,0,6,11,26,0,.184,.243,.209,.452,.217,,
2022,114,Cleveland Guardians,CLE,American League,American League Central,675540,Xzavion Curry,/api/v1/people/675540,71,1,Pitcher,Pitcher,P,A,Active,pitching,True,2,2,0,1,0,0,9.1,13,7,6,6,3,1,5.79,2.04,,,0.50,,,,,,,,,,,,,,,,,,,
2022,114,Cleveland Guardians,CLE,American League,American League Central,660853,Enyel De Los Santos,/api/v1/people/660853,62,1,Pitcher,Pitcher,P,A,Active,pitching,True,50,0,5,0,1,3,53.1,40,18,18,17,61,3,3.04,1.07,,,3.59,,,,,,,,,,,,,,,,,,,
2022,114,Cleveland Guardians,CLE,American League,American League Central,671289,Tyler Freeman,/api/v1/people/671289,2,5,Third Base,Infielder,3B,A,Active,hitting,True,,,,,,,,,,,,,,,,,,,24,86,77,9,19,3,0,0,3,4,11,1,.247,.314,.286,.600,.284,,
2022,114,Cleveland Guardians,CLE,American League,American League Central,683769,Hunter Gaddis,/api/v1/people/683769,70,1,Pitcher,Pitcher,P,A,Active,pitching,True,2,2,0,2,0,0,7.1,15,15,15,3,5,7,18.41,2.45,,,1.67,,,,,,,,,,,,,,,,,,,
2022,114,Cleveland Guardians,CLE,American League,American League Central,664139,Ian Gibaut,/api/v1/people/664139,50,1,Pitcher,Pitcher,P,CL,Claimed,pitching,True,34,0,1,2,1,4,36.0,39,18,18,18,48,3,4.50,1.58,,,2.67,,,,,,,,,,,,,,,,,,,
2022,114,Cleveland Guardians,CLE,American League,American League Central,665926,Andrés Giménez,/api/v1/people/665926,0,4,Second Base,Infielder,2B,A,Active,hitting,True,,,,,,,,,,,,,,,,,,,146,557,491,66,146,26,3,17,69,34,112,20,.297,.371,.466,.837,.353,,
2022,114,Cleveland Guardians,CLE,American League,American League Central,660757,Oscar Gonzalez,/api/v1/people/660757,39,9,Outfielder,Outfielder,RF,A,Active,hitting,True,,,,,,,,,,,,,,,,,,,91,382,362,39,107,27,0,11,43,15,75,1,.296,.327,.461,.788,.345,,
2022,114,Cleveland Guardians,CLE,American League,American League Central,543238,Anthony Gose,/api/v1/people/543238,26,1,Pitcher,Pitcher,P,D60,Injured 60-Day,pitching,True,22,0,3,0,0,0,21.0,15,13,11,14,28,4,4.71,1.38,,,2.00,,,,,,,,,,,,,,,,,,,
2022,114,Cleveland Guardians,CLE,American League,American League Central,595978,Austin Hedges,/api/v1/people/595978,17,2,Catcher,Catcher,C,A,Active,hitting,True,,,,,,,,,,,,,,,,,,,105,338,294,26,48,4,0,7,30,25,78,2,.163,.241,.248,.489,.193,,
2022,114,Cleveland Guardians,CLE,American League,American League Central,656529,Sam Hentges,/api/v1/people/656529,31,1,Pitcher,Pitcher,P,A,Active,pitching,True,57,0,3,2,1,8,62.0,41,17,16,19,72,3,2.32,0.97,,,3.79,,,,,,,,,,,,,,,,,,,
2022,114,Cleveland Guardians,CLE,American League,American League Central,666134,Nolan Jones,/api/v1/people/666134,33,5,Third Base,Infielder,3B,A,Active,hitting,True,,,,,,,,,,,,,,,,,,,28,94,86,10,21,5,0,2,13,8,31,0,.244,.309,.372,.681,.358,,
2022,114,Cleveland Guardians,CLE,American League,American League Central,675916,James Karinchak,/api/v1/people/675916,99,1,Pitcher,Pitcher,P,A,Active,pitching,True,38,0,2,0,3,8,39.0,22,9,9,21,62,2,2.08,1.10,,,2.95,,,,,,,,,,,,,,,,,,,
2022,114,Cleveland Guardians,CLE,American League,American League Central,680757,Steven Kwan,/api/v1/people/680757,38,7,Outfielder,Outfielder,LF,A,Active,hitting,True,,,,,,,,,,,,,,,,,,,147,638,563,89,168,25,7,6,52,62,60,19,.298,.373,.400,.773,.323,,
2022,114,Cleveland Guardians,CLE,American League,American League Central,681526,Bryan Lavastida,/api/v1/people/681526,10,2,Catcher,Catcher,C,A,Active,hitting,True,,,,,,,,,,,,,,,,,,,6,15,12,0,1,0,0,0,0,3,4,0,.083,.267,.083,.350,.125,,
2022,114,Cleveland Guardians,CLE,American League,American League Central,506702,Sandy León,/api/v1/people/506702,4,2,Catcher,Catcher,C,TR,Traded,hitting,True,,,,,,,,,,,,,,,,,,,34,86,71,6,12,3,0,0,4,13,27,0,.169,.298,.211,.509,.273,,
2022,114,Cleveland Guardians,CLE,American League,American League Central,571912,Luke Maile,/api/v1/people/571912,12,2,Catcher,Catcher,C,A,Active,hitting,True,,,,,,,,,,,,,,,,,,,76,206,181,19,40,10,0,3,17,19,54,0,.221,.301,.326,.627,.291,,
2022,114,Cleveland Guardians,CLE,American League,American League Central,668948,Kirk McCarty,/api/v1/people/668948,59,1,Pitcher,Pitcher,P,A,Active,pitching,True,13,2,4,3,0,0,37.2,37,23,19,13,26,11,4.54,1.33,,,2.00,,,,,,,,,,,,,,,,,,,
2022,114,Cleveland Guardians,CLE,American League,American League Central,663474,Triston McKenzie,/api/v1/people/663474,24,1,Pitcher,Pitcher,P,A,Active,pitching,True,31,30,11,11,0,0,191.1,138,65,63,44,190,25,2.96,0.95,,,4.32,,,,,,,,,,,,,,,,,,,
2022,114,Cleveland Guardians,CLE,American League,American League Central,640458,Óscar Mercado,/api/v1/people/640458,35,9,Outfielder,Outfielder,RF,MIN,Minor League Contract,hitting,True,,,,,,,,,,,,,,,,,,,55,128,121,17,25,6,1,4,16,5,29,2,.207,.242,.372,.614,.236,,
2022,114,Cleveland Guardians,CLE,American League,American League Central,680911,Owen Miller,/api/v1/people/680911,6,3,First Base,Infielder,1B,A,Active,hitting,True,,,,,,,,,,,,,,,,,,,130,472,424,53,103,26,1,6,51,32,93,2,.243,.301,.351,.652,.290,,
2022,114,Cleveland Guardians,CLE,American League,American League Central,669212,Eli Morgan,/api/v1/people/669212,49,1,Pitcher,Pitcher,P,A,Active,pitching,True,50,1,5,3,0,10,66.2,46,29,25,13,72,10,3.38,0.89,,,5.54,,,,,,,,,,,,,,,,,,,
2022,114,Cleveland Guardians,CLE,American League,American League Central,663752,Cody Morris,/api/v1/people/663752,36,1,Pitcher,Pitcher,P,A,Active,pitching,True,7,5,1,2,0,1,23.2,21,8,6,12,23,3,2.28,1.39,,,1.92,,,,,,,,,,,,,,,,,,,
2022,114,Cleveland Guardians,CLE,American League,American League Central,666310,Bo Naylor,/api/v1/people/666310,44,2,Catcher,Catcher,C,A,Active,hitting,True,,,,,,,,,,,,,,,,,,,5,8,8,0,0,0,0,0,0,0,5,0,.000,.000,.000,.000,.000,,
2022,114,Cleveland Guardians,CLE,American League,American League Central,647304,Josh Naylor,/api/v1/people/647304,22,3,First Base,Infielder,1B,A,Active,hitting,True,,,,,,,,,,,,,,,,,,,122,498,449,47,115,28,0,20,79,38,80,6,.256,.319,.452,.771,.268,,
2022,114,Cleveland Guardians,CLE,American League,American League Central,680700,Richie Palacios,/api/v1/people/680700,9,7,Outfielder,Outfielder,LF,A,Active,hitting,True,,,,,,,,,,,,,,,,,,,54,123,112,7,26,6,0,0,10,9,20,2,.232,.293,.286,.579,.280,,
2022,114,Cleveland Guardians,CLE,American League,American League Central,663455,Konnor Pilkington,/api/v1/people/663455,45,1,Pitcher,Pitcher,P,A,Active,pitching,True,15,11,1,2,0,0,58.0,53,30,25,32,50,6,3.88,1.47,,,1.56,,,,,,,,,,,,,,,,,,,
2022,114,Cleveland Guardians,CLE,American League,American League Central,668676,Zach Plesac,/api/v1/people/668676,34,1,Pitcher,Pitcher,P,A,Active,pitching,True,25,24,3,12,0,0,131.2,136,74,63,38,100,19,4.31,1.32,,,2.63,,,,,,,,,,,,,,,,,,,
2022,114,Cleveland Guardians,CLE,American League,American League Central,615698,Cal Quantrill,/api/v1/people/615698,47,1,Pitcher,Pitcher,P,A,Active,pitching,True,32,32,15,5,0,0,186.1,178,78,70,47,128,21,3.38,1.21,,,2.72,,,,,,,,,,,,,,,,,,,
2022,114,Cleveland Guardians,CLE,American League,American League Central,608070,José Ramírez,/api/v1/people/608070,11,5,Third Base,Infielder,3B,A,Active,hitting,True,,,,,,,,,,,,,,,,,,,157,685,601,90,168,44,5,29,126,69,82,20,.280,.355,.514,.869,.279,,
2022,114,Cleveland Guardians,CLE,American League,American League Central,670990,Yohan Ramírez,/api/v1/people/670990,54,1,Pitcher,Pitcher,P,TR,Traded,pitching,True,30,0,4,1,1,3,37.1,32,19,19,20,32,4,4.58,1.39,,,1.60,,,,,,,,,,,,,,,,,,,
2022,114,Cleveland Guardians,CLE,American League,American League Central,614177,Franmil Reyes,/api/v1/people/614177,32,9,Outfielder,Outfielder,RF,CL,Claimed,hitting,True,,,,,,,,,,,,,,,,,,,118,473,438,43,97,17,2,14,47,30,157,2,.221,.273,.365,.638,.307,,
2022,114,Cleveland Guardians,CLE,American League,American League Central,642708,Amed Rosario,/api/v1/people/642708,1,6,Shortstop,Infielder,SS,A,Active,hitting,True,,,,,,,,,,,,,,,,,,,153,670,637,86,180,26,9,11,71,25,111,18,.283,.312,.403,.715,.326,,
2022,114,Cleveland Guardians,CLE,American League,American League Central,680704,Nick Sandlin,/api/v1/people/680704,52,1,Pitcher,Pitcher,P,A,Active,pitching,True,46,0,5,2,0,7,44.0,27,13,11,24,41,2,2.25,1.16,,,1.71,,,,,,,,,,,,,,,,,,,
2022,114,Cleveland Guardians,CLE,American League,American League Central,543766,Bryan Shaw,/api/v1/people/543766,27,1,Pitcher,Pitcher,P,MIN,Minor League Contract,pitching,True,60,2,6,2,1,5,58.1,58,38,35,26,52,9,5.40,1.44,,,2.00,,,,,,,,,,,,,,,,,,,
2022,114,Cleveland Guardians,CLE,American League,American League Central,663986,Trevor Stephan,/api/v1/people/663986,37,1,Pitcher,Pitcher,P,A,Active,pitching,True,66,0,6,5,3,19,63.2,57,24,19,18,82,3,2.69,1.18,,,4.56,,,,,,,,,,,,,,,,,,,
2022,114,Cleveland Guardians,CLE,American League,American League Central,664702,Myles Straw,/api/v1/people/664702,7,8,Outfielder,Outfielder,CF,A,Active,hitting,True,,,,,,,,,,,,,,,,,,,152,596,535,72,118,22,3,0,32,54,87,21,.221,.291,.273,.564,.261,,
2022,114,Cleveland Guardians,CLE,American League,American League Central,668684,Tanner Tully,/api/v1/people/668684,56,1,Pitcher,Pitcher,P,MIN,Minor League Contract,pitching,True,3,0,0,0,0,0,6.0,8,4,4,6,2,1,6.00,2.33,,,0.33,,,,,,,,,,,,,,,,,,,
2022,114,Cleveland Guardians,CLE,American League,American League Central,622065,Alex Young,/api/v1/people/622065,46,1,Pitcher,Pitcher,P,TR,Traded,pitching,True,25,1,1,1,0,5,26.2,29,11,7,11,21,0,2.36,1.50,,,1.91,,,,,,,,,,,,,,,,,,,
2022,115,Colorado Rockies,COL,National League,National League West,453268,Daniel Bard,/api/v1/people/453268,52,1,Pitcher,Pitcher,P,A,Active,pitching,True,57,0,6,4,34,0,60.1,35,15,12,25,69,3,1.79,0.99,,,2.76,,,,,,,,,,,,,,,,,,,
2022,115,Colorado Rockies,COL,National League,National League West,592144,Wynton Bernard,/api/v1/people/592144,36,O,Outfield,Outfielder,OF,A,Active,hitting,True,,,,,,,,,,,,,,,,,,,12,42,42,9,12,1,0,0,3,0,8,3,.286,.286,.310,.596,.353,,
2022,115,Colorado Rockies,COL,National League,National League West,656234,Jake Bird,/api/v1/people/656234,59,1,Pitcher,Pitcher,P,A,Active,pitching,True,38,0,2,4,0,5,47.2,45,29,26,23,42,7,4.91,1.43,,,1.83,,,,,,,,,,,,,,,,,,,
2022,115,Colorado Rockies,COL,National League,National League West,621389,Ty Blach,/api/v1/people/621389,50,1,Pitcher,Pitcher,P,A,Active,pitching,True,24,1,1,0,1,0,44.1,51,29,29,11,29,4,5.89,1.40,,,2.64,,,,,,,,,,,,,,,,,,,
2022,115,Colorado Rockies,COL,National League,National League West,453568,Charlie Blackmon,/api/v1/people/453568,19,10,Designated Hitter,Hitter,DH,A,Active,hitting,True,,,,,,,,,,,,,,,,,,,135,577,530,60,140,22,6,16,78,32,109,4,.264,.314,.419,.733,.304,,
2022,115,Colorado Rockies,COL,National League,National League West,656248,Sean Bouchard,/api/v1/people/656248,12,7,Outfielder,Outfielder,LF,A,Active,hitting,True,,,,,,,,,,,,,,,,,,,27,97,74,9,22,6,0,3,11,21,25,0,.297,.454,.500,.954,.404,,
2022,115,Colorado Rockies,COL,National League,National League West,592178,Kris Bryant,/api/v1/people/592178,23,9,Outfielder,Outfielder,RF,A,Active,hitting,True,,,,,,,,,,,,,,,,,,,42,181,160,28,49,12,0,5,14,17,27,0,.306,.376,.475,.851,.338,,
2022,115,Colorado Rockies,COL,National League,National League West,468504,Jhoulys Chacín,/api/v1/people/468504,43,1,Pitcher,Pitcher,P,RL,Released,pitching,True,35,0,4,2,0,2,47.1,55,44,40,21,37,7,7.61,1.61,,,1.76,,,,,,,,,,,,,,,,,,,
2022,115,Colorado Rockies,COL,National League,National League West,517008,Alex Colomé,/api/v1/people/517008,37,1,Pitcher,Pitcher,P,A,Active,pitching,True,53,0,2,7,4,7,47.0,57,36,30,22,32,5,5.74,1.68,,,1.45,,,,,,,,,,,,,,,,,,,
2022,115,Colorado Rockies,COL,National League,National League West,543068,C.J. Cron,/api/v1/people/543068,25,3,First Base,Infielder,1B,A,Active,hitting,True,,,,,,,,,,,,,,,,,,,150,632,575,79,148,28,3,29,102,43,164,0,.257,.315,.468,.783,.307,,
2022,115,Colorado Rockies,COL,National League,National League West,663562,Noah Davis,/api/v1/people/663562,63,1,Pitcher,Pitcher,P,A,Active,pitching,True,1,0,0,0,0,0,1.0,3,2,2,1,2,1,18.00,4.00,,,2.00,,,,,,,,,,,,,,,,,,,
2022,115,Colorado Rockies,COL,National League,National League West,602074,Yonathan Daza,/api/v1/people/602074,2,8,Outfielder,Outfielder,CF,A,Active,hitting,True,,,,,,,,,,,,,,,,,,,113,408,372,56,112,21,2,2,34,26,58,0,.301,.349,.384,.733,.347,,
2022,115,Colorado Rockies,COL,National League,National League West,553869,Elias Díaz,/api/v1/people/553869,35,2,Catcher,Catcher,C,A,Active,hitting,True,,,,,,,,,,,,,,,,,,,105,381,351,29,80,18,2,9,51,25,82,0,.228,.281,.368,.649,.270,,
2022,115,Colorado Rockies,COL,National League,National League West,608032,Carlos Estévez,/api/v1/people/608032,54,1,Pitcher,Pitcher,P,A,Active,pitching,True,62,0,4,4,2,13,57.0,44,27,22,23,54,7,3.47,1.18,,,2.35,,,,,,,,,,,,,,,,,,,
2022,115,Colorado Rockies,COL,National League,National League West,663372,Ryan Feltner,/api/v1/people/663372,18,1,Pitcher,Pitcher,P,A,Active,pitching,True,20,19,4,9,0,0,97.1,102,65,63,35,84,16,5.83,1.41,,,2.40,,,,,,,,,,,,,,,,,,,
2022,115,Colorado Rockies,COL,National League,National League West,607536,Kyle Freeland,/api/v1/people/607536,21,1,Pitcher,Pitcher,P,A,Active,pitching,True,31,31,9,11,0,0,174.2,193,96,88,53,131,19,4.53,1.41,,,2.47,,,,,,,,,,,,,,,,,,,
2022,115,Colorado Rockies,COL,National League,National League West,656458,Lucas Gilbreath,/api/v1/people/656458,58,1,Pitcher,Pitcher,P,A,Active,pitching,True,47,0,2,0,0,12,43.0,37,22,20,26,49,2,4.19,1.47,,,1.88,,,,,,,,,,,,,,,,,,,
2022,115,Colorado Rockies,COL,National League,National League West,596295,Austin Gomber,/api/v1/people/596295,26,1,Pitcher,Pitcher,P,A,Active,pitching,True,33,17,5,7,0,0,124.2,137,80,77,34,95,20,5.56,1.37,,,2.79,,,,,,,,,,,,,,,,,,,
2022,115,Colorado Rockies,COL,National League,National League West,623485,Ashton Goudeau,/api/v1/people/623485,60,1,Pitcher,Pitcher,P,MIN,Minor League Contract,pitching,True,12,0,1,0,1,0,20.1,25,18,16,10,16,3,7.08,1.72,,,1.60,,,,,,,,,,,,,,,,,,,
2022,115,Colorado Rockies,COL,National League,National League West,545341,Randal Grichuk,/api/v1/people/545341,15,9,Outfielder,Outfielder,RF,D10,Injured 10-Day,hitting,True,,,,,,,,,,,,,,,,,,,141,538,506,60,131,21,3,19,73,24,127,4,.259,.299,.425,.724,.309,,
2022,115,Colorado Rockies,COL,National League,National League West,641658,Garrett Hampson,/api/v1/people/641658,1,6,Shortstop,Infielder,SS,A,Active,hitting,True,,,,,,,,,,,,,,,,,,,90,226,199,29,42,7,3,2,15,21,63,12,.211,.287,.307,.594,.294,,
2022,115,Colorado Rockies,COL,National League,National League West,656541,Sam Hilliard,/api/v1/people/656541,22,8,Outfielder,Outfielder,CF,TR,Traded,hitting,True,,,,,,,,,,,,,,,,,,,70,200,174,26,32,6,1,2,14,23,57,5,.184,.280,.264,.544,.256,,
2022,115,Colorado Rockies,COL,National League,National League West,668970,Gavin Hollowell,/api/v1/people/668970,64,1,Pitcher,Pitcher,P,A,Active,pitching,True,6,0,0,2,0,0,7.0,7,7,6,4,8,1,7.71,1.57,,,2.00,,,,,,,,,,,,,,,,,,,
2022,115,Colorado Rockies,COL,National League,National League West,578428,Jose Iglesias,/api/v1/people/578428,11,6,Shortstop,Infielder,SS,A,Active,hitting,True,,,,,,,,,,,,,,,,,,,118,467,439,48,128,30,0,3,47,17,56,2,.292,.328,.380,.708,.326,,
2022,115,Colorado Rockies,COL,National League,National League West,656582,Connor Joe,/api/v1/people/656582,9,7,Outfielder,Outfielder,LF,A,Active,hitting,True,,,,,,,,,,,,,,,,,,,111,467,404,56,96,20,4,7,28,55,97,6,.238,.338,.359,.697,.296,,
2022,115,Colorado Rockies,COL,National League,National League West,641755,Tyler Kinley,/api/v1/people/641755,40,1,Pitcher,Pitcher,P,D60,Injured 60-Day,pitching,True,25,0,1,1,0,10,24.0,21,5,2,6,27,0,0.75,1.13,,,4.50,,,,,,,,,,,,,,,,,,,
2022,115,Colorado Rockies,COL,National League,National League West,641771,Chad Kuhl,/api/v1/people/641771,41,1,Pitcher,Pitcher,P,A,Active,pitching,True,27,27,6,11,0,0,137.0,155,91,87,58,110,25,5.72,1.55,,,1.90,,,,,,,,,,,,,,,,,,,
2022,115,Colorado Rockies,COL,National League,National League West,659275,Dinelson Lamet,/api/v1/people/659275,32,1,Pitcher,Pitcher,P,A,Active,pitching,True,32,0,1,2,0,4,32.1,30,23,22,19,45,4,6.12,1.52,,,2.37,,,,,,,,,,,,,,,,,,,
2022,115,Colorado Rockies,COL,National League,National League West,664875,Justin Lawrence,/api/v1/people/664875,61,1,Pitcher,Pitcher,P,A,Active,pitching,True,38,0,3,1,1,7,42.2,44,27,27,22,48,3,5.70,1.55,,,2.18,,,,,,,,,,,,,,,,,,,
2022,115,Colorado Rockies,COL,National League,National League West,608566,Germán Márquez,/api/v1/people/608566,48,1,Pitcher,Pitcher,P,A,Active,pitching,True,31,31,9,13,0,0,181.2,185,109,100,63,150,30,4.95,1.37,,,2.38,,,,,,,,,,,,,,,,,,,
2022,115,Colorado Rockies,COL,National League,National League West,641857,Ryan McMahon,/api/v1/people/641857,24,5,Third Base,Infielder,3B,A,Active,hitting,True,,,,,,,,,,,,,,,,,,,153,597,529,67,130,23,3,20,67,60,158,7,.246,.327,.414,.741,.311,,
2022,115,Colorado Rockies,COL,National League,National League West,660707,Elehuris Montero,/api/v1/people/660707,44,5,Third Base,Infielder,3B,A,Active,hitting,True,,,,,,,,,,,,,,,,,,,53,185,176,21,41,15,1,6,20,8,60,0,.233,.270,.432,.702,.318,,
2022,115,Colorado Rockies,COL,National League,National League West,624513,Dom Nuñez,/api/v1/people/624513,3,2,Catcher,Catcher,C,A,Active,hitting,True,,,,,,,,,,,,,,,,,,,14,41,33,3,4,1,0,0,2,6,10,0,.121,.244,.152,.396,.160,,
2022,115,Colorado Rockies,COL,National League,National League West,663898,Brendan Rodgers,/api/v1/people/663898,7,4,Second Base,Infielder,2B,A,Active,hitting,True,,,,,,,,,,,,,,,,,,,137,581,527,72,140,30,3,13,63,46,101,0,.266,.325,.408,.733,.304,,
2022,115,Colorado Rockies,COL,National League,National League West,622608,Antonio Senzatela,/api/v1/people/622608,49,1,Pitcher,Pitcher,P,A,Active,pitching,True,19,19,3,7,0,0,92.1,133,56,52,23,54,9,5.07,1.69,,,2.35,,,,,,,,,,,,,,,,,,,
2022,115,Colorado Rockies,COL,National League,National League West,661531,Brian Serven,/api/v1/people/661531,6,2,Catcher,Catcher,C,A,Active,hitting,True,,,,,,,,,,,,,,,,,,,62,205,187,19,38,4,1,6,16,13,44,0,.203,.261,.332,.593,.232,,
2022,115,Colorado Rockies,COL,National League,National League West,642068,Jordan Sheffield,/api/v1/people/642068,34,1,Pitcher,Pitcher,P,MIN,Minor League Contract,pitching,True,2,0,0,0,0,0,2.0,2,0,0,2,1,0,0.00,2.00,,,0.50,,,,,,,,,,,,,,,,,,,
2022,115,Colorado Rockies,COL,National League,National League West,663385,Chad Smith,/api/v1/people/663385,56,1,Pitcher,Pitcher,P,A,Active,pitching,True,15,0,0,1,0,0,18.0,16,15,15,15,23,2,7.50,1.72,,,1.53,,,,,,,,,,,,,,,,,,,
2022,115,Colorado Rockies,COL,National League,National League West,596112,Robert Stephenson,/api/v1/people/596112,29,1,Pitcher,Pitcher,P,CL,Claimed,pitching,True,58,0,2,2,0,8,58.0,63,39,35,14,55,10,5.43,1.33,,,3.93,,,,,,,,,,,,,,,,,,,
2022,115,Colorado Rockies,COL,National League,National League West,669911,Michael Toglia,/api/v1/people/669911,29,9,Outfielder,Outfielder,RF,A,Active,hitting,True,,,,,,,,,,,,,,,,,,,31,120,111,10,24,8,2,2,12,9,44,1,.216,.275,.378,.653,.338,,
2022,115,Colorado Rockies,COL,National League,National League West,678662,Ezequiel Tovar,/api/v1/people/678662,14,6,Shortstop,Infielder,SS,A,Active,hitting,True,,,,,,,,,,,,,,,,,,,9,35,33,2,7,1,0,1,2,2,9,0,.212,.257,.333,.590,.261,,
2022,115,Colorado Rockies,COL,National League,National League West,676701,Alan Trejo,/api/v1/people/676701,13,4,Second Base,Infielder,2B,A,Active,hitting,True,,,,,,,,,,,,,,,,,,,35,125,118,15,32,6,0,4,17,5,31,1,.271,.312,.424,.736,.337,,
2022,115,Colorado Rockies,COL,National League,National League West,570632,José Ureña,/api/v1/people/570632,51,1,Pitcher,Pitcher,P,A,Active,pitching,True,21,17,3,8,0,0,97.0,109,62,54,43,63,11,5.01,1.57,,,1.47,,,,,,,,,,,,,,,,,,,
2022,116,Detroit Tigers,DET,American League,American League Central,641302,Tyler Alexander,/api/v1/people/641302,70,1,Pitcher,Pitcher,P,A,Active,pitching,True,27,17,4,11,0,1,101.0,108,58,54,25,61,18,4.81,1.32,,,2.44,,,,,,,,,,,,,,,,,,,
2022,116,Detroit Tigers,DET,American League,American League Central,668731,Akil Baddoo,/api/v1/people/668731,60,7,Outfielder,Outfielder,LF,A,Active,hitting,True,,,,,,,,,,,,,,,,,,,73,225,201,30,41,3,2,2,9,24,64,9,.204,.289,.269,.558,.289,,
2022,116,Detroit Tigers,DET,American League,American League Central,595879,Javier Báez,/api/v1/people/595879,28,6,Shortstop,Infielder,SS,A,Active,hitting,True,,,,,,,,,,,,,,,,,,,144,590,555,64,132,27,4,17,67,26,147,9,.238,.278,.393,.671,.292,,
2022,116,Detroit Tigers,DET,American League,American League Central,606930,Jacob Barnes,/api/v1/people/606930,,1,Pitcher,Pitcher,P,MIN,Minor League Contract,pitching,True,23,0,3,1,0,2,22.1,23,14,14,9,12,3,5.64,1.43,,,1.33,,,,,,,,,,,,,,,,,,,
2022,116,Detroit Tigers,DET,American League,American League Central,571466,Tucker Barnhart,/api/v1/people/571466,15,2,Catcher,Catcher,C,A,Active,hitting,True,,,,,,,,,,,,,,,,,,,94,308,281,16,62,10,0,1,16,25,74,0,.221,.287,.267,.554,.296,,
2022,116,Detroit Tigers,DET,American League,American League Central,689225,Beau Brieske,/api/v1/people/689225,63,1,Pitcher,Pitcher,P,D60,Injured 60-Day,pitching,True,15,15,3,6,0,0,81.2,73,39,38,25,54,14,4.19,1.20,,,2.16,,,,,,,,,,,,,,,,,,,
2022,116,Detroit Tigers,DET,American League,American League Central,408234,Miguel Cabrera,/api/v1/people/408234,24,10,Designated Hitter,Hitter,DH,A,Active,hitting,True,,,,,,,,,,,,,,,,,,,112,433,397,25,101,10,0,5,43,28,101,1,.254,.305,.317,.622,.324,,
2022,116,Detroit Tigers,DET,American League,American League Central,663662,Daz Cameron,/api/v1/people/663662,41,9,Outfielder,Outfielder,RF,A,Active,hitting,True,,,,,,,,,,,,,,,,,,,21,70,64,6,14,3,1,1,8,5,20,2,.219,.286,.344,.630,.302,,
2022,116,Detroit Tigers,DET,American League,American League Central,600869,Jeimer Candelario,/api/v1/people/600869,46,5,Third Base,Infielder,3B,A,Active,hitting,True,,,,,,,,,,,,,,,,,,,124,467,429,49,93,19,2,13,50,28,109,0,.217,.272,.361,.633,.257,,
2022,116,Detroit Tigers,DET,American League,American League Central,656290,Drew Carlton,/api/v1/people/656290,66,1,Pitcher,Pitcher,P,MIN,Minor League Contract,pitching,True,5,0,0,0,0,0,8.2,4,4,2,0,7,1,2.08,0.46,,,-.--,,,,,,,,,,,,,,,,,,,
2022,116,Detroit Tigers,DET,American League,American League Central,681481,Kerry Carpenter,/api/v1/people/681481,30,9,Outfielder,Outfielder,RF,A,Active,hitting,True,,,,,,,,,,,,,,,,,,,31,113,103,16,26,4,1,6,10,6,32,0,.252,.310,.485,.795,.303,,
2022,116,Detroit Tigers,DET,American League,American League Central,622379,Luis F. Castillo,/api/v1/people/622379,54,1,Pitcher,Pitcher,P,A,Active,pitching,True,3,0,0,0,0,0,3.2,2,0,0,0,4,0,0.00,0.55,,,-.--,,,,,,,,,,,,,,,,,,,
2022,116,Detroit Tigers,DET,American League,American League Central,605612,Harold Castro,/api/v1/people/605612,30,3,First Base,Infielder,1B,A,Active,hitting,True,,,,,,,,,,,,,,,,,,,120,443,420,37,114,21,2,7,47,17,79,0,.271,.300,.381,.681,.318,,
2022,116,Detroit Tigers,DET,American League,American League Central,650489,Willi Castro,/api/v1/people/650489,9,9,Outfielder,Outfielder,RF,A,Active,hitting,True,,,,,,,,,,,,,,,,,,,112,392,365,47,88,18,2,8,31,15,82,9,.241,.284,.367,.651,.288,,
2022,116,Detroit Tigers,DET,American League,American League Central,605177,Andrew Chafin,/api/v1/people/605177,37,1,Pitcher,Pitcher,P,A,Active,pitching,True,64,0,2,3,3,19,57.1,48,26,18,19,67,5,2.83,1.17,,,3.53,,,,,,,,,,,,,,,,,,,
2022,116,Detroit Tigers,DET,American League,American League Central,542585,José Cisnero,/api/v1/people/542585,67,1,Pitcher,Pitcher,P,A,Active,pitching,True,28,0,1,0,0,5,25.0,15,4,3,19,23,0,1.08,1.36,,,1.21,,,,,,,,,,,,,,,,,,,
2022,116,Detroit Tigers,DET,American League,American League Central,665019,Kody Clemens,/api/v1/people/665019,21,3,First Base,Infielder,1B,A,Active,hitting,True,,,,,,,,,,,,,,,,,,,57,127,117,13,17,4,0,5,17,8,33,1,.145,.197,.308,.505,.148,,
2022,116,Detroit Tigers,DET,American League,American League Central,663478,Brendon Davis,/api/v1/people/663478,74,5,Third Base,Infielder,3B,A,Active,hitting,True,,,,,,,,,,,,,,,,,,,3,11,10,2,2,0,0,0,0,1,3,1,.200,.273,.200,.473,.286,,
2022,116,Detroit Tigers,DET,American League,American League Central,669804,Angel De Jesus,/api/v1/people/669804,62,1,Pitcher,Pitcher,P,A,Active,pitching,True,8,0,0,0,0,0,12.2,9,3,3,4,7,2,2.13,1.03,,,1.75,,,,,,,,,,,,,,,,,,,
2022,116,Detroit Tigers,DET,American League,American League Central,622766,Miguel Díaz,/api/v1/people/622766,38,1,Pitcher,Pitcher,P,A,Active,pitching,True,3,0,0,0,0,0,3.2,1,1,1,2,3,0,2.45,0.82,,,1.50,,,,,,,,,,,,,,,,,,,
2022,116,Detroit Tigers,DET,American League,American League Central,656412,Alex Faedo,/api/v1/people/656412,49,1,Pitcher,Pitcher,P,A,Active,pitching,True,12,12,1,5,0,0,53.2,63,34,33,25,44,7,5.53,1.64,,,1.76,,,,,,,,,,,,,,,,,,,
2022,116,Detroit Tigers,DET,American League,American League Central,671345,Jason Foley,/api/v1/people/671345,68,1,Pitcher,Pitcher,P,A,Active,pitching,True,60,0,1,0,0,6,60.1,72,27,26,11,43,2,3.88,1.38,,,3.91,,,,,,,,,,,,,,,,,,,
2022,116,Detroit Tigers,DET,American League,American League Central,605242,Michael Fulmer,/api/v1/people/605242,32,1,Pitcher,Pitcher,P,TR,Traded,pitching,True,67,0,5,6,3,25,63.2,59,27,24,28,61,4,3.39,1.37,,,2.18,,,,,,,,,,,,,,,,,,,
2022,116,Detroit Tigers,DET,American League,American League Central,650530,Bryan Garcia,/api/v1/people/650530,33,1,Pitcher,Pitcher,P,A,Active,pitching,True,4,4,2,0,0,0,20.1,14,8,8,10,17,3,3.54,1.18,,,1.70,,,,,,,,,,,,,,,,,,,
2022,116,Detroit Tigers,DET,American League,American League Central,665621,Rony García,/api/v1/people/665621,51,1,Pitcher,Pitcher,P,D60,Injured 60-Day,pitching,True,16,8,3,3,0,0,51.0,40,27,25,13,48,9,4.41,1.04,,,3.69,,,,,,,,,,,,,,,,,,,
2022,116,Detroit Tigers,DET,American League,American League Central,572863,Dustin Garneau,/api/v1/people/572863,64,2,Catcher,Catcher,C,MIN,Minor League Contract,hitting,True,,,,,,,,,,,,,,,,,,,8,11,10,1,3,1,0,0,1,1,4,0,.300,.364,.400,.764,.500,,
2022,116,Detroit Tigers,DET,American League,American League Central,682985,Riley Greene,/api/v1/people/682985,31,8,Outfielder,Outfielder,CF,A,Active,hitting,True,,,,,,,,,,,,,,,,,,,93,418,376,46,95,18,4,5,42,36,120,1,.253,.321,.362,.683,.354,,
2022,116,Detroit Tigers,DET,American League,American League Central,543257,Robbie Grossman,/api/v1/people/543257,8,9,Outfielder,Outfielder,RF,TR,Traded,hitting,True,,,,,,,,,,,,,,,,,,,129,477,411,40,86,19,1,7,45,56,129,6,.209,.310,.311,.621,.283,,
2022,116,Detroit Tigers,DET,American League,American League Central,606992,Eric Haase,/api/v1/people/606992,13,2,Catcher,Catcher,C,A,Active,hitting,True,,,,,,,,,,,,,,,,,,,110,351,323,41,82,17,1,14,44,24,97,0,.254,.305,.443,.748,.316,,
2022,116,Detroit Tigers,DET,American League,American League Central,656537,Derek Hill,/api/v1/people/656537,54,8,Outfielder,Outfielder,CF,CL,Claimed,hitting,True,,,,,,,,,,,,,,,,,,,31,92,83,8,19,2,0,1,3,5,28,3,.229,.270,.289,.559,.327,,
2022,116,Detroit Tigers,DET,American League,American League Central,682051,Garrett Hill,/api/v1/people/682051,50,1,Pitcher,Pitcher,P,A,Active,pitching,True,17,8,3,3,0,2,60.1,53,29,27,29,40,8,4.03,1.36,,,1.38,,,,,,,,,,,,,,,,,,,
2022,116,Detroit Tigers,DET,American League,American League Central,571800,Drew Hutchison,/api/v1/people/571800,40,1,Pitcher,Pitcher,P,FA,Free Agent,pitching,True,28,18,3,9,0,0,105.1,114,58,53,42,68,15,4.53,1.48,,,1.62,,,,,,,,,,,,,,,,,,,
2022,116,Detroit Tigers,DET,American League,American League Central,641729,Joe Jiménez,/api/v1/people/641729,77,1,Pitcher,Pitcher,P,A,Active,pitching,True,62,0,3,2,2,11,56.2,49,24,22,13,77,4,3.49,1.09,,,5.92,,,,,,,,,,,,,,,,,,,
2022,116,Detroit Tigers,DET,American League,American League Central,668952,Ryan Kreidler,/api/v1/people/668952,32,6,Shortstop,Infielder,SS,A,Active,hitting,True,,,,,,,,,,,,,,,,,,,26,84,73,8,13,1,0,1,6,6,22,0,.178,.244,.233,.477,.231,,
2022,116,Detroit Tigers,DET,American League,American League Central,656638,Alex Lange,/api/v1/people/656638,55,1,Pitcher,Pitcher,P,A,Active,pitching,True,71,0,7,4,0,21,63.1,47,30,24,31,82,5,3.41,1.23,,,2.65,,,,,,,,,,,,,,,,,,,
2022,116,Detroit Tigers,DET,American League,American League Central,571882,Derek Law,/api/v1/people/571882,48,1,Pitcher,Pitcher,P,MIN,Minor League Contract,pitching,True,17,0,2,3,0,3,19.2,23,13,9,8,17,3,4.12,1.58,,,2.13,,,,,,,,,,,,,,,,,,,
2022,116,Detroit Tigers,DET,American League,American League Central,623507,Josh Lester,/api/v1/people/623507,58,5,Third Base,Infielder,3B,A,Active,hitting,True,,,,,,,,,,,,,,,,,,,2,5,5,0,0,0,0,0,0,0,3,0,.000,.000,.000,.000,.000,,
2022,116,Detroit Tigers,DET,American League,American League Central,666159,Matt Manning,/api/v1/people/666159,25,1,Pitcher,Pitcher,P,D60,Injured 60-Day,pitching,True,12,12,2,3,0,0,63.0,55,27,24,19,48,6,3.43,1.17,,,2.53,,,,,,,,,,,,,,,,,,,
2022,116,Detroit Tigers,DET,American League,American League Central,640457,Austin Meadows,/api/v1/people/640457,17,9,Outfielder,Outfielder,RF,D60,Injured 60-Day,hitting,True,,,,,,,,,,,,,,,,,,,36,147,128,9,32,6,2,0,11,16,17,0,.250,.347,.328,.675,.288,,
2022,116,Detroit Tigers,DET,American League,American League Central,663554,Casey Mize,/api/v1/people/663554,12,1,Pitcher,Pitcher,P,D60,Injured 60-Day,pitching,True,2,2,0,1,0,0,10.0,13,6,6,2,4,1,5.40,1.50,,,2.00,,,,,,,,,,,,,,,,,,,
2022,116,Detroit Tigers,DET,American League,American League Central,596057,Daniel Norris,/api/v1/people/596057,44,1,Pitcher,Pitcher,P,A,Active,pitching,True,41,3,2,4,0,2,58.2,45,39,34,29,66,11,5.22,1.26,,,2.28,,,,,,,,,,,,,,,,,,,
2022,116,Detroit Tigers,DET,American League,American League Central,503449,Wily Peralta,/api/v1/people/503449,58,1,Pitcher,Pitcher,P,RL,Released,pitching,True,28,1,2,0,0,2,38.1,34,12,11,24,32,2,2.58,1.51,,,1.33,,,,,,,,,,,,,,,,,,,
2022,116,Detroit Tigers,DET,American League,American League Central,501381,Michael Pineda,/api/v1/people/501381,38,1,Pitcher,Pitcher,P,RL,Released,pitching,True,11,11,2,7,0,0,46.2,58,31,30,8,26,13,5.79,1.41,,,3.25,,,,,,,,,,,,,,,,,,,
2022,116,Detroit Tigers,DET,American League,American League Central,622682,Victor Reyes,/api/v1/people/622682,22,9,Outfielder,Outfielder,RF,A,Active,hitting,True,,,,,,,,,,,,,,,,,,,92,336,315,27,80,19,3,3,34,13,77,2,.254,.289,.362,.651,.322,,
2022,116,Detroit Tigers,DET,American League,American League Central,593958,Eduardo Rodriguez,/api/v1/people/593958,57,1,Pitcher,Pitcher,P,A,Active,pitching,True,17,17,5,5,0,0,91.0,87,49,41,34,72,12,4.05,1.33,,,2.12,,,,,,,,,,,,,,,,,,,
2022,116,Detroit Tigers,DET,American League,American League Central,660730,Elvin Rodríguez,/api/v1/people/660730,45,1,Pitcher,Pitcher,P,A,Active,pitching,True,7,5,0,4,0,0,29.2,42,35,35,15,25,12,10.62,1.92,,,1.67,,,,,,,,,,,,,,,,,,,
2022,116,Detroit Tigers,DET,American League,American League Central,570731,Jonathan Schoop,/api/v1/people/570731,7,4,Second Base,Infielder,2B,A,Active,hitting,True,,,,,,,,,,,,,,,,,,,131,510,481,48,97,23,1,11,38,19,107,5,.202,.239,.322,.561,.234,,
2022,116,Detroit Tigers,DET,American League,American League Central,670097,Zack Short,/api/v1/people/670097,59,6,Shortstop,Infielder,SS,A,Active,hitting,True,,,,,,,,,,,,,,,,,,,6,13,9,2,0,0,0,0,2,2,5,1,.000,.154,.000,.154,.000,,
2022,116,Detroit Tigers,DET,American League,American League Central,669373,Tarik Skubal,/api/v1/people/669373,29,1,Pitcher,Pitcher,P,D60,Injured 60-Day,pitching,True,21,21,7,8,0,0,117.2,104,53,46,32,117,9,3.52,1.16,,,3.66,,,,,,,,,,,,,,,,,,,
2022,116,Detroit Tigers,DET,American League,American League Central,642397,Gregory Soto,/api/v1/people/642397,65,1,Pitcher,Pitcher,P,A,Active,pitching,True,64,0,2,11,30,2,60.1,49,32,22,34,60,2,3.28,1.38,,,1.76,,,,,,,,,,,,,,,,,,,
2022,116,Detroit Tigers,DET,American League,American League Central,679529,Spencer Torkelson,/api/v1/people/679529,20,3,First Base,Infielder,1B,A,Active,hitting,True,,,,,,,,,,,,,,,,,,,110,404,360,38,73,16,1,8,28,37,99,0,.203,.285,.319,.604,.255,,
2022,116,Detroit Tigers,DET,American League,American League Central,676684,Will Vest,/api/v1/people/676684,19,1,Pitcher,Pitcher,P,A,Active,pitching,True,59,2,3,3,1,4,63.0,62,30,28,22,63,6,4.00,1.33,,,2.86,,,,,,,,,,,,,,,,,,,
2022,116,Detroit Tigers,DET,American League,American League Central,666214,Joey Wentz,/api/v1/people/666214,43,1,Pitcher,Pitcher,P,A,Active,pitching,True,7,7,2,2,0,0,32.2,23,13,11,13,27,2,3.03,1.10,,,2.08,,,,,,,,,,,,,,,,,,,
2022,117,Houston Astros,HOU,American League,American League West,650556,Bryan Abreu,/api/v1/people/650556,52,1,Pitcher,Pitcher,P,A,Active,pitching,True,55,0,4,0,2,8,60.1,45,16,13,26,88,2,1.94,1.18,,,3.38,,,,,,,,,,,,,,,,,,,
2022,117,Houston Astros,HOU,American League,American League West,514888,Jose Altuve,/api/v1/people/514888,27,4,Second Base,Infielder,2B,A,Active,hitting,True,,,,,,,,,,,,,,,,,,,141,604,527,103,158,39,0,28,57,66,87,18,.300,.387,.533,.920,.315,,
2022,117,Houston Astros,HOU,American League,American League West,670541,Yordan Alvarez,/api/v1/people/670541,44,7,Outfielder,Outfielder,LF,A,Active,hitting,True,,,,,,,,,,,,,,,,,,,135,561,470,95,144,29,2,37,97,78,106,1,.306,.406,.613,1.019,.320,,
2022,117,Houston Astros,HOU,American League,American League West,520980,Pedro Báez,/api/v1/people/520980,52,1,Pitcher,Pitcher,P,RL,Released,pitching,True,3,0,0,0,0,0,2.1,5,6,3,3,2,0,11.57,3.43,,,0.67,,,,,,,,,,,,,,,,,,,
2022,117,Houston Astros,HOU,American League,American League West,656232,Brandon Bielak,/api/v1/people/656232,64,1,Pitcher,Pitcher,P,RM,Reassigned to Minors,pitching,True,5,0,0,0,0,1,12.1,11,5,5,4,12,2,3.65,1.22,,,3.00,,,,,,,,,,,,,,,,,,,
2022,117,Houston Astros,HOU,American League,American League West,669854,Ronel Blanco,/api/v1/people/669854,56,1,Pitcher,Pitcher,P,RM,Reassigned to Minors,pitching,True,7,0,0,0,0,0,6.1,8,5,5,4,7,1,7.11,1.89,,,1.75,,,,,,,,,,,,,,,,,,,
2022,117,Houston Astros,HOU,American League,American League West,488726,Michael Brantley,/api/v1/people/488726,23,10,Designated Hitter,Hitter,DH,D60,Injured 60-Day,hitting,True,,,,,,,,,,,,,,,,,,,64,277,243,28,70,14,1,5,26,31,30,1,.288,.370,.416,.786,.311,,
2022,117,Houston Astros,HOU,American League,American League West,608324,Alex Bregman,/api/v1/people/608324,2,5,Third Base,Infielder,3B,A,Active,hitting,True,,,,,,,,,,,,,,,,,,,155,656,548,93,142,38,0,23,93,87,77,1,.259,.366,.454,.820,.260,,
2022,117,Houston Astros,HOU,American League,American League West,686613,Hunter Brown,/api/v1/people/686613,58,1,Pitcher,Pitcher,P,A,Active,pitching,True,7,2,2,0,0,2,20.1,15,2,2,7,22,0,0.89,1.08,,,3.14,,,,,,,,,,,,,,,,,,,
2022,117,Houston Astros,HOU,American League,American League West,488771,Jason Castro,/api/v1/people/488771,18,2,Catcher,Catcher,C,D60,Injured 60-Day,hitting,True,,,,,,,,,,,,,,,,,,,34,88,78,6,9,2,0,1,3,8,40,1,.115,.205,.179,.384,.211,,
2022,117,Houston Astros,HOU,American League,American League West,649557,Aledmys Díaz,/api/v1/people/649557,16,7,Outfielder,Outfielder,LF,A,Active,hitting,True,,,,,,,,,,,,,,,,,,,92,327,305,35,74,13,0,12,38,18,53,1,.243,.287,.403,.690,.256,,
2022,117,Houston Astros,HOU,American League,American League West,673237,Yainer Diaz,/api/v1/people/673237,63,2,Catcher,Catcher,C,RM,Reassigned to Minors,hitting,True,,,,,,,,,,,,,,,,,,,6,9,8,0,1,1,0,0,1,1,2,0,.125,.222,.250,.472,.167,,
2022,117,Houston Astros,HOU,American League,American League West,643289,Mauricio Dubón,/api/v1/people/643289,14,7,Outfielder,Outfielder,LF,A,Active,hitting,True,,,,,,,,,,,,,,,,,,,104,265,243,31,52,9,0,5,24,13,30,2,.214,.252,.313,.565,.221,,
2022,117,Houston Astros,HOU,American League,American League West,677651,Luis Garcia,/api/v1/people/677651,77,1,Pitcher,Pitcher,P,A,Active,pitching,True,28,28,15,8,0,0,157.1,131,70,65,47,157,23,3.72,1.13,,,3.34,,,,,,,,,,,,,,,,,,,
2022,117,Houston Astros,HOU,American League,American League West,592348,Niko Goodrum,/api/v1/people/592348,11,4,Second Base,Infielder,2B,RL,Released,hitting,True,,,,,,,,,,,,,,,,,,,15,45,43,2,5,2,0,0,1,2,23,1,.116,.156,.163,.319,.250,,
2022,117,Houston Astros,HOU,American League,American League West,493329,Yuli Gurriel,/api/v1/people/493329,10,3,First Base,Infielder,1B,D10,Injured 10-Day,hitting,True,,,,,,,,,,,,,,,,,,,146,584,545,53,132,40,0,8,53,30,73,8,.242,.288,.360,.648,.266,,
2022,117,Houston Astros,HOU,American League,American League West,682073,David Hensley,/api/v1/people/682073,17,10,Designated Hitter,Hitter,DH,A,Active,hitting,True,,,,,,,,,,,,,,,,,,,16,34,29,7,10,2,1,1,5,5,6,0,.345,.441,.586,1.027,.409,,
2022,117,Houston Astros,HOU,American League,American League West,664299,Cristian Javier,/api/v1/people/664299,53,1,Pitcher,Pitcher,P,A,Active,pitching,True,30,25,11,9,0,1,148.2,89,44,42,52,194,17,2.54,0.95,,,3.73,,,,,,,,,,,,,,,,,,,
2022,117,Houston Astros,HOU,American League,American League West,622100,Taylor Jones,/api/v1/people/622100,28,3,First Base,Infielder,1B,CL,Claimed,hitting,True,,,,,,,,,,,,,,,,,,,1,1,1,0,0,0,0,0,0,0,0,0,.000,.000,.000,.000,.000,,
2022,117,Houston Astros,HOU,American League,American League West,686676,Korey Lee,/api/v1/people/686676,38,2,Catcher,Catcher,C,A,Active,hitting,True,,,,,,,,,,,,,,,,,,,12,26,25,1,4,2,0,0,4,1,9,0,.160,.192,.240,.432,.250,,
2022,117,Houston Astros,HOU,American League,American League West,455117,Martín Maldonado,/api/v1/people/455117,15,2,Catcher,Catcher,C,A,Active,hitting,True,,,,,,,,,,,,,,,,,,,113,379,344,40,64,12,0,15,45,22,116,0,.186,.248,.352,.600,.228,,
2022,117,Houston Astros,HOU,American League,American League West,641820,Trey Mancini,/api/v1/people/641820,26,3,First Base,Infielder,1B,RM,Reassigned to Minors,hitting,True,,,,,,,,,,,,,,,,,,,143,587,519,56,124,23,1,18,63,53,135,0,.239,.319,.391,.710,.286,,
2022,117,Houston Astros,HOU,American League,American League West,661527,Seth Martinez,/api/v1/people/661527,61,1,Pitcher,Pitcher,P,RM,Reassigned to Minors,pitching,True,29,0,1,1,0,3,38.2,26,10,9,14,38,3,2.09,1.03,,,2.71,,,,,,,,,,,,,,,,,,,
2022,117,Houston Astros,HOU,American League,American League West,656695,J.J. Matijevic,/api/v1/people/656695,13,3,First Base,Infielder,1B,RM,Reassigned to Minors,hitting,True,,,,,,,,,,,,,,,,,,,32,71,67,7,14,2,0,2,5,2,25,1,.209,.254,.328,.582,.300,,
2022,117,Houston Astros,HOU,American League,American League West,664208,Phil Maton,/api/v1/people/664208,88,1,Pitcher,Pitcher,P,RM,Reassigned to Minors,pitching,True,67,0,0,2,0,14,65.2,58,34,28,24,73,10,3.84,1.25,,,3.04,,,,,,,,,,,,,,,,,,,
2022,117,Houston Astros,HOU,American League,American League West,676801,Chas McCormick,/api/v1/people/676801,20,8,Outfielder,Outfielder,CF,A,Active,hitting,True,,,,,,,,,,,,,,,,,,,119,407,359,47,88,12,2,14,44,46,106,4,.245,.332,.407,.739,.308,,
2022,117,Houston Astros,HOU,American League,American League West,621121,Lance McCullers Jr.,/api/v1/people/621121,43,1,Pitcher,Pitcher,P,A,Active,pitching,True,8,8,4,2,0,0,47.2,37,12,12,22,50,4,2.27,1.24,,,2.27,,,,,,,,,,,,,,,,,,,
2022,117,Houston Astros,HOU,American League,American League West,676694,Jake Meyers,/api/v1/people/676694,6,7,Outfielder,Outfielder,LF,RM,Reassigned to Minors,hitting,True,,,,,,,,,,,,,,,,,,,52,160,150,13,34,6,2,1,15,7,54,2,.227,.269,.313,.582,.344,,
2022,117,Houston Astros,HOU,American League,American League West,606160,Rafael Montero,/api/v1/people/606160,47,1,Pitcher,Pitcher,P,A,Active,pitching,True,71,0,5,2,14,23,68.1,47,22,18,23,73,3,2.37,1.02,,,3.17,,,,,,,,,,,,,,,,,,,
2022,117,Houston Astros,HOU,American League,American League West,656786,Parker Mushinski,/api/v1/people/656786,67,1,Pitcher,Pitcher,P,RM,Reassigned to Minors,pitching,True,7,0,0,0,0,1,7.1,5,3,3,3,8,0,3.68,1.09,,,2.67,,,,,,,,,,,,,,,,,,,
2022,117,Houston Astros,HOU,American League,American League West,593576,Héctor Neris,/api/v1/people/593576,50,1,Pitcher,Pitcher,P,A,Active,pitching,True,70,0,6,4,3,25,65.1,49,29,27,17,79,3,3.72,1.01,,,4.65,,,,,,,,,,,,,,,,,,,
2022,117,Houston Astros,HOU,American League,American League West,543606,Jake Odorizzi,/api/v1/people/543606,17,1,Pitcher,Pitcher,P,TR,Traded,pitching,True,22,22,6,6,0,0,106.1,106,58,52,35,86,14,4.40,1.33,,,2.46,,,,,,,,,,,,,,,,,,,
2022,117,Houston Astros,HOU,American League,American League West,660600,Enoli Paredes,/api/v1/people/660600,48,1,Pitcher,Pitcher,P,RM,Reassigned to Minors,pitching,True,3,0,0,0,0,0,3.0,3,1,1,3,2,0,3.00,2.00,,,0.67,,,,,,,,,,,,,,,,,,,
2022,117,Houston Astros,HOU,American League,American League West,665161,Jeremy Peña,/api/v1/people/665161,3,6,Shortstop,Infielder,SS,A,Active,hitting,True,,,,,,,,,,,,,,,,,,,136,558,521,72,132,20,2,22,63,22,135,11,.253,.289,.426,.715,.298,,
2022,117,Houston Astros,HOU,American League,American League West,669309,Joe Perez,/api/v1/people/669309,31,5,Third Base,Infielder,3B,RM,Reassigned to Minors,hitting,True,,,,,,,,,,,,,,,,,,,1,1,1,0,0,0,0,0,0,0,1,0,.000,.000,.000,.000,.---,,
2022,117,Houston Astros,HOU,American League,American League West,519151,Ryan Pressly,/api/v1/people/519151,55,1,Pitcher,Pitcher,P,A,Active,pitching,True,50,0,3,3,33,0,48.1,30,17,16,13,65,4,2.98,0.89,,,5.00,,,,,,,,,,,,,,,,,,,
2022,117,Houston Astros,HOU,American League,American League West,642350,Jose Siri,/api/v1/people/642350,26,8,Outfielder,Outfielder,CF,TR,Traded,hitting,True,,,,,,,,,,,,,,,,,,,104,325,301,53,64,13,2,7,24,20,108,14,.213,.268,.339,.607,.305,,
2022,117,Houston Astros,HOU,American League,American League West,519293,Will Smith,/api/v1/people/519293,51,1,Pitcher,Pitcher,P,A,Active,pitching,True,65,0,0,3,5,16,59.0,58,35,26,25,65,9,3.97,1.41,,,2.60,,,,,,,,,,,,,,,,,,,
2022,117,Houston Astros,HOU,American League,American League West,592773,Ryne Stanek,/api/v1/people/592773,45,1,Pitcher,Pitcher,P,A,Active,pitching,True,59,0,2,1,1,17,54.2,36,8,7,31,62,2,1.15,1.23,,,2.00,,,,,,,,,,,,,,,,,,,
2022,117,Houston Astros,HOU,American League,American League West,642130,Blake Taylor,/api/v1/people/642130,62,1,Pitcher,Pitcher,P,RM,Reassigned to Minors,pitching,True,19,0,1,1,0,4,16.0,15,7,7,10,9,1,3.94,1.56,,,0.90,,,,,,,,,,,,,,,,,,,
2022,117,Houston Astros,HOU,American League,American League West,663656,Kyle Tucker,/api/v1/people/663656,30,9,Outfielder,Outfielder,RF,A,Active,hitting,True,,,,,,,,,,,,,,,,,,,150,609,544,71,140,28,1,30,107,59,95,25,.257,.330,.478,.808,.261,,
2022,117,Houston Astros,HOU,American League,American League West,664353,José Urquidy,/api/v1/people/664353,65,1,Pitcher,Pitcher,P,A,Active,pitching,True,29,28,13,8,0,0,164.1,154,74,72,38,134,29,3.94,1.17,,,3.53,,,,,,,,,,,,,,,,,,,
2022,117,Houston Astros,HOU,American League,American League West,543877,Christian Vázquez,/api/v1/people/543877,9,2,Catcher,Catcher,C,A,Active,hitting,True,,,,,,,,,,,,,,,,,,,119,426,398,41,109,23,0,9,52,22,69,1,.274,.315,.399,.714,.310,,
2022,117,Houston Astros,HOU,American League,American League West,434378,Justin Verlander,/api/v1/people/434378,35,1,Pitcher,Pitcher,P,A,Active,pitching,True,28,28,18,4,0,0,175.0,116,43,34,29,185,12,1.75,0.83,,,6.38,,,,,,,,,,,,,,,,,,,
2022,118,Kansas City Royals,KC,American League,American League Central,656061,Albert Abreu,/api/v1/people/656061,69,1,Pitcher,Pitcher,P,CL,Claimed,pitching,True,33,0,2,2,0,1,38.2,35,15,14,22,38,5,3.26,1.47,,,1.73,,,,,,,,,,,,,,,,,,,
2022,118,Kansas City Royals,KC,American League,American League Central,605130,Scott Barlow,/api/v1/people/605130,58,1,Pitcher,Pitcher,P,A,Active,pitching,True,69,0,7,4,24,6,74.1,52,23,18,22,77,9,2.18,1.00,,,3.50,,,,,,,,,,,,,,,,,,,
2022,118,Kansas City Royals,KC,American League,American League Central,643217,Andrew Benintendi,/api/v1/people/643217,16,7,Outfielder,Outfielder,LF,TR,Traded,hitting,True,,,,,,,,,,,,,,,,,,,126,521,461,54,140,23,3,5,51,52,77,8,.304,.373,.399,.772,.352,,
2022,118,Kansas City Royals,KC,American League,American League Central,680118,Dairon Blanco,/api/v1/people/680118,44,8,Outfielder,Outfielder,CF,MIN,Minor League Contract,hitting,True,,,,,,,,,,,,,,,,,,,5,7,7,1,2,0,0,0,2,0,4,1,.286,.286,.286,.572,.667,,
2022,118,Kansas City Royals,KC,American League,American League Central,671790,Ronald Bolaños,/api/v1/people/671790,57,1,Pitcher,Pitcher,P,MIN,Minor League Contract,pitching,True,8,0,0,0,0,0,18.1,20,9,9,12,12,2,4.42,1.75,,,1.00,,,,,,,,,,,,,,,,,,,
2022,118,Kansas City Royals,KC,American League,American League Central,641394,Jake Brentz,/api/v1/people/641394,59,1,Pitcher,Pitcher,P,D60,Injured 60-Day,pitching,True,8,0,0,3,0,2,5.1,11,15,14,10,9,1,23.63,3.94,,,0.90,,,,,,,,,,,,,,,,,,,
2022,118,Kansas City Royals,KC,American League,American League Central,663460,Kris Bubic,/api/v1/people/663460,50,1,Pitcher,Pitcher,P,A,Active,pitching,True,28,27,3,13,0,0,129.0,156,87,80,63,110,18,5.58,1.70,,,1.75,,,,,,,,,,,,,,,,,,,
2022,118,Kansas City Royals,KC,American League,American League Central,666721,Max Castillo,/api/v1/people/666721,60,1,Pitcher,Pitcher,P,A,Active,pitching,True,14,6,0,2,0,0,39.1,38,28,26,15,37,8,5.95,1.35,,,2.47,,,,,,,,,,,,,,,,,,,
2022,118,Kansas City Royals,KC,American League,American League Central,664199,Taylor Clarke,/api/v1/people/664199,45,1,Pitcher,Pitcher,P,A,Active,pitching,True,47,0,3,1,3,10,49.0,50,25,22,8,48,6,4.04,1.18,,,6.00,,,,,,,,,,,,,,,,,,,
2022,118,Kansas City Royals,KC,American League,American League Central,669395,Dylan Coleman,/api/v1/people/669395,65,1,Pitcher,Pitcher,P,A,Active,pitching,True,68,0,5,2,0,16,68.0,47,26,21,37,71,5,2.78,1.24,,,1.92,,,,,,,,,,,,,,,,,,,
2022,118,Kansas City Royals,KC,American League,American League Central,621016,Jose Cuas,/api/v1/people/621016,74,1,Pitcher,Pitcher,P,A,Active,pitching,True,47,0,4,2,1,11,37.2,39,18,15,24,34,2,3.58,1.67,,,1.42,,,,,,,,,,,,,,,,,,,
2022,118,Kansas City Royals,KC,American League,American League Central,641531,Hunter Dozier,/api/v1/people/641531,17,5,Third Base,Infielder,3B,A,Active,hitting,True,,,,,,,,,,,,,,,,,,,129,500,462,51,109,26,4,12,41,34,125,4,.236,.292,.387,.679,.298,,
2022,118,Kansas City Royals,KC,American League,American League Central,681987,Nate Eaton,/api/v1/people/681987,18,9,Outfielder,Outfielder,RF,A,Active,hitting,True,,,,,,,,,,,,,,,,,,,44,122,106,16,28,4,3,1,12,10,30,11,.264,.331,.387,.718,.346,,
2022,118,Kansas City Royals,KC,American League,American League Central,666023,Freddy Fermin,/api/v1/people/666023,78,2,Catcher,Catcher,C,MIN,Minor League Contract,hitting,True,,,,,,,,,,,,,,,,,,,3,7,7,1,0,0,0,0,0,0,3,0,.000,.000,.000,.000,.000,,
2022,118,Kansas City Royals,KC,American League,American League Central,595956,Cam Gallagher,/api/v1/people/595956,36,2,Catcher,Catcher,C,TR,Traded,hitting,True,,,,,,,,,,,,,,,,,,,18,47,42,1,9,5,0,0,5,3,13,0,.214,.267,.333,.600,.310,,
2022,118,Kansas City Royals,KC,American League,American League Central,672580,Maikel Garcia,/api/v1/people/672580,11,6,Shortstop,Infielder,SS,A,Active,hitting,True,,,,,,,,,,,,,,,,,,,9,23,22,1,7,1,0,0,2,1,5,0,.318,.348,.364,.712,.412,,
2022,118,Kansas City Royals,KC,American League,American League Central,607237,Amir Garrett,/api/v1/people/607237,24,1,Pitcher,Pitcher,P,A,Active,pitching,True,60,0,3,1,0,10,45.1,28,26,25,32,49,0,4.96,1.32,,,1.53,,,,,,,,,,,,,,,,,,,
2022,118,Kansas City Royals,KC,American League,American League Central,425844,Zack Greinke,/api/v1/people/425844,23,1,Pitcher,Pitcher,P,A,Active,pitching,True,26,26,4,9,0,0,137.0,157,65,56,27,73,14,3.68,1.34,,,2.70,,,,,,,,,,,,,,,,,,,
2022,118,Kansas City Royals,KC,American League,American League Central,656492,Foster Griffin,/api/v1/people/656492,60,1,Pitcher,Pitcher,P,TR,Traded,pitching,True,6,0,0,0,0,0,6.1,7,7,6,5,4,0,8.53,1.89,,,0.80,,,,,,,,,,,,,,,,,,,
2022,118,Kansas City Royals,KC,American League,American League Central,669169,Jonathan Heasley,/api/v1/people/669169,49,1,Pitcher,Pitcher,P,A,Active,pitching,True,21,21,4,10,0,0,104.0,108,67,61,47,70,19,5.28,1.49,,,1.49,,,,,,,,,,,,,,,,,,,
2022,118,Kansas City Royals,KC,American League,American League Central,672578,Carlos Hernández,/api/v1/people/672578,43,1,Pitcher,Pitcher,P,A,Active,pitching,True,27,7,0,5,0,1,56.0,72,48,46,31,35,7,7.39,1.84,,,1.13,,,,,,,,,,,,,,,,,,,
2022,118,Kansas City Royals,KC,American League,American League Central,676551,Brewer Hicklen,/api/v1/people/676551,75,7,Outfielder,Outfielder,LF,MIN,Minor League Contract,hitting,True,,,,,,,,,,,,,,,,,,,6,4,4,1,0,0,0,0,0,0,4,0,.000,.000,.000,.000,.---,,
2022,118,Kansas City Royals,KC,American League,American League Central,664728,Kyle Isbel,/api/v1/people/664728,28,8,Outfielder,Outfielder,CF,A,Active,hitting,True,,,,,,,,,,,,,,,,,,,106,278,256,32,54,10,4,5,28,16,75,9,.211,.264,.340,.604,.275,,
2022,118,Kansas City Royals,KC,American League,American League Central,641745,Brad Keller,/api/v1/people/641745,56,1,Pitcher,Pitcher,P,A,Active,pitching,True,35,22,6,14,1,1,139.2,153,86,79,57,102,17,5.09,1.50,,,1.79,,,,,,,,,,,,,,,,,,,
2022,118,Kansas City Royals,KC,American League,American League Central,663804,Jackson Kowar,/api/v1/people/663804,37,1,Pitcher,Pitcher,P,A,Active,pitching,True,7,0,0,0,0,2,15.2,27,17,17,11,17,4,9.77,2.43,,,1.55,,,,,,,,,,,,,,,,,,,
2022,118,Kansas City Royals,KC,American League,American League Central,670032,Nicky Lopez,/api/v1/people/670032,8,5,Third Base,Infielder,3B,A,Active,hitting,True,,,,,,,,,,,,,,,,,,,142,480,436,51,99,12,4,0,20,29,63,13,.227,.281,.273,.554,.265,,
2022,118,Kansas City Royals,KC,American League,American League Central,663738,Daniel Lynch IV,/api/v1/people/663738,52,1,Pitcher,Pitcher,P,A,Active,pitching,True,27,27,4,13,0,0,131.2,155,79,75,52,122,21,5.13,1.57,,,2.35,,,,,,,,,,,,,,,,,,,
2022,118,Kansas City Royals,KC,American League,American League Central,686681,Michael Massey,/api/v1/people/686681,19,4,Second Base,Infielder,2B,A,Active,hitting,True,,,,,,,,,,,,,,,,,,,52,194,173,16,42,9,1,4,17,9,46,3,.243,.307,.376,.683,.304,,
2022,118,Kansas City Royals,KC,American League,American League Central,669004,MJ Melendez,/api/v1/people/669004,1,7,Outfielder,Outfielder,LF,A,Active,hitting,True,,,,,,,,,,,,,,,,,,,129,534,460,57,100,21,3,18,62,66,131,2,.217,.313,.393,.706,.258,,
2022,118,Kansas City Royals,KC,American League,American League Central,596043,Daniel Mengden,/api/v1/people/596043,73,1,Pitcher,Pitcher,P,MIN,Minor League Contract,pitching,True,5,1,0,1,1,0,7.0,10,5,4,1,8,1,5.14,1.57,,,8.00,,,,,,,,,,,,,,,,,,,
2022,118,Kansas City Royals,KC,American League,American League Central,593160,Whit Merrifield,/api/v1/people/593160,15,4,Second Base,Infielder,2B,TR,Traded,hitting,True,,,,,,,,,,,,,,,,,,,139,550,504,70,126,28,1,11,58,38,85,16,.250,.298,.375,.673,.276,,
2022,118,Kansas City Royals,KC,American League,American League Central,670090,Wyatt Mills,/api/v1/people/670090,41,1,Pitcher,Pitcher,P,A,Active,pitching,True,27,0,0,1,0,4,29.1,26,15,15,13,26,1,4.60,1.33,,,2.00,,,,,,,,,,,,,,,,,,,
2022,118,Kansas City Royals,KC,American League,American League Central,664948,Anthony Misiewicz,/api/v1/people/664948,36,1,Pitcher,Pitcher,P,A,Active,pitching,True,32,0,1,2,0,4,29.0,27,15,14,10,27,4,4.34,1.28,,,2.70,,,,,,,,,,,,,,,,,,,
2022,118,Kansas City Royals,KC,American League,American League Central,609275,Adalberto Mondesi,/api/v1/people/609275,27,6,Shortstop,Infielder,SS,D60,Injured 60-Day,hitting,True,,,,,,,,,,,,,,,,,,,15,54,50,3,7,0,0,0,3,4,20,5,.140,.204,.140,.344,.233,,
2022,118,Kansas City Royals,KC,American League,American League Central,658668,Edward Olivares,/api/v1/people/658668,14,7,Outfielder,Outfielder,LF,A,Active,hitting,True,,,,,,,,,,,,,,,,,,,53,174,161,24,46,8,0,4,15,10,36,2,.286,.333,.410,.743,.344,,
2022,118,Kansas City Royals,KC,American League,American League Central,686469,Vinnie Pasquantino,/api/v1/people/686469,9,3,First Base,Infielder,1B,A,Active,hitting,True,,,,,,,,,,,,,,,,,,,72,298,258,25,76,10,0,10,26,35,34,1,.295,.383,.450,.833,.306,,
2022,118,Kansas City Royals,KC,American League,American League Central,606303,Joel Payamps,/api/v1/people/606303,38,1,Pitcher,Pitcher,P,CL,Claimed,pitching,True,41,0,3,6,0,3,55.2,60,24,20,16,41,7,3.23,1.37,,,2.56,,,,,,,,,,,,,,,,,,,
2022,118,Kansas City Royals,KC,American League,American League Central,676840,Matt Peacock,/api/v1/people/676840,46,1,Pitcher,Pitcher,P,CL,Claimed,pitching,True,9,0,0,0,0,0,10.0,12,6,6,4,6,1,5.40,1.60,,,1.50,,,,,,,,,,,,,,,,,,,
2022,118,Kansas City Royals,KC,American League,American League Central,521692,Salvador Perez,/api/v1/people/521692,13,2,Catcher,Catcher,C,A,Active,hitting,True,,,,,,,,,,,,,,,,,,,114,473,445,48,113,23,1,23,76,18,109,0,.254,.292,.465,.757,.285,,
2022,118,Kansas City Royals,KC,American League,American League Central,668472,Nick Pratto,/api/v1/people/668472,32,3,First Base,Infielder,1B,A,Active,hitting,True,,,,,,,,,,,,,,,,,,,49,182,158,18,29,9,1,7,20,19,66,0,.184,.271,.386,.657,.250,,
2022,118,Kansas City Royals,KC,American League,American League Central,656896,Emmanuel Rivera,/api/v1/people/656896,26,5,Third Base,Infielder,3B,TR,Traded,hitting,True,,,,,,,,,,,,,,,,,,,102,359,330,46,77,16,3,12,40,23,83,1,.233,.292,.409,.701,.275,,
2022,118,Kansas City Royals,KC,American League,American League Central,665861,Sebastián Rivero,/api/v1/people/665861,48,2,Catcher,Catcher,C,A,Active,hitting,True,,,,,,,,,,,,,,,,,,,17,29,26,2,4,0,0,0,1,2,10,0,.154,.214,.154,.368,.250,,
2022,118,Kansas City Royals,KC,American League,American League Central,667670,Brent Rooker,/api/v1/people/667670,55,7,Outfielder,Outfielder,LF,A,Active,hitting,True,,,,,,,,,,,,,,,,,,,16,36,32,1,4,1,0,0,2,3,11,0,.125,.222,.156,.378,.190,,
2022,118,Kansas City Royals,KC,American League,American League Central,467793,Carlos Santana,/api/v1/people/467793,41,3,First Base,Infielder,1B,TR,Traded,hitting,True,,,,,,,,,,,,,,,,,,,131,506,431,52,87,18,0,19,60,71,88,0,.202,.316,.376,.692,.209,,
2022,118,Kansas City Royals,KC,American League,American League Central,663903,Brady Singer,/api/v1/people/663903,51,1,Pitcher,Pitcher,P,A,Active,pitching,True,27,24,10,5,0,0,153.1,140,58,55,35,150,18,3.23,1.14,,,4.29,,,,,,,,,,,,,,,,,,,
2022,118,Kansas City Royals,KC,American League,American League Central,676092,Collin Snider,/api/v1/people/676092,40,1,Pitcher,Pitcher,P,A,Active,pitching,True,42,0,4,2,0,7,34.1,40,25,25,15,22,3,6.55,1.60,,,1.47,,,,,,,,,,,,,,,,,,,
2022,118,Kansas City Royals,KC,American League,American League Central,642100,Gabe Speier,/api/v1/people/642100,67,1,Pitcher,Pitcher,P,A,Active,pitching,True,17,1,0,1,0,2,19.1,16,5,5,5,14,2,2.33,1.09,,,2.80,,,,,,,,,,,,,,,,,,,
2022,118,Kansas City Royals,KC,American League,American League Central,622251,Josh Staumont,/api/v1/people/622251,63,1,Pitcher,Pitcher,P,A,Active,pitching,True,42,0,3,3,3,5,37.2,37,28,27,29,43,3,6.45,1.75,,,1.48,,,,,,,,,,,,,,,,,,,
2022,118,Kansas City Royals,KC,American League,American League Central,572191,Michael A. Taylor,/api/v1/people/572191,2,8,Outfielder,Outfielder,CF,A,Active,hitting,True,,,,,,,,,,,,,,,,,,,124,456,414,49,105,10,3,9,43,35,109,4,.254,.313,.357,.670,.321,,
2022,118,Kansas City Royals,KC,American League,American League Central,527055,Arodys Vizcaíno,/api/v1/people/527055,68,1,Pitcher,Pitcher,P,MIN,Minor League Contract,pitching,True,7,0,0,0,0,2,5.2,4,4,4,7,3,1,6.35,1.94,,,0.43,,,,,,,,,,,,,,,,,,,
2022,118,Kansas City Royals,KC,American League,American League Central,671221,Drew Waters,/api/v1/people/671221,6,9,Outfielder,Outfielder,RF,A,Active,hitting,True,,,,,,,,,,,,,,,,,,,32,109,96,14,23,6,1,5,18,12,40,0,.240,.324,.479,.803,.353,,
2022,118,Kansas City Royals,KC,American League,American League Central,596133,Luke Weaver,/api/v1/people/596133,26,1,Pitcher,Pitcher,P,CL,Claimed,pitching,True,26,1,1,1,0,0,35.2,52,29,26,13,38,1,6.56,1.82,,,2.92,,,,,,,,,,,,,,,,,,,
2022,118,Kansas City Royals,KC,American League,American League Central,677951,Bobby Witt Jr.,/api/v1/people/677951,7,6,Shortstop,Infielder,SS,A,Active,hitting,True,,,,,,,,,,,,,,,,,,,150,632,591,82,150,31,6,20,80,30,135,30,.254,.294,.428,.722,.295,,
2022,118,Kansas City Royals,KC,American League,American League Central,672582,Angel Zerpa,/api/v1/people/672582,61,1,Pitcher,Pitcher,P,D60,Injured 60-Day,pitching,True,3,2,2,1,0,0,11.0,9,3,2,3,3,2,1.64,1.09,,,1.00,,,,,,,,,,,,,,,,,,,
2022,119,Los Angeles Dodgers,LAD,National League,National League West,593643,Hanser Alberto,/api/v1/people/593643,17,4,Second Base,Infielder,2B,A,Active,hitting,True,,,,,,,,,,,,,,,,,,,73,159,156,13,38,9,2,2,15,3,25,0,.244,.258,.365,.623,.279,,
2022,119,Los Angeles Dodgers,LAD,National League,National League West,622075,Yency Almonte,/api/v1/people/622075,38,1,Pitcher,Pitcher,P,A,Active,pitching,True,33,0,0,0,1,9,35.1,18,4,4,10,33,2,1.02,0.79,,,3.30,,,,,,,,,,,,,,,,,,,
2022,119,Los Angeles Dodgers,LAD,National League,National League West,657193,Eddy Alvarez,/api/v1/people/657193,37,5,Third Base,Infielder,3B,RL,Released,hitting,True,,,,,,,,,,,,,,,,,,,14,27,25,1,4,0,0,0,3,0,9,1,.160,.154,.160,.314,.235,,
2022,119,Los Angeles Dodgers,LAD,National League,National League West,542881,Tyler Anderson,/api/v1/people/542881,31,1,Pitcher,Pitcher,P,A,Active,pitching,True,30,28,15,5,0,0,178.2,145,57,51,34,138,14,2.57,1.00,,,4.06,,,,,,,,,,,,,,,,,,,
2022,119,Los Angeles Dodgers,LAD,National League,National League West,605131,Austin Barnes,/api/v1/people/605131,15,2,Catcher,Catcher,C,A,Active,hitting,True,,,,,,,,,,,,,,,,,,,62,212,179,31,38,6,0,8,26,27,37,2,.212,.324,.380,.704,.222,,
2022,119,Los Angeles Dodgers,LAD,National League,National League West,641355,Cody Bellinger,/api/v1/people/641355,35,8,Outfielder,Outfielder,CF,A,Active,hitting,True,,,,,,,,,,,,,,,,,,,144,550,504,70,106,27,3,19,68,38,150,14,.210,.265,.389,.654,.255,,
2022,119,Los Angeles Dodgers,LAD,National League,National League West,605141,Mookie Betts,/api/v1/people/605141,50,9,Outfielder,Outfielder,RF,A,Active,hitting,True,,,,,,,,,,,,,,,,,,,142,639,572,117,154,40,3,35,82,55,104,12,.269,.340,.533,.873,.272,,
2022,119,Los Angeles Dodgers,LAD,National League,National League West,641360,Phil Bickford,/api/v1/people/641360,52,1,Pitcher,Pitcher,P,A,Active,pitching,True,60,0,2,1,0,7,61.0,53,33,32,14,67,12,4.72,1.10,,,4.79,,,,,,,,,,,,,,,,,,,
2022,119,Los Angeles Dodgers,LAD,National League,National League West,677865,Justin Bruihl,/api/v1/people/677865,63,1,Pitcher,Pitcher,P,A,Active,pitching,True,24,0,1,1,1,3,23.2,22,11,10,6,13,4,3.80,1.18,,,2.17,,,,,,,,,,,,,,,,,,,
2022,119,Los Angeles Dodgers,LAD,National League,National League West,621111,Walker Buehler,/api/v1/people/621111,21,1,Pitcher,Pitcher,P,D60,Injured 60-Day,pitching,True,12,12,6,3,0,0,65.0,67,30,29,17,58,8,4.02,1.29,,,3.41,,,,,,,,,,,,,,,,,,,
2022,119,Los Angeles Dodgers,LAD,National League,National League West,664076,Garrett Cleavinger,/api/v1/people/664076,61,1,Pitcher,Pitcher,P,TR,Traded,pitching,True,17,0,1,1,0,1,23.0,14,12,10,7,32,2,3.91,0.91,,,4.57,,,,,,,,,,,,,,,,,,,
2022,119,Los Angeles Dodgers,LAD,National League,National League West,572362,Robbie Erlin,/api/v1/people/572362,60,1,Pitcher,Pitcher,P,MIN,Minor League Contract,pitching,True,2,0,0,0,0,0,2.0,2,2,2,1,1,1,9.00,1.50,,,1.00,,,,,,,,,,,,,,,,,,,
2022,119,Los Angeles Dodgers,LAD,National League,National League West,657571,Caleb Ferguson,/api/v1/people/657571,64,1,Pitcher,Pitcher,P,A,Active,pitching,True,37,1,1,0,0,8,34.2,23,9,7,17,37,1,1.82,1.15,,,2.18,,,,,,,,,,,,,,,,,,,
2022,119,Los Angeles Dodgers,LAD,National League,National League West,518692,Freddie Freeman,/api/v1/people/518692,5,3,First Base,Infielder,1B,A,Active,hitting,True,,,,,,,,,,,,,,,,,,,159,708,612,117,199,47,2,21,100,84,102,13,.325,.407,.511,.918,.359,,
2022,119,Los Angeles Dodgers,LAD,National League,National League West,608336,Joey Gallo,/api/v1/people/608336,12,7,Outfielder,Outfielder,LF,A,Active,hitting,True,,,,,,,,,,,,,,,,,,,126,410,350,48,56,8,2,19,47,56,163,3,.160,.280,.357,.637,.219,,
2022,119,Los Angeles Dodgers,LAD,National League,National League West,664062,Tony Gonsolin,/api/v1/people/664062,26,1,Pitcher,Pitcher,P,A,Active,pitching,True,24,24,16,1,0,0,130.1,79,32,31,35,119,11,2.14,0.87,,,3.40,,,,,,,,,,,,,,,,,,,
2022,119,Los Angeles Dodgers,LAD,National League,National League West,660813,Brusdar Graterol,/api/v1/people/660813,48,1,Pitcher,Pitcher,P,A,Active,pitching,True,46,1,2,4,4,10,49.2,39,20,18,10,43,3,3.26,0.99,,,4.30,,,,,,,,,,,,,,,,,,,
2022,119,Los Angeles Dodgers,LAD,National League,National League West,572888,Shane Greene,/api/v1/people/572888,25,1,Pitcher,Pitcher,P,MIN,Minor League Contract,pitching,True,2,0,1,0,0,0,3.0,3,2,2,1,2,1,6.00,1.33,,,2.00,,,,,,,,,,,,,,,,,,,
2022,119,Los Angeles Dodgers,LAD,National League,National League West,675627,Michael Grove,/api/v1/people/675627,78,1,Pitcher,Pitcher,P,A,Active,pitching,True,7,6,1,0,0,0,29.1,32,21,15,10,24,6,4.60,1.43,,,2.40,,,,,,,,,,,,,,,,,,,
2022,119,Los Angeles Dodgers,LAD,National League,National League West,571760,Andrew Heaney,/api/v1/people/571760,28,1,Pitcher,Pitcher,P,A,Active,pitching,True,16,14,4,4,0,0,72.2,60,34,25,19,110,14,3.10,1.09,,,5.79,,,,,,,,,,,,,,,,,,,
2022,119,Los Angeles Dodgers,LAD,National League,National League West,592390,Heath Hembree,/api/v1/people/592390,56,1,Pitcher,Pitcher,P,MIN,Minor League Contract,pitching,True,26,0,3,1,0,2,22.0,26,19,18,17,17,6,7.36,1.95,,,1.00,,,,,,,,,,,,,,,,,,,
2022,119,Los Angeles Dodgers,LAD,National League,National League West,543339,Daniel Hudson,/api/v1/people/543339,41,1,Pitcher,Pitcher,P,D60,Injured 60-Day,pitching,True,25,0,2,3,5,9,24.1,17,7,6,5,30,1,2.22,0.90,,,6.00,,,,,,,,,,,,,,,,,,,
2022,119,Los Angeles Dodgers,LAD,National League,National League West,656578,Andre Jackson,/api/v1/people/656578,94,1,Pitcher,Pitcher,P,A,Active,pitching,True,4,0,0,0,1,1,9.2,9,3,2,4,9,0,1.86,1.34,,,2.25,,,,,,,,,,,,,,,,,,,
2022,119,Los Angeles Dodgers,LAD,National League,National League West,592454,Tommy Kahnle,/api/v1/people/592454,44,1,Pitcher,Pitcher,P,A,Active,pitching,True,13,0,0,0,1,1,12.2,5,4,4,3,14,2,2.84,0.63,,,4.67,,,,,,,,,,,,,,,,,,,
2022,119,Los Angeles Dodgers,LAD,National League,National League West,477132,Clayton Kershaw,/api/v1/people/477132,22,1,Pitcher,Pitcher,P,A,Active,pitching,True,22,22,12,3,0,0,126.1,96,36,32,23,137,10,2.28,0.94,,,5.96,,,,,,,,,,,,,,,,,,,
2022,119,Los Angeles Dodgers,LAD,National League,National League West,518886,Craig Kimbrel,/api/v1/people/518886,46,1,Pitcher,Pitcher,P,A,Active,pitching,True,63,0,6,7,22,2,60.0,51,31,25,28,72,4,3.75,1.32,,,2.57,,,,,,,,,,,,,,,,,,,
2022,119,Los Angeles Dodgers,LAD,National League,National League West,571875,Jake Lamb,/api/v1/people/571875,18,3,First Base,Infielder,1B,TR,Traded,hitting,True,,,,,,,,,,,,,,,,,,,41,111,97,13,21,6,1,3,6,11,38,0,.216,.315,.392,.707,.321,,
2022,119,Los Angeles Dodgers,LAD,National League,National League West,666158,Gavin Lux,/api/v1/people/666158,9,6,Shortstop,Infielder,SS,A,Active,hitting,True,,,,,,,,,,,,,,,,,,,129,471,421,66,116,20,7,6,42,47,95,7,.276,.346,.399,.745,.341,,
2022,119,Los Angeles Dodgers,LAD,National League,National League West,455119,Chris Martin,/api/v1/people/455119,58,1,Pitcher,Pitcher,P,A,Active,pitching,True,60,0,4,1,2,9,56.0,50,20,19,5,74,6,3.05,0.98,,,14.80,,,,,,,,,,,,,,,,,,,
2022,119,Los Angeles Dodgers,LAD,National League,National League West,669160,Dustin May,/api/v1/people/669160,85,1,Pitcher,Pitcher,P,A,Active,pitching,True,6,6,2,3,0,0,30.0,21,17,15,14,29,3,4.50,1.17,,,2.07,,,,,,,,,,,,,,,,,,,
2022,119,Los Angeles Dodgers,LAD,National League,National League West,656716,Zach McKinstry,/api/v1/people/656716,8,6,Shortstop,Infielder,SS,TR,Traded,hitting,True,,,,,,,,,,,,,,,,,,,57,185,166,21,33,6,3,5,14,16,52,7,.199,.273,.361,.634,.257,,
2022,119,Los Angeles Dodgers,LAD,National League,National League West,606625,Reyes Moronta,/api/v1/people/606625,45,1,Pitcher,Pitcher,P,CL,Claimed,pitching,True,39,0,2,2,2,4,37.2,30,20,18,18,38,5,4.30,1.27,,,2.11,,,,,,,,,,,,,,,,,,,
2022,119,Los Angeles Dodgers,LAD,National League,National League West,571970,Max Muncy,/api/v1/people/571970,13,5,Third Base,Infielder,3B,A,Active,hitting,True,,,,,,,,,,,,,,,,,,,136,565,464,69,91,22,1,21,69,90,141,2,.196,.329,.384,.713,.227,,
2022,119,Los Angeles Dodgers,LAD,National League,National League West,681546,James Outman,/api/v1/people/681546,77,7,Outfielder,Outfielder,LF,A,Active,hitting,True,,,,,,,,,,,,,,,,,,,4,16,13,6,6,2,0,1,3,2,7,0,.462,.563,.846,1.409,1.000,,
2022,119,Los Angeles Dodgers,LAD,National League,National League West,686752,Ryan Pepiot,/api/v1/people/686752,47,1,Pitcher,Pitcher,P,A,Active,pitching,True,9,7,3,0,0,0,36.1,26,15,14,27,42,6,3.47,1.46,,,1.56,,,,,,,,,,,,,,,,,,,
2022,119,Los Angeles Dodgers,LAD,National League,National League West,623465,Evan Phillips,/api/v1/people/623465,59,1,Pitcher,Pitcher,P,A,Active,pitching,True,64,0,7,3,2,19,63.0,33,11,8,15,77,2,1.14,0.76,,,5.13,,,,,,,,,,,,,,,,,,,
2022,119,Los Angeles Dodgers,LAD,National League,National League West,607680,Kevin Pillar,/api/v1/people/607680,11,7,Outfielder,Outfielder,LF,D60,Injured 60-Day,hitting,True,,,,,,,,,,,,,,,,,,,4,13,12,1,1,1,0,0,0,1,4,0,.083,.154,.167,.321,.125,,
2022,119,Los Angeles Dodgers,LAD,National League,National League West,456034,David Price,/api/v1/people/456034,33,1,Pitcher,Pitcher,P,A,Active,pitching,True,40,0,2,0,2,4,40.1,38,11,11,9,37,6,2.45,1.17,,,4.11,,,,,,,,,,,,,,,,,,,
2022,119,Los Angeles Dodgers,LAD,National League,National League West,596082,Jake Reed,/api/v1/people/596082,57,1,Pitcher,Pitcher,P,CL,Claimed,pitching,True,18,0,2,0,1,0,16.2,17,15,13,8,13,2,7.02,1.50,,,1.63,,,,,,,,,,,,,,,,,,,
2022,119,Los Angeles Dodgers,LAD,National League,National League West,621458,Edwin Rios,/api/v1/people/621458,43,5,Third Base,Infielder,3B,A,Active,hitting,True,,,,,,,,,,,,,,,,,,,27,92,86,12,21,1,0,7,17,5,36,0,.244,.293,.500,.793,.326,,
2022,119,Los Angeles Dodgers,LAD,National League,National League West,669257,Will Smith,/api/v1/people/669257,16,2,Catcher,Catcher,C,A,Active,hitting,True,,,,,,,,,,,,,,,,,,,137,578,508,68,132,26,3,24,87,56,96,1,.260,.343,.465,.808,.276,,
2022,119,Los Angeles Dodgers,LAD,National League,National League West,621035,Chris Taylor,/api/v1/people/621035,3,6,Shortstop,Infielder,SS,A,Active,hitting,True,,,,,,,,,,,,,,,,,,,118,454,402,45,89,25,3,10,43,44,160,10,.221,.304,.373,.677,.336,,
2022,119,Los Angeles Dodgers,LAD,National League,National League West,572204,Trayce Thompson,/api/v1/people/572204,25,8,Outfielder,Outfielder,CF,A,Active,hitting,True,,,,,,,,,,,,,,,,,,,80,255,219,36,56,14,1,13,41,32,93,4,.256,.353,.507,.860,.374,,
2022,119,Los Angeles Dodgers,LAD,National League,National League West,595014,Blake Treinen,/api/v1/people/595014,49,1,Pitcher,Pitcher,P,A,Active,pitching,True,5,0,1,1,0,1,5.0,1,1,1,1,6,1,1.80,0.40,,,6.00,,,,,,,,,,,,,,,,,,,
2022,119,Los Angeles Dodgers,LAD,National League,National League West,457759,Justin Turner,/api/v1/people/457759,10,5,Third Base,Infielder,3B,A,Active,hitting,True,,,,,,,,,,,,,,,,,,,128,532,468,61,130,36,0,13,81,50,89,3,.278,.350,.438,.788,.313,,
2022,119,Los Angeles Dodgers,LAD,National League,National League West,607208,Trea Turner,/api/v1/people/607208,6,6,Shortstop,Infielder,SS,A,Active,hitting,True,,,,,,,,,,,,,,,,,,,160,708,652,101,194,39,4,21,100,45,131,27,.298,.343,.466,.809,.342,,
2022,119,Los Angeles Dodgers,LAD,National League,National League West,628711,Julio Urías,/api/v1/people/628711,7,1,Pitcher,Pitcher,P,A,Active,pitching,True,31,31,17,7,0,0,175.0,127,51,42,41,166,23,2.16,0.96,,,4.05,,,,,,,,,,,,,,,,,,,
2022,119,Los Angeles Dodgers,LAD,National League,National League West,678246,Miguel Vargas,/api/v1/people/678246,71,3,First Base,Infielder,1B,A,Active,hitting,True,,,,,,,,,,,,,,,,,,,18,50,47,4,8,1,0,1,8,2,13,1,.170,.200,.255,.455,.206,,
2022,119,Los Angeles Dodgers,LAD,National League,National League West,681911,Alex Vesia,/api/v1/people/681911,51,1,Pitcher,Pitcher,P,A,Active,pitching,True,63,0,5,0,1,16,54.1,37,14,13,24,79,2,2.15,1.12,,,3.29,,,,,,,,,,,,,,,,,,,
2022,119,Los Angeles Dodgers,LAD,National League,National League West,669952,Mitch White,/api/v1/people/669952,66,1,Pitcher,Pitcher,P,TR,Traded,pitching,True,25,18,1,7,0,0,99.0,110,62,60,35,78,9,5.45,1.46,,,2.23,,,,,,,,,,,,,,,,,,,
2022,119,Los Angeles Dodgers,LAD,National League,National League West,547172,Tony Wolters,/api/v1/people/547172,,2,Catcher,Catcher,C,MIN,Minor League Contract,hitting,True,,,,,,,,,,,,,,,,,,,2,4,4,0,0,0,0,0,0,0,3,0,.000,.000,.000,.000,.000,,
2022,120,Washington Nationals,WSH,National League,National League East,676265,Cory Abbott,/api/v1/people/676265,77,1,Pitcher,Pitcher,P,A,Active,pitching,True,16,9,0,5,0,0,48.0,44,30,28,25,45,12,5.25,1.44,,,1.80,,,,,,,,,,,,,,,,,,,
2022,120,Washington Nationals,WSH,National League,National League East,682928,CJ Abrams,/api/v1/people/682928,5,6,Shortstop,Infielder,SS,A,Active,hitting,True,,,,,,,,,,,,,,,,,,,90,302,284,33,70,12,2,2,21,5,50,7,.246,.280,.324,.604,.291,,
2022,120,Washington Nationals,WSH,National League,National League East,656180,Riley Adams,/api/v1/people/656180,15,2,Catcher,Catcher,C,A,Active,hitting,True,,,,,,,,,,,,,,,,,,,48,155,142,14,25,4,0,5,10,12,46,0,.176,.245,.310,.555,.220,,
2022,120,Washington Nationals,WSH,National League,National League East,672851,Joan Adon,/api/v1/people/672851,60,1,Pitcher,Pitcher,P,A,Active,pitching,True,14,14,1,12,0,0,64.2,76,53,51,39,55,8,7.10,1.78,,,1.41,,,,,,,,,,,,,,,,,,,
2022,120,Washington Nationals,WSH,National League,National League East,501303,Ehire Adrianza,/api/v1/people/501303,5,7,Outfielder,Outfielder,LF,TR,Traded,hitting,True,,,,,,,,,,,,,,,,,,,37,110,97,8,17,3,0,0,7,11,25,1,.175,.264,.206,.470,.233,,
2022,120,Washington Nationals,WSH,National League,National League East,644364,Víctor Arano,/api/v1/people/644364,64,1,Pitcher,Pitcher,P,A,Active,pitching,True,43,0,1,1,1,7,42.0,47,30,21,12,44,5,4.50,1.40,,,3.67,,,,,,,,,,,,,,,,,,,
2022,120,Washington Nationals,WSH,National League,National League East,668663,Tres Barrera,/api/v1/people/668663,38,2,Catcher,Catcher,C,A,Active,hitting,True,,,,,,,,,,,,,,,,,,,19,53,50,2,9,1,0,0,4,2,16,0,.180,.212,.200,.412,.265,,
2022,120,Washington Nationals,WSH,National League,National League East,605137,Josh Bell,/api/v1/people/605137,19,3,First Base,Infielder,1B,TR,Traded,hitting,True,,,,,,,,,,,,,,,,,,,156,647,552,78,147,29,3,17,71,81,102,0,.266,.362,.422,.784,.296,,
2022,120,Washington Nationals,WSH,National League,National League East,669743,Alex Call,/api/v1/people/669743,62,7,Outfielder,Outfielder,LF,A,Active,hitting,True,,,,,,,,,,,,,,,,,,,47,131,114,18,27,3,1,5,13,15,30,3,.237,.336,.412,.748,.278,,
2022,120,Washington Nationals,WSH,National League,National League East,676917,Cade Cavalli,/api/v1/people/676917,54,1,Pitcher,Pitcher,P,A,Active,pitching,True,1,1,0,1,0,0,4.1,6,7,7,2,6,0,14.54,1.85,,,3.00,,,,,,,,,,,,,,,,,,,
2022,120,Washington Nationals,WSH,National League,National League East,518553,Steve Cishek,/api/v1/people/518553,33,1,Pitcher,Pitcher,P,A,Active,pitching,True,69,0,1,4,1,6,66.1,54,33,31,27,74,11,4.21,1.22,,,2.74,,,,,,,,,,,,,,,,,,,
2022,120,Washington Nationals,WSH,National League,National League East,621348,Sam Clay,/api/v1/people/621348,49,1,Pitcher,Pitcher,P,CL,Claimed,pitching,True,7,0,0,0,0,0,5.1,4,6,5,4,5,1,8.44,1.50,,,1.25,,,,,,,,,,,,,,,,,,,
2022,120,Washington Nationals,WSH,National League,National League East,461325,Tyler Clippard,/api/v1/people/461325,39,1,Pitcher,Pitcher,P,MIN,Minor League Contract,pitching,True,4,0,0,0,0,0,5.0,6,4,4,4,4,1,7.20,2.00,,,1.00,,,,,,,,,,,,,,,,,,,
2022,120,Washington Nationals,WSH,National League,National League East,571578,Patrick Corbin,/api/v1/people/571578,46,1,Pitcher,Pitcher,P,A,Active,pitching,True,31,31,6,19,0,0,152.2,210,119,107,49,128,27,6.31,1.70,,,2.61,,,,,,,,,,,,,,,,,,,
2022,120,Washington Nationals,WSH,National League,National League East,443558,Nelson Cruz,/api/v1/people/443558,23,10,Designated Hitter,Hitter,DH,A,Active,hitting,True,,,,,,,,,,,,,,,,,,,124,507,448,50,105,16,0,10,64,49,119,4,.234,.313,.337,.650,.295,,
2022,120,Washington Nationals,WSH,National League,National League East,448281,Sean Doolittle,/api/v1/people/448281,63,1,Pitcher,Pitcher,P,D60,Injured 60-Day,pitching,True,6,0,0,0,0,2,5.1,1,0,0,0,6,0,0.00,0.19,,,-.--,,,,,,,,,,,,,,,,,,,
2022,120,Washington Nationals,WSH,National League,National League East,605218,Carl Edwards Jr.,/api/v1/people/605218,58,1,Pitcher,Pitcher,P,A,Active,pitching,True,57,0,6,3,2,13,62.0,51,22,19,25,56,8,2.76,1.23,,,2.24,,,,,,,,,,,,,,,,,,,
2022,120,Washington Nationals,WSH,National League,National League East,444876,Alcides Escobar,/api/v1/people/444876,3,6,Shortstop,Infielder,SS,RL,Released,hitting,True,,,,,,,,,,,,,,,,,,,42,131,124,12,27,4,2,0,8,5,32,1,.218,.260,.282,.542,.293,,
2022,120,Washington Nationals,WSH,National League,National League East,502179,Paolo Espino,/api/v1/people/502179,30,1,Pitcher,Pitcher,P,A,Active,pitching,True,42,19,0,9,0,0,113.1,131,64,61,24,92,24,4.84,1.37,,,3.83,,,,,,,,,,,,,,,,,,,
2022,120,Washington Nationals,WSH,National League,National League East,607200,Erick Fedde,/api/v1/people/607200,32,1,Pitcher,Pitcher,P,A,Active,pitching,True,27,27,6,13,0,0,127.0,149,84,82,58,94,21,5.81,1.63,,,1.62,,,,,,,,,,,,,,,,,,,
2022,120,Washington Nationals,WSH,National League,National League East,640448,Kyle Finnegan,/api/v1/people/640448,67,1,Pitcher,Pitcher,P,A,Active,pitching,True,66,0,6,4,11,14,66.2,54,28,26,22,70,9,3.51,1.14,,,3.18,,,,,,,,,,,,,,,,,,,
2022,120,Washington Nationals,WSH,National League,National League East,665650,Lucius Fox,/api/v1/people/665650,26,6,Shortstop,Infielder,SS,A,Active,hitting,True,,,,,,,,,,,,,,,,,,,10,28,25,2,2,0,0,0,2,1,9,1,.080,.115,.080,.195,.125,,
2022,120,Washington Nationals,WSH,National League,National League East,596748,Maikel Franco,/api/v1/people/596748,7,5,Third Base,Infielder,3B,RL,Released,hitting,True,,,,,,,,,,,,,,,,,,,103,388,371,31,85,15,0,9,39,12,75,1,.229,.255,.342,.597,.262,,
2022,120,Washington Nationals,WSH,National League,National League East,671277,Luis García Jr.,/api/v1/people/671277,2,4,Second Base,Infielder,2B,A,Active,hitting,True,,,,,,,,,,,,,,,,,,,93,377,360,29,99,23,2,7,45,11,84,3,.275,.295,.408,.703,.337,,
2022,120,Washington Nationals,WSH,National League,National League East,657585,Reed Garrett,/api/v1/people/657585,53,1,Pitcher,Pitcher,P,A,Active,pitching,True,7,0,0,1,0,0,9.1,13,8,7,8,6,1,6.75,2.25,,,0.75,,,,,,,,,,,,,,,,,,,
2022,120,Washington Nationals,WSH,National League,National League East,680686,Josiah Gray,/api/v1/people/680686,40,1,Pitcher,Pitcher,P,A,Active,pitching,True,28,28,7,10,0,0,148.2,136,84,83,66,154,38,5.02,1.36,,,2.33,,,,,,,,,,,,,,,,,,,
2022,120,Washington Nationals,WSH,National League,National League East,640451,Hunter Harvey,/api/v1/people/640451,73,1,Pitcher,Pitcher,P,A,Active,pitching,True,38,0,2,1,0,6,39.1,33,12,11,12,45,1,2.52,1.14,,,3.75,,,,,,,,,,,,,,,,,,,
2022,120,Washington Nationals,WSH,National League,National League East,514917,César Hernández,/api/v1/people/514917,1,4,Second Base,Infielder,2B,A,Active,hitting,True,,,,,,,,,,,,,,,,,,,147,617,560,64,139,28,4,1,34,45,114,10,.248,.311,.318,.629,.309,,
2022,120,Washington Nationals,WSH,National League,National League East,628450,Yadiel Hernandez,/api/v1/people/628450,29,7,Outfielder,Outfielder,LF,D60,Injured 60-Day,hitting,True,,,,,,,,,,,,,,,,,,,94,327,305,30,82,16,0,9,41,19,74,2,.269,.312,.410,.722,.326,,
2022,120,Washington Nationals,WSH,National League,National League East,681885,Evan Lee,/api/v1/people/681885,59,1,Pitcher,Pitcher,P,D60,Injured 60-Day,pitching,True,4,1,0,1,0,0,8.2,9,5,4,7,7,1,4.15,1.85,,,1.00,,,,,,,,,,,,,,,,,,,
2022,120,Washington Nationals,WSH,National League,National League East,600921,Andrés Machado,/api/v1/people/600921,57,1,Pitcher,Pitcher,P,A,Active,pitching,True,51,0,2,0,0,3,59.1,55,32,22,26,46,7,3.34,1.37,,,1.77,,,,,,,,,,,,,,,,,,,
2022,120,Washington Nationals,WSH,National League,National League East,459429,Jake McGee,/api/v1/people/459429,47,1,Pitcher,Pitcher,P,RL,Released,pitching,True,42,0,1,3,3,4,37.0,41,29,28,12,25,6,6.81,1.43,,,2.08,,,,,,,,,,,,,,,,,,,
2022,120,Washington Nationals,WSH,National League,National League East,608841,Joey Meneses,/api/v1/people/608841,45,10,Designated Hitter,Hitter,DH,A,Active,hitting,True,,,,,,,,,,,,,,,,,,,56,240,222,33,72,14,0,13,34,15,52,1,.324,.367,.563,.930,.371,,
2022,120,Washington Nationals,WSH,National League,National League East,641907,Patrick Murphy,/api/v1/people/641907,52,1,Pitcher,Pitcher,P,MIN,Minor League Contract,pitching,True,6,0,0,0,0,0,5.2,8,6,4,8,4,0,6.35,2.82,,,0.50,,,,,,,,,,,,,,,,,,,
2022,120,Washington Nationals,WSH,National League,National League East,641943,Joshua Palacios,/api/v1/people/641943,68,9,Outfielder,Outfielder,RF,A,Active,hitting,True,,,,,,,,,,,,,,,,,,,29,49,47,8,10,2,0,0,2,1,15,1,.213,.245,.255,.500,.313,,
2022,120,Washington Nationals,WSH,National League,National League East,660906,Francisco Pérez,/api/v1/people/660906,65,1,Pitcher,Pitcher,P,A,Active,pitching,True,10,0,0,0,0,0,8.2,13,7,7,9,7,2,7.27,2.54,,,0.78,,,,,,,,,,,,,,,,,,,
2022,120,Washington Nationals,WSH,National League,National League East,672832,Israel Pineda,/api/v1/people/672832,43,2,Catcher,Catcher,C,A,Active,hitting,True,,,,,,,,,,,,,,,,,,,4,14,13,1,1,0,0,0,0,1,7,0,.077,.143,.077,.220,.167,,
2022,120,Washington Nationals,WSH,National League,National League East,663432,Tanner Rainey,/api/v1/people/663432,21,1,Pitcher,Pitcher,P,D60,Injured 60-Day,pitching,True,29,0,1,3,12,1,30.0,26,16,11,13,36,5,3.30,1.30,,,2.77,,,,,,,,,,,,,,,,,,,
2022,120,Washington Nationals,WSH,National League,National League East,541640,Erasmo Ramírez,/api/v1/people/541640,61,1,Pitcher,Pitcher,P,A,Active,pitching,True,60,2,4,2,0,5,86.1,79,31,28,14,61,11,2.92,1.08,,,4.36,,,,,,,,,,,,,,,,,,,
2022,120,Washington Nationals,WSH,National League,National League East,645302,Victor Robles,/api/v1/people/645302,16,8,Outfielder,Outfielder,CF,A,Active,hitting,True,,,,,,,,,,,,,,,,,,,132,407,366,42,82,10,2,6,33,17,104,15,.224,.273,.311,.584,.292,,
2022,120,Washington Nationals,WSH,National League,National League East,642028,Josh Rogers,/api/v1/people/642028,13,1,Pitcher,Pitcher,P,MIN,Minor League Contract,pitching,True,16,3,2,2,0,1,26.1,24,15,15,11,12,6,5.13,1.33,,,1.09,,,,,,,,,,,,,,,,,,,
2022,120,Washington Nationals,WSH,National League,National League East,676720,Tommy Romero,/api/v1/people/676720,49,1,Pitcher,Pitcher,P,A,Active,pitching,True,4,2,1,1,0,0,8.1,11,12,10,9,7,7,10.80,2.40,,,0.78,,,,,,,,,,,,,,,,,,,
2022,120,Washington Nationals,WSH,National League,National League East,660688,Keibert Ruiz,/api/v1/people/660688,20,2,Catcher,Catcher,C,A,Active,hitting,True,,,,,,,,,,,,,,,,,,,112,433,394,33,99,22,0,7,36,30,50,6,.251,.313,.360,.673,.271,,
2022,120,Washington Nationals,WSH,National League,National League East,592717,Aaron Sanchez,/api/v1/people/592717,45,1,Pitcher,Pitcher,P,MIN,Minor League Contract,pitching,True,15,10,3,4,0,0,60.0,78,46,44,15,41,8,6.60,1.55,,,2.73,,,,,,,,,,,,,,,,,,,
2022,120,Washington Nationals,WSH,National League,National League East,434671,Aníbal Sánchez,/api/v1/people/434671,19,1,Pitcher,Pitcher,P,A,Active,pitching,True,14,14,4,6,0,0,69.1,55,34,33,33,48,13,4.28,1.27,,,1.45,,,,,,,,,,,,,,,,,,,
2022,120,Washington Nationals,WSH,National League,National League East,665742,Juan Soto,/api/v1/people/665742,22,9,Outfielder,Outfielder,RF,TR,Traded,hitting,True,,,,,,,,,,,,,,,,,,,153,664,524,93,127,25,2,27,62,135,96,6,.242,.401,.452,.853,.249,,
2022,120,Washington Nationals,WSH,National League,National League East,543829,Dee Strange-Gordon,/api/v1/people/543829,,O,Outfield,Outfielder,OF,MIN,Minor League Contract,hitting,True,,,,,,,,,,,,,,,,,,,23,59,59,6,18,1,1,0,2,0,8,3,.305,.305,.356,.661,.353,,
2022,120,Washington Nationals,WSH,National League,National League East,544931,Stephen Strasburg,/api/v1/people/544931,37,1,Pitcher,Pitcher,P,D60,Injured 60-Day,pitching,True,1,1,0,1,0,0,4.2,8,7,7,2,5,1,13.50,2.14,,,2.50,,,,,,,,,,,,,,,,,,,
2022,120,Washington Nationals,WSH,National League,National League East,676194,Jackson Tetreault,/api/v1/people/676194,72,1,Pitcher,Pitcher,P,D60,Injured 60-Day,pitching,True,4,4,2,2,0,0,21.0,23,15,12,10,9,4,5.14,1.57,,,0.90,,,,,,,,,,,,,,,,,,,
2022,120,Washington Nationals,WSH,National League,National League East,657041,Lane Thomas,/api/v1/people/657041,28,9,Outfielder,Outfielder,RF,A,Active,hitting,True,,,,,,,,,,,,,,,,,,,146,548,498,62,120,26,2,17,52,41,132,8,.241,.301,.404,.705,.291,,
2022,120,Washington Nationals,WSH,National League,National League East,666168,Mason Thompson,/api/v1/people/666168,71,1,Pitcher,Pitcher,P,A,Active,pitching,True,24,0,1,1,1,0,24.2,19,8,8,9,15,2,2.92,1.14,,,1.67,,,,,,,,,,,,,,,,,,,
2022,120,Washington Nationals,WSH,National League,National League East,545121,Ildemaro Vargas,/api/v1/people/545121,14,5,Third Base,Infielder,3B,A,Active,hitting,True,,,,,,,,,,,,,,,,,,,63,222,209,19,55,13,1,4,23,8,23,3,.263,.299,.392,.691,.279,,
2022,120,Washington Nationals,WSH,National League,National League East,572228,Luke Voit,/api/v1/people/572228,34,3,First Base,Infielder,1B,A,Active,hitting,True,,,,,,,,,,,,,,,,,,,135,568,500,55,113,22,0,22,69,55,179,1,.226,.308,.402,.710,.298,,
2022,120,Washington Nationals,WSH,National League,National League East,608723,Austin Voth,/api/v1/people/608723,50,1,Pitcher,Pitcher,P,CL,Claimed,pitching,True,41,17,5,4,0,1,101.2,111,52,49,31,90,14,4.34,1.40,,,2.90,,,,,,,,,,,,,,,,,,,
2022,120,Washington Nationals,WSH,National League,National League East,607179,Jordan Weems,/api/v1/people/607179,51,1,Pitcher,Pitcher,P,A,Active,pitching,True,32,0,0,1,0,0,39.2,35,24,23,12,41,7,5.22,1.18,,,3.42,,,,,,,,,,,,,,,,,,,
2022,121,New York Mets,NYM,National League,National League East,624413,Pete Alonso,/api/v1/people/624413,20,3,First Base,Infielder,1B,A,Active,hitting,True,,,,,,,,,,,,,,,,,,,160,685,597,95,162,27,0,40,131,67,128,5,.271,.352,.518,.870,.279,,
2022,121,New York Mets,NYM,National League,National League East,682626,Francisco Alvarez,/api/v1/people/682626,50,2,Catcher,Catcher,C,A,Active,hitting,True,,,,,,,,,,,,,,,,,,,5,14,12,3,2,1,0,1,1,2,4,0,.167,.286,.500,.786,.143,,
2022,121,New York Mets,NYM,National League,National League East,571439,R.J. Alvarez,/api/v1/people/571439,71,1,Pitcher,Pitcher,P,MIN,Minor League Contract,pitching,True,1,0,0,1,0,0,2.1,4,3,3,3,2,2,11.57,3.00,,,0.67,,,,,,,,,,,,,,,,,,,
2022,121,New York Mets,NYM,National League,National League East,605135,Chris Bassitt,/api/v1/people/605135,40,1,Pitcher,Pitcher,P,A,Active,pitching,True,30,30,15,9,0,0,181.2,159,71,69,49,167,19,3.42,1.14,,,3.41,,,,,,,,,,,,,,,,,,,
2022,121,New York Mets,NYM,National League,National League East,683146,Brett Baty,/api/v1/people/683146,22,5,Third Base,Infielder,3B,A,Active,hitting,True,,,,,,,,,,,,,,,,,,,11,42,38,4,7,0,0,2,5,2,8,0,.184,.244,.342,.586,.179,,
2022,121,New York Mets,NYM,National League,National League East,663905,Travis Blankenhorn,/api/v1/people/663905,27,4,Second Base,Infielder,2B,MIN,Minor League Contract,hitting,True,,,,,,,,,,,,,,,,,,,1,3,3,0,0,0,0,0,0,0,1,0,.000,.000,.000,.000,.000,,
2022,121,New York Mets,NYM,National League,National League East,592192,Mark Canha,/api/v1/people/592192,19,7,Outfielder,Outfielder,LF,A,Active,hitting,True,,,,,,,,,,,,,,,,,,,140,542,462,71,123,24,0,13,61,48,97,3,.266,.367,.403,.770,.309,,
2022,121,New York Mets,NYM,National League,National League East,429664,Robinson Canó,/api/v1/people/429664,24,4,Second Base,Infielder,2B,RL,Released,hitting,True,,,,,,,,,,,,,,,,,,,33,104,100,5,15,1,0,1,4,4,25,0,.150,.183,.190,.373,.189,,
2022,121,New York Mets,NYM,National League,National League East,471911,Carlos Carrasco,/api/v1/people/471911,59,1,Pitcher,Pitcher,P,A,Active,pitching,True,29,29,15,7,0,0,152.0,161,71,67,41,152,17,3.97,1.33,,,3.71,,,,,,,,,,,,,,,,,,,
2022,121,New York Mets,NYM,National League,National League East,592222,Alex Claudio,/api/v1/people/592222,58,1,Pitcher,Pitcher,P,MIN,Minor League Contract,pitching,True,3,0,0,0,0,0,3.1,1,0,0,2,2,0,0.00,0.90,,,1.00,,,,,,,,,,,,,,,,,,,
2022,121,New York Mets,NYM,National League,National League East,621348,Sam Clay,/api/v1/people/621348,46,1,Pitcher,Pitcher,P,MIN,Minor League Contract,pitching,True,7,0,0,0,0,0,5.1,4,6,5,4,5,1,8.44,1.50,,,1.25,,,,,,,,,,,,,,,,,,,
2022,121,New York Mets,NYM,National League,National League East,605204,J.D. Davis,/api/v1/people/605204,28,5,Third Base,Infielder,3B,TR,Traded,hitting,True,,,,,,,,,,,,,,,,,,,115,365,318,46,79,16,1,12,35,39,122,1,.248,.340,.418,.758,.360,,
2022,121,New York Mets,NYM,National League,National League East,621242,Edwin Díaz,/api/v1/people/621242,39,1,Pitcher,Pitcher,P,A,Active,pitching,True,61,0,3,1,32,4,62.0,34,9,9,18,118,3,1.31,0.84,,,6.56,,,,,,,,,,,,,,,,,,,
2022,121,New York Mets,NYM,National League,National League East,500871,Eduardo Escobar,/api/v1/people/500871,10,5,Third Base,Infielder,3B,A,Active,hitting,True,,,,,,,,,,,,,,,,,,,136,542,495,58,119,26,4,20,69,40,129,0,.240,.295,.430,.725,.281,,
2022,121,New York Mets,NYM,National League,National League East,688010,Nate Fisher,/api/v1/people/688010,64,1,Pitcher,Pitcher,P,MIN,Minor League Contract,pitching,True,1,0,0,0,0,0,3.0,1,0,0,2,1,0,0.00,1.00,,,0.50,,,,,,,,,,,,,,,,,,,
2022,121,New York Mets,NYM,National League,National League East,571710,Mychal Givens,/api/v1/people/571710,60,1,Pitcher,Pitcher,P,A,Active,pitching,True,59,1,7,3,2,7,61.1,56,27,23,25,71,8,3.38,1.32,,,2.84,,,,,,,,,,,,,,,,,,,
2022,121,New York Mets,NYM,National League,National League East,605253,Terrance Gore,/api/v1/people/605253,4,O,Outfield,Outfielder,OF,A,Active,hitting,True,,,,,,,,,,,,,,,,,,,10,8,7,1,1,0,0,0,0,0,3,3,.143,.143,.143,.286,.250,,
2022,121,New York Mets,NYM,National League,National League East,641645,Luis Guillorme,/api/v1/people/641645,13,4,Second Base,Infielder,2B,A,Active,hitting,True,,,,,,,,,,,,,,,,,,,102,335,297,33,81,12,1,2,17,34,46,1,.273,.351,.340,.691,.317,,
2022,121,New York Mets,NYM,National League,National League East,670059,Colin Holderman,/api/v1/people/670059,35,1,Pitcher,Pitcher,P,TR,Traded,pitching,True,24,0,5,0,0,2,28.1,20,14,12,14,24,0,3.81,1.20,,,1.71,,,,,,,,,,,,,,,,,,,
2022,121,New York Mets,NYM,National League,National League East,488984,Tommy Hunter,/api/v1/people/488984,34,1,Pitcher,Pitcher,P,A,Active,pitching,True,18,0,0,1,0,1,22.1,21,8,6,6,22,4,2.42,1.21,,,3.67,,,,,,,,,,,,,,,,,,,
2022,121,New York Mets,NYM,National League,National League East,542255,Ender Inciarte,/api/v1/people/542255,22,O,Outfield,Outfielder,OF,MIN,Minor League Contract,hitting,True,,,,,,,,,,,,,,,,,,,11,8,8,1,1,0,0,0,0,0,0,0,.125,.125,.125,.250,.125,,
2022,121,New York Mets,NYM,National League,National League East,608671,Travis Jankowski,/api/v1/people/608671,,7,Outfielder,Outfielder,LF,MIN,Minor League Contract,hitting,True,,,,,,,,,,,,,,,,,,,44,64,55,11,9,0,0,0,2,8,10,3,.164,.281,.164,.445,.200,,
2022,121,New York Mets,NYM,National League,National League East,666137,Khalil Lee,/api/v1/people/666137,26,8,Outfielder,Outfielder,CF,A,Active,hitting,True,,,,,,,,,,,,,,,,,,,2,2,2,1,1,0,0,1,3,0,0,0,.500,.500,2.000,2.500,.000,,
2022,121,New York Mets,NYM,National League,National League East,596019,Francisco Lindor,/api/v1/people/596019,12,6,Shortstop,Infielder,SS,A,Active,hitting,True,,,,,,,,,,,,,,,,,,,161,706,630,98,170,25,5,26,107,59,133,16,.270,.339,.449,.788,.301,,
2022,121,New York Mets,NYM,National League,National League East,661255,Yoan López,/api/v1/people/661255,44,1,Pitcher,Pitcher,P,A,Active,pitching,True,8,0,1,0,0,0,11.0,14,8,7,5,10,2,5.73,1.73,,,2.00,,,,,,,,,,,,,,,,,,,
2022,121,New York Mets,NYM,National League,National League East,607625,Seth Lugo,/api/v1/people/607625,67,1,Pitcher,Pitcher,P,A,Active,pitching,True,62,0,3,2,3,16,65.0,58,26,26,18,69,9,3.60,1.17,,,3.83,,,,,,,,,,,,,,,,,,,
2022,121,New York Mets,NYM,National League,National League East,571918,Deven Marrero,/api/v1/people/571918,15,5,Third Base,Infielder,3B,MIN,Minor League Contract,hitting,True,,,,,,,,,,,,,,,,,,,5,6,6,0,0,0,0,0,0,0,3,1,.000,.000,.000,.000,.000,,
2022,121,New York Mets,NYM,National League,National League East,516782,Starling Marte,/api/v1/people/516782,6,9,Outfielder,Outfielder,RF,A,Active,hitting,True,,,,,,,,,,,,,,,,,,,118,505,466,76,136,24,5,16,63,26,97,18,.292,.347,.468,.815,.340,,
2022,121,New York Mets,NYM,National League,National League East,543507,Trevor May,/api/v1/people/543507,65,1,Pitcher,Pitcher,P,A,Active,pitching,True,26,0,2,0,1,6,25.0,27,14,14,9,30,4,5.04,1.44,,,3.33,,,,,,,,,,,,,,,,,,,
2022,121,New York Mets,NYM,National League,National League East,664850,Patrick Mazeika,/api/v1/people/664850,4,2,Catcher,Catcher,C,CL,Claimed,hitting,True,,,,,,,,,,,,,,,,,,,24,72,68,4,13,4,0,1,6,2,9,0,.191,.214,.294,.508,.207,,
2022,121,New York Mets,NYM,National League,National League East,543510,James McCann,/api/v1/people/543510,33,2,Catcher,Catcher,C,A,Active,hitting,True,,,,,,,,,,,,,,,,,,,61,191,174,19,34,6,0,3,18,11,46,3,.195,.257,.282,.539,.244,,
2022,121,New York Mets,NYM,National League,National League East,643446,Jeff McNeil,/api/v1/people/643446,1,4,Second Base,Infielder,2B,A,Active,hitting,True,,,,,,,,,,,,,,,,,,,148,589,533,73,174,39,1,9,62,40,61,4,.326,.382,.454,.836,.353,,
2022,121,New York Mets,NYM,National League,National League East,658431,Adonis Medina,/api/v1/people/658431,68,1,Pitcher,Pitcher,P,MIN,Minor League Contract,pitching,True,14,0,1,0,1,0,23.2,30,18,16,6,17,2,6.08,1.52,,,2.83,,,,,,,,,,,,,,,,,,,
2022,121,New York Mets,NYM,National League,National League East,656731,Tylor Megill,/api/v1/people/656731,38,1,Pitcher,Pitcher,P,A,Active,pitching,True,15,9,4,2,0,0,47.1,46,27,27,13,51,7,5.13,1.25,,,3.92,,,,,,,,,,,,,,,,,,,
2022,121,New York Mets,NYM,National League,National League East,656755,Bryce Montes de Oca,/api/v1/people/656755,63,1,Pitcher,Pitcher,P,A,Active,pitching,True,3,0,0,0,0,0,3.1,7,4,4,2,6,0,10.80,2.70,,,3.00,,,,,,,,,,,,,,,,,,,
2022,121,New York Mets,NYM,National League,National League East,571980,Tyler Naquin,/api/v1/people/571980,25,7,Outfielder,Outfielder,LF,A,Active,hitting,True,,,,,,,,,,,,,,,,,,,105,334,310,47,71,19,4,11,46,19,93,4,.229,.282,.423,.705,.291,,
2022,121,New York Mets,NYM,National League,National League East,621512,Tomás Nido,/api/v1/people/621512,3,2,Catcher,Catcher,C,A,Active,hitting,True,,,,,,,,,,,,,,,,,,,98,313,284,31,68,15,0,3,28,14,76,0,.239,.276,.324,.600,.314,,
2022,121,New York Mets,NYM,National League,National League East,607043,Brandon Nimmo,/api/v1/people/607043,9,8,Outfielder,Outfielder,CF,A,Active,hitting,True,,,,,,,,,,,,,,,,,,,151,673,580,102,159,30,7,16,64,71,116,3,.274,.367,.433,.800,.317,,
2022,121,New York Mets,NYM,National League,National League East,668665,Stephen Nogosek,/api/v1/people/668665,42,1,Pitcher,Pitcher,P,A,Active,pitching,True,12,0,1,1,0,0,22.0,20,10,6,7,21,4,2.45,1.23,,,3.00,,,,,,,,,,,,,,,,,,,
2022,121,New York Mets,NYM,National League,National League East,493603,Adam Ottavino,/api/v1/people/493603,0,1,Pitcher,Pitcher,P,A,Active,pitching,True,66,0,6,3,3,19,65.2,48,15,15,16,79,6,2.06,0.97,,,4.94,,,,,,,,,,,,,,,,,,,
2022,121,New York Mets,NYM,National League,National League East,605421,Michael Pérez,/api/v1/people/605421,35,2,Catcher,Catcher,C,MIN,Minor League Contract,hitting,True,,,,,,,,,,,,,,,,,,,45,132,121,10,18,0,0,6,14,10,32,1,.149,.214,.298,.512,.145,,
2022,121,New York Mets,NYM,National League,National League East,656849,David Peterson,/api/v1/people/656849,23,1,Pitcher,Pitcher,P,A,Active,pitching,True,28,19,7,5,0,0,105.2,93,50,45,48,126,11,3.83,1.33,,,2.63,,,,,,,,,,,,,,,,,,,
2022,121,New York Mets,NYM,National League,National League East,663911,Nick Plummer,/api/v1/people/663911,18,9,Outfielder,Outfielder,RF,MIN,Minor League Contract,hitting,True,,,,,,,,,,,,,,,,,,,14,31,29,4,4,1,0,2,6,1,12,0,.138,.194,.379,.573,.133,,
2022,121,New York Mets,NYM,National League,National League East,596082,Jake Reed,/api/v1/people/596082,72,1,Pitcher,Pitcher,P,CL,Claimed,pitching,True,18,0,2,0,1,0,16.2,17,15,13,8,13,2,7.02,1.50,,,1.63,,,,,,,,,,,,,,,,,,,
2022,121,New York Mets,NYM,National League,National League East,656887,Sean Reid-Foley,/api/v1/people/656887,61,1,Pitcher,Pitcher,P,D60,Injured 60-Day,pitching,True,7,0,0,0,0,0,10.0,7,6,6,7,8,1,5.40,1.40,,,1.14,,,,,,,,,,,,,,,,,,,
2022,121,New York Mets,NYM,National League,National League East,608703,Matt Reynolds,/api/v1/people/608703,15,6,Shortstop,Infielder,SS,CL,Claimed,hitting,True,,,,,,,,,,,,,,,,,,,93,272,244,31,60,10,1,3,23,26,78,5,.246,.320,.332,.652,.348,,
2022,121,New York Mets,NYM,National League,National League East,570257,Joely Rodríguez,/api/v1/people/570257,30,1,Pitcher,Pitcher,P,A,Active,pitching,True,55,0,2,4,0,9,50.1,42,28,25,26,57,3,4.47,1.35,,,2.19,,,,,,,,,,,,,,,,,,,
2022,121,New York Mets,NYM,National League,National League East,573131,Darin Ruf,/api/v1/people/573131,33,3,First Base,Infielder,1B,A,Active,hitting,True,,,,,,,,,,,,,,,,,,,119,388,334,52,68,12,0,11,45,45,105,2,.204,.307,.338,.645,.258,,
2022,121,New York Mets,NYM,National League,National League East,570560,Yolmer Sánchez,/api/v1/people/570560,43,5,Third Base,Infielder,3B,MIN,Minor League Contract,hitting,True,,,,,,,,,,,,,,,,,,,17,44,37,1,4,0,0,0,2,5,13,0,.108,.214,.108,.322,.167,,
2022,121,New York Mets,NYM,National League,National League East,453286,Max Scherzer,/api/v1/people/453286,21,1,Pitcher,Pitcher,P,A,Active,pitching,True,23,23,11,5,0,0,145.1,108,39,37,24,173,13,2.29,0.91,,,7.21,,,,,,,,,,,,,,,,,,,
2022,121,New York Mets,NYM,National League,National League East,592741,Chasen Shreve,/api/v1/people/592741,43,1,Pitcher,Pitcher,P,RL,Released,pitching,True,25,0,1,1,0,4,26.1,27,19,19,10,29,6,6.49,1.41,,,2.90,,,,,,,,,,,,,,,,,,,
2022,121,New York Mets,NYM,National League,National League East,642086,Dominic Smith,/api/v1/people/642086,2,3,First Base,Infielder,1B,A,Active,hitting,True,,,,,,,,,,,,,,,,,,,58,152,134,11,26,10,1,0,17,12,37,0,.194,.276,.284,.560,.263,,
2022,121,New York Mets,NYM,National League,National League East,622098,Drew Smith,/api/v1/people/622098,40,1,Pitcher,Pitcher,P,A,Active,pitching,True,44,0,3,3,0,14,46.0,38,17,17,15,53,9,3.33,1.15,,,3.53,,,,,,,,,,,,,,,,,,,
2022,121,New York Mets,NYM,National League,National League East,663378,Thomas Szapucki,/api/v1/people/663378,63,1,Pitcher,Pitcher,P,TR,Traded,pitching,True,11,1,0,1,0,1,15.0,19,12,12,7,18,6,7.20,1.73,,,2.57,,,,,,,,,,,,,,,,,,,
2022,121,New York Mets,NYM,National League,National League East,668901,Mark Vientos,/api/v1/people/668901,27,5,Third Base,Infielder,3B,A,Active,hitting,True,,,,,,,,,,,,,,,,,,,16,41,36,3,6,1,0,1,3,5,12,0,.167,.268,.278,.546,.217,,
2022,121,New York Mets,NYM,National League,National League East,596129,Daniel Vogelbach,/api/v1/people/596129,32,10,Designated Hitter,Hitter,DH,A,Active,hitting,True,,,,,,,,,,,,,,,,,,,130,461,386,47,92,19,1,18,59,73,114,0,.238,.360,.433,.793,.290,,
2022,121,New York Mets,NYM,National League,National League East,592836,Taijuan Walker,/api/v1/people/592836,99,1,Pitcher,Pitcher,P,A,Active,pitching,True,29,29,12,5,0,0,157.1,143,63,61,45,132,15,3.49,1.19,,,2.93,,,,,,,,,,,,,,,,,,,
2022,121,New York Mets,NYM,National League,National League East,592866,Trevor Williams,/api/v1/people/592866,29,1,Pitcher,Pitcher,P,A,Active,pitching,True,30,9,3,5,1,1,89.2,87,34,32,23,84,12,3.21,1.23,,,3.65,,,,,,,,,,,,,,,,,,,
2022,121,New York Mets,NYM,National League,National League East,642239,Rob Zastryzny,/api/v1/people/642239,63,1,Pitcher,Pitcher,P,CL,Claimed,pitching,True,6,0,0,0,0,0,4.0,3,4,3,1,3,0,6.75,1.00,,,3.00,,,,,,,,,,,,,,,,,,,
2022,121,New York Mets,NYM,National League,National League East,594798,Jacob deGrom,/api/v1/people/594798,48,1,Pitcher,Pitcher,P,A,Active,pitching,True,11,11,5,4,0,0,64.1,40,22,22,8,102,9,3.08,0.75,,,12.75,,,,,,,,,,,,,,,,,,,
