season,team_id,team_name,team_abbreviation,league_name,division_name,player_id,player_name,player_link,jersey_number,position_code,position_name,position_type,position_abbreviation,status_code,status_description
2022,133,Oakland Athletics,OAK,American League,American League West,642758,Domingo Acevedo,/api/v1/people/642758,68,1,Pitcher,Pitcher,P,A,Active
2022,133,Oakland Athletics,OAK,American League,American League West,664119,Austin Allen,/api/v1/people/664119,30,2,Catcher,Catcher,C,TR,Traded
2022,133,Oakland Athletics,OAK,American League,American League West,669397,Nick Allen,/api/v1/people/669397,2,6,Shortstop,Infielder,SS,A,Active
2022,133,Oakland Athletics,OAK,American League,American League West,462101,Elvis Andrus,/api/v1/people/462101,17,6,Shortstop,Infielder,SS,RL,Released
2022,133,Oakland Athletics,OAK,American League,American League West,642456,Luis Barrera,/api/v1/people/642456,13,9,Outfielder,Outfielder,RF,MIN,Minor League Contract
2022,133,Oakland Athletics,OAK,American League,American League West,542194,Christian Bethancourt,/api/v1/people/542194,23,3,First Base,Infielder,1B,TR,Traded
2022,133,Oakland Athletics,OAK,American League,American League West,621112,Paul Blackburn,/api/v1/people/621112,58,1,Pitcher,Pitcher,P,D60,Injured 60-Day
2022,133,Oakland Athletics,OAK,American League,American League West,621450,Skye Bolt,/api/v1/people/621450,11,8,Outfielder,Outfielder,CF,MIN,Minor League Contract
2022,133,Oakland Athletics,OAK,American League,American League West,681146,Jonah Bride,/api/v1/people/681146,77,4,Second Base,Infielder,2B,A,Active
2022,133,Oakland Athletics,OAK,American League,American League West,664913,Seth Brown,/api/v1/people/664913,15,7,Outfielder,Outfielder,LF,A,Active
2022,133,Oakland Athletics,OAK,American League,American League West,668843,Conner Capel,/api/v1/people/668843,,9,Outfielder,Outfielder,RF,RM,Reassigned to Minors
2022,133,Oakland Athletics,OAK,American League,American League West,624418,Ryan Castellani,/api/v1/people/624418,38,1,Pitcher,Pitcher,P,MIN,Minor League Contract
2022,133,Oakland Athletics,OAK,American League,American League West,676391,Ernie Clement,/api/v1/people/676391,44,5,Third Base,Infielder,3B,A,Active
2022,133,Oakland Athletics,OAK,American League,American League West,664202,Tyler Cyr,/api/v1/people/664202,57,1,Pitcher,Pitcher,P,A,Active
2022,133,Oakland Athletics,OAK,American League,American League West,571602,Matt Davidson,/api/v1/people/571602,4,5,Third Base,Infielder,3B,MIN,Minor League Contract
2022,133,Oakland Athletics,OAK,American League,American League West,672478,Jordan Diaz,/api/v1/people/672478,75,5,Third Base,Infielder,3B,RM,Reassigned to Minors
2022,133,Oakland Athletics,OAK,American League,American League West,660650,Dérmis Garcia,/api/v1/people/660650,76,3,First Base,Infielder,1B,RM,Reassigned to Minors
2022,133,Oakland Athletics,OAK,American League,American League West,518748,Justin Grimm,/api/v1/people/518748,46,1,Pitcher,Pitcher,P,RL,Released
2022,133,Oakland Athletics,OAK,American League,American League West,608344,Cole Irvin,/api/v1/people/608344,19,1,Pitcher,Pitcher,P,A,Active
2022,133,Oakland Athletics,OAK,American League,American League West,623515,Drew Jackson,/api/v1/people/623515,37,4,Second Base,Infielder,2B,MIN,Minor League Contract
2022,133,Oakland Athletics,OAK,American League,American League West,667427,Zach Jackson,/api/v1/people/667427,61,1,Pitcher,Pitcher,P,A,Active
2022,133,Oakland Athletics,OAK,American League,American League West,641726,Daulton Jefferies,/api/v1/people/641726,66,1,Pitcher,Pitcher,P,D60,Injured 60-Day
2022,133,Oakland Athletics,OAK,American League,American League West,666204,Dany Jiménez,/api/v1/people/666204,56,1,Pitcher,Pitcher,P,D60,Injured 60-Day
2022,133,Oakland Athletics,OAK,American League,American League West,621076,James Kaprielian,/api/v1/people/621076,32,1,Pitcher,Pitcher,P,A,Active
2022,133,Oakland Athletics,OAK,American League,American League West,643393,Tony Kemp,/api/v1/people/643393,5,4,Second Base,Infielder,2B,A,Active
2022,133,Oakland Athletics,OAK,American League,American League West,657649,Jared Koenig,/api/v1/people/657649,46,1,Pitcher,Pitcher,P,A,Active
2022,133,Oakland Athletics,OAK,American League,American League West,592473,Adam Kolarek,/api/v1/people/592473,57,1,Pitcher,Pitcher,P,DES,Designated for Assignment
2022,133,Oakland Athletics,OAK,American League,American League West,669127,Shea Langeliers,/api/v1/people/669127,23,2,Catcher,Catcher,C,A,Active
2022,133,Oakland Athletics,OAK,American League,American League West,657656,Ramón Laureano,/api/v1/people/657656,22,9,Outfielder,Outfielder,RF,A,Active
2022,133,Oakland Athletics,OAK,American League,American League West,621082,Jake Lemoine,/api/v1/people/621082,71,1,Pitcher,Pitcher,P,ASG,Assigned to New Team/Level
2022,133,Oakland Athletics,OAK,American League,American League West,656657,Zach Logue,/api/v1/people/656657,67,1,Pitcher,Pitcher,P,A,Active
2022,133,Oakland Athletics,OAK,American League,American League West,547173,Christian Lopes,/api/v1/people/547173,49,4,Second Base,Infielder,2B,MIN,Minor League Contract
2022,133,Oakland Athletics,OAK,American League,American League West,476704,Jed Lowrie,/api/v1/people/476704,8,4,Second Base,Infielder,2B,RL,Released
2022,133,Oakland Athletics,OAK,American League,American League West,676950,David MacKinnon,/api/v1/people/676950,49,3,First Base,Infielder,1B,A,Active
2022,133,Oakland Athletics,OAK,American League,American League West,605353,Vimael Machín,/api/v1/people/605353,31,4,Second Base,Infielder,2B,A,Active
2022,133,Oakland Athletics,OAK,American League,American League West,571917,Parker Markel,/api/v1/people/571917,44,1,Pitcher,Pitcher,P,CL,Claimed
2022,133,Oakland Athletics,OAK,American League,American League West,661309,Adrián Martinez,/api/v1/people/661309,55,1,Pitcher,Pitcher,P,A,Active
2022,133,Oakland Athletics,OAK,American League,American League West,676782,Mickey McDonald,/api/v1/people/676782,79,7,Outfielder,Outfielder,LF,MIN,Minor League Contract
2022,133,Oakland Athletics,OAK,American League,American League West,641853,David McKay,/api/v1/people/641853,44,1,Pitcher,Pitcher,P,RL,Released
2022,133,Oakland Athletics,OAK,American League,American League West,641856,Billy McKinney,/api/v1/people/641856,28,O,Outfield,Outfielder,OF,MIN,Minor League Contract
2022,133,Oakland Athletics,OAK,American League,American League West,594580,Sam Moll,/api/v1/people/594580,60,1,Pitcher,Pitcher,P,A,Active
2022,133,Oakland Athletics,OAK,American League,American League West,670148,Nate Mondou,/api/v1/people/670148,53,4,Second Base,Infielder,2B,MIN,Minor League Contract
2022,133,Oakland Athletics,OAK,American League,American League West,593423,Frankie Montas,/api/v1/people/593423,47,1,Pitcher,Pitcher,P,TR,Traded
2022,133,Oakland Athletics,OAK,American League,American League West,669221,Sean Murphy,/api/v1/people/669221,12,2,Catcher,Catcher,C,A,Active
2022,133,Oakland Athletics,OAK,American League,American League West,641914,Sheldon Neuse,/api/v1/people/641914,26,5,Third Base,Infielder,3B,MIN,Minor League Contract
2022,133,Oakland Athletics,OAK,American League,American League West,670124,Adam Oller,/api/v1/people/670124,36,1,Pitcher,Pitcher,P,A,Active
2022,133,Oakland Athletics,OAK,American League,American League West,665506,Cristian Pache,/api/v1/people/665506,20,8,Outfielder,Outfielder,CF,A,Active
2022,133,Oakland Athletics,OAK,American League,American League West,606303,Joel Payamps,/api/v1/people/606303,30,1,Pitcher,Pitcher,P,A,Active
2022,133,Oakland Athletics,OAK,American League,American League West,640461,Chad Pinder,/api/v1/people/640461,10,7,Outfielder,Outfielder,LF,A,Active
2022,133,Oakland Athletics,OAK,American League,American League West,572039,Stephen Piscotty,/api/v1/people/572039,25,9,Outfielder,Outfielder,RF,RL,Released
2022,133,Oakland Athletics,OAK,American League,American League West,643493,Austin Pruitt,/api/v1/people/643493,29,1,Pitcher,Pitcher,P,MIN,Minor League Contract
2022,133,Oakland Athletics,OAK,American League,American League West,640462,A.J. Puk,/api/v1/people/640462,33,1,Pitcher,Pitcher,P,A,Active
2022,133,Oakland Athletics,OAK,American League,American League West,650204,Norge Ruiz,/api/v1/people/650204,63,1,Pitcher,Pitcher,P,MIN,Minor League Contract
2022,133,Oakland Athletics,OAK,American League,American League West,676664,JP Sears,/api/v1/people/676664,38,1,Pitcher,Pitcher,P,A,Active
2022,133,Oakland Athletics,OAK,American League,American League West,572125,Sam Selman,/api/v1/people/572125,40,1,Pitcher,Pitcher,P,MIN,Minor League Contract
2022,133,Oakland Athletics,OAK,American League,American League West,675656,Kevin Smith,/api/v1/people/675656,4,5,Third Base,Infielder,3B,A,Active
2022,133,Oakland Athletics,OAK,American League,American League West,669912,Kirby Snead,/api/v1/people/669912,54,1,Pitcher,Pitcher,P,A,Active
2022,133,Oakland Athletics,OAK,American League,American League West,670276,Cal Stevenson,/api/v1/people/670276,37,8,Outfielder,Outfielder,CF,A,Active
2022,133,Oakland Athletics,OAK,American League,American League West,593619,Domingo Tapia,/api/v1/people/593619,50,1,Pitcher,Pitcher,P,MIN,Minor League Contract
2022,133,Oakland Athletics,OAK,American League,American League West,642137,Cody Thomas,/api/v1/people/642137,48,7,Outfielder,Outfielder,LF,A,Active
2022,133,Oakland Athletics,OAK,American League,American League West,642152,Lou Trivino,/api/v1/people/642152,62,1,Pitcher,Pitcher,P,TR,Traded
2022,133,Oakland Athletics,OAK,American League,American League West,519390,Stephen Vogt,/api/v1/people/519390,21,10,Designated Hitter,Hitter,DH,A,Active
2022,133,Oakland Athletics,OAK,American League,American League West,686610,Ken Waldichuk,/api/v1/people/686610,,1,Pitcher,Pitcher,P,MIN,Minor League Contract
2022,133,Oakland Athletics,OAK,American League,American League West,621079,Collin Wiles,/api/v1/people/621079,39,1,Pitcher,Pitcher,P,MIN,Minor League Contract
2022,134,Pittsburgh Pirates,PIT,National League,National League Central,546990,Anthony Alford,/api/v1/people/546990,6,7,Outfielder,Outfielder,LF,MIN,Minor League Contract
2022,134,Pittsburgh Pirates,PIT,National League,National League Central,682027,Cam Alldred,/api/v1/people/682027,63,1,Pitcher,Pitcher,P,MIN,Minor League Contract
2022,134,Pittsburgh Pirates,PIT,National League,National League Central,656185,Greg Allen,/api/v1/people/656185,24,8,Outfielder,Outfielder,CF,MIN,Minor League Contract
2022,134,Pittsburgh Pirates,PIT,National League,National League Central,609280,Miguel Andujar,/api/v1/people/609280,26,7,Outfielder,Outfielder,LF,A,Active
2022,134,Pittsburgh Pirates,PIT,National League,National League Central,607455,Anthony Banda,/api/v1/people/607455,52,1,Pitcher,Pitcher,P,TR,Traded
2022,134,Pittsburgh Pirates,PIT,National League,National League Central,544365,Manny Banuelos,/api/v1/people/544365,53,1,Pitcher,Pitcher,P,A,Active
2022,134,Pittsburgh Pirates,PIT,National League,National League Central,670280,David Bednar,/api/v1/people/670280,51,1,Pitcher,Pitcher,P,A,Active
2022,134,Pittsburgh Pirates,PIT,National League,National League Central,595881,Tyler Beede,/api/v1/people/595881,48,1,Pitcher,Pitcher,P,MIN,Minor League Contract
2022,134,Pittsburgh Pirates,PIT,National League,National League Central,592169,Austin Brice,/api/v1/people/592169,72,1,Pitcher,Pitcher,P,MIN,Minor League Contract
2022,134,Pittsburgh Pirates,PIT,National League,National League Central,664141,JT Brubaker,/api/v1/people/664141,34,1,Pitcher,Pitcher,P,A,Active
2022,134,Pittsburgh Pirates,PIT,National League,National League Central,660636,Diego Castillo,/api/v1/people/660636,64,6,Shortstop,Infielder,SS,A,Active
2022,134,Pittsburgh Pirates,PIT,National League,National League Central,666801,Rodolfo Castro,/api/v1/people/666801,14,6,Shortstop,Infielder,SS,A,Active
2022,134,Pittsburgh Pirates,PIT,National League,National League Central,644374,Yu Chang,/api/v1/people/644374,6,4,Second Base,Infielder,2B,CL,Claimed
2022,134,Pittsburgh Pirates,PIT,National League,National League Central,656308,Michael Chavis,/api/v1/people/656308,2,3,First Base,Infielder,1B,MIN,Minor League Contract
2022,134,Pittsburgh Pirates,PIT,National League,National League Central,641470,Zack Collins,/api/v1/people/641470,6,2,Catcher,Catcher,C,A,Active
2022,134,Pittsburgh Pirates,PIT,National League,National League Central,672710,Roansy Contreras,/api/v1/people/672710,59,1,Pitcher,Pitcher,P,A,Active
2022,134,Pittsburgh Pirates,PIT,National League,National League Central,640444,Wil Crowe,/api/v1/people/640444,29,1,Pitcher,Pitcher,P,A,Active
2022,134,Pittsburgh Pirates,PIT,National League,National League Central,665833,Oneil Cruz,/api/v1/people/665833,15,6,Shortstop,Infielder,SS,A,Active
2022,134,Pittsburgh Pirates,PIT,National League,National League Central,608328,Chase De Jong,/api/v1/people/608328,37,1,Pitcher,Pitcher,P,A,Active
2022,134,Pittsburgh Pirates,PIT,National League,National League Central,660787,Yerry De los Santos,/api/v1/people/660787,57,1,Pitcher,Pitcher,P,D60,Injured 60-Day
2022,134,Pittsburgh Pirates,PIT,National League,National League Central,641511,Jason Delay,/api/v1/people/641511,61,2,Catcher,Catcher,C,A,Active
2022,134,Pittsburgh Pirates,PIT,National League,National League Central,595191,Jerad Eickhoff,/api/v1/people/595191,43,1,Pitcher,Pitcher,P,MIN,Minor League Contract
2022,134,Pittsburgh Pirates,PIT,National League,National League Central,658551,Junior Fernández,/api/v1/people/658551,43,1,Pitcher,Pitcher,P,A,Active
2022,134,Pittsburgh Pirates,PIT,National League,National League Central,667465,Aaron Fletcher,/api/v1/people/667465,35,1,Pitcher,Pitcher,P,CL,Claimed
2022,134,Pittsburgh Pirates,PIT,National League,National League Central,592325,Ben Gamel,/api/v1/people/592325,18,7,Outfielder,Outfielder,LF,A,Active
2022,134,Pittsburgh Pirates,PIT,National League,National League Central,608422,José Godoy,/api/v1/people/608422,70,2,Catcher,Catcher,C,MIN,Minor League Contract
2022,134,Pittsburgh Pirates,PIT,National League,National League Central,663647,Ke'Bryan Hayes,/api/v1/people/663647,13,5,Third Base,Infielder,3B,A,Active
2022,134,Pittsburgh Pirates,PIT,National League,National League Central,623168,Tyler Heineman,/api/v1/people/623168,54,2,Catcher,Catcher,C,A,Active
2022,134,Pittsburgh Pirates,PIT,National League,National League Central,592390,Heath Hembree,/api/v1/people/592390,53,1,Pitcher,Pitcher,P,RL,Released
2022,134,Pittsburgh Pirates,PIT,National League,National League Central,670059,Colin Holderman,/api/v1/people/670059,35,1,Pitcher,Pitcher,P,D60,Injured 60-Day
2022,134,Pittsburgh Pirates,PIT,National League,National League Central,607572,Sam Howard,/api/v1/people/607572,54,1,Pitcher,Pitcher,P,CL,Claimed
2022,134,Pittsburgh Pirates,PIT,National League,National League Central,656605,Mitch Keller,/api/v1/people/656605,23,1,Pitcher,Pitcher,P,A,Active
2022,134,Pittsburgh Pirates,PIT,National League,National League Central,595284,Andrew Knapp,/api/v1/people/595284,31,2,Catcher,Catcher,C,FA,Free Agent
2022,134,Pittsburgh Pirates,PIT,National League,National League Central,668820,Max Kranick,/api/v1/people/668820,45,1,Pitcher,Pitcher,P,D60,Injured 60-Day
2022,134,Pittsburgh Pirates,PIT,National League,National League Central,676632,Bligh Madris,/api/v1/people/676632,66,9,Outfielder,Outfielder,RF,CL,Claimed
2022,134,Pittsburgh Pirates,PIT,National League,National League Central,672779,Tucupita Marcano,/api/v1/people/672779,30,6,Shortstop,Infielder,SS,A,Active
2022,134,Pittsburgh Pirates,PIT,National League,National League Central,545350,Jake Marisnick,/api/v1/people/545350,41,7,Outfielder,Outfielder,LF,RL,Released
2022,134,Pittsburgh Pirates,PIT,National League,National League Central,683232,Nick Mears,/api/v1/people/683232,36,1,Pitcher,Pitcher,P,A,Active
2022,134,Pittsburgh Pirates,PIT,National League,National League Central,668751,Cal Mitchell,/api/v1/people/668751,31,9,Outfielder,Outfielder,RF,A,Active
2022,134,Pittsburgh Pirates,PIT,National League,National League Central,621028,Kevin Newman,/api/v1/people/621028,27,4,Second Base,Infielder,2B,A,Active
2022,134,Pittsburgh Pirates,PIT,National League,National League Central,682847,Luis Ortiz,/api/v1/people/682847,48,1,Pitcher,Pitcher,P,A,Active
2022,134,Pittsburgh Pirates,PIT,National League,National League Central,670912,Johan Oviedo,/api/v1/people/670912,24,1,Pitcher,Pitcher,P,A,Active
2022,134,Pittsburgh Pirates,PIT,National League,National League Central,656821,Kevin Padlo,/api/v1/people/656821,5,5,Third Base,Infielder,3B,MIN,Minor League Contract
2022,134,Pittsburgh Pirates,PIT,National League,National League Central,660829,Hoy Park,/api/v1/people/660829,44,4,Second Base,Infielder,2B,A,Active
2022,134,Pittsburgh Pirates,PIT,National League,National League Central,678894,Liover Peguero,/api/v1/people/678894,60,6,Shortstop,Infielder,SS,A,Active
2022,134,Pittsburgh Pirates,PIT,National League,National League Central,605421,Michael Pérez,/api/v1/people/605421,5,2,Catcher,Catcher,C,DES,Designated for Assignment
2022,134,Pittsburgh Pirates,PIT,National League,National League Central,547379,Roberto Pérez,/api/v1/people/547379,55,2,Catcher,Catcher,C,D60,Injured 60-Day
2022,134,Pittsburgh Pirates,PIT,National League,National League Central,596071,Dillon Peters,/api/v1/people/596071,38,1,Pitcher,Pitcher,P,MIN,Minor League Contract
2022,134,Pittsburgh Pirates,PIT,National League,National League Central,500779,Jose Quintana,/api/v1/people/500779,62,1,Pitcher,Pitcher,P,TR,Traded
2022,134,Pittsburgh Pirates,PIT,National League,National League Central,670990,Yohan Ramírez,/api/v1/people/670990,46,1,Pitcher,Pitcher,P,A,Active
2022,134,Pittsburgh Pirates,PIT,National League,National League Central,668804,Bryan Reynolds,/api/v1/people/668804,10,7,Outfielder,Outfielder,LF,A,Active
2022,134,Pittsburgh Pirates,PIT,National League,National League Central,675986,Canaan Smith-Njigba,/api/v1/people/675986,28,7,Outfielder,Outfielder,LF,D60,Injured 60-Day
2022,134,Pittsburgh Pirates,PIT,National League,National League Central,596112,Robert Stephenson,/api/v1/people/596112,41,1,Pitcher,Pitcher,P,RM,Reassigned to Minors
2022,134,Pittsburgh Pirates,PIT,National League,National League Central,657770,Eric Stout,/api/v1/people/657770,52,1,Pitcher,Pitcher,P,A,Active
2022,134,Pittsburgh Pirates,PIT,National League,National League Central,608717,Chris Stratton,/api/v1/people/608717,46,1,Pitcher,Pitcher,P,TR,Traded
2022,134,Pittsburgh Pirates,PIT,National League,National League Central,676641,Beau Sulser,/api/v1/people/676641,,1,Pitcher,Pitcher,P,RM,Reassigned to Minors
2022,134,Pittsburgh Pirates,PIT,National League,National League Central,669261,Jack Suwinski,/api/v1/people/669261,65,7,Outfielder,Outfielder,LF,A,Active
2022,134,Pittsburgh Pirates,PIT,National League,National League Central,680552,Travis Swaggerty,/api/v1/people/680552,5,7,Outfielder,Outfielder,LF,A,Active
2022,134,Pittsburgh Pirates,PIT,National League,National League Central,605507,Zach Thompson,/api/v1/people/605507,39,1,Pitcher,Pitcher,P,A,Active
2022,134,Pittsburgh Pirates,PIT,National League,National League Central,660294,Yoshi Tsutsugo,/api/v1/people/660294,25,3,First Base,Infielder,1B,RL,Released
2022,134,Pittsburgh Pirates,PIT,National League,National League Central,657061,Cole Tucker,/api/v1/people/657061,3,6,Shortstop,Infielder,SS,CL,Claimed
2022,134,Pittsburgh Pirates,PIT,National League,National League Central,621249,Duane Underwood Jr.,/api/v1/people/621249,56,1,Pitcher,Pitcher,P,A,Active
2022,134,Pittsburgh Pirates,PIT,National League,National League Central,642165,Josh VanMeter,/api/v1/people/642165,26,4,Second Base,Infielder,2B,MIN,Minor League Contract
2022,134,Pittsburgh Pirates,PIT,National League,National League Central,664944,Cam Vieaux,/api/v1/people/664944,68,1,Pitcher,Pitcher,P,MIN,Minor League Contract
2022,134,Pittsburgh Pirates,PIT,National League,National League Central,596129,Daniel Vogelbach,/api/v1/people/596129,19,3,First Base,Infielder,1B,TR,Traded
2022,134,Pittsburgh Pirates,PIT,National League,National League Central,669060,Bryse Wilson,/api/v1/people/669060,32,1,Pitcher,Pitcher,P,A,Active
2022,134,Pittsburgh Pirates,PIT,National League,National League Central,664337,Miguel Yajure,/api/v1/people/664337,89,1,Pitcher,Pitcher,P,A,Active
2022,135,San Diego Padres,SD,National League,National League West,682928,CJ Abrams,/api/v1/people/682928,77,6,Shortstop,Infielder,SS,TR,Traded
2022,135,San Diego Padres,SD,National League,National League West,613534,Austin Adams,/api/v1/people/613534,54,1,Pitcher,Pitcher,P,D60,Injured 60-Day
2022,135,San Diego Padres,SD,National League,National League West,642727,Sergio Alcántara,/api/v1/people/642727,41,5,Third Base,Infielder,3B,CL,Claimed
2022,135,San Diego Padres,SD,National League,National League West,595751,Jorge Alfaro,/api/v1/people/595751,38,2,Catcher,Catcher,C,A,Active
2022,135,San Diego Padres,SD,National League,National League West,658648,Pedro Avila,/api/v1/people/658648,60,1,Pitcher,Pitcher,P,MIN,Minor League Contract
2022,135,San Diego Padres,SD,National League,National League West,640492,José Azocar,/api/v1/people/640492,28,9,Outfielder,Outfielder,RF,A,Active
2022,135,San Diego Padres,SD,National League,National League West,673258,Michel Baez,/api/v1/people/673258,49,1,Pitcher,Pitcher,P,A,Active
2022,135,San Diego Padres,SD,National League,National League West,676946,Matthew Batten,/api/v1/people/676946,37,5,Third Base,Infielder,3B,A,Active
2022,135,San Diego Padres,SD,National League,National League West,607461,Matt Beaty,/api/v1/people/607461,27,9,Outfielder,Outfielder,RF,MIN,Minor League Contract
2022,135,San Diego Padres,SD,National League,National League West,605137,Josh Bell,/api/v1/people/605137,24,3,First Base,Infielder,1B,A,Active
2022,135,San Diego Padres,SD,National League,National League West,669134,Luis Campusano,/api/v1/people/669134,12,2,Catcher,Catcher,C,A,Active
2022,135,San Diego Padres,SD,National League,National League West,429664,Robinson Canó,/api/v1/people/429664,,4,Second Base,Infielder,2B,TR,Traded
2022,135,San Diego Padres,SD,National League,National League West,620454,José Castillo,/api/v1/people/620454,65,1,Pitcher,Pitcher,P,A,Active
2022,135,San Diego Padres,SD,National League,National League West,605182,Mike Clevinger,/api/v1/people/605182,52,1,Pitcher,Pitcher,P,A,Active
2022,135,San Diego Padres,SD,National League,National League West,622503,Nabil Crismatt,/api/v1/people/622503,74,1,Pitcher,Pitcher,P,A,Active
2022,135,San Diego Padres,SD,National League,National League West,630105,Jake Cronenworth,/api/v1/people/630105,9,3,First Base,Infielder,1B,A,Active
2022,135,San Diego Padres,SD,National League,National League West,506433,Yu Darvish,/api/v1/people/506433,11,1,Pitcher,Pitcher,P,D15,Injured 15-Day
2022,135,San Diego Padres,SD,National League,National League West,641525,Brandon Dixon,/api/v1/people/641525,16,5,Third Base,Infielder,3B,A,Active
2022,135,San Diego Padres,SD,National League,National League West,592273,Brandon Drury,/api/v1/people/592273,17,3,First Base,Infielder,1B,A,Active
2022,135,San Diego Padres,SD,National League,National League West,472610,Luis García,/api/v1/people/472610,66,1,Pitcher,Pitcher,P,A,Active
2022,135,San Diego Padres,SD,National League,National League West,669022,MacKenzie Gore,/api/v1/people/669022,1,1,Pitcher,Pitcher,P,TR,Traded
2022,135,San Diego Padres,SD,National League,National League West,663757,Trent Grisham,/api/v1/people/663757,2,8,Outfielder,Outfielder,CF,A,Active
2022,135,San Diego Padres,SD,National League,National League West,642770,Javy Guerra,/api/v1/people/642770,8,1,Pitcher,Pitcher,P,TR,Traded
2022,135,San Diego Padres,SD,National League,National League West,623352,Josh Hader,/api/v1/people/623352,71,1,Pitcher,Pitcher,P,A,Active
2022,135,San Diego Padres,SD,National League,National League West,657612,Tim Hill,/api/v1/people/657612,25,1,Pitcher,Pitcher,P,A,Active
2022,135,San Diego Padres,SD,National League,National League West,543333,Eric Hosmer,/api/v1/people/543333,30,3,First Base,Infielder,1B,TR,Traded
2022,135,San Diego Padres,SD,National League,National League West,572955,Pierce Johnson,/api/v1/people/572955,36,1,Pitcher,Pitcher,P,A,Active
2022,135,San Diego Padres,SD,National League,National League West,678061,Ray Kerr,/api/v1/people/678061,56,1,Pitcher,Pitcher,P,A,Active
2022,135,San Diego Padres,SD,National League,National League West,673490,Ha-Seong Kim,/api/v1/people/673490,7,6,Shortstop,Infielder,SS,A,Active
2022,135,San Diego Padres,SD,National League,National League West,663753,Reiss Knehr,/api/v1/people/663753,33,1,Pitcher,Pitcher,P,A,Active
2022,135,San Diego Padres,SD,National League,National League West,659275,Dinelson Lamet,/api/v1/people/659275,29,1,Pitcher,Pitcher,P,TR,Traded
2022,135,San Diego Padres,SD,National League,National League West,642451,Luis Liberato,/api/v1/people/642451,1,O,Outfield,Outfielder,OF,MIN,Minor League Contract
2022,135,San Diego Padres,SD,National League,National League West,592518,Manny Machado,/api/v1/people/592518,13,5,Third Base,Infielder,3B,A,Active
2022,135,San Diego Padres,SD,National League,National League West,640455,Sean Manaea,/api/v1/people/640455,55,1,Pitcher,Pitcher,P,A,Active
2022,135,San Diego Padres,SD,National League,National League West,607259,Nick Martinez,/api/v1/people/607259,21,1,Pitcher,Pitcher,P,A,Active
2022,135,San Diego Padres,SD,National League,National League West,608577,Nomar Mazara,/api/v1/people/608577,16,9,Outfielder,Outfielder,RF,RL,Released
2022,135,San Diego Padres,SD,National League,National League West,670970,Adrian Morejon,/api/v1/people/670970,50,1,Pitcher,Pitcher,P,A,Active
2022,135,San Diego Padres,SD,National League,National League West,605397,Joe Musgrove,/api/v1/people/605397,44,1,Pitcher,Pitcher,P,A,Active
2022,135,San Diego Padres,SD,National League,National League West,571976,Wil Myers,/api/v1/people/571976,5,9,Outfielder,Outfielder,RF,A,Active
2022,135,San Diego Padres,SD,National League,National League West,543592,Austin Nola,/api/v1/people/543592,26,2,Catcher,Catcher,C,A,Active
2022,135,San Diego Padres,SD,National League,National League West,595777,Jurickson Profar,/api/v1/people/595777,10,7,Outfielder,Outfielder,LF,A,Active
2022,135,San Diego Padres,SD,National League,National League West,573124,Taylor Rogers,/api/v1/people/573124,17,1,Pitcher,Pitcher,P,TR,Traded
2022,135,San Diego Padres,SD,National League,National League West,667670,Brent Rooker,/api/v1/people/667670,12,7,Outfielder,Outfielder,LF,TR,Traded
2022,135,San Diego Padres,SD,National League,National League West,666703,Eguy Rosario,/api/v1/people/666703,32,5,Third Base,Infielder,3B,A,Active
2022,135,San Diego Padres,SD,National League,National League West,665923,Esteury Ruiz,/api/v1/people/665923,43,7,Outfielder,Outfielder,LF,TR,Traded
2022,135,San Diego Padres,SD,National League,National League West,605463,Tayler Scott,/api/v1/people/605463,62,1,Pitcher,Pitcher,P,CL,Claimed
2022,135,San Diego Padres,SD,National League,National League West,605483,Blake Snell,/api/v1/people/605483,4,1,Pitcher,Pitcher,P,A,Active
2022,135,San Diego Padres,SD,National League,National League West,665742,Juan Soto,/api/v1/people/665742,22,7,Outfielder,Outfielder,LF,A,Active
2022,135,San Diego Padres,SD,National League,National League West,489334,Craig Stammen,/api/v1/people/489334,34,1,Pitcher,Pitcher,P,A,Active
2022,135,San Diego Padres,SD,National League,National League West,663158,Robert Suarez,/api/v1/people/663158,75,1,Pitcher,Pitcher,P,A,Active
2022,135,San Diego Padres,SD,National League,National League West,572204,Trayce Thompson,/api/v1/people/572204,43,O,Outfield,Outfielder,OF,FA,Free Agent
2022,135,San Diego Padres,SD,National League,National League West,667725,Kyle Tyler,/api/v1/people/667725,63,1,Pitcher,Pitcher,P,MIN,Minor League Contract
2022,135,San Diego Padres,SD,National League,National League West,572228,Luke Voit,/api/v1/people/572228,45,3,First Base,Infielder,1B,TR,Traded
2022,135,San Diego Padres,SD,National League,National League West,677960,Ryan Weathers,/api/v1/people/677960,40,1,Pitcher,Pitcher,P,A,Active
2022,135,San Diego Padres,SD,National League,National League West,621051,Steven Wilson,/api/v1/people/621051,48,1,Pitcher,Pitcher,P,A,Active
2022,136,Seattle Mariners,SEA,American League,American League West,657514,Brennan Bernardino,/api/v1/people/657514,70,1,Pitcher,Pitcher,P,A,Active
2022,136,Seattle Mariners,SEA,American League,American League West,621366,Ryan Borucki,/api/v1/people/621366,30,1,Pitcher,Pitcher,P,A,Active
2022,136,Seattle Mariners,SEA,American League,American League West,571510,Matthew Boyd,/api/v1/people/571510,48,1,Pitcher,Pitcher,P,A,Active
2022,136,Seattle Mariners,SEA,American League,American League West,666374,Matt Brash,/api/v1/people/666374,47,1,Pitcher,Pitcher,P,A,Active
2022,136,Seattle Mariners,SEA,American League,American League West,592200,Curt Casali,/api/v1/people/592200,5,2,Catcher,Catcher,C,A,Active
2022,136,Seattle Mariners,SEA,American League,American League West,650895,Diego Castillo,/api/v1/people/650895,63,1,Pitcher,Pitcher,P,A,Active
2022,136,Seattle Mariners,SEA,American League,American League West,622491,Luis Castillo,/api/v1/people/622491,58,1,Pitcher,Pitcher,P,A,Active
2022,136,Seattle Mariners,SEA,American League,American League West,641487,J.P. Crawford,/api/v1/people/641487,3,6,Shortstop,Infielder,SS,A,Active
2022,136,Seattle Mariners,SEA,American League,American League West,606273,Roenis Elías,/api/v1/people/606273,55,1,Pitcher,Pitcher,P,MIN,Minor League Contract
2022,136,Seattle Mariners,SEA,American League,American League West,656403,Drew Ellis,/api/v1/people/656403,31,5,Third Base,Infielder,3B,MIN,Minor League Contract
2022,136,Seattle Mariners,SEA,American League,American League West,656413,Stuart Fairchild,/api/v1/people/656413,30,7,Outfielder,Outfielder,LF,TR,Traded
2022,136,Seattle Mariners,SEA,American League,American League West,670036,Matt Festa,/api/v1/people/670036,67,1,Pitcher,Pitcher,P,A,Active
2022,136,Seattle Mariners,SEA,American League,American League West,623167,Chris Flexen,/api/v1/people/623167,77,1,Pitcher,Pitcher,P,A,Active
2022,136,Seattle Mariners,SEA,American League,American League West,645801,Mike Ford,/api/v1/people/645801,70,3,First Base,Infielder,1B,CL,Claimed
2022,136,Seattle Mariners,SEA,American League,American League West,664034,Ty France,/api/v1/people/664034,23,3,First Base,Infielder,1B,A,Active
2022,136,Seattle Mariners,SEA,American League,American League West,624428,Adam Frazier,/api/v1/people/624428,26,4,Second Base,Infielder,2B,A,Active
2022,136,Seattle Mariners,SEA,American League,American League West,669302,Logan Gilbert,/api/v1/people/669302,36,1,Pitcher,Pitcher,P,A,Active
2022,136,Seattle Mariners,SEA,American League,American League West,571704,Ken Giles,/api/v1/people/571704,58,1,Pitcher,Pitcher,P,RL,Released
2022,136,Seattle Mariners,SEA,American League,American League West,594835,Marco Gonzales,/api/v1/people/594835,7,1,Pitcher,Pitcher,P,A,Active
2022,136,Seattle Mariners,SEA,American League,American League West,664059,Sam Haggerty,/api/v1/people/664059,0,8,Outfielder,Outfielder,CF,A,Active
2022,136,Seattle Mariners,SEA,American League,American League West,571745,Mitch Haniger,/api/v1/people/571745,17,9,Outfielder,Outfielder,RF,A,Active
2022,136,Seattle Mariners,SEA,American League,American League West,608671,Travis Jankowski,/api/v1/people/608671,8,7,Outfielder,Outfielder,LF,RL,Released
2022,136,Seattle Mariners,SEA,American League,American League West,672284,Jarred Kelenic,/api/v1/people/672284,10,7,Outfielder,Outfielder,LF,A,Active
2022,136,Seattle Mariners,SEA,American League,American League West,669923,George Kirby,/api/v1/people/669923,68,1,Pitcher,Pitcher,P,A,Active
2022,136,Seattle Mariners,SEA,American League,American League West,595284,Andrew Knapp,/api/v1/people/595284,40,2,Catcher,Catcher,C,FA,Free Agent
2022,136,Seattle Mariners,SEA,American League,American League West,571863,Matt Koch,/api/v1/people/571863,41,1,Pitcher,Pitcher,P,MIN,Minor League Contract
2022,136,Seattle Mariners,SEA,American League,American League West,571875,Jake Lamb,/api/v1/people/571875,18,7,Outfielder,Outfielder,LF,RL,Released
2022,136,Seattle Mariners,SEA,American League,American League West,677223,Jack Larsen,/api/v1/people/677223,74,8,Outfielder,Outfielder,CF,MIN,Minor League Contract
2022,136,Seattle Mariners,SEA,American League,American League West,641786,Kyle Lewis,/api/v1/people/641786,1,O,Outfield,Outfielder,OF,A,Active
2022,136,Seattle Mariners,SEA,American League,American League West,670090,Wyatt Mills,/api/v1/people/670090,40,1,Pitcher,Pitcher,P,TR,Traded
2022,136,Seattle Mariners,SEA,American League,American League West,543548,Tommy Milone,/api/v1/people/543548,,1,Pitcher,Pitcher,P,MIN,Minor League Contract
2022,136,Seattle Mariners,SEA,American League,American League West,664948,Anthony Misiewicz,/api/v1/people/664948,18,1,Pitcher,Pitcher,P,DES,Designated for Assignment
2022,136,Seattle Mariners,SEA,American League,American League West,664238,Dylan Moore,/api/v1/people/664238,25,9,Outfielder,Outfielder,RF,A,Active
2022,136,Seattle Mariners,SEA,American League,American League West,662253,Andrés Muñoz,/api/v1/people/662253,75,1,Pitcher,Pitcher,P,D15,Injured 15-Day
2022,136,Seattle Mariners,SEA,American League,American League West,682171,Penn Murfee,/api/v1/people/682171,56,1,Pitcher,Pitcher,P,A,Active
2022,136,Seattle Mariners,SEA,American League,American League West,608596,Tom Murphy,/api/v1/people/608596,2,2,Catcher,Catcher,C,D60,Injured 60-Day
2022,136,Seattle Mariners,SEA,American League,American League West,676617,Riley O'Brien,/api/v1/people/676617,61,1,Pitcher,Pitcher,P,MIN,Minor League Contract
2022,136,Seattle Mariners,SEA,American League,American League West,657247,Brian O'Keefe,/api/v1/people/657247,64,2,Catcher,Catcher,C,A,Active
2022,136,Seattle Mariners,SEA,American League,American League West,656821,Kevin Padlo,/api/v1/people/656821,35,5,Third Base,Infielder,3B,CL,Claimed
2022,136,Seattle Mariners,SEA,American League,American League West,663728,Cal Raleigh,/api/v1/people/663728,29,2,Catcher,Catcher,C,A,Active
2022,136,Seattle Mariners,SEA,American League,American League West,670990,Yohan Ramírez,/api/v1/people/670990,55,1,Pitcher,Pitcher,P,TR,Traded
2022,136,Seattle Mariners,SEA,American League,American League West,592662,Robbie Ray,/api/v1/people/592662,38,1,Pitcher,Pitcher,P,A,Active
2022,136,Seattle Mariners,SEA,American League,American League West,677594,Julio Rodríguez,/api/v1/people/677594,44,8,Outfielder,Outfielder,CF,A,Active
2022,136,Seattle Mariners,SEA,American League,American League West,489265,Sergio Romo,/api/v1/people/489265,54,1,Pitcher,Pitcher,P,RL,Released
2022,136,Seattle Mariners,SEA,American League,American League West,467793,Carlos Santana,/api/v1/people/467793,41,3,First Base,Infielder,1B,A,Active
2022,136,Seattle Mariners,SEA,American League,American League West,623149,Paul Sewald,/api/v1/people/623149,37,1,Pitcher,Pitcher,P,A,Active
2022,136,Seattle Mariners,SEA,American League,American League West,656954,Justus Sheffield,/api/v1/people/656954,33,1,Pitcher,Pitcher,P,A,Active
2022,136,Seattle Mariners,SEA,American League,American League West,519306,Steven Souza Jr.,/api/v1/people/519306,21,9,Outfielder,Outfielder,RF,RL,Released
2022,136,Seattle Mariners,SEA,American League,American League West,608716,Drew Steckenrider,/api/v1/people/608716,16,1,Pitcher,Pitcher,P,MIN,Minor League Contract
2022,136,Seattle Mariners,SEA,American League,American League West,553993,Eugenio Suárez,/api/v1/people/553993,28,5,Third Base,Infielder,3B,A,Active
2022,136,Seattle Mariners,SEA,American League,American League West,657024,Erik Swanson,/api/v1/people/657024,50,1,Pitcher,Pitcher,P,A,Active
2022,136,Seattle Mariners,SEA,American League,American League West,647351,Abraham Toro,/api/v1/people/647351,13,4,Second Base,Infielder,2B,A,Active
2022,136,Seattle Mariners,SEA,American League,American League West,620443,Luis Torrens,/api/v1/people/620443,22,2,Catcher,Catcher,C,A,Active
2022,136,Seattle Mariners,SEA,American League,American League West,666211,Taylor Trammell,/api/v1/people/666211,20,9,Outfielder,Outfielder,RF,A,Active
2022,136,Seattle Mariners,SEA,American League,American League West,457708,Justin Upton,/api/v1/people/457708,8,7,Outfielder,Outfielder,LF,FA,Free Agent
2022,136,Seattle Mariners,SEA,American League,American League West,622268,Donovan Walton,/api/v1/people/622268,8,4,Second Base,Infielder,2B,TR,Traded
2022,136,Seattle Mariners,SEA,American League,American League West,657129,Marcus Wilson,/api/v1/people/657129,60,8,Outfielder,Outfielder,CF,MIN,Minor League Contract
2022,136,Seattle Mariners,SEA,American League,American League West,608385,Jesse Winker,/api/v1/people/608385,27,7,Outfielder,Outfielder,LF,A,Active
2022,136,Seattle Mariners,SEA,American League,American League West,664849,Danny Young,/api/v1/people/664849,81,1,Pitcher,Pitcher,P,CL,Claimed
2022,137,San Francisco Giants,SF,National League,National League West,518397,Scott Alexander,/api/v1/people/518397,54,1,Pitcher,Pitcher,P,A,Active
2022,137,San Francisco Giants,SF,National League,National League West,501625,Jose Alvarez,/api/v1/people/501625,48,1,Pitcher,Pitcher,P,D60,Injured 60-Day
2022,137,San Francisco Giants,SF,National League,National League West,663698,Joey Bart,/api/v1/people/663698,21,2,Catcher,Catcher,C,A,Active
2022,137,San Francisco Giants,SF,National League,National League West,595881,Tyler Beede,/api/v1/people/595881,14,1,Pitcher,Pitcher,P,CL,Claimed
2022,137,San Francisco Giants,SF,National League,National League West,474832,Brandon Belt,/api/v1/people/474832,9,3,First Base,Infielder,1B,D60,Injured 60-Day
2022,137,San Francisco Giants,SF,National League,National League West,605154,John Brebbia,/api/v1/people/605154,59,1,Pitcher,Pitcher,P,A,Active
2022,137,San Francisco Giants,SF,National League,National League West,621446,Lewis Brinson,/api/v1/people/621446,29,8,Outfielder,Outfielder,CF,MIN,Minor League Contract
2022,137,San Francisco Giants,SF,National League,National League West,641432,Willie Calhoun,/api/v1/people/641432,2,O,Outfield,Outfielder,OF,MIN,Minor League Contract
2022,137,San Francisco Giants,SF,National League,National League West,592200,Curt Casali,/api/v1/people/592200,2,2,Catcher,Catcher,C,TR,Traded
2022,137,San Francisco Giants,SF,National League,National League West,665645,Kervin Castro,/api/v1/people/665645,76,1,Pitcher,Pitcher,P,CL,Claimed
2022,137,San Francisco Giants,SF,National League,National League West,502171,Alex Cobb,/api/v1/people/502171,38,1,Pitcher,Pitcher,P,A,Active
2022,137,San Francisco Giants,SF,National League,National League West,605194,Jharel Cotton,/api/v1/people/605194,47,1,Pitcher,Pitcher,P,MIN,Minor League Contract
2022,137,San Francisco Giants,SF,National League,National League West,543063,Brandon Crawford,/api/v1/people/543063,35,6,Shortstop,Infielder,SS,A,Active
2022,137,San Francisco Giants,SF,National League,National League West,605204,J.D. Davis,/api/v1/people/605204,7,5,Third Base,Infielder,3B,A,Active
2022,137,San Francisco Giants,SF,National League,National League West,543101,Anthony DeSclafani,/api/v1/people/543101,26,1,Pitcher,Pitcher,P,D60,Injured 60-Day
2022,137,San Francisco Giants,SF,National League,National League West,621573,Austin Dean,/api/v1/people/621573,1,7,Outfielder,Outfielder,LF,A,Active
2022,137,San Francisco Giants,SF,National League,National League West,666808,Camilo Doval,/api/v1/people/666808,75,1,Pitcher,Pitcher,P,A,Active
2022,137,San Francisco Giants,SF,National League,National League West,643289,Mauricio Dubón,/api/v1/people/643289,1,6,Shortstop,Infielder,SS,TR,Traded
2022,137,San Francisco Giants,SF,National League,National League West,621453,Steven Duggar,/api/v1/people/621453,6,8,Outfielder,Outfielder,CF,TR,Traded
2022,137,San Francisco Giants,SF,National League,National League West,642731,Thairo Estrada,/api/v1/people/642731,39,4,Second Base,Infielder,2B,A,Active
2022,137,San Francisco Giants,SF,National League,National League West,656413,Stuart Fairchild,/api/v1/people/656413,61,7,Outfielder,Outfielder,LF,CL,Claimed
2022,137,San Francisco Giants,SF,National League,National League West,527038,Wilmer Flores,/api/v1/people/527038,41,3,First Base,Infielder,1B,A,Active
2022,137,San Francisco Giants,SF,National League,National League West,645801,Mike Ford,/api/v1/people/645801,70,3,First Base,Infielder,1B,TR,Traded
2022,137,San Francisco Giants,SF,National League,National League West,606424,Jarlín García,/api/v1/people/606424,66,1,Pitcher,Pitcher,P,A,Active
2022,137,San Francisco Giants,SF,National League,National League West,670768,Luis González,/api/v1/people/670768,51,9,Outfielder,Outfielder,RF,A,Active
2022,137,San Francisco Giants,SF,National League,National League West,663546,Sean Hjelle,/api/v1/people/663546,64,1,Pitcher,Pitcher,P,A,Active
2022,137,San Francisco Giants,SF,National League,National League West,669369,Bryce Johnson,/api/v1/people/669369,58,8,Outfielder,Outfielder,CF,A,Active
2022,137,San Francisco Giants,SF,National League,National League West,596001,Jakob Junis,/api/v1/people/596001,34,1,Pitcher,Pitcher,P,A,Active
2022,137,San Francisco Giants,SF,National League,National League West,595284,Andrew Knapp,/api/v1/people/595284,33,2,Catcher,Catcher,C,MIN,Minor League Contract
2022,137,San Francisco Giants,SF,National League,National League West,607249,Jason Krizan,/api/v1/people/607249,56,4,Second Base,Infielder,2B,MIN,Minor League Contract
2022,137,San Francisco Giants,SF,National League,National League West,600303,Tommy La Stella,/api/v1/people/600303,8,10,Designated Hitter,Hitter,DH,A,Active
2022,137,San Francisco Giants,SF,National League,National League West,608678,Dominic Leone,/api/v1/people/608678,52,1,Pitcher,Pitcher,P,RL,Released
2022,137,San Francisco Giants,SF,National League,National League West,641793,Zack Littell,/api/v1/people/641793,46,1,Pitcher,Pitcher,P,A,Active
2022,137,San Francisco Giants,SF,National League,National League West,661440,Mauricio Llovera,/api/v1/people/661440,63,1,Pitcher,Pitcher,P,D60,Injured 60-Day
2022,137,San Francisco Giants,SF,National League,National League West,669674,Sam Long,/api/v1/people/669674,73,1,Pitcher,Pitcher,P,D60,Injured 60-Day
2022,137,San Francisco Giants,SF,National League,National League West,446334,Evan Longoria,/api/v1/people/446334,10,5,Third Base,Infielder,3B,A,Active
2022,137,San Francisco Giants,SF,National League,National League West,553988,Dixon Machado,/api/v1/people/553988,49,6,Shortstop,Infielder,SS,MIN,Minor League Contract
2022,137,San Francisco Giants,SF,National League,National League West,628708,Yunior Marte,/api/v1/people/628708,74,1,Pitcher,Pitcher,P,A,Active
2022,137,San Francisco Giants,SF,National League,National League West,459429,Jake McGee,/api/v1/people/459429,17,1,Pitcher,Pitcher,P,RL,Released
2022,137,San Francisco Giants,SF,National League,National League West,606213,Yermín Mercedes,/api/v1/people/606213,6,10,Designated Hitter,Hitter,DH,MIN,Minor League Contract
2022,137,San Francisco Giants,SF,National League,National League West,571946,Shelby Miller,/api/v1/people/571946,18,1,Pitcher,Pitcher,P,A,Active
2022,137,San Francisco Giants,SF,National League,National League West,656814,Luis Ortiz,/api/v1/people/656814,60,1,Pitcher,Pitcher,P,A,Active
2022,137,San Francisco Giants,SF,National League,National League West,656821,Kevin Padlo,/api/v1/people/656821,49,5,Third Base,Infielder,3B,CL,Claimed
2022,137,San Francisco Giants,SF,National League,National League West,657709,Michael Papierski,/api/v1/people/657709,70,2,Catcher,Catcher,C,CL,Claimed
2022,137,San Francisco Giants,SF,National League,National League West,592626,Joc Pederson,/api/v1/people/592626,23,7,Outfielder,Outfielder,LF,A,Active
2022,137,San Francisco Giants,SF,National League,National League West,665154,Ford Proctor,/api/v1/people/665154,65,2,Catcher,Catcher,C,A,Active
2022,137,San Francisco Giants,SF,National League,National League West,671218,Heliot Ramos,/api/v1/people/671218,12,9,Outfielder,Outfielder,RF,A,Active
2022,137,San Francisco Giants,SF,National League,National League West,607074,Carlos Rodón,/api/v1/people/607074,16,1,Pitcher,Pitcher,P,A,Active
2022,137,San Francisco Giants,SF,National League,National League West,643511,Tyler Rogers,/api/v1/people/643511,71,1,Pitcher,Pitcher,P,A,Active
2022,137,San Francisco Giants,SF,National League,National League West,573131,Darin Ruf,/api/v1/people/573131,33,3,First Base,Infielder,1B,TR,Traded
2022,137,San Francisco Giants,SF,National League,National League West,666619,Gregory Santos,/api/v1/people/666619,78,1,Pitcher,Pitcher,P,D60,Injured 60-Day
2022,137,San Francisco Giants,SF,National League,National League West,596103,Austin Slater,/api/v1/people/596103,13,8,Outfielder,Outfielder,CF,A,Active
2022,137,San Francisco Giants,SF,National League,National League West,663378,Thomas Szapucki,/api/v1/people/663378,61,1,Pitcher,Pitcher,P,A,Active
2022,137,San Francisco Giants,SF,National League,National League West,664789,Ka'ai Tom,/api/v1/people/664789,60,O,Outfield,Outfielder,OF,MIN,Minor League Contract
2022,137,San Francisco Giants,SF,National League,National League West,607755,Andrew Vasquez,/api/v1/people/607755,67,1,Pitcher,Pitcher,P,A,Active
2022,137,San Francisco Giants,SF,National League,National League West,681584,David Villar,/api/v1/people/681584,70,5,Third Base,Infielder,3B,A,Active
2022,137,San Francisco Giants,SF,National League,National League West,613564,Jason Vosler,/api/v1/people/613564,32,5,Third Base,Infielder,3B,A,Active
2022,137,San Francisco Giants,SF,National League,National League West,664774,LaMonte Wade Jr.,/api/v1/people/664774,31,3,First Base,Infielder,1B,A,Active
2022,137,San Francisco Giants,SF,National League,National League West,686972,Cole Waites,/api/v1/people/686972,56,1,Pitcher,Pitcher,P,A,Active
2022,137,San Francisco Giants,SF,National League,National League West,622268,Donovan Walton,/api/v1/people/622268,37,4,Second Base,Infielder,2B,D60,Injured 60-Day
2022,137,San Francisco Giants,SF,National League,National League West,657277,Logan Webb,/api/v1/people/657277,62,1,Pitcher,Pitcher,P,A,Active
2022,137,San Francisco Giants,SF,National League,National League West,663897,Luke Williams,/api/v1/people/663897,45,4,Second Base,Infielder,2B,TR,Traded
2022,137,San Francisco Giants,SF,National League,National League West,622072,Alex Wood,/api/v1/people/622072,57,1,Pitcher,Pitcher,P,D60,Injured 60-Day
2022,137,San Francisco Giants,SF,National League,National League West,642851,Austin Wynns,/api/v1/people/642851,14,2,Catcher,Catcher,C,A,Active
2022,137,San Francisco Giants,SF,National League,National League West,573262,Mike Yastrzemski,/api/v1/people/573262,5,8,Outfielder,Outfielder,CF,A,Active
2022,137,San Francisco Giants,SF,National League,National League West,622065,Alex Young,/api/v1/people/622065,45,1,Pitcher,Pitcher,P,A,Active
2022,138,St. Louis Cardinals,STL,National League,National League Central,571448,Nolan Arenado,/api/v1/people/571448,28,5,Third Base,Infielder,3B,A,Active
2022,138,St. Louis Cardinals,STL,National League,National League Central,664056,Harrison Bader,/api/v1/people/664056,48,8,Outfielder,Outfielder,CF,TR,Traded
2022,138,St. Louis Cardinals,STL,National League,National League Central,605156,Aaron Brooks,/api/v1/people/605156,67,1,Pitcher,Pitcher,P,MIN,Minor League Contract
2022,138,St. Louis Cardinals,STL,National League,National League Central,676475,Alec Burleson,/api/v1/people/676475,41,9,Outfielder,Outfielder,RF,A,Active
2022,138,St. Louis Cardinals,STL,National League,National League Central,650893,Génesis Cabrera,/api/v1/people/650893,92,1,Pitcher,Pitcher,P,A,Active
2022,138,St. Louis Cardinals,STL,National League,National League Central,668843,Conner Capel,/api/v1/people/668843,71,9,Outfielder,Outfielder,RF,CL,Claimed
2022,138,St. Louis Cardinals,STL,National League,National League Central,666185,Dylan Carlson,/api/v1/people/666185,3,8,Outfielder,Outfielder,CF,A,Active
2022,138,St. Louis Cardinals,STL,National League,National League Central,657557,Paul DeJong,/api/v1/people/657557,11,6,Shortstop,Infielder,SS,A,Active
2022,138,St. Louis Cardinals,STL,National League,National League Central,641512,Ben DeLuzio,/api/v1/people/641512,26,8,Outfielder,Outfielder,CF,A,Active
2022,138,St. Louis Cardinals,STL,National League,National League Central,572816,Corey Dickerson,/api/v1/people/572816,25,7,Outfielder,Outfielder,LF,A,Active
2022,138,St. Louis Cardinals,STL,National League,National League Central,680977,Brendan Donovan,/api/v1/people/680977,33,4,Second Base,Infielder,2B,A,Active
2022,138,St. Louis Cardinals,STL,National League,National League Central,669242,Tommy Edman,/api/v1/people/669242,19,6,Shortstop,Infielder,SS,A,Active
2022,138,St. Louis Cardinals,STL,National League,National League Central,658551,Junior Fernández,/api/v1/people/658551,44,1,Pitcher,Pitcher,P,CL,Claimed
2022,138,St. Louis Cardinals,STL,National League,National League Central,656427,Jack Flaherty,/api/v1/people/656427,22,1,Pitcher,Pitcher,P,A,Active
2022,138,St. Louis Cardinals,STL,National League,National League Central,606149,Giovanny Gallegos,/api/v1/people/606149,65,1,Pitcher,Pitcher,P,A,Active
2022,138,St. Louis Cardinals,STL,National League,National League Central,502671,Paul Goldschmidt,/api/v1/people/502671,46,3,First Base,Infielder,1B,A,Active
2022,138,St. Louis Cardinals,STL,National League,National League Central,669357,Nolan Gorman,/api/v1/people/669357,16,4,Second Base,Infielder,2B,A,Active
2022,138,St. Louis Cardinals,STL,National League,National League Central,664854,Ryan Helsley,/api/v1/people/664854,56,1,Pitcher,Pitcher,P,A,Active
2022,138,St. Louis Cardinals,STL,National League,National League Central,671056,Iván Herrera,/api/v1/people/671056,48,2,Catcher,Catcher,C,A,Active
2022,138,St. Louis Cardinals,STL,National League,National League Central,663855,Jordan Hicks,/api/v1/people/663855,12,1,Pitcher,Pitcher,P,A,Active
2022,138,St. Louis Cardinals,STL,National League,National League Central,641712,Dakota Hudson,/api/v1/people/641712,43,1,Pitcher,Pitcher,P,A,Active
2022,138,St. Louis Cardinals,STL,National League,National League Central,668800,Andrew Knizner,/api/v1/people/668800,7,2,Catcher,Catcher,C,A,Active
2022,138,St. Louis Cardinals,STL,National League,National League Central,669461,Matthew Liberatore,/api/v1/people/669461,52,1,Pitcher,Pitcher,P,A,Active
2022,138,St. Louis Cardinals,STL,National League,National League Central,571927,Steven Matz,/api/v1/people/571927,32,1,Pitcher,Pitcher,P,A,Active
2022,138,St. Louis Cardinals,STL,National League,National League Central,519008,T.J. McFarland,/api/v1/people/519008,,1,Pitcher,Pitcher,P,MIN,Minor League Contract
2022,138,St. Louis Cardinals,STL,National League,National League Central,571945,Miles Mikolas,/api/v1/people/571945,39,1,Pitcher,Pitcher,P,A,Active
2022,138,St. Louis Cardinals,STL,National League,National League Central,425877,Yadier Molina,/api/v1/people/425877,4,2,Catcher,Catcher,C,RET,Voluntarily Retired List
2022,138,St. Louis Cardinals,STL,National League,National League Central,656756,Jordan Montgomery,/api/v1/people/656756,48,1,Pitcher,Pitcher,P,A,Active
2022,138,St. Louis Cardinals,STL,National League,National League Central,664942,James Naile,/api/v1/people/664942,68,1,Pitcher,Pitcher,P,A,Active
2022,138,St. Louis Cardinals,STL,National League,National League Central,676050,Packy Naughton,/api/v1/people/676050,70,1,Pitcher,Pitcher,P,A,Active
2022,138,St. Louis Cardinals,STL,National League,National League Central,663457,Lars Nootbaar,/api/v1/people/663457,21,7,Outfielder,Outfielder,LF,A,Active
2022,138,St. Louis Cardinals,STL,National League,National League Central,641933,Tyler O'Neill,/api/v1/people/641933,27,8,Outfielder,Outfielder,CF,A,Active
2022,138,St. Louis Cardinals,STL,National League,National League Central,670912,Johan Oviedo,/api/v1/people/670912,59,1,Pitcher,Pitcher,P,TR,Traded
2022,138,St. Louis Cardinals,STL,National League,National League Central,669467,Andre Pallante,/api/v1/people/669467,53,1,Pitcher,Pitcher,P,A,Active
2022,138,St. Louis Cardinals,STL,National League,National League Central,405395,Albert Pujols,/api/v1/people/405395,5,10,Designated Hitter,Hitter,DH,RET,Voluntarily Retired List
2022,138,St. Louis Cardinals,STL,National League,National League Central,500779,Jose Quintana,/api/v1/people/500779,62,1,Pitcher,Pitcher,P,A,Active
2022,138,St. Louis Cardinals,STL,National League,National League Central,670298,Kramer Robertson,/api/v1/people/670298,71,6,Shortstop,Infielder,SS,NRI,Non-Roster Invitee
2022,138,St. Louis Cardinals,STL,National League,National League Central,668941,JoJo Romero,/api/v1/people/668941,59,1,Pitcher,Pitcher,P,A,Active
2022,138,St. Louis Cardinals,STL,National League,National League Central,519222,Austin Romine,/api/v1/people/519222,35,2,Catcher,Catcher,C,TR,Traded
2022,138,St. Louis Cardinals,STL,National League,National League Central,667373,Angel Rondón,/api/v1/people/667373,60,1,Pitcher,Pitcher,P,CL,Claimed
2022,138,St. Louis Cardinals,STL,National League,National League Central,624641,Edmundo Sosa,/api/v1/people/624641,63,6,Shortstop,Infielder,SS,TR,Traded
2022,138,St. Louis Cardinals,STL,National League,National League Central,605486,Cory Spangenberg,/api/v1/people/605486,18,5,Third Base,Infielder,3B,MIN,Minor League Contract
2022,138,St. Louis Cardinals,STL,National League,National League Central,608717,Chris Stratton,/api/v1/people/608717,30,1,Pitcher,Pitcher,P,A,Active
2022,138,St. Louis Cardinals,STL,National League,National League Central,668868,Zack Thompson,/api/v1/people/668868,57,1,Pitcher,Pitcher,P,A,Active
2022,138,St. Louis Cardinals,STL,National League,National League Central,572403,Drew VerHagen,/api/v1/people/572403,34,1,Pitcher,Pitcher,P,D60,Injured 60-Day
2022,138,St. Louis Cardinals,STL,National League,National League Central,425794,Adam Wainwright,/api/v1/people/425794,50,1,Pitcher,Pitcher,P,A,Active
2022,138,St. Louis Cardinals,STL,National League,National League Central,673904,Jake Walsh,/api/v1/people/673904,61,1,Pitcher,Pitcher,P,A,Active
2022,138,St. Louis Cardinals,STL,National League,National League Central,676831,Kodi Whitley,/api/v1/people/676831,38,1,Pitcher,Pitcher,P,NRI,Non-Roster Invitee
2022,138,St. Louis Cardinals,STL,National League,National League Central,621295,Nick Wittgren,/api/v1/people/621295,30,1,Pitcher,Pitcher,P,RL,Released
2022,138,St. Louis Cardinals,STL,National League,National League Central,663765,Jake Woodford,/api/v1/people/663765,40,1,Pitcher,Pitcher,P,A,Active
2022,138,St. Louis Cardinals,STL,National League,National League Central,660766,Juan Yepez,/api/v1/people/660766,36,7,Outfielder,Outfielder,LF,A,Active
2022,139,Tampa Bay Rays,TB,American League,American League East,592094,Jason Adam,/api/v1/people/592094,47,1,Pitcher,Pitcher,P,A,Active
2022,139,Tampa Bay Rays,TB,American League,American League East,666018,Jonathan Aranda,/api/v1/people/666018,62,4,Second Base,Infielder,2B,A,Active
2022,139,Tampa Bay Rays,TB,American League,American League East,542888,Shawn Armstrong,/api/v1/people/542888,64,1,Pitcher,Pitcher,P,A,Active
2022,139,Tampa Bay Rays,TB,American League,American League East,668227,Randy Arozarena,/api/v1/people/668227,56,7,Outfielder,Outfielder,LF,A,Active
2022,139,Tampa Bay Rays,TB,American League,American League East,572703,Luke Bard,/api/v1/people/572703,46,1,Pitcher,Pitcher,P,CL,Claimed
2022,139,Tampa Bay Rays,TB,American League,American League East,669358,Shane Baz,/api/v1/people/669358,11,1,Pitcher,Pitcher,P,D60,Injured 60-Day
2022,139,Tampa Bay Rays,TB,American League,American League East,656222,Jalen Beeks,/api/v1/people/656222,68,1,Pitcher,Pitcher,P,A,Active
2022,139,Tampa Bay Rays,TB,American League,American League East,542194,Christian Bethancourt,/api/v1/people/542194,14,2,Catcher,Catcher,C,A,Active
2022,139,Tampa Bay Rays,TB,American League,American League East,660644,Vidal Bruján,/api/v1/people/660644,7,4,Second Base,Infielder,2B,A,Active
2022,139,Tampa Bay Rays,TB,American League,American League East,644374,Yu Chang,/api/v1/people/644374,9,4,Second Base,Infielder,2B,CL,Claimed
2022,139,Tampa Bay Rays,TB,American League,American League East,608638,JT Chargois,/api/v1/people/608638,84,1,Pitcher,Pitcher,P,A,Active
2022,139,Tampa Bay Rays,TB,American League,American League East,630023,Yonny Chirinos,/api/v1/people/630023,72,1,Pitcher,Pitcher,P,A,Active
2022,139,Tampa Bay Rays,TB,American League,American League East,596847,Ji Man Choi,/api/v1/people/596847,26,3,First Base,Infielder,1B,A,Active
2022,139,Tampa Bay Rays,TB,American League,American League East,664076,Garrett Cleavinger,/api/v1/people/664076,60,1,Pitcher,Pitcher,P,A,Active
2022,139,Tampa Bay Rays,TB,American League,American League East,681867,Cooper Criswell,/api/v1/people/681867,71,1,Pitcher,Pitcher,P,MIN,Minor League Contract
2022,139,Tampa Bay Rays,TB,American League,American League East,650490,Yandy Díaz,/api/v1/people/650490,2,3,First Base,Infielder,1B,A,Active
2022,139,Tampa Bay Rays,TB,American League,American League East,667498,Robert Dugger,/api/v1/people/667498,44,1,Pitcher,Pitcher,P,CL,Claimed
2022,139,Tampa Bay Rays,TB,American League,American League East,664126,Pete Fairbanks,/api/v1/people/664126,29,1,Pitcher,Pitcher,P,A,Active
2022,139,Tampa Bay Rays,TB,American League,American League East,676534,Calvin Faucher,/api/v1/people/676534,58,1,Pitcher,Pitcher,P,A,Active
2022,139,Tampa Bay Rays,TB,American League,American League East,656420,J.P. Feyereisen,/api/v1/people/656420,34,1,Pitcher,Pitcher,P,D60,Injured 60-Day
2022,139,Tampa Bay Rays,TB,American League,American League East,676596,Josh Fleming,/api/v1/people/676596,19,1,Pitcher,Pitcher,P,A,Active
2022,139,Tampa Bay Rays,TB,American League,American League East,677551,Wander Franco,/api/v1/people/677551,5,6,Shortstop,Infielder,SS,A,Active
2022,139,Tampa Bay Rays,TB,American League,American League East,621248,Ralph Garza Jr.,/api/v1/people/621248,61,1,Pitcher,Pitcher,P,MIN,Minor League Contract
2022,139,Tampa Bay Rays,TB,American League,American League East,607192,Tyler Glasnow,/api/v1/people/607192,20,1,Pitcher,Pitcher,P,A,Active
2022,139,Tampa Bay Rays,TB,American League,American League East,642770,Javy Guerra,/api/v1/people/642770,65,1,Pitcher,Pitcher,P,A,Active
2022,139,Tampa Bay Rays,TB,American League,American League East,643361,Kevin Herget,/api/v1/people/643361,44,1,Pitcher,Pitcher,P,MIN,Minor League Contract
2022,139,Tampa Bay Rays,TB,American League,American League East,595281,Kevin Kiermaier,/api/v1/people/595281,39,8,Outfielder,Outfielder,CF,D60,Injured 60-Day
2022,139,Tampa Bay Rays,TB,American League,American League East,552640,Andrew Kittredge,/api/v1/people/552640,36,1,Pitcher,Pitcher,P,D60,Injured 60-Day
2022,139,Tampa Bay Rays,TB,American League,American League East,446372,Corey Kluber,/api/v1/people/446372,28,1,Pitcher,Pitcher,P,A,Active
2022,139,Tampa Bay Rays,TB,American League,American League East,643400,Dusten Knight,/api/v1/people/643400,76,1,Pitcher,Pitcher,P,MIN,Minor League Contract
2022,139,Tampa Bay Rays,TB,American League,American League East,664040,Brandon Lowe,/api/v1/people/664040,8,4,Second Base,Infielder,2B,D60,Injured 60-Day
2022,139,Tampa Bay Rays,TB,American League,American League East,666139,Josh Lowe,/api/v1/people/666139,15,9,Outfielder,Outfielder,RF,A,Active
2022,139,Tampa Bay Rays,TB,American League,American League East,622534,Manuel Margot,/api/v1/people/622534,13,8,Outfielder,Outfielder,CF,A,Active
2022,139,Tampa Bay Rays,TB,American League,American League East,670156,Miles Mastrobuoni,/api/v1/people/670156,78,4,Second Base,Infielder,2B,A,Active
2022,139,Tampa Bay Rays,TB,American League,American League East,607391,Chris Mazza,/api/v1/people/607391,22,1,Pitcher,Pitcher,P,MIN,Minor League Contract
2022,139,Tampa Bay Rays,TB,American League,American League East,663556,Shane McClanahan,/api/v1/people/663556,18,1,Pitcher,Pitcher,P,A,Active
2022,139,Tampa Bay Rays,TB,American League,American League East,668834,Easton McGee,/api/v1/people/668834,73,1,Pitcher,Pitcher,P,CL,Claimed
2022,139,Tampa Bay Rays,TB,American League,American League East,641853,David McKay,/api/v1/people/641853,74,1,Pitcher,Pitcher,P,CL,Claimed
2022,139,Tampa Bay Rays,TB,American League,American League East,642336,Francisco Mejía,/api/v1/people/642336,21,2,Catcher,Catcher,C,A,Active
2022,139,Tampa Bay Rays,TB,American League,American League East,642657,Cristofer Ogando,/api/v1/people/642657,75,1,Pitcher,Pitcher,P,MIN,Minor League Contract
2022,139,Tampa Bay Rays,TB,American League,American League East,670623,Isaac Paredes,/api/v1/people/670623,17,5,Third Base,Infielder,3B,A,Active
2022,139,Tampa Bay Rays,TB,American League,American League East,672715,Luis Patiño,/api/v1/people/672715,1,1,Pitcher,Pitcher,P,A,Active
2022,139,Tampa Bay Rays,TB,American League,American League East,444482,David Peralta,/api/v1/people/444482,6,7,Outfielder,Outfielder,LF,A,Active
2022,139,Tampa Bay Rays,TB,American League,American League East,621433,Brett Phillips,/api/v1/people/621433,35,9,Outfielder,Outfielder,RF,DES,Designated for Assignment
2022,139,Tampa Bay Rays,TB,American League,American League East,650907,René Pinto,/api/v1/people/650907,50,2,Catcher,Catcher,C,A,Active
2022,139,Tampa Bay Rays,TB,American League,American League East,621363,Colin Poche,/api/v1/people/621363,38,1,Pitcher,Pitcher,P,A,Active
2022,139,Tampa Bay Rays,TB,American League,American League East,596451,Roman Quinn,/api/v1/people/596451,25,8,Outfielder,Outfielder,CF,A,Active
2022,139,Tampa Bay Rays,TB,American League,American League East,548384,Brooks Raley,/api/v1/people/548384,30,1,Pitcher,Pitcher,P,A,Active
2022,139,Tampa Bay Rays,TB,American League,American League East,670042,Luke Raley,/api/v1/people/670042,55,3,First Base,Infielder,1B,A,Active
2022,139,Tampa Bay Rays,TB,American League,American League East,623912,Harold Ramírez,/api/v1/people/623912,87,10,Designated Hitter,Hitter,DH,A,Active
2022,139,Tampa Bay Rays,TB,American League,American League East,656876,Drew Rasmussen,/api/v1/people/656876,57,1,Pitcher,Pitcher,P,A,Active
2022,139,Tampa Bay Rays,TB,American League,American League East,676720,Tommy Romero,/api/v1/people/676720,52,1,Pitcher,Pitcher,P,CL,Claimed
2022,139,Tampa Bay Rays,TB,American League,American League East,676637,Phoenix Sanders,/api/v1/people/676637,80,1,Pitcher,Pitcher,P,CL,Claimed
2022,139,Tampa Bay Rays,TB,American League,American League East,642350,Jose Siri,/api/v1/people/642350,22,8,Outfielder,Outfielder,CF,A,Active
2022,139,Tampa Bay Rays,TB,American League,American League East,605488,Jeffrey Springs,/api/v1/people/605488,59,1,Pitcher,Pitcher,P,A,Active
2022,139,Tampa Bay Rays,TB,American League,American League East,657044,Ryan Thompson,/api/v1/people/657044,81,1,Pitcher,Pitcher,P,D60,Injured 60-Day
2022,139,Tampa Bay Rays,TB,American League,American League East,670764,Taylor Walls,/api/v1/people/670764,0,6,Shortstop,Infielder,SS,A,Active
2022,139,Tampa Bay Rays,TB,American League,American League East,605538,Matt Wisler,/api/v1/people/605538,37,1,Pitcher,Pitcher,P,RL,Released
2022,139,Tampa Bay Rays,TB,American League,American League East,642231,Jimmy Yacabonis,/api/v1/people/642231,46,1,Pitcher,Pitcher,P,A,Active
2022,139,Tampa Bay Rays,TB,American League,American League East,642232,Ryan Yarbrough,/api/v1/people/642232,48,1,Pitcher,Pitcher,P,A,Active
2022,139,Tampa Bay Rays,TB,American League,American League East,572287,Mike Zunino,/api/v1/people/572287,10,2,Catcher,Catcher,C,D60,Injured 60-Day
2022,140,Texas Rangers,TEX,American League,American League West,656061,Albert Abreu,/api/v1/people/656061,36,1,Pitcher,Pitcher,P,TR,Traded
2022,140,Texas Rangers,TEX,American League,American League West,669935,A.J. Alexy,/api/v1/people/669935,62,1,Pitcher,Pitcher,P,A,Active
2022,140,Texas Rangers,TEX,American League,American League West,663465,Kolby Allard,/api/v1/people/663465,39,1,Pitcher,Pitcher,P,A,Active
2022,140,Texas Rangers,TEX,American League,American League West,685503,Kohei Arihara,/api/v1/people/685503,35,1,Pitcher,Pitcher,P,MIN,Minor League Contract
2022,140,Texas Rangers,TEX,American League,American League West,669618,Joe Barlow,/api/v1/people/669618,68,1,Pitcher,Pitcher,P,A,Active
2022,140,Texas Rangers,TEX,American League,American League West,656271,Brock Burke,/api/v1/people/656271,46,1,Pitcher,Pitcher,P,A,Active
2022,140,Texas Rangers,TEX,American League,American League West,456713,Matt Bush,/api/v1/people/456713,51,1,Pitcher,Pitcher,P,TR,Traded
2022,140,Texas Rangers,TEX,American League,American League West,594777,Kole Calhoun,/api/v1/people/594777,56,9,Outfielder,Outfielder,RF,A,Active
2022,140,Texas Rangers,TEX,American League,American League West,641432,Willie Calhoun,/api/v1/people/641432,4,7,Outfielder,Outfielder,LF,TR,Traded
2022,140,Texas Rangers,TEX,American League,American League West,518586,Charlie Culberson,/api/v1/people/518586,11,5,Third Base,Infielder,3B,A,Active
2022,140,Texas Rangers,TEX,American League,American League West,621453,Steven Duggar,/api/v1/people/621453,9,8,Outfielder,Outfielder,CF,CL,Claimed
2022,140,Texas Rangers,TEX,American League,American League West,641540,Dane Dunning,/api/v1/people/641540,33,1,Pitcher,Pitcher,P,A,Active
2022,140,Texas Rangers,TEX,American League,American League West,677649,Ezequiel Duran,/api/v1/people/677649,70,5,Third Base,Infielder,3B,A,Active
2022,140,Texas Rangers,TEX,American League,American League West,666969,Adolis García,/api/v1/people/666969,53,9,Outfielder,Outfielder,RF,A,Active
2022,140,Texas Rangers,TEX,American League,American League West,641598,Mitch Garver,/api/v1/people/641598,18,10,Designated Hitter,Hitter,DH,D60,Injured 60-Day
2022,140,Texas Rangers,TEX,American League,American League West,592351,Jon Gray,/api/v1/people/592351,22,1,Pitcher,Pitcher,P,A,Active
2022,140,Texas Rangers,TEX,American League,American League West,621368,Taylor Hearn,/api/v1/people/621368,52,1,Pitcher,Pitcher,P,A,Active
2022,140,Texas Rangers,TEX,American League,American League West,641680,Jonah Heim,/api/v1/people/641680,28,2,Catcher,Catcher,C,A,Active
2022,140,Texas Rangers,TEX,American League,American League West,609274,Elier Hernandez,/api/v1/people/609274,38,O,Outfield,Outfielder,OF,MIN,Minor League Contract
2022,140,Texas Rangers,TEX,American League,American League West,642546,Jonathan Hernández,/api/v1/people/642546,72,1,Pitcher,Pitcher,P,A,Active
2022,140,Texas Rangers,TEX,American League,American League West,518813,Greg Holland,/api/v1/people/518813,40,1,Pitcher,Pitcher,P,MIN,Minor League Contract
2022,140,Texas Rangers,TEX,American League,American League West,675921,Spencer Howard,/api/v1/people/675921,36,1,Pitcher,Pitcher,P,A,Active
2022,140,Texas Rangers,TEX,American League,American League West,669087,Sam Huff,/api/v1/people/669087,55,2,Catcher,Catcher,C,A,Active
2022,140,Texas Rangers,TEX,American League,American League West,628451,Andy Ibáñez,/api/v1/people/628451,77,5,Third Base,Infielder,3B,A,Active
2022,140,Texas Rangers,TEX,American League,American League West,673962,Josh Jung,/api/v1/people/673962,6,5,Third Base,Infielder,3B,A,Active
2022,140,Texas Rangers,TEX,American League,American League West,572971,Dallas Keuchel,/api/v1/people/572971,60,1,Pitcher,Pitcher,P,RL,Released
2022,140,Texas Rangers,TEX,American League,American League West,667463,John King,/api/v1/people/667463,32,1,Pitcher,Pitcher,P,A,Active
2022,140,Texas Rangers,TEX,American League,American League West,600917,José Leclerc,/api/v1/people/600917,25,1,Pitcher,Pitcher,P,A,Active
2022,140,Texas Rangers,TEX,American League,American League West,663993,Nathaniel Lowe,/api/v1/people/663993,30,3,First Base,Infielder,1B,A,Active
2022,140,Texas Rangers,TEX,American League,American League West,656685,Brett Martin,/api/v1/people/656685,59,1,Pitcher,Pitcher,P,A,Active
2022,140,Texas Rangers,TEX,American League,American League West,664029,Mark Mathias,/api/v1/people/664029,9,4,Second Base,Infielder,2B,A,Active
2022,140,Texas Rangers,TEX,American League,American League West,543543,Brad Miller,/api/v1/people/543543,13,7,Outfielder,Outfielder,LF,D60,Injured 60-Day
2022,140,Texas Rangers,TEX,American League,American League West,668338,Tyson Miller,/api/v1/people/668338,76,1,Pitcher,Pitcher,P,A,Active
2022,140,Texas Rangers,TEX,American League,American League West,519043,Matt Moore,/api/v1/people/519043,45,1,Pitcher,Pitcher,P,A,Active
2022,140,Texas Rangers,TEX,American League,American League West,657248,Glenn Otto Jr.,/api/v1/people/657248,49,1,Pitcher,Pitcher,P,A,Active
2022,140,Texas Rangers,TEX,American League,American League West,607359,Spencer Patton,/api/v1/people/607359,61,1,Pitcher,Pitcher,P,MIN,Minor League Contract
2022,140,Texas Rangers,TEX,American League,American League West,527048,Martín Pérez,/api/v1/people/527048,54,1,Pitcher,Pitcher,P,A,Active
2022,140,Texas Rangers,TEX,American League,American League West,608700,Kevin Plawecki,/api/v1/people/608700,23,2,Catcher,Catcher,C,A,Active
2022,140,Texas Rangers,TEX,American League,American League West,666142,Cole Ragans,/api/v1/people/666142,50,1,Pitcher,Pitcher,P,A,Active
2022,140,Texas Rangers,TEX,American League,American League West,676646,Zach Reks,/api/v1/people/676646,65,7,Outfielder,Outfielder,LF,RL,Released
2022,140,Texas Rangers,TEX,American League,American League West,572070,Garrett Richards,/api/v1/people/572070,43,1,Pitcher,Pitcher,P,RL,Released
2022,140,Texas Rangers,TEX,American League,American League West,666720,Yerry Rodríguez,/api/v1/people/666720,51,1,Pitcher,Pitcher,P,A,Active
2022,140,Texas Rangers,TEX,American League,American League West,642701,Dennis Santana,/api/v1/people/642701,19,1,Pitcher,Pitcher,P,A,Active
2022,140,Texas Rangers,TEX,American League,American League West,622250,Josh Sborz,/api/v1/people/622250,66,1,Pitcher,Pitcher,P,D60,Injured 60-Day
2022,140,Texas Rangers,TEX,American League,American League West,608369,Corey Seager,/api/v1/people/608369,5,6,Shortstop,Infielder,SS,A,Active
2022,140,Texas Rangers,TEX,American League,American League West,543760,Marcus Semien,/api/v1/people/543760,2,4,Second Base,Infielder,2B,A,Active
2022,140,Texas Rangers,TEX,American League,American League West,669701,Josh Smith,/api/v1/people/669701,47,6,Shortstop,Infielder,SS,A,Active
2022,140,Texas Rangers,TEX,American League,American League West,676766,Nick Snyder,/api/v1/people/676766,57,1,Pitcher,Pitcher,P,A,Active
2022,140,Texas Rangers,TEX,American League,American League West,669256,Nick Solak,/api/v1/people/669256,15,7,Outfielder,Outfielder,LF,D60,Injured 60-Day
2022,140,Texas Rangers,TEX,American League,American League West,665750,Leody Taveras,/api/v1/people/665750,3,8,Outfielder,Outfielder,CF,A,Active
2022,140,Texas Rangers,TEX,American League,American League West,669352,Bubba Thompson,/api/v1/people/669352,65,7,Outfielder,Outfielder,LF,A,Active
2022,140,Texas Rangers,TEX,American League,American League West,622786,Jesus Tinoco,/api/v1/people/622786,63,1,Pitcher,Pitcher,P,A,Active
2022,140,Texas Rangers,TEX,American League,American League West,650619,Meibrys Viloria,/api/v1/people/650619,20,2,Catcher,Catcher,C,A,Active
2022,140,Texas Rangers,TEX,American League,American League West,667727,Steele Walker,/api/v1/people/667727,40,7,Outfielder,Outfielder,LF,CL,Claimed
2022,140,Texas Rangers,TEX,American League,American League West,642201,Eli White,/api/v1/people/642201,41,8,Outfielder,Outfielder,CF,D60,Injured 60-Day
2022,141,Toronto Blue Jays,TOR,American League,American League East,641312,Shaun Anderson,/api/v1/people/641312,64,1,Pitcher,Pitcher,P,MIN,Minor League Contract
2022,141,Toronto Blue Jays,TOR,American League,American League East,607455,Anthony Banda,/api/v1/people/607455,43,1,Pitcher,Pitcher,P,MIN,Minor League Contract
2022,141,Toronto Blue Jays,TOR,American League,American League East,542914,Anthony Bass,/api/v1/people/542914,52,1,Pitcher,Pitcher,P,A,Active
2022,141,Toronto Blue Jays,TOR,American League,American League East,676886,Jeremy Beasley,/api/v1/people/676886,38,1,Pitcher,Pitcher,P,TR,Traded
2022,141,Toronto Blue Jays,TOR,American League,American League East,621244,José Berríos,/api/v1/people/621244,17,1,Pitcher,Pitcher,P,A,Active
2022,141,Toronto Blue Jays,TOR,American League,American League East,666182,Bo Bichette,/api/v1/people/666182,11,6,Shortstop,Infielder,SS,A,Active
2022,141,Toronto Blue Jays,TOR,American League,American League East,624415,Cavan Biggio,/api/v1/people/624415,8,4,Second Base,Infielder,2B,A,Active
2022,141,Toronto Blue Jays,TOR,American League,American League East,621366,Ryan Borucki,/api/v1/people/621366,56,1,Pitcher,Pitcher,P,TR,Traded
2022,141,Toronto Blue Jays,TOR,American League,American League East,598265,Jackie Bradley Jr.,/api/v1/people/598265,25,8,Outfielder,Outfielder,CF,A,Active
2022,141,Toronto Blue Jays,TOR,American League,American League East,681962,Vinny Capra,/api/v1/people/681962,44,5,Third Base,Infielder,3B,D60,Injured 60-Day
2022,141,Toronto Blue Jays,TOR,American League,American League East,666721,Max Castillo,/api/v1/people/666721,60,1,Pitcher,Pitcher,P,TR,Traded
2022,141,Toronto Blue Jays,TOR,American League,American League East,656305,Matt Chapman,/api/v1/people/656305,26,5,Third Base,Infielder,3B,A,Active
2022,141,Toronto Blue Jays,TOR,American League,American League East,643256,Adam Cimber,/api/v1/people/643256,90,1,Pitcher,Pitcher,P,A,Active
2022,141,Toronto Blue Jays,TOR,American League,American League East,641470,Zack Collins,/api/v1/people/641470,21,2,Catcher,Catcher,C,CL,Claimed
2022,141,Toronto Blue Jays,TOR,American League,American League East,669289,Santiago Espinal,/api/v1/people/669289,5,4,Second Base,Infielder,2B,A,Active
2022,141,Toronto Blue Jays,TOR,American League,American League East,670102,Bowden Francis,/api/v1/people/670102,59,1,Pitcher,Pitcher,P,MIN,Minor League Contract
2022,141,Toronto Blue Jays,TOR,American League,American League East,657424,Matt Gage,/api/v1/people/657424,91,1,Pitcher,Pitcher,P,RM,Reassigned to Minors
2022,141,Toronto Blue Jays,TOR,American League,American League East,554340,Yimi García,/api/v1/people/554340,93,1,Pitcher,Pitcher,P,A,Active
2022,141,Toronto Blue Jays,TOR,American League,American League East,592332,Kevin Gausman,/api/v1/people/592332,34,1,Pitcher,Pitcher,P,A,Active
2022,141,Toronto Blue Jays,TOR,American League,American League East,656492,Foster Griffin,/api/v1/people/656492,60,1,Pitcher,Pitcher,P,A,Active
2022,141,Toronto Blue Jays,TOR,American League,American League East,665489,Vladimir Guerrero Jr.,/api/v1/people/665489,27,3,First Base,Infielder,1B,A,Active
2022,141,Toronto Blue Jays,TOR,American League,American League East,666971,Lourdes Gurriel Jr.,/api/v1/people/666971,13,7,Outfielder,Outfielder,LF,A,Active
2022,141,Toronto Blue Jays,TOR,American League,American League East,641672,Thomas Hatch,/api/v1/people/641672,31,1,Pitcher,Pitcher,P,A,Active
2022,141,Toronto Blue Jays,TOR,American League,American League East,623168,Tyler Heineman,/api/v1/people/623168,22,2,Catcher,Catcher,C,CL,Claimed
2022,141,Toronto Blue Jays,TOR,American League,American League East,606192,Teoscar Hernández,/api/v1/people/606192,37,9,Outfielder,Outfielder,RF,A,Active
2022,141,Toronto Blue Jays,TOR,American League,American League East,643376,Danny Jansen,/api/v1/people/643376,9,2,Catcher,Catcher,C,A,Active
2022,141,Toronto Blue Jays,TOR,American League,American League East,641741,Gosuke Katoh,/api/v1/people/641741,29,4,Second Base,Infielder,2B,CL,Claimed
2022,141,Toronto Blue Jays,TOR,American League,American League East,641743,Anthony Kay,/api/v1/people/641743,47,1,Pitcher,Pitcher,P,A,Active
2022,141,Toronto Blue Jays,TOR,American League,American League East,579328,Yusei Kikuchi,/api/v1/people/579328,16,1,Pitcher,Pitcher,P,D15,Injured 15-Day
2022,141,Toronto Blue Jays,TOR,American League,American League East,672386,Alejandro Kirk,/api/v1/people/672386,30,2,Catcher,Catcher,C,A,Active
2022,141,Toronto Blue Jays,TOR,American League,American League East,596271,Casey Lawrence,/api/v1/people/596271,62,1,Pitcher,Pitcher,P,A,Active
2022,141,Toronto Blue Jays,TOR,American League,American League East,672640,Otto Lopez,/api/v1/people/672640,51,6,Shortstop,Infielder,SS,A,Active
2022,141,Toronto Blue Jays,TOR,American League,American League East,666201,Alek Manoah,/api/v1/people/666201,6,1,Pitcher,Pitcher,P,A,Active
2022,141,Toronto Blue Jays,TOR,American League,American League East,641835,Tim Mayza,/api/v1/people/641835,58,1,Pitcher,Pitcher,P,A,Active
2022,141,Toronto Blue Jays,TOR,American League,American League East,593160,Whit Merrifield,/api/v1/people/593160,1,8,Outfielder,Outfielder,CF,A,Active
2022,141,Toronto Blue Jays,TOR,American League,American League East,657240,Julian Merryweather,/api/v1/people/657240,67,1,Pitcher,Pitcher,P,A,Active
2022,141,Toronto Blue Jays,TOR,American League,American League East,672515,Gabriel Moreno,/api/v1/people/672515,55,2,Catcher,Catcher,C,A,Active
2022,141,Toronto Blue Jays,TOR,American League,American League East,475479,David Phelps,/api/v1/people/475479,35,1,Pitcher,Pitcher,P,A,Active
2022,141,Toronto Blue Jays,TOR,American League,American League East,647315,Zach Pop,/api/v1/people/647315,56,1,Pitcher,Pitcher,P,A,Active
2022,141,Toronto Blue Jays,TOR,American League,American League East,670950,Trevor Richards,/api/v1/people/670950,33,1,Pitcher,Pitcher,P,A,Active
2022,141,Toronto Blue Jays,TOR,American League,American League East,605447,Jordan Romano,/api/v1/people/605447,68,1,Pitcher,Pitcher,P,A,Active
2022,141,Toronto Blue Jays,TOR,American League,American League East,489265,Sergio Romo,/api/v1/people/489265,54,1,Pitcher,Pitcher,P,MIN,Minor League Contract
2022,141,Toronto Blue Jays,TOR,American League,American League East,547943,Hyun Jin Ryu,/api/v1/people/547943,99,1,Pitcher,Pitcher,P,D60,Injured 60-Day
2022,141,Toronto Blue Jays,TOR,American League,American League East,642048,Tayler Saucedo,/api/v1/people/642048,46,1,Pitcher,Pitcher,P,D60,Injured 60-Day
2022,141,Toronto Blue Jays,TOR,American League,American League East,543807,George Springer,/api/v1/people/543807,4,9,Outfielder,Outfielder,RF,A,Active
2022,141,Toronto Blue Jays,TOR,American League,American League East,548389,Ross Stripling,/api/v1/people/548389,48,1,Pitcher,Pitcher,P,A,Active
2022,141,Toronto Blue Jays,TOR,American League,American League East,606132,Raimel Tapia,/api/v1/people/606132,15,7,Outfielder,Outfielder,LF,A,Active
2022,141,Toronto Blue Jays,TOR,American League,American League East,663423,Trent Thornton,/api/v1/people/663423,57,1,Pitcher,Pitcher,P,A,Active
2022,141,Toronto Blue Jays,TOR,American League,American League East,607755,Andrew Vasquez,/api/v1/people/607755,50,1,Pitcher,Pitcher,P,CL,Claimed
2022,141,Toronto Blue Jays,TOR,American League,American League East,669952,Mitch White,/api/v1/people/669952,45,1,Pitcher,Pitcher,P,A,Active
2022,141,Toronto Blue Jays,TOR,American League,American League East,605548,Bradley Zimmer,/api/v1/people/605548,7,8,Outfielder,Outfielder,CF,A,Active
2022,142,Minnesota Twins,MIN,American League,American League Central,660896,Jorge Alcala,/api/v1/people/660896,66,1,Pitcher,Pitcher,P,D60,Injured 60-Day
2022,142,Minnesota Twins,MIN,American League,American League Central,502042,Chris Archer,/api/v1/people/502042,17,1,Pitcher,Pitcher,P,A,Active
2022,142,Minnesota Twins,MIN,American League,American League Central,650333,Luis Arraez,/api/v1/people/650333,2,3,First Base,Infielder,1B,A,Active
2022,142,Minnesota Twins,MIN,American League,American League Central,542921,Tim Beckham,/api/v1/people/542921,9,6,Shortstop,Infielder,SS,MIN,Minor League Contract
2022,142,Minnesota Twins,MIN,American League,American League Central,605164,Dylan Bundy,/api/v1/people/605164,37,1,Pitcher,Pitcher,P,A,Active
2022,142,Minnesota Twins,MIN,American League,American League Central,621439,Byron Buxton,/api/v1/people/621439,25,10,Designated Hitter,Hitter,DH,A,Active
2022,142,Minnesota Twins,MIN,American League,American League Central,666974,Yennier Cano,/api/v1/people/666974,99,1,Pitcher,Pitcher,P,TR,Traded
2022,142,Minnesota Twins,MIN,American League,American League Central,595909,Jake Cave,/api/v1/people/595909,8,7,Outfielder,Outfielder,LF,CL,Claimed
2022,142,Minnesota Twins,MIN,American League,American League Central,665482,Gilberto Celestino,/api/v1/people/665482,67,8,Outfielder,Outfielder,CF,A,Active
2022,142,Minnesota Twins,MIN,American League,American League Central,676628,Mark Contreras,/api/v1/people/676628,55,7,Outfielder,Outfielder,LF,A,Active
2022,142,Minnesota Twins,MIN,American League,American League Central,621043,Carlos Correa,/api/v1/people/621043,4,6,Shortstop,Infielder,SS,A,Active
2022,142,Minnesota Twins,MIN,American League,American League Central,605194,Jharel Cotton,/api/v1/people/605194,45,1,Pitcher,Pitcher,P,CL,Claimed
2022,142,Minnesota Twins,MIN,American League,American League Central,543056,Danny Coulombe,/api/v1/people/543056,53,1,Pitcher,Pitcher,P,A,Active
2022,142,Minnesota Twins,MIN,American League,American League Central,656354,Austin Davis,/api/v1/people/656354,21,1,Pitcher,Pitcher,P,MIN,Minor League Contract
2022,142,Minnesota Twins,MIN,American League,American League Central,608648,Tyler Duffey,/api/v1/people/608648,21,1,Pitcher,Pitcher,P,RL,Released
2022,142,Minnesota Twins,MIN,American League,American League Central,661395,Jhoan Duran,/api/v1/people/661395,59,1,Pitcher,Pitcher,P,A,Active
2022,142,Minnesota Twins,MIN,American League,American League Central,605242,Michael Fulmer,/api/v1/people/605242,52,1,Pitcher,Pitcher,P,A,Active
2022,142,Minnesota Twins,MIN,American League,American League Central,664247,Kyle Garlick,/api/v1/people/664247,30,7,Outfielder,Outfielder,LF,D10,Injured 10-Day
2022,142,Minnesota Twins,MIN,American League,American League Central,608422,José Godoy,/api/v1/people/608422,60,2,Catcher,Catcher,C,CL,Claimed
2022,142,Minnesota Twins,MIN,American League,American League Central,592346,Chi Chi González,/api/v1/people/592346,51,1,Pitcher,Pitcher,P,CL,Claimed
2022,142,Minnesota Twins,MIN,American League,American League Central,624503,Nick Gordon,/api/v1/people/624503,1,4,Second Base,Infielder,2B,A,Active
2022,142,Minnesota Twins,MIN,American League,American League Central,543243,Sonny Gray,/api/v1/people/543243,54,1,Pitcher,Pitcher,P,A,Active
2022,142,Minnesota Twins,MIN,American League,American League Central,571740,Billy Hamilton,/api/v1/people/571740,0,10,Designated Hitter,Hitter,DH,A,Active
2022,142,Minnesota Twins,MIN,American League,American League Central,643348,Caleb Hamilton,/api/v1/people/643348,90,2,Catcher,Catcher,C,CL,Claimed
2022,142,Minnesota Twins,MIN,American League,American League Central,641656,Ian Hamilton,/api/v1/people/641656,44,1,Pitcher,Pitcher,P,TR,Traded
2022,142,Minnesota Twins,MIN,American League,American League Central,678692,Ronny Henriquez,/api/v1/people/678692,70,1,Pitcher,Pitcher,P,A,Active
2022,142,Minnesota Twins,MIN,American League,American League Central,643377,Griffin Jax,/api/v1/people/643377,65,1,Pitcher,Pitcher,P,A,Active
2022,142,Minnesota Twins,MIN,American League,American League Central,680777,Ryan Jeffers,/api/v1/people/680777,27,2,Catcher,Catcher,C,A,Active
2022,142,Minnesota Twins,MIN,American League,American League Central,596146,Max Kepler,/api/v1/people/596146,26,9,Outfielder,Outfielder,RF,A,Active
2022,142,Minnesota Twins,MIN,American League,American League Central,666135,Alex Kirilloff,/api/v1/people/666135,19,7,Outfielder,Outfielder,LF,D60,Injured 60-Day
2022,142,Minnesota Twins,MIN,American League,American League Central,663616,Trevor Larnach,/api/v1/people/663616,13,7,Outfielder,Outfielder,LF,D60,Injured 60-Day
2022,142,Minnesota Twins,MIN,American League,American League Central,506702,Sandy León,/api/v1/people/506702,39,2,Catcher,Catcher,C,D60,Injured 60-Day
2022,142,Minnesota Twins,MIN,American League,American League Central,668904,Royce Lewis,/api/v1/people/668904,23,6,Shortstop,Infielder,SS,D60,Injured 60-Day
2022,142,Minnesota Twins,MIN,American League,American League Central,605347,Jorge López,/api/v1/people/605347,48,1,Pitcher,Pitcher,P,A,Active
2022,142,Minnesota Twins,MIN,American League,American League Central,641816,Tyler Mahle,/api/v1/people/641816,51,1,Pitcher,Pitcher,P,A,Active
2022,142,Minnesota Twins,MIN,American League,American League Central,656730,Trevor Megill,/api/v1/people/656730,58,1,Pitcher,Pitcher,P,A,Active
2022,142,Minnesota Twins,MIN,American League,American League Central,573668,Juan Minaya,/api/v1/people/573668,49,1,Pitcher,Pitcher,P,MIN,Minor League Contract
2022,142,Minnesota Twins,MIN,American League,American League Central,669304,Jose Miranda,/api/v1/people/669304,64,5,Third Base,Infielder,3B,A,Active
2022,142,Minnesota Twins,MIN,American League,American League Central,663558,Jovani Morán,/api/v1/people/663558,71,1,Pitcher,Pitcher,P,A,Active
2022,142,Minnesota Twins,MIN,American League,American League Central,641927,Bailey Ober,/api/v1/people/641927,16,1,Pitcher,Pitcher,P,A,Active
2022,142,Minnesota Twins,MIN,American League,American League Central,663978,Chris Paddack,/api/v1/people/663978,20,1,Pitcher,Pitcher,P,D60,Injured 60-Day
2022,142,Minnesota Twins,MIN,American League,American League Central,641941,Emilio Pagán,/api/v1/people/641941,12,1,Pitcher,Pitcher,P,A,Active
2022,142,Minnesota Twins,MIN,American League,American League Central,650339,Jermaine Palacios,/api/v1/people/650339,87,6,Shortstop,Infielder,SS,CL,Claimed
2022,142,Minnesota Twins,MIN,American League,American League Central,593871,Jorge Polanco,/api/v1/people/593871,11,4,Second Base,Infielder,2B,A,Active
2022,142,Minnesota Twins,MIN,American League,American League Central,605446,Dereck Rodríguez,/api/v1/people/605446,32,1,Pitcher,Pitcher,P,MIN,Minor League Contract
2022,142,Minnesota Twins,MIN,American League,American League Central,664584,Jhon Romero,/api/v1/people/664584,50,1,Pitcher,Pitcher,P,MIN,Minor League Contract
2022,142,Minnesota Twins,MIN,American League,American League Central,657746,Joe Ryan,/api/v1/people/657746,41,1,Pitcher,Pitcher,P,A,Active
2022,142,Minnesota Twins,MIN,American League,American League Central,592717,Aaron Sanchez,/api/v1/people/592717,43,1,Pitcher,Pitcher,P,A,Active
2022,142,Minnesota Twins,MIN,American League,American League Central,596142,Gary Sánchez,/api/v1/people/596142,24,2,Catcher,Catcher,C,A,Active
2022,142,Minnesota Twins,MIN,American League,American League Central,663485,Cole Sands,/api/v1/people/663485,77,1,Pitcher,Pitcher,P,A,Active
2022,142,Minnesota Twins,MIN,American League,American League Central,593934,Miguel Sanó,/api/v1/people/593934,22,3,First Base,Infielder,1B,D60,Injured 60-Day
2022,142,Minnesota Twins,MIN,American League,American League Central,656970,Devin Smeltzer,/api/v1/people/656970,31,1,Pitcher,Pitcher,P,MIN,Minor League Contract
2022,142,Minnesota Twins,MIN,American League,American League Central,501925,Joe Smith,/api/v1/people/501925,38,1,Pitcher,Pitcher,P,RL,Released
2022,142,Minnesota Twins,MIN,American League,American League Central,664054,Cody Stashak,/api/v1/people/664054,61,1,Pitcher,Pitcher,P,D60,Injured 60-Day
2022,142,Minnesota Twins,MIN,American League,American League Central,573204,Caleb Thielbar,/api/v1/people/573204,56,1,Pitcher,Pitcher,P,A,Active
2022,142,Minnesota Twins,MIN,American League,American League Central,592804,Tyler Thornburg,/api/v1/people/592804,48,1,Pitcher,Pitcher,P,MIN,Minor League Contract
2022,142,Minnesota Twins,MIN,American League,American League Central,570482,Gio Urshela,/api/v1/people/570482,15,5,Third Base,Infielder,3B,A,Active
2022,142,Minnesota Twins,MIN,American League,American League Central,686973,Louis Varland,/api/v1/people/686973,49,1,Pitcher,Pitcher,P,A,Active
2022,142,Minnesota Twins,MIN,American League,American League Central,670242,Matt Wallner,/api/v1/people/670242,38,9,Outfielder,Outfielder,RF,A,Active
2022,142,Minnesota Twins,MIN,American League,American League Central,680739,Josh Winder,/api/v1/people/680739,74,1,Pitcher,Pitcher,P,A,Active
2022,142,Minnesota Twins,MIN,American League,American League Central,680573,Simeon Woods Richardson,/api/v1/people/680573,78,1,Pitcher,Pitcher,P,A,Active
2022,143,Philadelphia Phillies,PHI,National League,National League East,621237,José Alvarado,/api/v1/people/621237,46,1,Pitcher,Pitcher,P,A,Active
2022,143,Philadelphia Phillies,PHI,National League,National League East,571446,Mark Appel,/api/v1/people/571446,22,1,Pitcher,Pitcher,P,D60,Injured 60-Day
2022,143,Philadelphia Phillies,PHI,National League,National League East,571479,Andrew Bellatti,/api/v1/people/571479,64,1,Pitcher,Pitcher,P,A,Active
2022,143,Philadelphia Phillies,PHI,National League,National League East,664761,Alec Bohm,/api/v1/people/664761,28,3,First Base,Infielder,1B,A,Active
2022,143,Philadelphia Phillies,PHI,National League,National League East,641401,Connor Brogdon,/api/v1/people/641401,75,1,Pitcher,Pitcher,P,A,Active
2022,143,Philadelphia Phillies,PHI,National League,National League East,622666,Johan Camargo,/api/v1/people/622666,7,6,Shortstop,Infielder,SS,MIN,Minor League Contract
2022,143,Philadelphia Phillies,PHI,National League,National League East,592206,Nick Castellanos,/api/v1/people/592206,8,9,Outfielder,Outfielder,RF,A,Active
2022,143,Philadelphia Phillies,PHI,National League,National League East,656322,Sam Coonrod,/api/v1/people/656322,54,1,Pitcher,Pitcher,P,RM,Reassigned to Minors
2022,143,Philadelphia Phillies,PHI,National League,National League East,664202,Tyler Cyr,/api/v1/people/664202,63,1,Pitcher,Pitcher,P,CL,Claimed
2022,143,Philadelphia Phillies,PHI,National League,National League East,606965,Chris Devenski,/api/v1/people/606965,47,1,Pitcher,Pitcher,P,RM,Reassigned to Minors
2022,143,Philadelphia Phillies,PHI,National League,National League East,622554,Seranthony Domínguez,/api/v1/people/622554,58,1,Pitcher,Pitcher,P,A,Active
2022,143,Philadelphia Phillies,PHI,National League,National League East,663975,Nick Duron,/api/v1/people/663975,71,1,Pitcher,Pitcher,P,TR,Traded
2022,143,Philadelphia Phillies,PHI,National League,National League East,621107,Zach Eflin,/api/v1/people/621107,56,1,Pitcher,Pitcher,P,A,Active
2022,143,Philadelphia Phillies,PHI,National League,National League East,663559,Bailey Falter,/api/v1/people/663559,70,1,Pitcher,Pitcher,P,RM,Reassigned to Minors
2022,143,Philadelphia Phillies,PHI,National League,National League East,544727,Jeurys Familia,/api/v1/people/544727,31,1,Pitcher,Pitcher,P,RL,Released
2022,143,Philadelphia Phillies,PHI,National League,National League East,502043,Kyle Gibson,/api/v1/people/502043,44,1,Pitcher,Pitcher,P,A,Active
2022,143,Philadelphia Phillies,PHI,National League,National League East,544369,Didi Gregorius,/api/v1/people/544369,18,6,Shortstop,Infielder,SS,RL,Released
2022,143,Philadelphia Phillies,PHI,National League,National League East,656495,Dalton Guthrie,/api/v1/people/656495,18,5,Third Base,Infielder,3B,RM,Reassigned to Minors
2022,143,Philadelphia Phillies,PHI,National League,National League East,669742,Darick Hall,/api/v1/people/669742,25,3,First Base,Infielder,1B,RM,Reassigned to Minors
2022,143,Philadelphia Phillies,PHI,National League,National League East,543272,Brad Hand,/api/v1/people/543272,52,1,Pitcher,Pitcher,P,A,Active
2022,143,Philadelphia Phillies,PHI,National League,National League East,547180,Bryce Harper,/api/v1/people/547180,3,10,Designated Hitter,Hitter,DH,A,Active
2022,143,Philadelphia Phillies,PHI,National League,National League East,546318,Odúbel Herrera,/api/v1/people/546318,37,8,Outfielder,Outfielder,CF,RL,Released
2022,143,Philadelphia Phillies,PHI,National League,National League East,656555,Rhys Hoskins,/api/v1/people/656555,17,3,First Base,Infielder,1B,A,Active
2022,143,Philadelphia Phillies,PHI,National League,National League East,676103,Damon Jones,/api/v1/people/676103,68,1,Pitcher,Pitcher,P,D60,Injured 60-Day
2022,143,Philadelphia Phillies,PHI,National League,National League East,547184,Michael Kelly,/api/v1/people/547184,67,1,Pitcher,Pitcher,P,MIN,Minor League Contract
2022,143,Philadelphia Phillies,PHI,National League,National League East,664068,Scott Kingery,/api/v1/people/664068,4,O,Outfield,Outfielder,OF,MIN,Minor League Contract
2022,143,Philadelphia Phillies,PHI,National League,National League East,608349,Corey Knebel,/api/v1/people/608349,23,1,Pitcher,Pitcher,P,D60,Injured 60-Day
2022,143,Philadelphia Phillies,PHI,National League,National League East,669016,Brandon Marsh,/api/v1/people/669016,16,8,Outfielder,Outfielder,CF,A,Active
2022,143,Philadelphia Phillies,PHI,National League,National League East,665155,Nick Maton,/api/v1/people/665155,29,7,Outfielder,Outfielder,LF,A,Active
2022,143,Philadelphia Phillies,PHI,National League,National League East,640458,Óscar Mercado,/api/v1/people/640458,35,9,Outfielder,Outfielder,RF,CL,Claimed
2022,143,Philadelphia Phillies,PHI,National League,National League East,666160,Mickey Moniak,/api/v1/people/666160,16,8,Outfielder,Outfielder,CF,TR,Traded
2022,143,Philadelphia Phillies,PHI,National League,National League East,672839,Francisco Morales,/api/v1/people/672839,69,1,Pitcher,Pitcher,P,RM,Reassigned to Minors
2022,143,Philadelphia Phillies,PHI,National League,National League East,622168,Yairo Muñoz,/api/v1/people/622168,41,4,Second Base,Infielder,2B,RM,Reassigned to Minors
2022,143,Philadelphia Phillies,PHI,National League,National League East,665922,Símon Muzziotti,/api/v1/people/665922,40,8,Outfielder,Outfielder,CF,D60,Injured 60-Day
2022,143,Philadelphia Phillies,PHI,National League,National League East,656793,Nick Nelson,/api/v1/people/656793,57,1,Pitcher,Pitcher,P,A,Active
2022,143,Philadelphia Phillies,PHI,National League,National League East,657697,Vinny Nittoli,/api/v1/people/657697,48,1,Pitcher,Pitcher,P,RM,Reassigned to Minors
2022,143,Philadelphia Phillies,PHI,National League,National League East,605400,Aaron Nola,/api/v1/people/605400,27,1,Pitcher,Pitcher,P,A,Active
2022,143,Philadelphia Phillies,PHI,National League,National League East,656803,James Norwood,/api/v1/people/656803,49,1,Pitcher,Pitcher,P,TR,Traded
2022,143,Philadelphia Phillies,PHI,National League,National League East,674681,Michael Plassmeyer,/api/v1/people/674681,49,1,Pitcher,Pitcher,P,RM,Reassigned to Minors
2022,143,Philadelphia Phillies,PHI,National League,National League East,596451,Roman Quinn,/api/v1/people/596451,24,O,Outfield,Outfielder,OF,MIN,Minor League Contract
2022,143,Philadelphia Phillies,PHI,National League,National League East,592663,J.T. Realmuto,/api/v1/people/592663,10,2,Catcher,Catcher,C,A,Active
2022,143,Philadelphia Phillies,PHI,National League,National League East,502085,David Robertson,/api/v1/people/502085,30,1,Pitcher,Pitcher,P,A,Active
2022,143,Philadelphia Phillies,PHI,National League,National League East,668941,JoJo Romero,/api/v1/people/668941,79,1,Pitcher,Pitcher,P,TR,Traded
2022,143,Philadelphia Phillies,PHI,National League,National League East,657745,Bubby Rossman,/api/v1/people/657745,77,1,Pitcher,Pitcher,P,TR,Traded
2022,143,Philadelphia Phillies,PHI,National League,National League East,650911,Cristopher Sánchez,/api/v1/people/650911,61,1,Pitcher,Pitcher,P,RM,Reassigned to Minors
2022,143,Philadelphia Phillies,PHI,National League,National League East,664848,Donny Sands,/api/v1/people/664848,39,2,Catcher,Catcher,C,RM,Reassigned to Minors
2022,143,Philadelphia Phillies,PHI,National League,National League East,656941,Kyle Schwarber,/api/v1/people/656941,12,10,Designated Hitter,Hitter,DH,A,Active
2022,143,Philadelphia Phillies,PHI,National League,National League East,516416,Jean Segura,/api/v1/people/516416,2,4,Second Base,Infielder,2B,A,Active
2022,143,Philadelphia Phillies,PHI,National League,National League East,624641,Edmundo Sosa,/api/v1/people/624641,33,6,Shortstop,Infielder,SS,A,Active
2022,143,Philadelphia Phillies,PHI,National League,National League East,681082,Bryson Stott,/api/v1/people/681082,5,4,Second Base,Infielder,2B,A,Active
2022,143,Philadelphia Phillies,PHI,National League,National League East,596117,Garrett Stubbs,/api/v1/people/596117,21,2,Catcher,Catcher,C,A,Active
2022,143,Philadelphia Phillies,PHI,National League,National League East,624133,Ranger Suarez,/api/v1/people/624133,55,1,Pitcher,Pitcher,P,A,Active
2022,143,Philadelphia Phillies,PHI,National League,National League East,592789,Noah Syndergaard,/api/v1/people/592789,43,1,Pitcher,Pitcher,P,A,Active
2022,143,Philadelphia Phillies,PHI,National League,National League East,663837,Matt Vierling,/api/v1/people/663837,19,8,Outfielder,Outfielder,CF,A,Active
2022,143,Philadelphia Phillies,PHI,National League,National League East,554430,Zack Wheeler,/api/v1/people/554430,45,1,Pitcher,Pitcher,P,A,Active
2022,143,Philadelphia Phillies,PHI,National League,National League East,605548,Bradley Zimmer,/api/v1/people/605548,18,8,Outfielder,Outfielder,CF,CL,Claimed
2022,144,Atlanta Braves,ATL,National League,National League East,660670,Ronald Acuña Jr.,/api/v1/people/660670,13,9,Outfielder,Outfielder,RF,A,Active
2022,144,Atlanta Braves,ATL,National League,National League East,501303,Ehire Adrianza,/api/v1/people/501303,17,4,Second Base,Infielder,2B,A,Active
2022,144,Atlanta Braves,ATL,National League,National League East,645277,Ozzie Albies,/api/v1/people/645277,1,4,Second Base,Infielder,2B,A,Active
2022,144,Atlanta Braves,ATL,National League,National League East,666120,Ian Anderson,/api/v1/people/666120,36,1,Pitcher,Pitcher,P,A,Active
2022,144,Atlanta Braves,ATL,National League,National League East,606115,Orlando Arcia,/api/v1/people/606115,11,6,Shortstop,Infielder,SS,A,Active
2022,144,Atlanta Braves,ATL,National League,National League East,676625,Rylan Bannon,/api/v1/people/676625,46,5,Third Base,Infielder,3B,A,Active
2022,144,Atlanta Braves,ATL,National League,National League East,611093,Silvino Bracho,/api/v1/people/611093,61,1,Pitcher,Pitcher,P,A,Active
2022,144,Atlanta Braves,ATL,National League,National League East,429664,Robinson Canó,/api/v1/people/429664,22,4,Second Base,Infielder,2B,MIN,Minor League Contract
2022,144,Atlanta Braves,ATL,National League,National League East,445926,Jesse Chavez,/api/v1/people/445926,60,1,Pitcher,Pitcher,P,A,Active
2022,144,Atlanta Braves,ATL,National League,National League East,661388,William Contreras,/api/v1/people/661388,24,2,Catcher,Catcher,C,A,Active
2022,144,Atlanta Braves,ATL,National League,National League East,672911,Jesus Cruz,/api/v1/people/672911,49,1,Pitcher,Pitcher,P,MIN,Minor League Contract
2022,144,Atlanta Braves,ATL,National League,National League East,656353,Tucker Davidson,/api/v1/people/656353,64,1,Pitcher,Pitcher,P,TR,Traded
2022,144,Atlanta Braves,ATL,National League,National League East,641513,Travis Demeritte,/api/v1/people/641513,48,9,Outfielder,Outfielder,RF,MIN,Minor League Contract
2022,144,Atlanta Braves,ATL,National League,National League East,543105,Alex Dickerson,/api/v1/people/543105,25,7,Outfielder,Outfielder,LF,MIN,Minor League Contract
2022,144,Atlanta Braves,ATL,National League,National League East,594807,Adam Duvall,/api/v1/people/594807,14,8,Outfielder,Outfielder,CF,D60,Injured 60-Day
2022,144,Atlanta Braves,ATL,National League,National League East,693821,Bryce Elder,/api/v1/people/693821,55,1,Pitcher,Pitcher,P,A,Active
2022,144,Atlanta Braves,ATL,National League,National League East,645801,Mike Ford,/api/v1/people/645801,34,3,First Base,Infielder,1B,RL,Released
2022,144,Atlanta Braves,ATL,National League,National League East,608331,Max Fried,/api/v1/people/608331,54,1,Pitcher,Pitcher,P,A,Active
2022,144,Atlanta Braves,ATL,National League,National League East,594838,Phil Gosselin,/api/v1/people/594838,15,4,Second Base,Infielder,2B,CL,Claimed
2022,144,Atlanta Braves,ATL,National League,National League East,687093,Vaughn Grissom,/api/v1/people/687093,18,4,Second Base,Infielder,2B,A,Active
2022,144,Atlanta Braves,ATL,National League,National League East,543257,Robbie Grossman,/api/v1/people/543257,15,7,Outfielder,Outfielder,LF,A,Active
2022,144,Atlanta Braves,ATL,National League,National League East,671739,Michael Harris II,/api/v1/people/671739,23,8,Outfielder,Outfielder,CF,A,Active
2022,144,Atlanta Braves,ATL,National League,National League East,628338,Guillermo Heredia,/api/v1/people/628338,38,7,Outfielder,Outfielder,LF,A,Active
2022,144,Atlanta Braves,ATL,National League,National League East,628452,Raisel Iglesias,/api/v1/people/628452,26,1,Pitcher,Pitcher,P,A,Active
2022,144,Atlanta Braves,ATL,National League,National League East,543351,Jay Jackson,/api/v1/people/543351,45,1,Pitcher,Pitcher,P,MIN,Minor League Contract
2022,144,Atlanta Braves,ATL,National League,National League East,445276,Kenley Jansen,/api/v1/people/445276,74,1,Pitcher,Pitcher,P,A,Active
2022,144,Atlanta Braves,ATL,National League,National League East,669276,Dylan Lee,/api/v1/people/669276,52,1,Pitcher,Pitcher,P,A,Active
2022,144,Atlanta Braves,ATL,National League,National League East,554431,Tyler Matzek,/api/v1/people/554431,68,1,Pitcher,Pitcher,P,A,Active
2022,144,Atlanta Braves,ATL,National League,National League East,543521,Collin McHugh,/api/v1/people/543521,32,1,Pitcher,Pitcher,P,A,Active
2022,144,Atlanta Braves,ATL,National League,National League East,621345,A.J. Minter,/api/v1/people/621345,33,1,Pitcher,Pitcher,P,A,Active
2022,144,Atlanta Braves,ATL,National League,National League East,450203,Charlie Morton,/api/v1/people/450203,50,1,Pitcher,Pitcher,P,A,Active
2022,144,Atlanta Braves,ATL,National League,National League East,666205,Kyle Muller,/api/v1/people/666205,66,1,Pitcher,Pitcher,P,A,Active
2022,144,Atlanta Braves,ATL,National League,National League East,656794,Sean Newcomb,/api/v1/people/656794,15,1,Pitcher,Pitcher,P,TR,Traded
2022,144,Atlanta Braves,ATL,National League,National League East,503285,Darren O'Day,/api/v1/people/503285,56,1,Pitcher,Pitcher,P,D60,Injured 60-Day
2022,144,Atlanta Braves,ATL,National League,National League East,543606,Jake Odorizzi,/api/v1/people/543606,12,1,Pitcher,Pitcher,P,A,Active
2022,144,Atlanta Braves,ATL,National League,National League East,621566,Matt Olson,/api/v1/people/621566,28,3,First Base,Infielder,1B,A,Active
2022,144,Atlanta Braves,ATL,National League,National League East,542303,Marcell Ozuna,/api/v1/people/542303,20,10,Designated Hitter,Hitter,DH,A,Active
2022,144,Atlanta Braves,ATL,National League,National League East,444489,Manny Piña,/api/v1/people/444489,9,2,Catcher,Catcher,C,D60,Injured 60-Day
2022,144,Atlanta Braves,ATL,National League,National League East,663586,Austin Riley,/api/v1/people/663586,27,5,Third Base,Infielder,3B,A,Active
2022,144,Atlanta Braves,ATL,National League,National League East,592696,Eddie Rosario,/api/v1/people/592696,8,7,Outfielder,Outfielder,LF,A,Active
2022,144,Atlanta Braves,ATL,National League,National League East,519293,Will Smith,/api/v1/people/519293,51,1,Pitcher,Pitcher,P,TR,Traded
2022,144,Atlanta Braves,ATL,National League,National League East,623451,Jackson Stephens,/api/v1/people/623451,53,1,Pitcher,Pitcher,P,A,Active
2022,144,Atlanta Braves,ATL,National League,National League East,675911,Spencer Strider,/api/v1/people/675911,65,1,Pitcher,Pitcher,P,A,Active
2022,144,Atlanta Braves,ATL,National League,National League East,621020,Dansby Swanson,/api/v1/people/621020,7,6,Shortstop,Infielder,SS,A,Active
2022,144,Atlanta Braves,ATL,National League,National League East,676206,Freddy Tarnok,/api/v1/people/676206,67,1,Pitcher,Pitcher,P,A,Active
2022,144,Atlanta Braves,ATL,National League,National League East,592804,Tyler Thornburg,/api/v1/people/592804,63,1,Pitcher,Pitcher,P,RL,Released
2022,144,Atlanta Braves,ATL,National League,National League East,644433,Chadwick Tromp,/api/v1/people/644433,48,2,Catcher,Catcher,C,A,Active
2022,144,Atlanta Braves,ATL,National League,National League East,682016,William Woods,/api/v1/people/682016,78,1,Pitcher,Pitcher,P,A,Active
2022,144,Atlanta Braves,ATL,National League,National League East,657140,Kyle Wright,/api/v1/people/657140,30,1,Pitcher,Pitcher,P,A,Active
2022,144,Atlanta Braves,ATL,National League,National League East,489446,Kirby Yates,/api/v1/people/489446,22,1,Pitcher,Pitcher,P,A,Active
2022,144,Atlanta Braves,ATL,National League,National League East,660623,Huascar Ynoa,/api/v1/people/660623,19,1,Pitcher,Pitcher,P,D60,Injured 60-Day
2022,144,Atlanta Braves,ATL,National League,National League East,664849,Danny Young,/api/v1/people/664849,63,1,Pitcher,Pitcher,P,MIN,Minor League Contract
2022,144,Atlanta Braves,ATL,National League,National League East,518595,Travis d'Arnaud,/api/v1/people/518595,16,2,Catcher,Catcher,C,A,Active
2022,145,Chicago White Sox,CWS,American League,American League Central,547989,José Abreu,/api/v1/people/547989,79,3,First Base,Infielder,1B,A,Active
2022,145,Chicago White Sox,CWS,American League,American League Central,641313,Tim Anderson,/api/v1/people/641313,7,6,Shortstop,Infielder,SS,A,Active
2022,145,Chicago White Sox,CWS,American League,American League Central,462101,Elvis Andrus,/api/v1/people/462101,1,6,Shortstop,Infielder,SS,A,Active
2022,145,Chicago White Sox,CWS,American League,American League Central,621383,Tanner Banks,/api/v1/people/621383,57,1,Pitcher,Pitcher,P,A,Active
2022,145,Chicago White Sox,CWS,American League,American League Central,607481,Aaron Bummer,/api/v1/people/607481,39,1,Pitcher,Pitcher,P,A,Active
2022,145,Chicago White Sox,CWS,American League,American League Central,669394,Jake Burger,/api/v1/people/669394,30,3,First Base,Infielder,1B,A,Active
2022,145,Chicago White Sox,CWS,American League,American League Central,621114,Ryan Burr,/api/v1/people/621114,61,1,Pitcher,Pitcher,P,RL,Released
2022,145,Chicago White Sox,CWS,American League,American League Central,656302,Dylan Cease,/api/v1/people/656302,84,1,Pitcher,Pitcher,P,A,Active
2022,145,Chicago White Sox,CWS,American League,American League Central,605195,Kyle Crick,/api/v1/people/605195,59,1,Pitcher,Pitcher,P,A,Active
2022,145,Chicago White Sox,CWS,American League,American League Central,456501,Johnny Cueto,/api/v1/people/456501,47,1,Pitcher,Pitcher,P,A,Active
2022,145,Chicago White Sox,CWS,American League,American League Central,518617,Jake Diekman,/api/v1/people/518617,55,1,Pitcher,Pitcher,P,A,Active
2022,145,Chicago White Sox,CWS,American League,American League Central,641553,Adam Engel,/api/v1/people/641553,15,9,Outfielder,Outfielder,RF,A,Active
2022,145,Chicago White Sox,CWS,American League,American League Central,641582,Matt Foster,/api/v1/people/641582,63,1,Pitcher,Pitcher,P,A,Active
2022,145,Chicago White Sox,CWS,American League,American League Central,544725,Leury García,/api/v1/people/544725,28,6,Shortstop,Infielder,SS,A,Active
2022,145,Chicago White Sox,CWS,American League,American League Central,608337,Lucas Giolito,/api/v1/people/608337,27,1,Pitcher,Pitcher,P,A,Active
2022,145,Chicago White Sox,CWS,American League,American League Central,663853,Romy Gonzalez,/api/v1/people/663853,12,9,Outfielder,Outfielder,RF,A,Active
2022,145,Chicago White Sox,CWS,American League,American League Central,518735,Yasmani Grandal,/api/v1/people/518735,24,2,Catcher,Catcher,C,A,Active
2022,145,Chicago White Sox,CWS,American League,American League Central,608665,Kendall Graveman,/api/v1/people/608665,49,1,Pitcher,Pitcher,P,A,Active
2022,145,Chicago White Sox,CWS,American League,American League Central,656514,Adam Haseley,/api/v1/people/656514,51,9,Outfielder,Outfielder,RF,NRI,Non-Roster Invitee
2022,145,Chicago White Sox,CWS,American League,American League Central,521230,Liam Hendriks,/api/v1/people/521230,31,1,Pitcher,Pitcher,P,A,Active
2022,145,Chicago White Sox,CWS,American League,American League Central,650391,Eloy Jiménez,/api/v1/people/650391,74,9,Outfielder,Outfielder,RF,D10,Injured 10-Day
2022,145,Chicago White Sox,CWS,American League,American League Central,523260,Joe Kelly,/api/v1/people/523260,17,1,Pitcher,Pitcher,P,A,Active
2022,145,Chicago White Sox,CWS,American League,American League Central,572971,Dallas Keuchel,/api/v1/people/572971,60,1,Pitcher,Pitcher,P,RL,Released
2022,145,Chicago White Sox,CWS,American League,American League Central,656629,Michael Kopech,/api/v1/people/656629,34,1,Pitcher,Pitcher,P,A,Active
2022,145,Chicago White Sox,CWS,American League,American League Central,669424,Jimmy Lambert,/api/v1/people/669424,58,1,Pitcher,Pitcher,P,A,Active
2022,145,Chicago White Sox,CWS,American League,American League Central,625643,Reynaldo López,/api/v1/people/625643,40,1,Pitcher,Pitcher,P,A,Active
2022,145,Chicago White Sox,CWS,American League,American League Central,458681,Lance Lynn,/api/v1/people/458681,33,1,Pitcher,Pitcher,P,A,Active
2022,145,Chicago White Sox,CWS,American League,American League Central,663436,Davis Martin,/api/v1/people/663436,65,1,Pitcher,Pitcher,P,A,Active
2022,145,Chicago White Sox,CWS,American League,American League Central,624512,Reese McGuire,/api/v1/people/624512,21,2,Catcher,Catcher,C,TR,Traded
2022,145,Chicago White Sox,CWS,American League,American League Central,664901,Danny Mendick,/api/v1/people/664901,20,6,Shortstop,Infielder,SS,D60,Injured 60-Day
2022,145,Chicago White Sox,CWS,American League,American League Central,660162,Yoán Moncada,/api/v1/people/660162,10,5,Third Base,Infielder,3B,A,Active
2022,145,Chicago White Sox,CWS,American League,American League Central,592622,Mark Payton,/api/v1/people/592622,46,9,Outfielder,Outfielder,RF,A,Active
2022,145,Chicago White Sox,CWS,American League,American League Central,656024,Carlos Pérez,/api/v1/people/656024,36,2,Catcher,Catcher,C,A,Active
2022,145,Chicago White Sox,CWS,American League,American League Central,572041,AJ Pollock,/api/v1/people/572041,18,7,Outfielder,Outfielder,LF,A,Active
2022,145,Chicago White Sox,CWS,American League,American League Central,673357,Luis Robert Jr.,/api/v1/people/673357,88,8,Outfielder,Outfielder,CF,A,Active
2022,145,Chicago White Sox,CWS,American League,American League Central,614179,José Ruiz,/api/v1/people/614179,66,1,Pitcher,Pitcher,P,A,Active
2022,145,Chicago White Sox,CWS,American League,American League Central,644429,Anderson Severino,/api/v1/people/644429,62,1,Pitcher,Pitcher,P,MIN,Minor League Contract
2022,145,Chicago White Sox,CWS,American League,American League Central,657757,Gavin Sheets,/api/v1/people/657757,32,3,First Base,Infielder,1B,A,Active
2022,145,Chicago White Sox,CWS,American League,American League Central,672820,Lenyn Sosa,/api/v1/people/672820,50,6,Shortstop,Infielder,SS,A,Active
2022,145,Chicago White Sox,CWS,American League,American League Central,656986,Bennett Sousa,/api/v1/people/656986,67,1,Pitcher,Pitcher,P,A,Active
2022,145,Chicago White Sox,CWS,American League,American League Central,683734,Andrew Vaughn,/api/v1/people/683734,25,3,First Base,Infielder,1B,A,Active
2022,145,Chicago White Sox,CWS,American League,American League Central,592826,Vince Velasquez,/api/v1/people/592826,23,1,Pitcher,Pitcher,P,A,Active
2022,145,Chicago White Sox,CWS,American League,American League Central,664874,Seby Zavala,/api/v1/people/664874,44,2,Catcher,Catcher,C,A,Active
2022,146,Miami Marlins,MIA,National League,National League East,542583,Jesús Aguilar,/api/v1/people/542583,99,3,First Base,Infielder,1B,RL,Released
2022,146,Miami Marlins,MIA,National League,National League East,645261,Sandy Alcantara,/api/v1/people/645261,22,1,Pitcher,Pitcher,P,A,Active
2022,146,Miami Marlins,MIA,National League,National League East,605119,Brian Anderson,/api/v1/people/605119,15,5,Third Base,Infielder,3B,A,Active
2022,146,Miami Marlins,MIA,National League,National League East,542888,Shawn Armstrong,/api/v1/people/542888,43,1,Pitcher,Pitcher,P,MIN,Minor League Contract
2022,146,Miami Marlins,MIA,National League,National League East,553902,Willians Astudillo,/api/v1/people/553902,37,5,Third Base,Infielder,3B,MIN,Minor League Contract
2022,146,Miami Marlins,MIA,National League,National League East,542914,Anthony Bass,/api/v1/people/542914,52,1,Pitcher,Pitcher,P,TR,Traded
2022,146,Miami Marlins,MIA,National League,National League East,669622,Anthony Bender,/api/v1/people/669622,55,1,Pitcher,Pitcher,P,D60,Injured 60-Day
2022,146,Miami Marlins,MIA,National League,National League East,542932,Jon Berti,/api/v1/people/542932,5,6,Shortstop,Infielder,SS,A,Active
2022,146,Miami Marlins,MIA,National League,National League East,668709,JJ Bleday,/api/v1/people/668709,67,8,Outfielder,Outfielder,CF,A,Active
2022,146,Miami Marlins,MIA,National League,National League East,542947,Richard Bleier,/api/v1/people/542947,35,1,Pitcher,Pitcher,P,A,Active
2022,146,Miami Marlins,MIA,National League,National League East,623211,Huascar Brazobán,/api/v1/people/623211,81,1,Pitcher,Pitcher,P,A,Active
2022,146,Miami Marlins,MIA,National League,National League East,656257,Jeff Brigham,/api/v1/people/656257,43,1,Pitcher,Pitcher,P,A,Active
2022,146,Miami Marlins,MIA,National League,National League East,680814,Peyton Burdick,/api/v1/people/680814,86,9,Outfielder,Outfielder,RF,A,Active
2022,146,Miami Marlins,MIA,National League,National League East,665795,Edward Cabrera,/api/v1/people/665795,27,1,Pitcher,Pitcher,P,A,Active
2022,146,Miami Marlins,MIA,National League,National League East,641447,Daniel Castano,/api/v1/people/641447,20,1,Pitcher,Pitcher,P,A,Active
2022,146,Miami Marlins,MIA,National League,National League East,665862,Jazz Chisholm Jr.,/api/v1/people/665862,2,8,Outfielder,Outfielder,CF,D60,Injured 60-Day
2022,146,Miami Marlins,MIA,National League,National League East,643265,Garrett Cooper,/api/v1/people/643265,26,3,First Base,Infielder,1B,A,Active
2022,146,Miami Marlins,MIA,National League,National League East,650559,Bryan De La Cruz,/api/v1/people/650559,14,7,Outfielder,Outfielder,LF,A,Active
2022,146,Miami Marlins,MIA,National League,National League East,650331,Lewin Díaz,/api/v1/people/650331,34,3,First Base,Infielder,1B,A,Active
2022,146,Miami Marlins,MIA,National League,National League East,656388,Joe Dunand,/api/v1/people/656388,62,5,Third Base,Infielder,3B,CL,Claimed
2022,146,Miami Marlins,MIA,National League,National League East,666464,Jerar Encarnacion,/api/v1/people/666464,64,7,Outfielder,Outfielder,LF,A,Active
2022,146,Miami Marlins,MIA,National League,National League East,670288,Jake Fishman,/api/v1/people/670288,94,1,Pitcher,Pitcher,P,MIN,Minor League Contract
2022,146,Miami Marlins,MIA,National League,National League East,571670,Dylan Floro,/api/v1/people/571670,36,1,Pitcher,Pitcher,P,A,Active
2022,146,Miami Marlins,MIA,National League,National League East,663743,Nick Fortes,/api/v1/people/663743,54,2,Catcher,Catcher,C,A,Active
2022,146,Miami Marlins,MIA,National League,National League East,541645,Avisaíl García,/api/v1/people/541645,24,9,Outfielder,Outfielder,RF,A,Active
2022,146,Miami Marlins,MIA,National League,National League East,666129,Braxton Garrett,/api/v1/people/666129,60,1,Pitcher,Pitcher,P,A,Active
2022,146,Miami Marlins,MIA,National League,National League East,570481,Erik González,/api/v1/people/570481,9,5,Third Base,Infielder,3B,MIN,Minor League Contract
2022,146,Miami Marlins,MIA,National League,National League East,677954,Jordan Groshans,/api/v1/people/677954,65,6,Shortstop,Infielder,SS,A,Active
2022,146,Miami Marlins,MIA,National League,National League East,571740,Billy Hamilton,/api/v1/people/571740,6,6,Shortstop,Infielder,SS,MIN,Minor League Contract
2022,146,Miami Marlins,MIA,National League,National League East,545343,Louis Head,/api/v1/people/545343,38,1,Pitcher,Pitcher,P,CL,Claimed
2022,146,Miami Marlins,MIA,National League,National League East,668721,Payton Henry,/api/v1/people/668721,59,2,Catcher,Catcher,C,A,Active
2022,146,Miami Marlins,MIA,National League,National League East,622694,Elieser Hernández,/api/v1/people/622694,57,1,Pitcher,Pitcher,P,A,Active
2022,146,Miami Marlins,MIA,National League,National League East,663773,Bryan Hoeing,/api/v1/people/663773,93,1,Pitcher,Pitcher,P,A,Active
2022,146,Miami Marlins,MIA,National League,National League East,656548,Jordan Holloway,/api/v1/people/656548,25,1,Pitcher,Pitcher,P,D60,Injured 60-Day
2022,146,Miami Marlins,MIA,National League,National League East,607609,A.J. Ladwig,/api/v1/people/607609,70,1,Pitcher,Pitcher,P,MIN,Minor League Contract
2022,146,Miami Marlins,MIA,National League,National League East,641779,Charles Leblanc,/api/v1/people/641779,83,5,Third Base,Infielder,3B,A,Active
2022,146,Miami Marlins,MIA,National League,National League East,641154,Pablo López,/api/v1/people/641154,49,1,Pitcher,Pitcher,P,A,Active
2022,146,Miami Marlins,MIA,National League,National League East,666200,Jesús Luzardo,/api/v1/people/666200,44,1,Pitcher,Pitcher,P,A,Active
2022,146,Miami Marlins,MIA,National League,National League East,676974,Max Meyer,/api/v1/people/676974,23,1,Pitcher,Pitcher,P,D60,Injured 60-Day
2022,146,Miami Marlins,MIA,National League,National League East,667297,Tommy Nance,/api/v1/people/667297,51,1,Pitcher,Pitcher,P,A,Active
2022,146,Miami Marlins,MIA,National League,National League East,677053,Andrew Nardi,/api/v1/people/677053,90,1,Pitcher,Pitcher,P,A,Active
2022,146,Miami Marlins,MIA,National League,National League East,663734,Nick Neidert,/api/v1/people/663734,29,1,Pitcher,Pitcher,P,A,Active
2022,146,Miami Marlins,MIA,National League,National League East,595345,Steven Okert,/api/v1/people/595345,48,1,Pitcher,Pitcher,P,A,Active
2022,146,Miami Marlins,MIA,National League,National League East,647315,Zach Pop,/api/v1/people/647315,56,1,Pitcher,Pitcher,P,TR,Traded
2022,146,Miami Marlins,MIA,National League,National League East,547001,Cody Poteet,/api/v1/people/547001,72,1,Pitcher,Pitcher,P,D60,Injured 60-Day
2022,146,Miami Marlins,MIA,National League,National League East,669432,Trevor Rogers,/api/v1/people/669432,28,1,Pitcher,Pitcher,P,A,Active
2022,146,Miami Marlins,MIA,National League,National League East,500743,Miguel Rojas,/api/v1/people/500743,11,6,Shortstop,Infielder,SS,A,Active
2022,146,Miami Marlins,MIA,National League,National League East,660821,Jesús Sánchez,/api/v1/people/660821,7,9,Outfielder,Outfielder,RF,A,Active
2022,146,Miami Marlins,MIA,National League,National League East,656945,Tanner Scott,/api/v1/people/656945,66,1,Pitcher,Pitcher,P,A,Active
2022,146,Miami Marlins,MIA,National League,National League East,624585,Jorge Soler,/api/v1/people/624585,12,7,Outfielder,Outfielder,LF,D60,Injured 60-Day
2022,146,Miami Marlins,MIA,National League,National League East,607732,Jacob Stallings,/api/v1/people/607732,58,2,Catcher,Catcher,C,A,Active
2022,146,Miami Marlins,MIA,National League,National League East,642121,Cole Sulser,/api/v1/people/642121,31,1,Pitcher,Pitcher,P,A,Active
2022,146,Miami Marlins,MIA,National League,National League East,621563,Joey Wendle,/api/v1/people/621563,18,6,Shortstop,Infielder,SS,A,Active
2022,146,Miami Marlins,MIA,National League,National League East,663897,Luke Williams,/api/v1/people/663897,46,7,Outfielder,Outfielder,LF,A,Active
2022,146,Miami Marlins,MIA,National League,National League East,642231,Jimmy Yacabonis,/api/v1/people/642231,47,1,Pitcher,Pitcher,P,CL,Claimed
2022,146,Miami Marlins,MIA,National League,National League East,656008,Aneurys Zabala,/api/v1/people/656008,80,1,Pitcher,Pitcher,P,MIN,Minor League Contract
2022,147,New York Yankees,NYY,American League,American League East,656061,Albert Abreu,/api/v1/people/656061,84,1,Pitcher,Pitcher,P,A,Active
2022,147,New York Yankees,NYY,American League,American League East,609280,Miguel Andujar,/api/v1/people/609280,41,7,Outfielder,Outfielder,LF,CL,Claimed
2022,147,New York Yankees,NYY,American League,American League East,664056,Harrison Bader,/api/v1/people/664056,22,8,Outfielder,Outfielder,CF,A,Active
2022,147,New York Yankees,NYY,American League,American League East,607455,Anthony Banda,/api/v1/people/607455,61,1,Pitcher,Pitcher,P,MIN,Minor League Contract
2022,147,New York Yankees,NYY,American League,American League East,544365,Manny Banuelos,/api/v1/people/544365,68,1,Pitcher,Pitcher,P,TR,Traded
2022,147,New York Yankees,NYY,American League,American League East,572703,Luke Bard,/api/v1/people/572703,68,1,Pitcher,Pitcher,P,MIN,Minor League Contract
2022,147,New York Yankees,NYY,American League,American League East,606930,Jacob Barnes,/api/v1/people/606930,68,1,Pitcher,Pitcher,P,MIN,Minor League Contract
2022,147,New York Yankees,NYY,American League,American League East,643217,Andrew Benintendi,/api/v1/people/643217,18,7,Outfielder,Outfielder,LF,A,Active
2022,147,New York Yankees,NYY,American League,American League East,542963,Rob Brantly,/api/v1/people/542963,,2,Catcher,Catcher,C,MIN,Minor League Contract
2022,147,New York Yankees,NYY,American League,American League East,502154,Zack Britton,/api/v1/people/502154,53,1,Pitcher,Pitcher,P,D60,Injured 60-Day
2022,147,New York Yankees,NYY,American League,American League East,665828,Oswaldo Cabrera,/api/v1/people/665828,95,7,Outfielder,Outfielder,LF,A,Active
2022,147,New York Yankees,NYY,American League,American League East,572761,Matt Carpenter,/api/v1/people/572761,24,10,Designated Hitter,Hitter,DH,A,Active
2022,147,New York Yankees,NYY,American League,American League East,612434,Miguel Castro,/api/v1/people/612434,30,1,Pitcher,Pitcher,P,A,Active
2022,147,New York Yankees,NYY,American League,American League East,547973,Aroldis Chapman,/api/v1/people/547973,54,1,Pitcher,Pitcher,P,A,Active
2022,147,New York Yankees,NYY,American League,American League East,543037,Gerrit Cole,/api/v1/people/543037,45,1,Pitcher,Pitcher,P,A,Active
2022,147,New York Yankees,NYY,American League,American League East,641482,Nestor Cortes,/api/v1/people/641482,65,1,Pitcher,Pitcher,P,A,Active
2022,147,New York Yankees,NYY,American League,American League East,518626,Josh Donaldson,/api/v1/people/518626,28,5,Third Base,Infielder,3B,A,Active
2022,147,New York Yankees,NYY,American League,American League East,664123,Scott Effross,/api/v1/people/664123,59,1,Pitcher,Pitcher,P,A,Active
2022,147,New York Yankees,NYY,American League,American League East,664314,Estevan Florial,/api/v1/people/664314,90,9,Outfielder,Outfielder,RF,A,Active
2022,147,New York Yankees,NYY,American League,American League East,608336,Joey Gallo,/api/v1/people/608336,13,7,Outfielder,Outfielder,LF,TR,Traded
2022,147,New York Yankees,NYY,American League,American League East,593334,Domingo Germán,/api/v1/people/593334,55,1,Pitcher,Pitcher,P,A,Active
2022,147,New York Yankees,NYY,American League,American League East,661563,Luis Gil,/api/v1/people/661563,81,1,Pitcher,Pitcher,P,D60,Injured 60-Day
2022,147,New York Yankees,NYY,American League,American League East,592346,Chi Chi González,/api/v1/people/592346,70,1,Pitcher,Pitcher,P,MIN,Minor League Contract
2022,147,New York Yankees,NYY,American League,American League East,503556,Marwin Gonzalez,/api/v1/people/503556,14,6,Shortstop,Infielder,SS,A,Active
2022,147,New York Yankees,NYY,American League,American League East,643338,Chad Green,/api/v1/people/643338,57,1,Pitcher,Pitcher,P,D60,Injured 60-Day
2022,147,New York Yankees,NYY,American League,American League East,572888,Shane Greene,/api/v1/people/572888,,1,Pitcher,Pitcher,P,MIN,Minor League Contract
2022,147,New York Yankees,NYY,American League,American League East,608597,Ronald Guzmán,/api/v1/people/608597,29,3,First Base,Infielder,1B,MIN,Minor League Contract
2022,147,New York Yankees,NYY,American League,American League East,543305,Aaron Hicks,/api/v1/people/543305,31,7,Outfielder,Outfielder,LF,A,Active
2022,147,New York Yankees,NYY,American League,American League East,543309,Kyle Higashioka,/api/v1/people/543309,66,2,Catcher,Catcher,C,A,Active
2022,147,New York Yankees,NYY,American League,American League East,605280,Clay Holmes,/api/v1/people/605280,35,1,Pitcher,Pitcher,P,A,Active
2022,147,New York Yankees,NYY,American League,American League East,592450,Aaron Judge,/api/v1/people/592450,99,8,Outfielder,Outfielder,CF,A,Active
2022,147,New York Yankees,NYY,American League,American League East,643396,Isiah Kiner-Falefa,/api/v1/people/643396,12,8,Outfielder,Outfielder,CF,A,Active
2022,147,New York Yankees,NYY,American League,American League East,650633,Michael King,/api/v1/people/650633,34,1,Pitcher,Pitcher,P,D60,Injured 60-Day
2022,147,New York Yankees,NYY,American League,American League East,518934,DJ LeMahieu,/api/v1/people/518934,26,5,Third Base,Infielder,3B,A,Active
2022,147,New York Yankees,NYY,American League,American League East,642528,Jonathan Loáisiga,/api/v1/people/642528,43,1,Pitcher,Pitcher,P,A,Active
2022,147,New York Yankees,NYY,American League,American League East,641796,Tim Locastro,/api/v1/people/641796,33,8,Outfielder,Outfielder,CF,A,Active
2022,147,New York Yankees,NYY,American League,American League East,476595,Lucas Luetge,/api/v1/people/476595,63,1,Pitcher,Pitcher,P,RM,Reassigned to Minors
2022,147,New York Yankees,NYY,American League,American League East,676760,Ron Marinaccio,/api/v1/people/676760,97,1,Pitcher,Pitcher,P,A,Active
2022,147,New York Yankees,NYY,American League,American League East,641853,David McKay,/api/v1/people/641853,71,1,Pitcher,Pitcher,P,TR,Traded
2022,147,New York Yankees,NYY,American League,American League East,593423,Frankie Montas,/api/v1/people/593423,47,1,Pitcher,Pitcher,P,A,Active
2022,147,New York Yankees,NYY,American League,American League East,656756,Jordan Montgomery,/api/v1/people/656756,47,1,Pitcher,Pitcher,P,TR,Traded
2022,147,New York Yankees,NYY,American League,American League East,593974,Wandy Peralta,/api/v1/people/593974,58,1,Pitcher,Pitcher,P,A,Active
2022,147,New York Yankees,NYY,American League,American League East,672724,Oswald Peraza,/api/v1/people/672724,91,6,Shortstop,Infielder,SS,A,Active
2022,147,New York Yankees,NYY,American League,American League East,519203,Anthony Rizzo,/api/v1/people/519203,48,3,First Base,Infielder,1B,A,Active
2022,147,New York Yankees,NYY,American League,American League East,657376,Clarke Schmidt,/api/v1/people/657376,86,1,Pitcher,Pitcher,P,A,Active
2022,147,New York Yankees,NYY,American League,American League East,676664,JP Sears,/api/v1/people/676664,92,1,Pitcher,Pitcher,P,TR,Traded
2022,147,New York Yankees,NYY,American League,American League East,622663,Luis Severino,/api/v1/people/622663,40,1,Pitcher,Pitcher,P,A,Active
2022,147,New York Yankees,NYY,American League,American League East,519317,Giancarlo Stanton,/api/v1/people/519317,27,9,Outfielder,Outfielder,RF,A,Active
2022,147,New York Yankees,NYY,American League,American League East,592791,Jameson Taillon,/api/v1/people/592791,50,1,Pitcher,Pitcher,P,A,Active
2022,147,New York Yankees,NYY,American League,American League East,650402,Gleyber Torres,/api/v1/people/650402,25,4,Second Base,Infielder,2B,A,Active
2022,147,New York Yankees,NYY,American League,American League East,624431,Jose Trevino,/api/v1/people/624431,39,2,Catcher,Catcher,C,A,Active
2022,147,New York Yankees,NYY,American League,American League East,642152,Lou Trivino,/api/v1/people/642152,56,1,Pitcher,Pitcher,P,A,Active
2022,147,New York Yankees,NYY,American League,American League East,543901,Ryan Weber,/api/v1/people/543901,92,1,Pitcher,Pitcher,P,MIN,Minor League Contract
2022,147,New York Yankees,NYY,American League,American League East,669711,Greg Weissert,/api/v1/people/669711,68,1,Pitcher,Pitcher,P,A,Active
2022,158,Milwaukee Brewers,MIL,National League,National League Central,642715,Willy Adames,/api/v1/people/642715,27,6,Shortstop,Infielder,SS,A,Active
2022,158,Milwaukee Brewers,MIL,National League,National League Central,669920,Jason Alexander,/api/v1/people/669920,41,1,Pitcher,Pitcher,P,A,Active
2022,158,Milwaukee Brewers,MIL,National League,National League Central,676879,Aaron Ashby,/api/v1/people/676879,26,1,Pitcher,Pitcher,P,A,Active
2022,158,Milwaukee Brewers,MIL,National League,National League Central,673316,Luke Barker,/api/v1/people/673316,49,1,Pitcher,Pitcher,P,RL,Released
2022,158,Milwaukee Brewers,MIL,National League,National League Central,502202,Brad Boxberger,/api/v1/people/502202,45,1,Pitcher,Pitcher,P,A,Active
2022,158,Milwaukee Brewers,MIL,National League,National League Central,670712,Mike Brosseau,/api/v1/people/670712,20,5,Third Base,Infielder,3B,A,Active
2022,158,Milwaukee Brewers,MIL,National League,National League Central,669203,Corbin Burnes,/api/v1/people/669203,39,1,Pitcher,Pitcher,P,A,Active
2022,158,Milwaukee Brewers,MIL,National League,National League Central,456713,Matt Bush,/api/v1/people/456713,50,1,Pitcher,Pitcher,P,A,Active
2022,158,Milwaukee Brewers,MIL,National League,National League Central,456715,Lorenzo Cain,/api/v1/people/456715,6,8,Outfielder,Outfielder,CF,RL,Released
2022,158,Milwaukee Brewers,MIL,National League,National League Central,605170,Victor Caratini,/api/v1/people/605170,7,2,Catcher,Catcher,C,A,Active
2022,158,Milwaukee Brewers,MIL,National League,National League Central,664776,Jake Cousins,/api/v1/people/664776,54,1,Pitcher,Pitcher,P,A,Active
2022,158,Milwaukee Brewers,MIL,National League,National League Central,641505,Jonathan Davis,/api/v1/people/641505,3,8,Outfielder,Outfielder,CF,MIN,Minor League Contract
2022,158,Milwaukee Brewers,MIL,National League,National League Central,666128,Mario Feliciano,/api/v1/people/666128,0,2,Catcher,Catcher,C,A,Active
2022,158,Milwaukee Brewers,MIL,National League,National League Central,592346,Chi Chi González,/api/v1/people/592346,21,1,Pitcher,Pitcher,P,MIN,Minor League Contract
2022,158,Milwaukee Brewers,MIL,National League,National League Central,641627,Trevor Gott,/api/v1/people/641627,48,1,Pitcher,Pitcher,P,A,Active
2022,158,Milwaukee Brewers,MIL,National League,National League Central,594311,Jandel Gustave,/api/v1/people/594311,31,1,Pitcher,Pitcher,P,A,Active
2022,158,Milwaukee Brewers,MIL,National League,National League Central,623352,Josh Hader,/api/v1/people/623352,71,1,Pitcher,Pitcher,P,TR,Traded
2022,158,Milwaukee Brewers,MIL,National League,National League Central,669374,Keston Hiura,/api/v1/people/669374,18,3,First Base,Infielder,1B,A,Active
2022,158,Milwaukee Brewers,MIL,National League,National League Central,605288,Adrian Houser,/api/v1/people/605288,37,1,Pitcher,Pitcher,P,A,Active
2022,158,Milwaukee Brewers,MIL,National League,National League Central,656577,Alex Jackson,/api/v1/people/656577,5,2,Catcher,Catcher,C,D60,Injured 60-Day
2022,158,Milwaukee Brewers,MIL,National League,National League Central,665001,Trevor Kelley,/api/v1/people/665001,43,1,Pitcher,Pitcher,P,A,Active
2022,158,Milwaukee Brewers,MIL,National League,National League Central,641778,Eric Lauer,/api/v1/people/641778,52,1,Pitcher,Pitcher,P,A,Active
2022,158,Milwaukee Brewers,MIL,National League,National League Central,664029,Mark Mathias,/api/v1/people/664029,13,4,Second Base,Infielder,2B,TR,Traded
2022,158,Milwaukee Brewers,MIL,National League,National League Central,457705,Andrew McCutchen,/api/v1/people/457705,24,10,Designated Hitter,Hitter,DH,A,Active
2022,158,Milwaukee Brewers,MIL,National League,National League Central,459429,Jake McGee,/api/v1/people/459429,21,1,Pitcher,Pitcher,P,CL,Claimed
2022,158,Milwaukee Brewers,MIL,National League,National League Central,650496,J.C. Mejía,/api/v1/people/650496,36,1,Pitcher,Pitcher,P,MIN,Minor League Contract
2022,158,Milwaukee Brewers,MIL,National League,National League Central,571948,Hoby Milner,/api/v1/people/571948,55,1,Pitcher,Pitcher,P,A,Active
2022,158,Milwaukee Brewers,MIL,National League,National League Central,669003,Garrett Mitchell,/api/v1/people/669003,5,8,Outfielder,Outfielder,CF,A,Active
2022,158,Milwaukee Brewers,MIL,National League,National League Central,553882,Omar Narváez,/api/v1/people/553882,10,2,Catcher,Catcher,C,A,Active
2022,158,Milwaukee Brewers,MIL,National League,National League Central,642547,Freddy Peralta,/api/v1/people/642547,51,1,Pitcher,Pitcher,P,A,Active
2022,158,Milwaukee Brewers,MIL,National League,National League Central,606131,Luis Perdomo,/api/v1/people/606131,46,1,Pitcher,Pitcher,P,A,Active
2022,158,Milwaukee Brewers,MIL,National League,National League Central,607054,Jace Peterson,/api/v1/people/607054,14,5,Third Base,Infielder,3B,A,Active
2022,158,Milwaukee Brewers,MIL,National League,National League Central,592669,Hunter Renfroe,/api/v1/people/592669,12,9,Outfielder,Outfielder,RF,A,Active
2022,158,Milwaukee Brewers,MIL,National League,National League Central,622569,Pablo Reyes,/api/v1/people/622569,33,5,Third Base,Infielder,3B,MIN,Minor League Contract
2022,158,Milwaukee Brewers,MIL,National League,National League Central,573124,Taylor Rogers,/api/v1/people/573124,25,1,Pitcher,Pitcher,P,A,Active
2022,158,Milwaukee Brewers,MIL,National League,National League Central,665923,Esteury Ruiz,/api/v1/people/665923,13,7,Outfielder,Outfielder,LF,A,Active
2022,158,Milwaukee Brewers,MIL,National League,National League Central,592712,Connor Sadzeck,/api/v1/people/592712,59,1,Pitcher,Pitcher,P,MIN,Minor League Contract
2022,158,Milwaukee Brewers,MIL,National League,National League Central,667376,Miguel Sánchez,/api/v1/people/667376,58,1,Pitcher,Pitcher,P,MIN,Minor League Contract
2022,158,Milwaukee Brewers,MIL,National League,National League Central,600474,Pedro Severino,/api/v1/people/600474,28,2,Catcher,Catcher,C,MIN,Minor League Contract
2022,158,Milwaukee Brewers,MIL,National League,National League Central,663629,Ethan Small,/api/v1/people/663629,43,1,Pitcher,Pitcher,P,A,Active
2022,158,Milwaukee Brewers,MIL,National League,National League Central,657265,Peter Strzelecki,/api/v1/people/657265,32,1,Pitcher,Pitcher,P,A,Active
2022,158,Milwaukee Brewers,MIL,National League,National League Central,608718,Brent Suter,/api/v1/people/608718,35,1,Pitcher,Pitcher,P,A,Active
2022,158,Milwaukee Brewers,MIL,National League,National League Central,621438,Tyrone Taylor,/api/v1/people/621438,15,8,Outfielder,Outfielder,CF,A,Active
2022,158,Milwaukee Brewers,MIL,National League,National League Central,642133,Rowdy Tellez,/api/v1/people/642133,11,3,First Base,Infielder,1B,A,Active
2022,158,Milwaukee Brewers,MIL,National League,National League Central,623437,Justin Topa,/api/v1/people/623437,56,1,Pitcher,Pitcher,P,A,Active
2022,158,Milwaukee Brewers,MIL,National League,National League Central,570632,José Ureña,/api/v1/people/570632,32,1,Pitcher,Pitcher,P,MIN,Minor League Contract
2022,158,Milwaukee Brewers,MIL,National League,National League Central,649966,Luis Urías,/api/v1/people/649966,2,4,Second Base,Infielder,2B,A,Active
2022,158,Milwaukee Brewers,MIL,National League,National League Central,642207,Devin Williams,/api/v1/people/642207,38,1,Pitcher,Pitcher,P,A,Active
2022,158,Milwaukee Brewers,MIL,National League,National League Central,543939,Kolten Wong,/api/v1/people/543939,16,4,Second Base,Infielder,2B,A,Active
2022,158,Milwaukee Brewers,MIL,National League,National League Central,605540,Brandon Woodruff,/api/v1/people/605540,53,1,Pitcher,Pitcher,P,A,Active
2022,158,Milwaukee Brewers,MIL,National League,National League Central,592885,Christian Yelich,/api/v1/people/592885,22,7,Outfielder,Outfielder,LF,A,Active
2022,108,Los Angeles Angels,LAA,American League,American League West,666176,Jo Adell,/api/v1/people/666176,7,7,Outfielder,Outfielder,LF,A,Active
2022,108,Los Angeles Angels,LAA,American League,American League West,666922,Ryan Aguilar,/api/v1/people/666922,39,9,Outfielder,Outfielder,RF,MIN,Minor League Contract
2022,108,Los Angeles Angels,LAA,American League,American League West,607457,Kyle Barraclough,/api/v1/people/607457,49,1,Pitcher,Pitcher,P,MIN,Minor League Contract
2022,108,Los Angeles Angels,LAA,American League,American League West,642545,Jaime Barria,/api/v1/people/642545,51,1,Pitcher,Pitcher,P,A,Active
2022,108,Los Angeles Angels,LAA,American League,American League West,605151,Archie Bradley,/api/v1/people/605151,23,1,Pitcher,Pitcher,P,A,Active
2022,108,Los Angeles Angels,LAA,American League,American League West,445926,Jesse Chavez,/api/v1/people/445926,40,1,Pitcher,Pitcher,P,RL,Released
2022,108,Los Angeles Angels,LAA,American League,American League West,656353,Tucker Davidson,/api/v1/people/656353,32,1,Pitcher,Pitcher,P,A,Active
2022,108,Los Angeles Angels,LAA,American League,American League West,672282,Reid Detmers,/api/v1/people/672282,48,1,Pitcher,Pitcher,P,A,Active
2022,108,Los Angeles Angels,LAA,American League,American League West,646242,Jhonathan Díaz,/api/v1/people/646242,74,1,Pitcher,Pitcher,P,D60,Injured 60-Day
2022,108,Los Angeles Angels,LAA,American League,American League West,622110,Matt Duffy,/api/v1/people/622110,5,5,Third Base,Infielder,3B,A,Active
2022,108,Los Angeles Angels,LAA,American League,American League West,621453,Steven Duggar,/api/v1/people/621453,8,8,Outfielder,Outfielder,CF,MIN,Minor League Contract
2022,108,Los Angeles Angels,LAA,American League,American League West,664058,David Fletcher,/api/v1/people/664058,42,6,Shortstop,Infielder,SS,A,Active
2022,108,Los Angeles Angels,LAA,American League,American League West,645801,Mike Ford,/api/v1/people/645801,36,3,First Base,Infielder,1B,MIN,Minor League Contract
2022,108,Los Angeles Angels,LAA,American League,American League West,594838,Phil Gosselin,/api/v1/people/594838,14,4,Second Base,Infielder,2B,RL,Released
2022,108,Los Angeles Angels,LAA,American League,American League West,656509,Monte Harrison,/api/v1/people/656509,13,O,Outfield,Outfielder,OF,MIN,Minor League Contract
2022,108,Los Angeles Angels,LAA,American League,American League West,623474,Jimmy Herget,/api/v1/people/623474,46,1,Pitcher,Pitcher,P,A,Active
2022,108,Los Angeles Angels,LAA,American League,American League West,628452,Raisel Iglesias,/api/v1/people/628452,32,1,Pitcher,Pitcher,P,TR,Traded
2022,108,Los Angeles Angels,LAA,American League,American League West,676083,Janson Junk,/api/v1/people/676083,66,1,Pitcher,Pitcher,P,A,Active
2022,108,Los Angeles Angels,LAA,American League,American League West,501571,Juan Lagares,/api/v1/people/501571,10,9,Outfielder,Outfielder,RF,MIN,Minor League Contract
2022,108,Los Angeles Angels,LAA,American League,American League West,547179,Michael Lorenzen,/api/v1/people/547179,25,1,Pitcher,Pitcher,P,A,Active
2022,108,Los Angeles Angels,LAA,American League,American League West,571901,Aaron Loup,/api/v1/people/571901,28,1,Pitcher,Pitcher,P,A,Active
2022,108,Los Angeles Angels,LAA,American League,American League West,676950,David MacKinnon,/api/v1/people/676950,39,3,First Base,Infielder,1B,CL,Claimed
2022,108,Los Angeles Angels,LAA,American League,American League West,669016,Brandon Marsh,/api/v1/people/669016,16,7,Outfielder,Outfielder,LF,TR,Traded
2022,108,Los Angeles Angels,LAA,American League,American League West,665896,José Marte,/api/v1/people/665896,68,1,Pitcher,Pitcher,P,A,Active
2022,108,Los Angeles Angels,LAA,American League,American League West,594577,Mike Mayers,/api/v1/people/594577,21,1,Pitcher,Pitcher,P,MIN,Minor League Contract
2022,108,Los Angeles Angels,LAA,American League,American League West,608686,Jack Mayfield,/api/v1/people/608686,9,4,Second Base,Infielder,2B,MIN,Minor League Contract
2022,108,Los Angeles Angels,LAA,American League,American League West,666160,Mickey Moniak,/api/v1/people/666160,16,8,Outfielder,Outfielder,CF,A,Active
2022,108,Los Angeles Angels,LAA,American League,American League West,572383,Brian Moran,/api/v1/people/572383,58,1,Pitcher,Pitcher,P,MIN,Minor League Contract
2022,108,Los Angeles Angels,LAA,American League,American League West,681351,Logan O'Hoppe,/api/v1/people/681351,14,2,Catcher,Catcher,C,A,Active
2022,108,Los Angeles Angels,LAA,American League,American League West,660271,Shohei Ohtani,/api/v1/people/660271,17,Y,Two-Way Player,Two-Way Player,TWP,A,Active
2022,108,Los Angeles Angels,LAA,American League,American League West,661383,Oliver Ortega,/api/v1/people/661383,40,1,Pitcher,Pitcher,P,A,Active
2022,108,Los Angeles Angels,LAA,American League,American League West,665625,Elvis Peguero,/api/v1/people/665625,59,1,Pitcher,Pitcher,P,A,Active
2022,108,Los Angeles Angels,LAA,American League,American League West,650671,José Quijada,/api/v1/people/650671,65,1,Pitcher,Pitcher,P,A,Active
2022,108,Los Angeles Angels,LAA,American League,American League West,543685,Anthony Rendon,/api/v1/people/543685,6,5,Third Base,Infielder,3B,A,Active
2022,108,Los Angeles Angels,LAA,American League,American League West,650859,Luis Rengifo,/api/v1/people/650859,2,4,Second Base,Infielder,2B,A,Active
2022,108,Los Angeles Angels,LAA,American League,American League West,622103,Gerardo Reyes,/api/v1/people/622103,64,1,Pitcher,Pitcher,P,MIN,Minor League Contract
2022,108,Los Angeles Angels,LAA,American League,American League West,670351,Jose Rojas,/api/v1/people/670351,18,5,Third Base,Infielder,3B,CL,Claimed
2022,108,Los Angeles Angels,LAA,American League,American League West,519222,Austin Romine,/api/v1/people/519222,19,2,Catcher,Catcher,C,MIN,Minor League Contract
2022,108,Los Angeles Angels,LAA,American League,American League West,670046,Kenny Rosenberg,/api/v1/people/670046,53,1,Pitcher,Pitcher,P,A,Active
2022,108,Los Angeles Angels,LAA,American League,American League West,663776,Patrick Sandoval,/api/v1/people/663776,43,1,Pitcher,Pitcher,P,A,Active
2022,108,Los Angeles Angels,LAA,American League,American League West,642423,Magneuris Sierra,/api/v1/people/642423,37,8,Outfielder,Outfielder,CF,MIN,Minor League Contract
2022,108,Los Angeles Angels,LAA,American League,American League West,681217,Chase Silseth,/api/v1/people/681217,63,1,Pitcher,Pitcher,P,A,Active
2022,108,Los Angeles Angels,LAA,American League,American League West,670869,Livan Soto,/api/v1/people/670869,13,6,Shortstop,Infielder,SS,A,Active
2022,108,Los Angeles Angels,LAA,American League,American League West,545358,Max Stassi,/api/v1/people/545358,33,2,Catcher,Catcher,C,A,Active
2022,108,Los Angeles Angels,LAA,American League,American League West,683021,Michael Stefanic,/api/v1/people/683021,38,4,Second Base,Infielder,2B,A,Active
2022,108,Los Angeles Angels,LAA,American League,American League West,660761,José Suarez,/api/v1/people/660761,54,1,Pitcher,Pitcher,P,A,Active
2022,108,Los Angeles Angels,LAA,American League,American League West,435559,Kurt Suzuki,/api/v1/people/435559,24,2,Catcher,Catcher,C,A,Active
2022,108,Los Angeles Angels,LAA,American League,American League West,592789,Noah Syndergaard,/api/v1/people/592789,34,1,Pitcher,Pitcher,P,TR,Traded
2022,108,Los Angeles Angels,LAA,American League,American League West,572193,Ryan Tepera,/api/v1/people/572193,52,1,Pitcher,Pitcher,P,A,Active
2022,108,Los Angeles Angels,LAA,American League,American League West,642136,Matt Thaiss,/api/v1/people/642136,12,2,Catcher,Catcher,C,A,Active
2022,108,Los Angeles Angels,LAA,American League,American League West,605504,Dillon Thomas,/api/v1/people/605504,10,7,Outfielder,Outfielder,LF,MIN,Minor League Contract
2022,108,Los Angeles Angels,LAA,American League,American League West,657053,Touki Toussaint,/api/v1/people/657053,56,1,Pitcher,Pitcher,P,A,Active
2022,108,Los Angeles Angels,LAA,American League,American League West,545361,Mike Trout,/api/v1/people/545361,27,8,Outfielder,Outfielder,CF,A,Active
2022,108,Los Angeles Angels,LAA,American League,American League West,491624,César Valdez,/api/v1/people/491624,67,1,Pitcher,Pitcher,P,MIN,Minor League Contract
2022,108,Los Angeles Angels,LAA,American League,American League West,623205,Andrew Velazquez,/api/v1/people/623205,4,6,Shortstop,Infielder,SS,D60,Injured 60-Day
2022,108,Los Angeles Angels,LAA,American League,American League West,542340,Jonathan Villar,/api/v1/people/542340,19,4,Second Base,Infielder,2B,FA,Free Agent
2022,108,Los Angeles Angels,LAA,American League,American League West,642180,Tyler Wade,/api/v1/people/642180,14,4,Second Base,Infielder,2B,TR,Traded
2022,108,Los Angeles Angels,LAA,American League,American League West,595453,Chad Wallach,/api/v1/people/595453,35,2,Catcher,Catcher,C,MIN,Minor League Contract
2022,108,Los Angeles Angels,LAA,American League,American League West,665120,Jared Walsh,/api/v1/people/665120,20,3,First Base,Infielder,1B,D60,Injured 60-Day
2022,108,Los Angeles Angels,LAA,American League,American League West,663534,Nash Walters,/api/v1/people/663534,58,1,Pitcher,Pitcher,P,A,Active
2022,108,Los Angeles Angels,LAA,American League,American League West,681806,Andrew Wantz,/api/v1/people/681806,60,1,Pitcher,Pitcher,P,A,Active
2022,108,Los Angeles Angels,LAA,American League,American League West,621493,Taylor Ward,/api/v1/people/621493,3,7,Outfielder,Outfielder,LF,A,Active
2022,108,Los Angeles Angels,LAA,American League,American League West,681810,Austin Warren,/api/v1/people/681810,61,1,Pitcher,Pitcher,P,A,Active
2022,108,Los Angeles Angels,LAA,American League,American League West,592848,Zack Weiss,/api/v1/people/592848,57,1,Pitcher,Pitcher,P,A,Active
2022,108,Los Angeles Angels,LAA,American League,American League West,664334,Aaron Whitefield,/api/v1/people/664334,44,O,Outfield,Outfielder,OF,DES,Designated for Assignment
2022,108,Los Angeles Angels,LAA,American League,American League West,642239,Rob Zastryzny,/api/v1/people/642239,40,1,Pitcher,Pitcher,P,A,Active
2022,109,Arizona Diamondbacks,AZ,National League,National League West,605113,Nick Ahmed,/api/v1/people/605113,13,6,Shortstop,Infielder,SS,D60,Injured 60-Day
2022,109,Arizona Diamondbacks,AZ,National League,National League West,642727,Sergio Alcántara,/api/v1/people/642727,43,5,Third Base,Infielder,3B,A,Active
2022,109,Arizona Diamondbacks,AZ,National League,National League West,666179,Seth Beer,/api/v1/people/666179,28,3,First Base,Infielder,1B,A,Active
2022,109,Arizona Diamondbacks,AZ,National League,National League West,518516,Madison Bumgarner,/api/v1/people/518516,40,1,Pitcher,Pitcher,P,A,Active
2022,109,Arizona Diamondbacks,AZ,National League,National League West,682998,Corbin Carroll,/api/v1/people/682998,7,8,Outfielder,Outfielder,CF,A,Active
2022,109,Arizona Diamondbacks,AZ,National League,National League West,528748,Humberto Castellanos,/api/v1/people/528748,54,1,Pitcher,Pitcher,P,D60,Injured 60-Day
2022,109,Arizona Diamondbacks,AZ,National League,National League West,571602,Matt Davidson,/api/v1/people/571602,14,3,First Base,Infielder,1B,MIN,Minor League Contract
2022,109,Arizona Diamondbacks,AZ,National League,National League West,605200,Zach Davies,/api/v1/people/605200,27,1,Pitcher,Pitcher,P,A,Active
2022,109,Arizona Diamondbacks,AZ,National League,National League West,606965,Chris Devenski,/api/v1/people/606965,32,1,Pitcher,Pitcher,P,RL,Released
2022,109,Arizona Diamondbacks,AZ,National League,National League West,594694,Wilmer Difo,/api/v1/people/594694,1,6,Shortstop,Infielder,SS,MIN,Minor League Contract
2022,109,Arizona Diamondbacks,AZ,National League,National League West,656403,Drew Ellis,/api/v1/people/656403,15,5,Third Base,Infielder,3B,CL,Claimed
2022,109,Arizona Diamondbacks,AZ,National League,National League West,666818,Luis Frías,/api/v1/people/666818,65,1,Pitcher,Pitcher,P,A,Active
2022,109,Arizona Diamondbacks,AZ,National League,National League West,643316,Paul Fry,/api/v1/people/643316,43,1,Pitcher,Pitcher,P,MIN,Minor League Contract
2022,109,Arizona Diamondbacks,AZ,National League,National League West,668678,Zac Gallen,/api/v1/people/668678,23,1,Pitcher,Pitcher,P,A,Active
2022,109,Arizona Diamondbacks,AZ,National League,National League West,656448,Stone Garrett,/api/v1/people/656448,46,7,Outfielder,Outfielder,LF,A,Active
2022,109,Arizona Diamondbacks,AZ,National League,National League West,656457,Tyler Gilbert,/api/v1/people/656457,49,1,Pitcher,Pitcher,P,D60,Injured 60-Day
2022,109,Arizona Diamondbacks,AZ,National League,National League West,656464,Kevin Ginkel,/api/v1/people/656464,37,1,Pitcher,Pitcher,P,A,Active
2022,109,Arizona Diamondbacks,AZ,National League,National League West,606988,Grayson Greiner,/api/v1/people/606988,14,2,Catcher,Catcher,C,TR,Traded
2022,109,Arizona Diamondbacks,AZ,National League,National League West,606993,Jake Hager,/api/v1/people/606993,16,4,Second Base,Infielder,2B,MIN,Minor League Contract
2022,109,Arizona Diamondbacks,AZ,National League,National League West,674072,Tommy Henry,/api/v1/people/674072,47,1,Pitcher,Pitcher,P,A,Active
2022,109,Arizona Diamondbacks,AZ,National League,National League West,660634,Yonny Hernández,/api/v1/people/660634,19,5,Third Base,Infielder,3B,CL,Claimed
2022,109,Arizona Diamondbacks,AZ,National League,National League West,645444,Jose Herrera,/api/v1/people/645444,36,2,Catcher,Catcher,C,A,Active
2022,109,Arizona Diamondbacks,AZ,National League,National League West,663947,Tyler Holton,/api/v1/people/663947,67,1,Pitcher,Pitcher,P,A,Active
2022,109,Arizona Diamondbacks,AZ,National League,National League West,669450,Cooper Hummel,/api/v1/people/669450,21,7,Outfielder,Outfielder,LF,A,Active
2022,109,Arizona Diamondbacks,AZ,National League,National League West,686753,Drey Jameson,/api/v1/people/686753,58,1,Pitcher,Pitcher,P,A,Active
2022,109,Arizona Diamondbacks,AZ,National League,National League West,608348,Carson Kelly,/api/v1/people/608348,18,2,Catcher,Catcher,C,A,Active
2022,109,Arizona Diamondbacks,AZ,National League,National League West,518876,Merrill Kelly,/api/v1/people/518876,29,1,Pitcher,Pitcher,P,A,Active
2022,109,Arizona Diamondbacks,AZ,National League,National League West,671083,Buddy Kennedy,/api/v1/people/671083,45,4,Second Base,Infielder,2B,A,Active
2022,109,Arizona Diamondbacks,AZ,National League,National League West,453178,Ian Kennedy,/api/v1/people/453178,31,1,Pitcher,Pitcher,P,A,Active
2022,109,Arizona Diamondbacks,AZ,National League,National League West,572971,Dallas Keuchel,/api/v1/people/572971,60,1,Pitcher,Pitcher,P,RL,Released
2022,109,Arizona Diamondbacks,AZ,National League,National League West,656669,Jordan Luplow,/api/v1/people/656669,8,9,Outfielder,Outfielder,RF,A,Active
2022,109,Arizona Diamondbacks,AZ,National League,National League West,573009,Joe Mantiply,/api/v1/people/573009,35,1,Pitcher,Pitcher,P,A,Active
2022,109,Arizona Diamondbacks,AZ,National League,National League West,606466,Ketel Marte,/api/v1/people/606466,4,4,Second Base,Infielder,2B,A,Active
2022,109,Arizona Diamondbacks,AZ,National League,National League West,656686,Corbin Martin,/api/v1/people/656686,25,1,Pitcher,Pitcher,P,A,Active
2022,109,Arizona Diamondbacks,AZ,National League,National League West,664983,Jake McCarthy,/api/v1/people/664983,30,7,Outfielder,Outfielder,LF,A,Active
2022,109,Arizona Diamondbacks,AZ,National League,National League West,453343,Mark Melancon,/api/v1/people/453343,34,1,Pitcher,Pitcher,P,A,Active
2022,109,Arizona Diamondbacks,AZ,National League,National League West,641871,Keynan Middleton,/api/v1/people/641871,99,1,Pitcher,Pitcher,P,MIN,Minor League Contract
2022,109,Arizona Diamondbacks,AZ,National League,National League West,606625,Reyes Moronta,/api/v1/people/606625,59,1,Pitcher,Pitcher,P,A,Active
2022,109,Arizona Diamondbacks,AZ,National League,National League West,669459,Kyle Nelson,/api/v1/people/669459,50,1,Pitcher,Pitcher,P,A,Active
2022,109,Arizona Diamondbacks,AZ,National League,National League West,669194,Ryne Nelson,/api/v1/people/669194,52,1,Pitcher,Pitcher,P,A,Active
2022,109,Arizona Diamondbacks,AZ,National League,National League West,676840,Matt Peacock,/api/v1/people/676840,47,1,Pitcher,Pitcher,P,TR,Traded
2022,109,Arizona Diamondbacks,AZ,National League,National League West,444482,David Peralta,/api/v1/people/444482,6,7,Outfielder,Outfielder,LF,TR,Traded
2022,109,Arizona Diamondbacks,AZ,National League,National League West,672695,Geraldo Perdomo,/api/v1/people/672695,2,6,Shortstop,Infielder,SS,A,Active
2022,109,Arizona Diamondbacks,AZ,National League,National League West,424144,Oliver Pérez,/api/v1/people/424144,59,1,Pitcher,Pitcher,P,RL,Released
2022,109,Arizona Diamondbacks,AZ,National League,National League West,664092,Sean Poppen,/api/v1/people/664092,64,1,Pitcher,Pitcher,P,A,Active
2022,109,Arizona Diamondbacks,AZ,National League,National League West,598287,Noé Ramirez,/api/v1/people/598287,24,1,Pitcher,Pitcher,P,RL,Released
2022,109,Arizona Diamondbacks,AZ,National League,National League West,656896,Emmanuel Rivera,/api/v1/people/656896,15,5,Third Base,Infielder,3B,D60,Injured 60-Day
2022,109,Arizona Diamondbacks,AZ,National League,National League West,668942,Josh Rojas,/api/v1/people/668942,10,5,Third Base,Infielder,3B,A,Active
2022,109,Arizona Diamondbacks,AZ,National League,National League West,592761,Caleb Smith,/api/v1/people/592761,22,1,Pitcher,Pitcher,P,A,Active
2022,109,Arizona Diamondbacks,AZ,National League,National League West,656976,Pavin Smith,/api/v1/people/656976,26,9,Outfielder,Outfielder,RF,A,Active
2022,109,Arizona Diamondbacks,AZ,National League,National League West,677950,Alek Thomas,/api/v1/people/677950,5,8,Outfielder,Outfielder,CF,A,Active
2022,109,Arizona Diamondbacks,AZ,National League,National League West,670955,Edwin Uceta,/api/v1/people/670955,66,1,Pitcher,Pitcher,P,A,Active
2022,109,Arizona Diamondbacks,AZ,National League,National League West,662139,Daulton Varsho,/api/v1/people/662139,12,9,Outfielder,Outfielder,RF,A,Active
2022,109,Arizona Diamondbacks,AZ,National League,National League West,572233,Christian Walker,/api/v1/people/572233,53,3,First Base,Infielder,1B,A,Active
2022,109,Arizona Diamondbacks,AZ,National League,National League West,596133,Luke Weaver,/api/v1/people/596133,7,1,Pitcher,Pitcher,P,TR,Traded
2022,109,Arizona Diamondbacks,AZ,National League,National League West,605525,J.B. Wendelken,/api/v1/people/605525,48,1,Pitcher,Pitcher,P,MIN,Minor League Contract
2022,109,Arizona Diamondbacks,AZ,National League,National League West,642203,Taylor Widener,/api/v1/people/642203,57,1,Pitcher,Pitcher,P,A,Active
2022,110,Baltimore Orioles,BAL,American League,American League East,542583,Jesús Aguilar,/api/v1/people/542583,99,10,Designated Hitter,Hitter,DH,A,Active
2022,110,Baltimore Orioles,BAL,American League,American League East,669211,Keegan Akin,/api/v1/people/669211,45,1,Pitcher,Pitcher,P,A,Active
2022,110,Baltimore Orioles,BAL,American League,American League East,663531,Logan Allen,/api/v1/people/663531,61,1,Pitcher,Pitcher,P,MIN,Minor League Contract
2022,110,Baltimore Orioles,BAL,American League,American League East,660620,Jonathan Araúz,/api/v1/people/660620,76,4,Second Base,Infielder,2B,MIN,Minor League Contract
2022,110,Baltimore Orioles,BAL,American League,American League East,641329,Bryan Baker,/api/v1/people/641329,43,1,Pitcher,Pitcher,P,A,Active
2022,110,Baltimore Orioles,BAL,American League,American League East,676625,Rylan Bannon,/api/v1/people/676625,65,5,Third Base,Infielder,3B,CL,Claimed
2022,110,Baltimore Orioles,BAL,American League,American League East,657508,Mike Baumann,/api/v1/people/657508,53,1,Pitcher,Pitcher,P,A,Active
2022,110,Baltimore Orioles,BAL,American League,American League East,642585,Félix Bautista,/api/v1/people/642585,74,1,Pitcher,Pitcher,P,A,Active
2022,110,Baltimore Orioles,BAL,American League,American League East,621532,Anthony Bemboom,/api/v1/people/621532,,2,Catcher,Catcher,C,MIN,Minor League Contract
2022,110,Baltimore Orioles,BAL,American League,American League East,680694,Kyle Bradish,/api/v1/people/680694,56,1,Pitcher,Pitcher,P,A,Active
2022,110,Baltimore Orioles,BAL,American League,American League East,666974,Yennier Cano,/api/v1/people/666974,78,1,Pitcher,Pitcher,P,A,Active
2022,110,Baltimore Orioles,BAL,American League,American League East,455139,Robinson Chirinos,/api/v1/people/455139,23,2,Catcher,Catcher,C,A,Active
2022,110,Baltimore Orioles,BAL,American League,American League East,666783,Yusniel Díaz,/api/v1/people/666783,84,9,Outfielder,Outfielder,RF,A,Active
2022,110,Baltimore Orioles,BAL,American League,American League East,650959,Marcos Diplán,/api/v1/people/650959,78,1,Pitcher,Pitcher,P,MIN,Minor League Contract
2022,110,Baltimore Orioles,BAL,American League,American League East,595939,Chris Ellis,/api/v1/people/595939,39,1,Pitcher,Pitcher,P,A,Active
2022,110,Baltimore Orioles,BAL,American League,American League East,643316,Paul Fry,/api/v1/people/643316,51,1,Pitcher,Pitcher,P,TR,Traded
2022,110,Baltimore Orioles,BAL,American League,American League East,670329,Rico Garcia,/api/v1/people/670329,63,1,Pitcher,Pitcher,P,MIN,Minor League Contract
2022,110,Baltimore Orioles,BAL,American League,American League East,670810,Logan Gillaspie,/api/v1/people/670810,71,1,Pitcher,Pitcher,P,A,Active
2022,110,Baltimore Orioles,BAL,American League,American League East,642721,Kelvin Gutiérrez,/api/v1/people/642721,82,5,Third Base,Infielder,3B,MIN,Minor League Contract
2022,110,Baltimore Orioles,BAL,American League,American League East,669084,DL Hall,/api/v1/people/669084,49,1,Pitcher,Pitcher,P,A,Active
2022,110,Baltimore Orioles,BAL,American League,American League East,669720,Austin Hays,/api/v1/people/669720,21,7,Outfielder,Outfielder,LF,A,Active
2022,110,Baltimore Orioles,BAL,American League,American League East,545343,Louis Head,/api/v1/people/545343,60,1,Pitcher,Pitcher,P,MIN,Minor League Contract
2022,110,Baltimore Orioles,BAL,American League,American League East,683002,Gunnar Henderson,/api/v1/people/683002,2,6,Shortstop,Infielder,SS,A,Active
2022,110,Baltimore Orioles,BAL,American League,American League East,607216,Joey Krehbiel,/api/v1/people/607216,34,1,Pitcher,Pitcher,P,A,Active
2022,110,Baltimore Orioles,BAL,American League,American League East,665152,Dean Kremer,/api/v1/people/665152,64,1,Pitcher,Pitcher,P,A,Active
2022,110,Baltimore Orioles,BAL,American League,American League East,664042,Travis Lakins,/api/v1/people/664042,54,1,Pitcher,Pitcher,P,MIN,Minor League Contract
2022,110,Baltimore Orioles,BAL,American League,American League East,605347,Jorge López,/api/v1/people/605347,48,1,Pitcher,Pitcher,P,TR,Traded
2022,110,Baltimore Orioles,BAL,American League,American League East,675912,Zac Lowther,/api/v1/people/675912,59,1,Pitcher,Pitcher,P,MIN,Minor League Contract
2022,110,Baltimore Orioles,BAL,American League,American League East,543475,Jordan Lyles,/api/v1/people/543475,28,1,Pitcher,Pitcher,P,A,Active
2022,110,Baltimore Orioles,BAL,American League,American League East,641820,Trey Mancini,/api/v1/people/641820,16,3,First Base,Infielder,1B,TR,Traded
2022,110,Baltimore Orioles,BAL,American League,American League East,621006,Richie Martin Jr.,/api/v1/people/621006,1,4,Second Base,Infielder,2B,MIN,Minor League Contract
2022,110,Baltimore Orioles,BAL,American League,American League East,622761,Jorge Mateo,/api/v1/people/622761,3,4,Second Base,Infielder,2B,A,Active
2022,110,Baltimore Orioles,BAL,American League,American League East,663630,Ryan McKenna,/api/v1/people/663630,26,9,Outfielder,Outfielder,RF,A,Active
2022,110,Baltimore Orioles,BAL,American League,American League East,607644,John Means,/api/v1/people/607644,47,1,Pitcher,Pitcher,P,D60,Injured 60-Day
2022,110,Baltimore Orioles,BAL,American League,American League East,663624,Ryan Mountcastle,/api/v1/people/663624,6,3,First Base,Infielder,1B,A,Active
2022,110,Baltimore Orioles,BAL,American League,American League East,656775,Cedric Mullins,/api/v1/people/656775,31,8,Outfielder,Outfielder,CF,A,Active
2022,110,Baltimore Orioles,BAL,American League,American League East,663527,Tyler Nevin,/api/v1/people/663527,41,5,Third Base,Infielder,3B,A,Active
2022,110,Baltimore Orioles,BAL,American League,American League East,596059,Rougned Odor,/api/v1/people/596059,12,4,Second Base,Infielder,2B,A,Active
2022,110,Baltimore Orioles,BAL,American League,American League East,572008,Chris Owings,/api/v1/people/572008,11,4,Second Base,Infielder,2B,RL,Released
2022,110,Baltimore Orioles,BAL,American League,American League East,672335,Cionel Pérez,/api/v1/people/672335,58,1,Pitcher,Pitcher,P,A,Active
2022,110,Baltimore Orioles,BAL,American League,American League East,621433,Brett Phillips,/api/v1/people/621433,66,9,Outfielder,Outfielder,RF,MIN,Minor League Contract
2022,110,Baltimore Orioles,BAL,American League,American League East,596082,Jake Reed,/api/v1/people/596082,61,1,Pitcher,Pitcher,P,CL,Claimed
2022,110,Baltimore Orioles,BAL,American League,American League East,660593,Denyi Reyes,/api/v1/people/660593,81,1,Pitcher,Pitcher,P,MIN,Minor League Contract
2022,110,Baltimore Orioles,BAL,American League,American League East,668939,Adley Rutschman,/api/v1/people/668939,35,2,Catcher,Catcher,C,A,Active
2022,110,Baltimore Orioles,BAL,American League,American League East,623993,Anthony Santander,/api/v1/people/623993,25,9,Outfielder,Outfielder,RF,A,Active
2022,110,Baltimore Orioles,BAL,American League,American League East,642060,Cody Sedlock,/api/v1/people/642060,73,1,Pitcher,Pitcher,P,TR,Traded
2022,110,Baltimore Orioles,BAL,American League,American League East,621466,DJ Stewart,/api/v1/people/621466,24,9,Outfielder,Outfielder,RF,MIN,Minor League Contract
2022,110,Baltimore Orioles,BAL,American League,American League East,669065,Kyle Stowers,/api/v1/people/669065,83,7,Outfielder,Outfielder,LF,A,Active
2022,110,Baltimore Orioles,BAL,American League,American League East,676641,Beau Sulser,/api/v1/people/676641,67,1,Pitcher,Pitcher,P,CL,Claimed
2022,110,Baltimore Orioles,BAL,American League,American League East,622253,Dillon Tate,/api/v1/people/622253,55,1,Pitcher,Pitcher,P,A,Active
2022,110,Baltimore Orioles,BAL,American League,American League East,602104,Ramón Urías,/api/v1/people/602104,29,5,Third Base,Infielder,3B,A,Active
2022,110,Baltimore Orioles,BAL,American League,American League East,679631,Terrin Vavra,/api/v1/people/679631,77,4,Second Base,Infielder,2B,A,Active
2022,110,Baltimore Orioles,BAL,American League,American League East,663989,Nick Vespi,/api/v1/people/663989,79,1,Pitcher,Pitcher,P,A,Active
2022,110,Baltimore Orioles,BAL,American League,American League East,608723,Austin Voth,/api/v1/people/608723,51,1,Pitcher,Pitcher,P,A,Active
2022,110,Baltimore Orioles,BAL,American League,American League East,657093,Spenser Watkins,/api/v1/people/657093,80,1,Pitcher,Pitcher,P,A,Active
2022,110,Baltimore Orioles,BAL,American League,American League East,649144,Alex Wells,/api/v1/people/649144,52,1,Pitcher,Pitcher,P,MIN,Minor League Contract
2022,110,Baltimore Orioles,BAL,American League,American League East,669330,Tyler Wells,/api/v1/people/669330,68,1,Pitcher,Pitcher,P,A,Active
2022,110,Baltimore Orioles,BAL,American League,American League East,669145,Bruce Zimmermann,/api/v1/people/669145,50,1,Pitcher,Pitcher,P,A,Active
2022,111,Boston Red Sox,BOS,American League,American League East,501659,Abraham Almonte,/api/v1/people/501659,48,O,Outfield,Outfielder,OF,FA,Free Agent
2022,111,Boston Red Sox,BOS,American League,American League East,660620,Jonathan Araúz,/api/v1/people/660620,3,4,Second Base,Infielder,2B,CL,Claimed
2022,111,Boston Red Sox,BOS,American League,American League East,624414,Christian Arroyo,/api/v1/people/624414,39,4,Second Base,Infielder,2B,A,Active
2022,111,Boston Red Sox,BOS,American League,American League East,598264,Matt Barnes,/api/v1/people/598264,32,1,Pitcher,Pitcher,P,A,Active
2022,111,Boston Red Sox,BOS,American League,American League East,660825,Eduard Bazardo,/api/v1/people/660825,83,1,Pitcher,Pitcher,P,MIN,Minor League Contract
2022,111,Boston Red Sox,BOS,American League,American League East,678394,Brayan Bello,/api/v1/people/678394,66,1,Pitcher,Pitcher,P,A,Active
2022,111,Boston Red Sox,BOS,American League,American League East,593428,Xander Bogaerts,/api/v1/people/593428,2,6,Shortstop,Infielder,SS,A,Active
2022,111,Boston Red Sox,BOS,American League,American League East,598265,Jackie Bradley Jr.,/api/v1/people/598265,19,9,Outfielder,Outfielder,RF,RL,Released
2022,111,Boston Red Sox,BOS,American League,American League East,518489,Ryan Brasier,/api/v1/people/518489,70,1,Pitcher,Pitcher,P,A,Active
2022,111,Boston Red Sox,BOS,American League,American League East,671213,Triston Casas,/api/v1/people/671213,36,3,First Base,Infielder,1B,A,Active
2022,111,Boston Red Sox,BOS,American League,American League East,644374,Yu Chang,/api/v1/people/644374,12,4,Second Base,Infielder,2B,A,Active
2022,111,Boston Red Sox,BOS,American League,American League East,614173,Franchy Cordero,/api/v1/people/614173,16,3,First Base,Infielder,1B,D60,Injured 60-Day
2022,111,Boston Red Sox,BOS,American League,American League East,676710,Kutter Crawford,/api/v1/people/676710,50,1,Pitcher,Pitcher,P,A,Active
2022,111,Boston Red Sox,BOS,American League,American League East,666915,Bobby Dalbec,/api/v1/people/666915,29,3,First Base,Infielder,1B,A,Active
2022,111,Boston Red Sox,BOS,American League,American League East,641501,Tyler Danish,/api/v1/people/641501,60,1,Pitcher,Pitcher,P,MIN,Minor League Contract
2022,111,Boston Red Sox,BOS,American League,American League East,656354,Austin Davis,/api/v1/people/656354,56,1,Pitcher,Pitcher,P,CL,Claimed
2022,111,Boston Red Sox,BOS,American League,American League East,664041,Jaylin Davis,/api/v1/people/664041,43,9,Outfielder,Outfielder,RF,MIN,Minor League Contract
2022,111,Boston Red Sox,BOS,American League,American League East,646240,Rafael Devers,/api/v1/people/646240,11,5,Third Base,Infielder,3B,A,Active
2022,111,Boston Red Sox,BOS,American League,American League East,518617,Jake Diekman,/api/v1/people/518617,31,1,Pitcher,Pitcher,P,TR,Traded
2022,111,Boston Red Sox,BOS,American League,American League East,669023,Jeter Downs,/api/v1/people/669023,20,6,Shortstop,Infielder,SS,A,Active
2022,111,Boston Red Sox,BOS,American League,American League East,680776,Jarren Duran,/api/v1/people/680776,40,8,Outfielder,Outfielder,CF,A,Active
2022,111,Boston Red Sox,BOS,American League,American League East,543135,Nathan Eovaldi,/api/v1/people/543135,17,1,Pitcher,Pitcher,P,A,Active
2022,111,Boston Red Sox,BOS,American League,American League East,544727,Jeurys Familia,/api/v1/people/544727,31,1,Pitcher,Pitcher,P,MIN,Minor League Contract
2022,111,Boston Red Sox,BOS,American League,American League East,593140,Michael Feliz,/api/v1/people/593140,48,1,Pitcher,Pitcher,P,MIN,Minor League Contract
2022,111,Boston Red Sox,BOS,American League,American League East,681464,Frank German,/api/v1/people/681464,71,1,Pitcher,Pitcher,P,A,Active
2022,111,Boston Red Sox,BOS,American League,American League East,650382,Darwinzon Hernández,/api/v1/people/650382,63,1,Pitcher,Pitcher,P,A,Active
2022,111,Boston Red Sox,BOS,American League,American League East,571771,Enrique Hernández,/api/v1/people/571771,5,6,Shortstop,Infielder,SS,A,Active
2022,111,Boston Red Sox,BOS,American League,American League East,448179,Rich Hill,/api/v1/people/448179,44,1,Pitcher,Pitcher,P,A,Active
2022,111,Boston Red Sox,BOS,American League,American League East,543333,Eric Hosmer,/api/v1/people/543333,35,3,First Base,Infielder,1B,A,Active
2022,111,Boston Red Sox,BOS,American League,American League East,656557,Tanner Houck,/api/v1/people/656557,89,1,Pitcher,Pitcher,P,D60,Injured 60-Day
2022,111,Boston Red Sox,BOS,American League,American League East,677161,Zack Kelly,/api/v1/people/677161,76,1,Pitcher,Pitcher,P,A,Active
2022,111,Boston Red Sox,BOS,American League,American League East,502110,J.D. Martinez,/api/v1/people/502110,28,10,Designated Hitter,Hitter,DH,A,Active
2022,111,Boston Red Sox,BOS,American League,American League East,624512,Reese McGuire,/api/v1/people/624512,3,2,Catcher,Catcher,C,A,Active
2022,111,Boston Red Sox,BOS,American League,American League East,672391,Kaleb Ort,/api/v1/people/672391,61,1,Pitcher,Pitcher,P,A,Active
2022,111,Boston Red Sox,BOS,American League,American League East,502054,Tommy Pham,/api/v1/people/502054,22,7,Outfielder,Outfielder,LF,A,Active
2022,111,Boston Red Sox,BOS,American League,American League East,601713,Nick Pivetta,/api/v1/people/601713,37,1,Pitcher,Pitcher,P,A,Active
2022,111,Boston Red Sox,BOS,American League,American League East,608700,Kevin Plawecki,/api/v1/people/608700,25,2,Catcher,Catcher,C,RL,Released
2022,111,Boston Red Sox,BOS,American League,American League East,608701,Rob Refsnyder,/api/v1/people/608701,30,7,Outfielder,Outfielder,LF,A,Active
2022,111,Boston Red Sox,BOS,American League,American League East,570663,Hansel Robles,/api/v1/people/570663,57,1,Pitcher,Pitcher,P,RL,Released
2022,111,Boston Red Sox,BOS,American League,American League East,519242,Chris Sale,/api/v1/people/519242,41,1,Pitcher,Pitcher,P,D60,Injured 60-Day
2022,111,Boston Red Sox,BOS,American League,American League East,570560,Yolmer Sánchez,/api/v1/people/570560,47,5,Third Base,Infielder,3B,CL,Claimed
2022,111,Boston Red Sox,BOS,American League,American League East,617228,Hirokazu Sawamura,/api/v1/people/617228,18,1,Pitcher,Pitcher,P,MIN,Minor League Contract
2022,111,Boston Red Sox,BOS,American League,American League East,670167,John Schreiber,/api/v1/people/670167,46,1,Pitcher,Pitcher,P,A,Active
2022,111,Boston Red Sox,BOS,American League,American League East,657756,Connor Seabold,/api/v1/people/657756,67,1,Pitcher,Pitcher,P,A,Active
2022,111,Boston Red Sox,BOS,American League,American League East,543768,Travis Shaw,/api/v1/people/543768,23,5,Third Base,Infielder,3B,MIN,Minor League Contract
2022,111,Boston Red Sox,BOS,American League,American League East,596115,Trevor Story,/api/v1/people/596115,10,4,Second Base,Infielder,2B,A,Active
2022,111,Boston Red Sox,BOS,American League,American League East,621381,Matt Strahm,/api/v1/people/621381,55,1,Pitcher,Pitcher,P,A,Active
2022,111,Boston Red Sox,BOS,American League,American League East,570488,Phillips Valdez,/api/v1/people/570488,71,1,Pitcher,Pitcher,P,CL,Claimed
2022,111,Boston Red Sox,BOS,American League,American League East,543877,Christian Vázquez,/api/v1/people/543877,7,2,Catcher,Catcher,C,TR,Traded
2022,111,Boston Red Sox,BOS,American League,American League East,657077,Alex Verdugo,/api/v1/people/657077,99,9,Outfielder,Outfielder,RF,A,Active
2022,111,Boston Red Sox,BOS,American League,American League East,608379,Michael Wacha,/api/v1/people/608379,52,1,Pitcher,Pitcher,P,A,Active
2022,111,Boston Red Sox,BOS,American League,American League East,676477,Garrett Whitlock,/api/v1/people/676477,72,1,Pitcher,Pitcher,P,A,Active
2022,111,Boston Red Sox,BOS,American League,American League East,670174,Josh Winckowski,/api/v1/people/670174,73,1,Pitcher,Pitcher,P,A,Active
2022,111,Boston Red Sox,BOS,American League,American League East,657136,Connor Wong,/api/v1/people/657136,74,2,Catcher,Catcher,C,A,Active
2022,112,Chicago Cubs,CHC,National League,National League Central,640470,Adbert Alzolay,/api/v1/people/640470,73,1,Pitcher,Pitcher,P,A,Active
2022,112,Chicago Cubs,CHC,National League,National League Central,665871,Javier Assad,/api/v1/people/665871,72,1,Pitcher,Pitcher,P,A,Active
2022,112,Chicago Cubs,CHC,National League,National League Central,623520,David Bote,/api/v1/people/623520,13,4,Second Base,Infielder,2B,A,Active
2022,112,Chicago Cubs,CHC,National League,National League Central,643230,Steven Brault,/api/v1/people/643230,25,1,Pitcher,Pitcher,P,A,Active
2022,112,Chicago Cubs,CHC,National League,National League Central,665645,Kervin Castro,/api/v1/people/665645,74,1,Pitcher,Pitcher,P,MIN,Minor League Contract
2022,112,Chicago Cubs,CHC,National League,National League Central,445926,Jesse Chavez,/api/v1/people/445926,43,1,Pitcher,Pitcher,P,TR,Traded
2022,112,Chicago Cubs,CHC,National League,National League Central,575929,Willson Contreras,/api/v1/people/575929,40,2,Catcher,Catcher,C,A,Active
2022,112,Chicago Cubs,CHC,National League,National League Central,643271,Narciso Crook,/api/v1/people/643271,24,O,Outfield,Outfielder,OF,A,Active
2022,112,Chicago Cubs,CHC,National League,National League Central,571616,Matt Dermody,/api/v1/people/571616,64,1,Pitcher,Pitcher,P,RM,Reassigned to Minors
2022,112,Chicago Cubs,CHC,National League,National League Central,664123,Scott Effross,/api/v1/people/664123,57,1,Pitcher,Pitcher,P,TR,Traded
2022,112,Chicago Cubs,CHC,National League,National League Central,659262,Anderson Espinoza,/api/v1/people/659262,51,1,Pitcher,Pitcher,P,A,Active
2022,112,Chicago Cubs,CHC,National League,National League Central,669093,Jeremiah Estrada,/api/v1/people/669093,56,1,Pitcher,Pitcher,P,A,Active
2022,112,Chicago Cubs,CHC,National League,National League Central,608652,Luke Farrell,/api/v1/people/608652,60,1,Pitcher,Pitcher,P,CL,Claimed
2022,112,Chicago Cubs,CHC,National League,National League Central,640449,Clint Frazier,/api/v1/people/640449,77,7,Outfielder,Outfielder,LF,MIN,Minor League Contract
2022,112,Chicago Cubs,CHC,National League,National League Central,571710,Mychal Givens,/api/v1/people/571710,60,1,Pitcher,Pitcher,P,TR,Traded
2022,112,Chicago Cubs,CHC,National League,National League Central,543228,Yan Gomes,/api/v1/people/543228,7,2,Catcher,Catcher,C,A,Active
2022,112,Chicago Cubs,CHC,National League,National League Central,607229,Robert Gsellman,/api/v1/people/607229,43,1,Pitcher,Pitcher,P,MIN,Minor League Contract
2022,112,Chicago Cubs,CHC,National League,National League Central,664023,Ian Happ,/api/v1/people/664023,8,7,Outfielder,Outfielder,LF,A,Active
2022,112,Chicago Cubs,CHC,National League,National League Central,543294,Kyle Hendricks,/api/v1/people/543294,28,1,Pitcher,Pitcher,P,D60,Injured 60-Day
2022,112,Chicago Cubs,CHC,National League,National League Central,641684,Michael Hermosillo,/api/v1/people/641684,37,8,Outfielder,Outfielder,CF,MIN,Minor League Contract
2022,112,Chicago Cubs,CHC,National League,National League Central,518792,Jason Heyward,/api/v1/people/518792,22,8,Outfielder,Outfielder,CF,D60,Injured 60-Day
2022,112,Chicago Cubs,CHC,National League,National League Central,664731,P.J. Higgins,/api/v1/people/664731,48,3,First Base,Infielder,1B,A,Active
2022,112,Chicago Cubs,CHC,National League,National League Central,663538,Nico Hoerner,/api/v1/people/663538,2,4,Second Base,Infielder,2B,A,Active
2022,112,Chicago Cubs,CHC,National League,National League Central,676714,Brandon Hughes,/api/v1/people/676714,47,1,Pitcher,Pitcher,P,A,Active
2022,112,Chicago Cubs,CHC,National League,National League Central,668873,Caleb Kilian,/api/v1/people/668873,45,1,Pitcher,Pitcher,P,A,Active
2022,112,Chicago Cubs,CHC,National League,National League Central,643410,Mark Leiter Jr.,/api/v1/people/643410,62,1,Pitcher,Pitcher,P,A,Active
2022,112,Chicago Cubs,CHC,National League,National League Central,663893,Brendon Little,/api/v1/people/663893,57,1,Pitcher,Pitcher,P,MIN,Minor League Contract
2022,112,Chicago Cubs,CHC,National League,National League Central,663611,Nick Madrigal,/api/v1/people/663611,1,5,Third Base,Infielder,3B,A,Active
2022,112,Chicago Cubs,CHC,National League,National League Central,455119,Chris Martin,/api/v1/people/455119,58,1,Pitcher,Pitcher,P,TR,Traded
2022,112,Chicago Cubs,CHC,National League,National League Central,656716,Zach McKinstry,/api/v1/people/656716,6,5,Third Base,Infielder,3B,A,Active
2022,112,Chicago Cubs,CHC,National League,National League Central,669214,Conner Menez,/api/v1/people/669214,65,1,Pitcher,Pitcher,P,MIN,Minor League Contract
2022,112,Chicago Cubs,CHC,National League,National League Central,489119,Wade Miley,/api/v1/people/489119,20,1,Pitcher,Pitcher,P,A,Active
2022,112,Chicago Cubs,CHC,National League,National League Central,621219,Alec Mills,/api/v1/people/621219,30,1,Pitcher,Pitcher,P,D60,Injured 60-Day
2022,112,Chicago Cubs,CHC,National League,National League Central,666624,Christopher Morel,/api/v1/people/666624,5,8,Outfielder,Outfielder,CF,A,Active
2022,112,Chicago Cubs,CHC,National League,National League Central,656794,Sean Newcomb,/api/v1/people/656794,15,1,Pitcher,Pitcher,P,MIN,Minor League Contract
2022,112,Chicago Cubs,CHC,National League,National League Central,596057,Daniel Norris,/api/v1/people/596057,49,1,Pitcher,Pitcher,P,RL,Released
2022,112,Chicago Cubs,CHC,National League,National League Central,542364,Rafael Ortega,/api/v1/people/542364,66,8,Outfielder,Outfielder,CF,D60,Injured 60-Day
2022,112,Chicago Cubs,CHC,National League,National League Central,656820,Nicholas Padilla,/api/v1/people/656820,58,1,Pitcher,Pitcher,P,CL,Claimed
2022,112,Chicago Cubs,CHC,National League,National League Central,606019,Esteban Quiroz,/api/v1/people/606019,43,4,Second Base,Infielder,2B,A,Active
2022,112,Chicago Cubs,CHC,National League,National League Central,614177,Franmil Reyes,/api/v1/people/614177,32,10,Designated Hitter,Hitter,DH,A,Active
2022,112,Chicago Cubs,CHC,National League,National League Central,663845,Alfonso Rivas III,/api/v1/people/663845,36,3,First Base,Infielder,1B,A,Active
2022,112,Chicago Cubs,CHC,National League,National League Central,681799,Ethan Roberts,/api/v1/people/681799,21,1,Pitcher,Pitcher,P,D60,Injured 60-Day
2022,112,Chicago Cubs,CHC,National League,National League Central,502085,David Robertson,/api/v1/people/502085,37,1,Pitcher,Pitcher,P,TR,Traded
2022,112,Chicago Cubs,CHC,National League,National League Central,655889,Manuel Rodríguez,/api/v1/people/655889,39,1,Pitcher,Pitcher,P,A,Active
2022,112,Chicago Cubs,CHC,National League,National League Central,621074,Michael Rucker,/api/v1/people/621074,59,1,Pitcher,Pitcher,P,A,Active
2022,112,Chicago Cubs,CHC,National League,National League Central,592716,Adrian Sampson,/api/v1/people/592716,41,1,Pitcher,Pitcher,P,A,Active
2022,112,Chicago Cubs,CHC,National League,National League Central,643524,Frank Schwindel,/api/v1/people/643524,18,3,First Base,Infielder,1B,RL,Released
2022,112,Chicago Cubs,CHC,National League,National League Central,592743,Andrelton Simmons,/api/v1/people/592743,19,6,Shortstop,Infielder,SS,RL,Released
2022,112,Chicago Cubs,CHC,National League,National League Central,592767,Drew Smyly,/api/v1/people/592767,11,1,Pitcher,Pitcher,P,A,Active
2022,112,Chicago Cubs,CHC,National League,National League Central,657766,Locke St. John,/api/v1/people/657766,45,1,Pitcher,Pitcher,P,CL,Claimed
2022,112,Chicago Cubs,CHC,National League,National League Central,657006,Justin Steele,/api/v1/people/657006,35,1,Pitcher,Pitcher,P,D15,Injured 15-Day
2022,112,Chicago Cubs,CHC,National League,National League Central,657770,Eric Stout,/api/v1/people/657770,46,1,Pitcher,Pitcher,P,TR,Traded
2022,112,Chicago Cubs,CHC,National League,National League Central,573186,Marcus Stroman,/api/v1/people/573186,0,1,Pitcher,Pitcher,P,A,Active
2022,112,Chicago Cubs,CHC,National League,National League Central,673548,Seiya Suzuki,/api/v1/people/673548,27,9,Outfielder,Outfielder,RF,A,Active
2022,112,Chicago Cubs,CHC,National League,National League Central,664161,Matt Swarmer,/api/v1/people/664161,67,1,Pitcher,Pitcher,P,MIN,Minor League Contract
2022,112,Chicago Cubs,CHC,National League,National League Central,624522,Keegan Thompson,/api/v1/people/624522,71,1,Pitcher,Pitcher,P,A,Active
2022,112,Chicago Cubs,CHC,National League,National League Central,657272,Erich Uelmen,/api/v1/people/657272,46,1,Pitcher,Pitcher,P,A,Active
2022,112,Chicago Cubs,CHC,National League,National League Central,545121,Ildemaro Vargas,/api/v1/people/545121,4,5,Third Base,Infielder,3B,FA,Free Agent
2022,112,Chicago Cubs,CHC,National League,National League Central,676369,Nelson Velázquez,/api/v1/people/676369,4,8,Outfielder,Outfielder,CF,A,Active
2022,112,Chicago Cubs,CHC,National League,National League Central,542340,Jonathan Villar,/api/v1/people/542340,24,4,Second Base,Infielder,2B,RL,Released
2022,112,Chicago Cubs,CHC,National League,National League Central,669713,Hayden Wesneski,/api/v1/people/669713,19,1,Pitcher,Pitcher,P,A,Active
2022,112,Chicago Cubs,CHC,National League,National League Central,592858,Rowan Wick,/api/v1/people/592858,50,1,Pitcher,Pitcher,P,A,Active
2022,112,Chicago Cubs,CHC,National League,National League Central,621550,Patrick Wisdom,/api/v1/people/621550,16,5,Third Base,Infielder,3B,A,Active
2022,112,Chicago Cubs,CHC,National League,National League Central,676724,Jared Young,/api/v1/people/676724,74,3,First Base,Infielder,1B,A,Active
2022,113,Cincinnati Reds,CIN,National League,National League Central,546991,Albert Almora Jr.,/api/v1/people/546991,3,9,Outfielder,Outfielder,RF,RL,Released
2022,113,Cincinnati Reds,CIN,National League,National League Central,502624,Chase Anderson,/api/v1/people/502624,48,1,Pitcher,Pitcher,P,A,Active
2022,113,Cincinnati Reds,CIN,National League,National League Central,606157,Aristides Aquino,/api/v1/people/606157,44,9,Outfielder,Outfielder,RF,A,Active
2022,113,Cincinnati Reds,CIN,National League,National League Central,668933,Graham Ashcraft,/api/v1/people/668933,51,1,Pitcher,Pitcher,P,A,Active
2022,113,Cincinnati Reds,CIN,National League,National League Central,676480,José Barrero,/api/v1/people/676480,2,6,Shortstop,Infielder,SS,A,Active
2022,113,Cincinnati Reds,CIN,National League,National League Central,622491,Luis Castillo,/api/v1/people/622491,58,1,Pitcher,Pitcher,P,TR,Traded
2022,113,Cincinnati Reds,CIN,National League,National League Central,570666,Luis Cessa,/api/v1/people/570666,85,1,Pitcher,Pitcher,P,A,Active
2022,113,Cincinnati Reds,CIN,National League,National League Central,518585,Fernando Cruz,/api/v1/people/518585,63,1,Pitcher,Pitcher,P,A,Active
2022,113,Cincinnati Reds,CIN,National League,National League Central,669008,Ronnie Dawson,/api/v1/people/669008,82,10,Designated Hitter,Hitter,DH,MIN,Minor League Contract
2022,113,Cincinnati Reds,CIN,National League,National League Central,446321,Ross Detwiler,/api/v1/people/446321,75,1,Pitcher,Pitcher,P,MIN,Minor League Contract
2022,113,Cincinnati Reds,CIN,National League,National League Central,664747,Alexis Díaz,/api/v1/people/664747,43,1,Pitcher,Pitcher,P,A,Active
2022,113,Cincinnati Reds,CIN,National League,National League Central,670426,Phillip Diehl,/api/v1/people/670426,63,1,Pitcher,Pitcher,P,TR,Traded
2022,113,Cincinnati Reds,CIN,National League,National League Central,664871,Kyle Dowdy,/api/v1/people/664871,72,1,Pitcher,Pitcher,P,A,Active
2022,113,Cincinnati Reds,CIN,National League,National League Central,592273,Brandon Drury,/api/v1/people/592273,22,5,Third Base,Infielder,3B,TR,Traded
2022,113,Cincinnati Reds,CIN,National League,National League Central,650960,Daniel Duarte,/api/v1/people/650960,41,1,Pitcher,Pitcher,P,A,Active
2022,113,Cincinnati Reds,CIN,National League,National League Central,667498,Robert Dugger,/api/v1/people/667498,76,1,Pitcher,Pitcher,P,MIN,Minor League Contract
2022,113,Cincinnati Reds,CIN,National League,National League Central,643290,Justin Dunn,/api/v1/people/643290,38,1,Pitcher,Pitcher,P,A,Active
2022,113,Cincinnati Reds,CIN,National League,National League Central,642659,Raynel Espinal,/api/v1/people/642659,75,1,Pitcher,Pitcher,P,MIN,Minor League Contract
2022,113,Cincinnati Reds,CIN,National League,National League Central,656413,Stuart Fairchild,/api/v1/people/656413,57,7,Outfielder,Outfielder,LF,A,Active
2022,113,Cincinnati Reds,CIN,National League,National League Central,571656,Buck Farmer,/api/v1/people/571656,46,1,Pitcher,Pitcher,P,A,Active
2022,113,Cincinnati Reds,CIN,National League,National League Central,571657,Kyle Farmer,/api/v1/people/571657,17,6,Shortstop,Infielder,SS,A,Active
2022,113,Cincinnati Reds,CIN,National League,National League Central,608652,Luke Farrell,/api/v1/people/608652,32,1,Pitcher,Pitcher,P,MIN,Minor League Contract
2022,113,Cincinnati Reds,CIN,National League,National League Central,641584,Jake Fraley,/api/v1/people/641584,27,7,Outfielder,Outfielder,LF,A,Active
2022,113,Cincinnati Reds,CIN,National League,National League Central,605244,Aramis Garcia,/api/v1/people/605244,33,2,Catcher,Catcher,C,CL,Claimed
2022,113,Cincinnati Reds,CIN,National League,National League Central,664139,Ian Gibaut,/api/v1/people/664139,79,1,Pitcher,Pitcher,P,A,Active
2022,113,Cincinnati Reds,CIN,National League,National League Central,668881,Hunter Greene,/api/v1/people/668881,21,1,Pitcher,Pitcher,P,A,Active
2022,113,Cincinnati Reds,CIN,National League,National League Central,661269,Vladimir Gutierrez,/api/v1/people/661269,53,1,Pitcher,Pitcher,P,D60,Injured 60-Day
2022,113,Cincinnati Reds,CIN,National League,National League Central,641682,Ryan Hendrix,/api/v1/people/641682,68,1,Pitcher,Pitcher,P,MIN,Minor League Contract
2022,113,Cincinnati Reds,CIN,National League,National League Central,656546,Jeff Hoffman,/api/v1/people/656546,23,1,Pitcher,Pitcher,P,D60,Injured 60-Day
2022,113,Cincinnati Reds,CIN,National League,National League Central,663697,Jonathan India,/api/v1/people/663697,6,4,Second Base,Infielder,2B,A,Active
2022,113,Cincinnati Reds,CIN,National League,National League Central,656627,Mark Kolozsvary,/api/v1/people/656627,47,2,Catcher,Catcher,C,CL,Claimed
2022,113,Cincinnati Reds,CIN,National League,National League Central,669270,Joel Kuhnel,/api/v1/people/669270,66,1,Pitcher,Pitcher,P,A,Active
2022,113,Cincinnati Reds,CIN,National League,National League Central,571882,Derek Law,/api/v1/people/571882,58,1,Pitcher,Pitcher,P,A,Active
2022,113,Cincinnati Reds,CIN,National League,National League Central,666157,Nick Lodolo,/api/v1/people/666157,40,1,Pitcher,Pitcher,P,A,Active
2022,113,Cincinnati Reds,CIN,National League,National League Central,664670,Alejo Lopez,/api/v1/people/664670,35,4,Second Base,Infielder,2B,A,Active
2022,113,Cincinnati Reds,CIN,National League,National League Central,641816,Tyler Mahle,/api/v1/people/641816,30,1,Pitcher,Pitcher,P,TR,Traded
2022,113,Cincinnati Reds,CIN,National League,National League Central,501985,Mike Minor,/api/v1/people/501985,31,1,Pitcher,Pitcher,P,A,Active
2022,113,Cincinnati Reds,CIN,National League,National League Central,592567,Colin Moran,/api/v1/people/592567,16,3,First Base,Infielder,1B,RL,Released
2022,113,Cincinnati Reds,CIN,National League,National League Central,664294,Dauri Moreta,/api/v1/people/664294,55,1,Pitcher,Pitcher,P,A,Active
2022,113,Cincinnati Reds,CIN,National League,National League Central,600301,Taylor Motter,/api/v1/people/600301,94,5,Third Base,Infielder,3B,MIN,Minor League Contract
2022,113,Cincinnati Reds,CIN,National League,National League Central,519058,Mike Moustakas,/api/v1/people/519058,9,10,Designated Hitter,Hitter,DH,D60,Injured 60-Day
2022,113,Cincinnati Reds,CIN,National League,National League Central,571980,Tyler Naquin,/api/v1/people/571980,12,9,Outfielder,Outfielder,RF,TR,Traded
2022,113,Cincinnati Reds,CIN,National League,National League Central,608360,Chris Okey,/api/v1/people/608360,72,2,Catcher,Catcher,C,MIN,Minor League Contract
2022,113,Cincinnati Reds,CIN,National League,National League Central,656818,Connor Overton,/api/v1/people/656818,42,1,Pitcher,Pitcher,P,A,Active
2022,113,Cincinnati Reds,CIN,National League,National League Central,657709,Michael Papierski,/api/v1/people/657709,26,2,Catcher,Catcher,C,CL,Claimed
2022,113,Cincinnati Reds,CIN,National League,National League Central,502054,Tommy Pham,/api/v1/people/502054,28,7,Outfielder,Outfielder,LF,TR,Traded
2022,113,Cincinnati Reds,CIN,National League,National League Central,608703,Matt Reynolds,/api/v1/people/608703,4,4,Second Base,Infielder,2B,A,Active
2022,113,Cincinnati Reds,CIN,National League,National League Central,595375,JT Riddle,/api/v1/people/595375,57,6,Shortstop,Infielder,SS,TR,Traded
2022,113,Cincinnati Reds,CIN,National League,National League Central,642020,Chuckie Robinson,/api/v1/people/642020,73,2,Catcher,Catcher,C,MIN,Minor League Contract
2022,113,Cincinnati Reds,CIN,National League,National League Central,519222,Austin Romine,/api/v1/people/519222,28,2,Catcher,Catcher,C,A,Active
2022,113,Cincinnati Reds,CIN,National League,National League Central,665665,Reiver Sanmartin,/api/v1/people/665665,52,1,Pitcher,Pitcher,P,A,Active
2022,113,Cincinnati Reds,CIN,National League,National League Central,663574,Tony Santillan,/api/v1/people/663574,64,1,Pitcher,Pitcher,P,D60,Injured 60-Day
2022,113,Cincinnati Reds,CIN,National League,National League Central,621011,Max Schrock,/api/v1/people/621011,32,9,Outfielder,Outfielder,RF,RL,Released
2022,113,Cincinnati Reds,CIN,National League,National League Central,669222,Nick Senzel,/api/v1/people/669222,15,8,Outfielder,Outfielder,CF,D60,Injured 60-Day
2022,113,Cincinnati Reds,CIN,National League,National League Central,672279,Michael Siani,/api/v1/people/672279,67,O,Outfield,Outfielder,OF,A,Active
2022,113,Cincinnati Reds,CIN,National League,National League Central,608371,Lucas Sims,/api/v1/people/608371,39,1,Pitcher,Pitcher,P,D60,Injured 60-Day
2022,113,Cincinnati Reds,CIN,National League,National League Central,456781,Donovan Solano,/api/v1/people/456781,7,10,Designated Hitter,Hitter,DH,A,Active
2022,113,Cincinnati Reds,CIN,National League,National League Central,676660,Jared Solomon,/api/v1/people/676660,84,1,Pitcher,Pitcher,P,A,Active
2022,113,Cincinnati Reds,CIN,National League,National League Central,668715,Spencer Steer,/api/v1/people/668715,12,3,First Base,Infielder,1B,A,Active
2022,113,Cincinnati Reds,CIN,National League,National League Central,663886,Tyler Stephenson,/api/v1/people/663886,37,2,Catcher,Catcher,C,D60,Injured 60-Day
2022,113,Cincinnati Reds,CIN,National League,National League Central,519326,Hunter Strickland,/api/v1/people/519326,54,1,Pitcher,Pitcher,P,A,Active
2022,113,Cincinnati Reds,CIN,National League,National League Central,458015,Joey Votto,/api/v1/people/458015,19,3,First Base,Infielder,1B,D60,Injured 60-Day
2022,113,Cincinnati Reds,CIN,National League,National League Central,605521,Art Warren,/api/v1/people/605521,77,1,Pitcher,Pitcher,P,D60,Injured 60-Day
2022,113,Cincinnati Reds,CIN,National League,National League Central,458677,Justin Wilson,/api/v1/people/458677,34,1,Pitcher,Pitcher,P,D60,Injured 60-Day
2022,113,Cincinnati Reds,CIN,National League,National League Central,643615,T.J. Zeuch,/api/v1/people/643615,67,1,Pitcher,Pitcher,P,RL,Released
2022,114,Cleveland Guardians,CLE,American League,American League Central,663531,Logan Allen,/api/v1/people/663531,33,1,Pitcher,Pitcher,P,CL,Claimed
2022,114,Cleveland Guardians,CLE,American League,American League Central,672356,Gabriel Arias,/api/v1/people/672356,8,5,Third Base,Infielder,3B,A,Active
2022,114,Cleveland Guardians,CLE,American League,American League Central,666181,Will Benson,/api/v1/people/666181,29,8,Outfielder,Outfielder,CF,A,Active
2022,114,Cleveland Guardians,CLE,American League,American League Central,669456,Shane Bieber,/api/v1/people/669456,57,1,Pitcher,Pitcher,P,A,Active
2022,114,Cleveland Guardians,CLE,American League,American League Central,656252,Bobby Bradley,/api/v1/people/656252,44,3,First Base,Infielder,1B,MIN,Minor League Contract
2022,114,Cleveland Guardians,CLE,American League,American League Central,686823,Will Brennan,/api/v1/people/686823,63,7,Outfielder,Outfielder,LF,A,Active
2022,114,Cleveland Guardians,CLE,American League,American League Central,669743,Alex Call,/api/v1/people/669743,65,8,Outfielder,Outfielder,CF,CL,Claimed
2022,114,Cleveland Guardians,CLE,American League,American League Central,621593,Anthony Castro,/api/v1/people/621593,58,1,Pitcher,Pitcher,P,CL,Claimed
2022,114,Cleveland Guardians,CLE,American League,American League Central,644374,Yu Chang,/api/v1/people/644374,2,3,First Base,Infielder,1B,TR,Traded
2022,114,Cleveland Guardians,CLE,American League,American League Central,650644,Aaron Civale,/api/v1/people/650644,43,1,Pitcher,Pitcher,P,A,Active
2022,114,Cleveland Guardians,CLE,American League,American League Central,661403,Emmanuel Clase,/api/v1/people/661403,48,1,Pitcher,Pitcher,P,A,Active
2022,114,Cleveland Guardians,CLE,American League,American League Central,676391,Ernie Clement,/api/v1/people/676391,28,5,Third Base,Infielder,3B,CL,Claimed
2022,114,Cleveland Guardians,CLE,American League,American League Central,675540,Xzavion Curry,/api/v1/people/675540,71,1,Pitcher,Pitcher,P,A,Active
2022,114,Cleveland Guardians,CLE,American League,American League Central,660853,Enyel De Los Santos,/api/v1/people/660853,62,1,Pitcher,Pitcher,P,A,Active
2022,114,Cleveland Guardians,CLE,American League,American League Central,671289,Tyler Freeman,/api/v1/people/671289,2,5,Third Base,Infielder,3B,A,Active
2022,114,Cleveland Guardians,CLE,American League,American League Central,683769,Hunter Gaddis,/api/v1/people/683769,70,1,Pitcher,Pitcher,P,A,Active
2022,114,Cleveland Guardians,CLE,American League,American League Central,664139,Ian Gibaut,/api/v1/people/664139,50,1,Pitcher,Pitcher,P,CL,Claimed
2022,114,Cleveland Guardians,CLE,American League,American League Central,665926,Andrés Giménez,/api/v1/people/665926,0,4,Second Base,Infielder,2B,A,Active
2022,114,Cleveland Guardians,CLE,American League,American League Central,660757,Oscar Gonzalez,/api/v1/people/660757,39,9,Outfielder,Outfielder,RF,A,Active
2022,114,Cleveland Guardians,CLE,American League,American League Central,543238,Anthony Gose,/api/v1/people/543238,26,1,Pitcher,Pitcher,P,D60,Injured 60-Day
2022,114,Cleveland Guardians,CLE,American League,American League Central,595978,Austin Hedges,/api/v1/people/595978,17,2,Catcher,Catcher,C,A,Active
2022,114,Cleveland Guardians,CLE,American League,American League Central,656529,Sam Hentges,/api/v1/people/656529,31,1,Pitcher,Pitcher,P,A,Active
2022,114,Cleveland Guardians,CLE,American League,American League Central,666134,Nolan Jones,/api/v1/people/666134,33,5,Third Base,Infielder,3B,A,Active
2022,114,Cleveland Guardians,CLE,American League,American League Central,675916,James Karinchak,/api/v1/people/675916,99,1,Pitcher,Pitcher,P,A,Active
2022,114,Cleveland Guardians,CLE,American League,American League Central,680757,Steven Kwan,/api/v1/people/680757,38,7,Outfielder,Outfielder,LF,A,Active
2022,114,Cleveland Guardians,CLE,American League,American League Central,681526,Bryan Lavastida,/api/v1/people/681526,10,2,Catcher,Catcher,C,A,Active
2022,114,Cleveland Guardians,CLE,American League,American League Central,506702,Sandy León,/api/v1/people/506702,4,2,Catcher,Catcher,C,TR,Traded
2022,114,Cleveland Guardians,CLE,American League,American League Central,571912,Luke Maile,/api/v1/people/571912,12,2,Catcher,Catcher,C,A,Active
2022,114,Cleveland Guardians,CLE,American League,American League Central,668948,Kirk McCarty,/api/v1/people/668948,59,1,Pitcher,Pitcher,P,A,Active
2022,114,Cleveland Guardians,CLE,American League,American League Central,663474,Triston McKenzie,/api/v1/people/663474,24,1,Pitcher,Pitcher,P,A,Active
2022,114,Cleveland Guardians,CLE,American League,American League Central,640458,Óscar Mercado,/api/v1/people/640458,35,9,Outfielder,Outfielder,RF,MIN,Minor League Contract
2022,114,Cleveland Guardians,CLE,American League,American League Central,680911,Owen Miller,/api/v1/people/680911,6,3,First Base,Infielder,1B,A,Active
2022,114,Cleveland Guardians,CLE,American League,American League Central,669212,Eli Morgan,/api/v1/people/669212,49,1,Pitcher,Pitcher,P,A,Active
2022,114,Cleveland Guardians,CLE,American League,American League Central,663752,Cody Morris,/api/v1/people/663752,36,1,Pitcher,Pitcher,P,A,Active
2022,114,Cleveland Guardians,CLE,American League,American League Central,666310,Bo Naylor,/api/v1/people/666310,44,2,Catcher,Catcher,C,A,Active
2022,114,Cleveland Guardians,CLE,American League,American League Central,647304,Josh Naylor,/api/v1/people/647304,22,3,First Base,Infielder,1B,A,Active
2022,114,Cleveland Guardians,CLE,American League,American League Central,680700,Richie Palacios,/api/v1/people/680700,9,7,Outfielder,Outfielder,LF,A,Active
2022,114,Cleveland Guardians,CLE,American League,American League Central,663455,Konnor Pilkington,/api/v1/people/663455,45,1,Pitcher,Pitcher,P,A,Active
2022,114,Cleveland Guardians,CLE,American League,American League Central,668676,Zach Plesac,/api/v1/people/668676,34,1,Pitcher,Pitcher,P,A,Active
2022,114,Cleveland Guardians,CLE,American League,American League Central,615698,Cal Quantrill,/api/v1/people/615698,47,1,Pitcher,Pitcher,P,A,Active
2022,114,Cleveland Guardians,CLE,American League,American League Central,608070,José Ramírez,/api/v1/people/608070,11,5,Third Base,Infielder,3B,A,Active
2022,114,Cleveland Guardians,CLE,American League,American League Central,670990,Yohan Ramírez,/api/v1/people/670990,54,1,Pitcher,Pitcher,P,TR,Traded
2022,114,Cleveland Guardians,CLE,American League,American League Central,614177,Franmil Reyes,/api/v1/people/614177,32,9,Outfielder,Outfielder,RF,CL,Claimed
2022,114,Cleveland Guardians,CLE,American League,American League Central,642708,Amed Rosario,/api/v1/people/642708,1,6,Shortstop,Infielder,SS,A,Active
2022,114,Cleveland Guardians,CLE,American League,American League Central,680704,Nick Sandlin,/api/v1/people/680704,52,1,Pitcher,Pitcher,P,A,Active
2022,114,Cleveland Guardians,CLE,American League,American League Central,543766,Bryan Shaw,/api/v1/people/543766,27,1,Pitcher,Pitcher,P,MIN,Minor League Contract
2022,114,Cleveland Guardians,CLE,American League,American League Central,663986,Trevor Stephan,/api/v1/people/663986,37,1,Pitcher,Pitcher,P,A,Active
2022,114,Cleveland Guardians,CLE,American League,American League Central,664702,Myles Straw,/api/v1/people/664702,7,8,Outfielder,Outfielder,CF,A,Active
2022,114,Cleveland Guardians,CLE,American League,American League Central,668684,Tanner Tully,/api/v1/people/668684,56,1,Pitcher,Pitcher,P,MIN,Minor League Contract
2022,114,Cleveland Guardians,CLE,American League,American League Central,622065,Alex Young,/api/v1/people/622065,46,1,Pitcher,Pitcher,P,TR,Traded
2022,115,Colorado Rockies,COL,National League,National League West,453268,Daniel Bard,/api/v1/people/453268,52,1,Pitcher,Pitcher,P,A,Active
2022,115,Colorado Rockies,COL,National League,National League West,592144,Wynton Bernard,/api/v1/people/592144,36,O,Outfield,Outfielder,OF,A,Active
2022,115,Colorado Rockies,COL,National League,National League West,656234,Jake Bird,/api/v1/people/656234,59,1,Pitcher,Pitcher,P,A,Active
2022,115,Colorado Rockies,COL,National League,National League West,621389,Ty Blach,/api/v1/people/621389,50,1,Pitcher,Pitcher,P,A,Active
2022,115,Colorado Rockies,COL,National League,National League West,453568,Charlie Blackmon,/api/v1/people/453568,19,10,Designated Hitter,Hitter,DH,A,Active
2022,115,Colorado Rockies,COL,National League,National League West,656248,Sean Bouchard,/api/v1/people/656248,12,7,Outfielder,Outfielder,LF,A,Active
2022,115,Colorado Rockies,COL,National League,National League West,592178,Kris Bryant,/api/v1/people/592178,23,9,Outfielder,Outfielder,RF,A,Active
2022,115,Colorado Rockies,COL,National League,National League West,468504,Jhoulys Chacín,/api/v1/people/468504,43,1,Pitcher,Pitcher,P,RL,Released
2022,115,Colorado Rockies,COL,National League,National League West,517008,Alex Colomé,/api/v1/people/517008,37,1,Pitcher,Pitcher,P,A,Active
2022,115,Colorado Rockies,COL,National League,National League West,543068,C.J. Cron,/api/v1/people/543068,25,3,First Base,Infielder,1B,A,Active
2022,115,Colorado Rockies,COL,National League,National League West,663562,Noah Davis,/api/v1/people/663562,63,1,Pitcher,Pitcher,P,A,Active
2022,115,Colorado Rockies,COL,National League,National League West,602074,Yonathan Daza,/api/v1/people/602074,2,8,Outfielder,Outfielder,CF,A,Active
2022,115,Colorado Rockies,COL,National League,National League West,553869,Elias Díaz,/api/v1/people/553869,35,2,Catcher,Catcher,C,A,Active
2022,115,Colorado Rockies,COL,National League,National League West,608032,Carlos Estévez,/api/v1/people/608032,54,1,Pitcher,Pitcher,P,A,Active
2022,115,Colorado Rockies,COL,National League,National League West,663372,Ryan Feltner,/api/v1/people/663372,18,1,Pitcher,Pitcher,P,A,Active
2022,115,Colorado Rockies,COL,National League,National League West,607536,Kyle Freeland,/api/v1/people/607536,21,1,Pitcher,Pitcher,P,A,Active
2022,115,Colorado Rockies,COL,National League,National League West,656458,Lucas Gilbreath,/api/v1/people/656458,58,1,Pitcher,Pitcher,P,A,Active
2022,115,Colorado Rockies,COL,National League,National League West,596295,Austin Gomber,/api/v1/people/596295,26,1,Pitcher,Pitcher,P,A,Active
2022,115,Colorado Rockies,COL,National League,National League West,623485,Ashton Goudeau,/api/v1/people/623485,60,1,Pitcher,Pitcher,P,MIN,Minor League Contract
2022,115,Colorado Rockies,COL,National League,National League West,545341,Randal Grichuk,/api/v1/people/545341,15,9,Outfielder,Outfielder,RF,D10,Injured 10-Day
2022,115,Colorado Rockies,COL,National League,National League West,641658,Garrett Hampson,/api/v1/people/641658,1,6,Shortstop,Infielder,SS,A,Active
2022,115,Colorado Rockies,COL,National League,National League West,656541,Sam Hilliard,/api/v1/people/656541,22,8,Outfielder,Outfielder,CF,TR,Traded
2022,115,Colorado Rockies,COL,National League,National League West,668970,Gavin Hollowell,/api/v1/people/668970,64,1,Pitcher,Pitcher,P,A,Active
2022,115,Colorado Rockies,COL,National League,National League West,578428,Jose Iglesias,/api/v1/people/578428,11,6,Shortstop,Infielder,SS,A,Active
2022,115,Colorado Rockies,COL,National League,National League West,656582,Connor Joe,/api/v1/people/656582,9,7,Outfielder,Outfielder,LF,A,Active
2022,115,Colorado Rockies,COL,National League,National League West,641755,Tyler Kinley,/api/v1/people/641755,40,1,Pitcher,Pitcher,P,D60,Injured 60-Day
2022,115,Colorado Rockies,COL,National League,National League West,641771,Chad Kuhl,/api/v1/people/641771,41,1,Pitcher,Pitcher,P,A,Active
2022,115,Colorado Rockies,COL,National League,National League West,659275,Dinelson Lamet,/api/v1/people/659275,32,1,Pitcher,Pitcher,P,A,Active
2022,115,Colorado Rockies,COL,National League,National League West,664875,Justin Lawrence,/api/v1/people/664875,61,1,Pitcher,Pitcher,P,A,Active
2022,115,Colorado Rockies,COL,National League,National League West,608566,Germán Márquez,/api/v1/people/608566,48,1,Pitcher,Pitcher,P,A,Active
2022,115,Colorado Rockies,COL,National League,National League West,641857,Ryan McMahon,/api/v1/people/641857,24,5,Third Base,Infielder,3B,A,Active
2022,115,Colorado Rockies,COL,National League,National League West,660707,Elehuris Montero,/api/v1/people/660707,44,5,Third Base,Infielder,3B,A,Active
2022,115,Colorado Rockies,COL,National League,National League West,624513,Dom Nuñez,/api/v1/people/624513,3,2,Catcher,Catcher,C,A,Active
2022,115,Colorado Rockies,COL,National League,National League West,663898,Brendan Rodgers,/api/v1/people/663898,7,4,Second Base,Infielder,2B,A,Active
2022,115,Colorado Rockies,COL,National League,National League West,622608,Antonio Senzatela,/api/v1/people/622608,49,1,Pitcher,Pitcher,P,A,Active
2022,115,Colorado Rockies,COL,National League,National League West,661531,Brian Serven,/api/v1/people/661531,6,2,Catcher,Catcher,C,A,Active
2022,115,Colorado Rockies,COL,National League,National League West,642068,Jordan Sheffield,/api/v1/people/642068,34,1,Pitcher,Pitcher,P,MIN,Minor League Contract
2022,115,Colorado Rockies,COL,National League,National League West,663385,Chad Smith,/api/v1/people/663385,56,1,Pitcher,Pitcher,P,A,Active
2022,115,Colorado Rockies,COL,National League,National League West,596112,Robert Stephenson,/api/v1/people/596112,29,1,Pitcher,Pitcher,P,CL,Claimed
2022,115,Colorado Rockies,COL,National League,National League West,669911,Michael Toglia,/api/v1/people/669911,29,9,Outfielder,Outfielder,RF,A,Active
2022,115,Colorado Rockies,COL,National League,National League West,678662,Ezequiel Tovar,/api/v1/people/678662,14,6,Shortstop,Infielder,SS,A,Active
2022,115,Colorado Rockies,COL,National League,National League West,676701,Alan Trejo,/api/v1/people/676701,13,4,Second Base,Infielder,2B,A,Active
2022,115,Colorado Rockies,COL,National League,National League West,570632,José Ureña,/api/v1/people/570632,51,1,Pitcher,Pitcher,P,A,Active
2022,116,Detroit Tigers,DET,American League,American League Central,641302,Tyler Alexander,/api/v1/people/641302,70,1,Pitcher,Pitcher,P,A,Active
2022,116,Detroit Tigers,DET,American League,American League Central,668731,Akil Baddoo,/api/v1/people/668731,60,7,Outfielder,Outfielder,LF,A,Active
2022,116,Detroit Tigers,DET,American League,American League Central,595879,Javier Báez,/api/v1/people/595879,28,6,Shortstop,Infielder,SS,A,Active
2022,116,Detroit Tigers,DET,American League,American League Central,606930,Jacob Barnes,/api/v1/people/606930,,1,Pitcher,Pitcher,P,MIN,Minor League Contract
2022,116,Detroit Tigers,DET,American League,American League Central,571466,Tucker Barnhart,/api/v1/people/571466,15,2,Catcher,Catcher,C,A,Active
2022,116,Detroit Tigers,DET,American League,American League Central,689225,Beau Brieske,/api/v1/people/689225,63,1,Pitcher,Pitcher,P,D60,Injured 60-Day
2022,116,Detroit Tigers,DET,American League,American League Central,408234,Miguel Cabrera,/api/v1/people/408234,24,10,Designated Hitter,Hitter,DH,A,Active
2022,116,Detroit Tigers,DET,American League,American League Central,663662,Daz Cameron,/api/v1/people/663662,41,9,Outfielder,Outfielder,RF,A,Active
2022,116,Detroit Tigers,DET,American League,American League Central,600869,Jeimer Candelario,/api/v1/people/600869,46,5,Third Base,Infielder,3B,A,Active
2022,116,Detroit Tigers,DET,American League,American League Central,656290,Drew Carlton,/api/v1/people/656290,66,1,Pitcher,Pitcher,P,MIN,Minor League Contract
2022,116,Detroit Tigers,DET,American League,American League Central,681481,Kerry Carpenter,/api/v1/people/681481,30,9,Outfielder,Outfielder,RF,A,Active
2022,116,Detroit Tigers,DET,American League,American League Central,622379,Luis F. Castillo,/api/v1/people/622379,54,1,Pitcher,Pitcher,P,A,Active
2022,116,Detroit Tigers,DET,American League,American League Central,605612,Harold Castro,/api/v1/people/605612,30,3,First Base,Infielder,1B,A,Active
2022,116,Detroit Tigers,DET,American League,American League Central,650489,Willi Castro,/api/v1/people/650489,9,9,Outfielder,Outfielder,RF,A,Active
2022,116,Detroit Tigers,DET,American League,American League Central,605177,Andrew Chafin,/api/v1/people/605177,37,1,Pitcher,Pitcher,P,A,Active
2022,116,Detroit Tigers,DET,American League,American League Central,542585,José Cisnero,/api/v1/people/542585,67,1,Pitcher,Pitcher,P,A,Active
2022,116,Detroit Tigers,DET,American League,American League Central,665019,Kody Clemens,/api/v1/people/665019,21,3,First Base,Infielder,1B,A,Active
2022,116,Detroit Tigers,DET,American League,American League Central,663478,Brendon Davis,/api/v1/people/663478,74,5,Third Base,Infielder,3B,A,Active
2022,116,Detroit Tigers,DET,American League,American League Central,669804,Angel De Jesus,/api/v1/people/669804,62,1,Pitcher,Pitcher,P,A,Active
2022,116,Detroit Tigers,DET,American League,American League Central,622766,Miguel Díaz,/api/v1/people/622766,38,1,Pitcher,Pitcher,P,A,Active
2022,116,Detroit Tigers,DET,American League,American League Central,656412,Alex Faedo,/api/v1/people/656412,49,1,Pitcher,Pitcher,P,A,Active
2022,116,Detroit Tigers,DET,American League,American League Central,671345,Jason Foley,/api/v1/people/671345,68,1,Pitcher,Pitcher,P,A,Active
2022,116,Detroit Tigers,DET,American League,American League Central,605242,Michael Fulmer,/api/v1/people/605242,32,1,Pitcher,Pitcher,P,TR,Traded
2022,116,Detroit Tigers,DET,American League,American League Central,650530,Bryan Garcia,/api/v1/people/650530,33,1,Pitcher,Pitcher,P,A,Active
2022,116,Detroit Tigers,DET,American League,American League Central,665621,Rony García,/api/v1/people/665621,51,1,Pitcher,Pitcher,P,D60,Injured 60-Day
2022,116,Detroit Tigers,DET,American League,American League Central,572863,Dustin Garneau,/api/v1/people/572863,64,2,Catcher,Catcher,C,MIN,Minor League Contract
2022,116,Detroit Tigers,DET,American League,American League Central,682985,Riley Greene,/api/v1/people/682985,31,8,Outfielder,Outfielder,CF,A,Active
2022,116,Detroit Tigers,DET,American League,American League Central,543257,Robbie Grossman,/api/v1/people/543257,8,9,Outfielder,Outfielder,RF,TR,Traded
2022,116,Detroit Tigers,DET,American League,American League Central,606992,Eric Haase,/api/v1/people/606992,13,2,Catcher,Catcher,C,A,Active
2022,116,Detroit Tigers,DET,American League,American League Central,656537,Derek Hill,/api/v1/people/656537,54,8,Outfielder,Outfielder,CF,CL,Claimed
2022,116,Detroit Tigers,DET,American League,American League Central,682051,Garrett Hill,/api/v1/people/682051,50,1,Pitcher,Pitcher,P,A,Active
2022,116,Detroit Tigers,DET,American League,American League Central,571800,Drew Hutchison,/api/v1/people/571800,40,1,Pitcher,Pitcher,P,FA,Free Agent
2022,116,Detroit Tigers,DET,American League,American League Central,641729,Joe Jiménez,/api/v1/people/641729,77,1,Pitcher,Pitcher,P,A,Active
2022,116,Detroit Tigers,DET,American League,American League Central,668952,Ryan Kreidler,/api/v1/people/668952,32,6,Shortstop,Infielder,SS,A,Active
2022,116,Detroit Tigers,DET,American League,American League Central,656638,Alex Lange,/api/v1/people/656638,55,1,Pitcher,Pitcher,P,A,Active
2022,116,Detroit Tigers,DET,American League,American League Central,571882,Derek Law,/api/v1/people/571882,48,1,Pitcher,Pitcher,P,MIN,Minor League Contract
2022,116,Detroit Tigers,DET,American League,American League Central,623507,Josh Lester,/api/v1/people/623507,58,5,Third Base,Infielder,3B,A,Active
2022,116,Detroit Tigers,DET,American League,American League Central,666159,Matt Manning,/api/v1/people/666159,25,1,Pitcher,Pitcher,P,D60,Injured 60-Day
2022,116,Detroit Tigers,DET,American League,American League Central,640457,Austin Meadows,/api/v1/people/640457,17,9,Outfielder,Outfielder,RF,D60,Injured 60-Day
2022,116,Detroit Tigers,DET,American League,American League Central,663554,Casey Mize,/api/v1/people/663554,12,1,Pitcher,Pitcher,P,D60,Injured 60-Day
2022,116,Detroit Tigers,DET,American League,American League Central,596057,Daniel Norris,/api/v1/people/596057,44,1,Pitcher,Pitcher,P,A,Active
2022,116,Detroit Tigers,DET,American League,American League Central,503449,Wily Peralta,/api/v1/people/503449,58,1,Pitcher,Pitcher,P,RL,Released
2022,116,Detroit Tigers,DET,American League,American League Central,501381,Michael Pineda,/api/v1/people/501381,38,1,Pitcher,Pitcher,P,RL,Released
2022,116,Detroit Tigers,DET,American League,American League Central,622682,Victor Reyes,/api/v1/people/622682,22,9,Outfielder,Outfielder,RF,A,Active
2022,116,Detroit Tigers,DET,American League,American League Central,593958,Eduardo Rodriguez,/api/v1/people/593958,57,1,Pitcher,Pitcher,P,A,Active
2022,116,Detroit Tigers,DET,American League,American League Central,660730,Elvin Rodríguez,/api/v1/people/660730,45,1,Pitcher,Pitcher,P,A,Active
2022,116,Detroit Tigers,DET,American League,American League Central,570731,Jonathan Schoop,/api/v1/people/570731,7,4,Second Base,Infielder,2B,A,Active
2022,116,Detroit Tigers,DET,American League,American League Central,670097,Zack Short,/api/v1/people/670097,59,6,Shortstop,Infielder,SS,A,Active
2022,116,Detroit Tigers,DET,American League,American League Central,669373,Tarik Skubal,/api/v1/people/669373,29,1,Pitcher,Pitcher,P,D60,Injured 60-Day
2022,116,Detroit Tigers,DET,American League,American League Central,642397,Gregory Soto,/api/v1/people/642397,65,1,Pitcher,Pitcher,P,A,Active
2022,116,Detroit Tigers,DET,American League,American League Central,679529,Spencer Torkelson,/api/v1/people/679529,20,3,First Base,Infielder,1B,A,Active
2022,116,Detroit Tigers,DET,American League,American League Central,676684,Will Vest,/api/v1/people/676684,19,1,Pitcher,Pitcher,P,A,Active
2022,116,Detroit Tigers,DET,American League,American League Central,666214,Joey Wentz,/api/v1/people/666214,43,1,Pitcher,Pitcher,P,A,Active
2022,117,Houston Astros,HOU,American League,American League West,650556,Bryan Abreu,/api/v1/people/650556,52,1,Pitcher,Pitcher,P,A,Active
2022,117,Houston Astros,HOU,American League,American League West,514888,Jose Altuve,/api/v1/people/514888,27,4,Second Base,Infielder,2B,A,Active
2022,117,Houston Astros,HOU,American League,American League West,670541,Yordan Alvarez,/api/v1/people/670541,44,7,Outfielder,Outfielder,LF,A,Active
2022,117,Houston Astros,HOU,American League,American League West,520980,Pedro Báez,/api/v1/people/520980,52,1,Pitcher,Pitcher,P,RL,Released
2022,117,Houston Astros,HOU,American League,American League West,656232,Brandon Bielak,/api/v1/people/656232,64,1,Pitcher,Pitcher,P,RM,Reassigned to Minors
2022,117,Houston Astros,HOU,American League,American League West,669854,Ronel Blanco,/api/v1/people/669854,56,1,Pitcher,Pitcher,P,RM,Reassigned to Minors
2022,117,Houston Astros,HOU,American League,American League West,488726,Michael Brantley,/api/v1/people/488726,23,10,Designated Hitter,Hitter,DH,D60,Injured 60-Day
2022,117,Houston Astros,HOU,American League,American League West,608324,Alex Bregman,/api/v1/people/608324,2,5,Third Base,Infielder,3B,A,Active
2022,117,Houston Astros,HOU,American League,American League West,686613,Hunter Brown,/api/v1/people/686613,58,1,Pitcher,Pitcher,P,A,Active
2022,117,Houston Astros,HOU,American League,American League West,488771,Jason Castro,/api/v1/people/488771,18,2,Catcher,Catcher,C,D60,Injured 60-Day
2022,117,Houston Astros,HOU,American League,American League West,649557,Aledmys Díaz,/api/v1/people/649557,16,7,Outfielder,Outfielder,LF,A,Active
2022,117,Houston Astros,HOU,American League,American League West,673237,Yainer Diaz,/api/v1/people/673237,63,2,Catcher,Catcher,C,RM,Reassigned to Minors
2022,117,Houston Astros,HOU,American League,American League West,643289,Mauricio Dubón,/api/v1/people/643289,14,7,Outfielder,Outfielder,LF,A,Active
2022,117,Houston Astros,HOU,American League,American League West,677651,Luis Garcia,/api/v1/people/677651,77,1,Pitcher,Pitcher,P,A,Active
2022,117,Houston Astros,HOU,American League,American League West,592348,Niko Goodrum,/api/v1/people/592348,11,4,Second Base,Infielder,2B,RL,Released
2022,117,Houston Astros,HOU,American League,American League West,493329,Yuli Gurriel,/api/v1/people/493329,10,3,First Base,Infielder,1B,D10,Injured 10-Day
2022,117,Houston Astros,HOU,American League,American League West,682073,David Hensley,/api/v1/people/682073,17,10,Designated Hitter,Hitter,DH,A,Active
2022,117,Houston Astros,HOU,American League,American League West,664299,Cristian Javier,/api/v1/people/664299,53,1,Pitcher,Pitcher,P,A,Active
2022,117,Houston Astros,HOU,American League,American League West,622100,Taylor Jones,/api/v1/people/622100,28,3,First Base,Infielder,1B,CL,Claimed
2022,117,Houston Astros,HOU,American League,American League West,686676,Korey Lee,/api/v1/people/686676,38,2,Catcher,Catcher,C,A,Active
2022,117,Houston Astros,HOU,American League,American League West,455117,Martín Maldonado,/api/v1/people/455117,15,2,Catcher,Catcher,C,A,Active
2022,117,Houston Astros,HOU,American League,American League West,641820,Trey Mancini,/api/v1/people/641820,26,3,First Base,Infielder,1B,RM,Reassigned to Minors
2022,117,Houston Astros,HOU,American League,American League West,661527,Seth Martinez,/api/v1/people/661527,61,1,Pitcher,Pitcher,P,RM,Reassigned to Minors
2022,117,Houston Astros,HOU,American League,American League West,656695,J.J. Matijevic,/api/v1/people/656695,13,3,First Base,Infielder,1B,RM,Reassigned to Minors
2022,117,Houston Astros,HOU,American League,American League West,664208,Phil Maton,/api/v1/people/664208,88,1,Pitcher,Pitcher,P,RM,Reassigned to Minors
2022,117,Houston Astros,HOU,American League,American League West,676801,Chas McCormick,/api/v1/people/676801,20,8,Outfielder,Outfielder,CF,A,Active
2022,117,Houston Astros,HOU,American League,American League West,621121,Lance McCullers Jr.,/api/v1/people/621121,43,1,Pitcher,Pitcher,P,A,Active
2022,117,Houston Astros,HOU,American League,American League West,676694,Jake Meyers,/api/v1/people/676694,6,7,Outfielder,Outfielder,LF,RM,Reassigned to Minors
2022,117,Houston Astros,HOU,American League,American League West,606160,Rafael Montero,/api/v1/people/606160,47,1,Pitcher,Pitcher,P,A,Active
2022,117,Houston Astros,HOU,American League,American League West,656786,Parker Mushinski,/api/v1/people/656786,67,1,Pitcher,Pitcher,P,RM,Reassigned to Minors
2022,117,Houston Astros,HOU,American League,American League West,593576,Héctor Neris,/api/v1/people/593576,50,1,Pitcher,Pitcher,P,A,Active
2022,117,Houston Astros,HOU,American League,American League West,543606,Jake Odorizzi,/api/v1/people/543606,17,1,Pitcher,Pitcher,P,TR,Traded
2022,117,Houston Astros,HOU,American League,American League West,660600,Enoli Paredes,/api/v1/people/660600,48,1,Pitcher,Pitcher,P,RM,Reassigned to Minors
2022,117,Houston Astros,HOU,American League,American League West,665161,Jeremy Peña,/api/v1/people/665161,3,6,Shortstop,Infielder,SS,A,Active
2022,117,Houston Astros,HOU,American League,American League West,669309,Joe Perez,/api/v1/people/669309,31,5,Third Base,Infielder,3B,RM,Reassigned to Minors
2022,117,Houston Astros,HOU,American League,American League West,519151,Ryan Pressly,/api/v1/people/519151,55,1,Pitcher,Pitcher,P,A,Active
2022,117,Houston Astros,HOU,American League,American League West,642350,Jose Siri,/api/v1/people/642350,26,8,Outfielder,Outfielder,CF,TR,Traded
2022,117,Houston Astros,HOU,American League,American League West,519293,Will Smith,/api/v1/people/519293,51,1,Pitcher,Pitcher,P,A,Active
2022,117,Houston Astros,HOU,American League,American League West,592773,Ryne Stanek,/api/v1/people/592773,45,1,Pitcher,Pitcher,P,A,Active
2022,117,Houston Astros,HOU,American League,American League West,642130,Blake Taylor,/api/v1/people/642130,62,1,Pitcher,Pitcher,P,RM,Reassigned to Minors
2022,117,Houston Astros,HOU,American League,American League West,663656,Kyle Tucker,/api/v1/people/663656,30,9,Outfielder,Outfielder,RF,A,Active
2022,117,Houston Astros,HOU,American League,American League West,664353,José Urquidy,/api/v1/people/664353,65,1,Pitcher,Pitcher,P,A,Active
2022,117,Houston Astros,HOU,American League,American League West,543877,Christian Vázquez,/api/v1/people/543877,9,2,Catcher,Catcher,C,A,Active
2022,117,Houston Astros,HOU,American League,American League West,434378,Justin Verlander,/api/v1/people/434378,35,1,Pitcher,Pitcher,P,A,Active
2022,118,Kansas City Royals,KC,American League,American League Central,656061,Albert Abreu,/api/v1/people/656061,69,1,Pitcher,Pitcher,P,CL,Claimed
2022,118,Kansas City Royals,KC,American League,American League Central,605130,Scott Barlow,/api/v1/people/605130,58,1,Pitcher,Pitcher,P,A,Active
2022,118,Kansas City Royals,KC,American League,American League Central,643217,Andrew Benintendi,/api/v1/people/643217,16,7,Outfielder,Outfielder,LF,TR,Traded
2022,118,Kansas City Royals,KC,American League,American League Central,680118,Dairon Blanco,/api/v1/people/680118,44,8,Outfielder,Outfielder,CF,MIN,Minor League Contract
2022,118,Kansas City Royals,KC,American League,American League Central,671790,Ronald Bolaños,/api/v1/people/671790,57,1,Pitcher,Pitcher,P,MIN,Minor League Contract
2022,118,Kansas City Royals,KC,American League,American League Central,641394,Jake Brentz,/api/v1/people/641394,59,1,Pitcher,Pitcher,P,D60,Injured 60-Day
2022,118,Kansas City Royals,KC,American League,American League Central,663460,Kris Bubic,/api/v1/people/663460,50,1,Pitcher,Pitcher,P,A,Active
2022,118,Kansas City Royals,KC,American League,American League Central,666721,Max Castillo,/api/v1/people/666721,60,1,Pitcher,Pitcher,P,A,Active
2022,118,Kansas City Royals,KC,American League,American League Central,664199,Taylor Clarke,/api/v1/people/664199,45,1,Pitcher,Pitcher,P,A,Active
2022,118,Kansas City Royals,KC,American League,American League Central,669395,Dylan Coleman,/api/v1/people/669395,65,1,Pitcher,Pitcher,P,A,Active
2022,118,Kansas City Royals,KC,American League,American League Central,621016,Jose Cuas,/api/v1/people/621016,74,1,Pitcher,Pitcher,P,A,Active
2022,118,Kansas City Royals,KC,American League,American League Central,641531,Hunter Dozier,/api/v1/people/641531,17,5,Third Base,Infielder,3B,A,Active
2022,118,Kansas City Royals,KC,American League,American League Central,681987,Nate Eaton,/api/v1/people/681987,18,9,Outfielder,Outfielder,RF,A,Active
2022,118,Kansas City Royals,KC,American League,American League Central,666023,Freddy Fermin,/api/v1/people/666023,78,2,Catcher,Catcher,C,MIN,Minor League Contract
2022,118,Kansas City Royals,KC,American League,American League Central,595956,Cam Gallagher,/api/v1/people/595956,36,2,Catcher,Catcher,C,TR,Traded
2022,118,Kansas City Royals,KC,American League,American League Central,672580,Maikel Garcia,/api/v1/people/672580,11,6,Shortstop,Infielder,SS,A,Active
2022,118,Kansas City Royals,KC,American League,American League Central,607237,Amir Garrett,/api/v1/people/607237,24,1,Pitcher,Pitcher,P,A,Active
2022,118,Kansas City Royals,KC,American League,American League Central,425844,Zack Greinke,/api/v1/people/425844,23,1,Pitcher,Pitcher,P,A,Active
2022,118,Kansas City Royals,KC,American League,American League Central,656492,Foster Griffin,/api/v1/people/656492,60,1,Pitcher,Pitcher,P,TR,Traded
2022,118,Kansas City Royals,KC,American League,American League Central,669169,Jonathan Heasley,/api/v1/people/669169,49,1,Pitcher,Pitcher,P,A,Active
2022,118,Kansas City Royals,KC,American League,American League Central,672578,Carlos Hernández,/api/v1/people/672578,43,1,Pitcher,Pitcher,P,A,Active
2022,118,Kansas City Royals,KC,American League,American League Central,676551,Brewer Hicklen,/api/v1/people/676551,75,7,Outfielder,Outfielder,LF,MIN,Minor League Contract
2022,118,Kansas City Royals,KC,American League,American League Central,664728,Kyle Isbel,/api/v1/people/664728,28,8,Outfielder,Outfielder,CF,A,Active
2022,118,Kansas City Royals,KC,American League,American League Central,641745,Brad Keller,/api/v1/people/641745,56,1,Pitcher,Pitcher,P,A,Active
2022,118,Kansas City Royals,KC,American League,American League Central,663804,Jackson Kowar,/api/v1/people/663804,37,1,Pitcher,Pitcher,P,A,Active
2022,118,Kansas City Royals,KC,American League,American League Central,670032,Nicky Lopez,/api/v1/people/670032,8,5,Third Base,Infielder,3B,A,Active
2022,118,Kansas City Royals,KC,American League,American League Central,663738,Daniel Lynch IV,/api/v1/people/663738,52,1,Pitcher,Pitcher,P,A,Active
2022,118,Kansas City Royals,KC,American League,American League Central,686681,Michael Massey,/api/v1/people/686681,19,4,Second Base,Infielder,2B,A,Active
2022,118,Kansas City Royals,KC,American League,American League Central,669004,MJ Melendez,/api/v1/people/669004,1,7,Outfielder,Outfielder,LF,A,Active
2022,118,Kansas City Royals,KC,American League,American League Central,596043,Daniel Mengden,/api/v1/people/596043,73,1,Pitcher,Pitcher,P,MIN,Minor League Contract
2022,118,Kansas City Royals,KC,American League,American League Central,593160,Whit Merrifield,/api/v1/people/593160,15,4,Second Base,Infielder,2B,TR,Traded
2022,118,Kansas City Royals,KC,American League,American League Central,670090,Wyatt Mills,/api/v1/people/670090,41,1,Pitcher,Pitcher,P,A,Active
2022,118,Kansas City Royals,KC,American League,American League Central,664948,Anthony Misiewicz,/api/v1/people/664948,36,1,Pitcher,Pitcher,P,A,Active
2022,118,Kansas City Royals,KC,American League,American League Central,609275,Adalberto Mondesi,/api/v1/people/609275,27,6,Shortstop,Infielder,SS,D60,Injured 60-Day
2022,118,Kansas City Royals,KC,American League,American League Central,658668,Edward Olivares,/api/v1/people/658668,14,7,Outfielder,Outfielder,LF,A,Active
2022,118,Kansas City Royals,KC,American League,American League Central,686469,Vinnie Pasquantino,/api/v1/people/686469,9,3,First Base,Infielder,1B,A,Active
2022,118,Kansas City Royals,KC,American League,American League Central,606303,Joel Payamps,/api/v1/people/606303,38,1,Pitcher,Pitcher,P,CL,Claimed
2022,118,Kansas City Royals,KC,American League,American League Central,676840,Matt Peacock,/api/v1/people/676840,46,1,Pitcher,Pitcher,P,CL,Claimed
2022,118,Kansas City Royals,KC,American League,American League Central,521692,Salvador Perez,/api/v1/people/521692,13,2,Catcher,Catcher,C,A,Active
2022,118,Kansas City Royals,KC,American League,American League Central,668472,Nick Pratto,/api/v1/people/668472,32,3,First Base,Infielder,1B,A,Active
2022,118,Kansas City Royals,KC,American League,American League Central,656896,Emmanuel Rivera,/api/v1/people/656896,26,5,Third Base,Infielder,3B,TR,Traded
2022,118,Kansas City Royals,KC,American League,American League Central,665861,Sebastián Rivero,/api/v1/people/665861,48,2,Catcher,Catcher,C,A,Active
2022,118,Kansas City Royals,KC,American League,American League Central,667670,Brent Rooker,/api/v1/people/667670,55,7,Outfielder,Outfielder,LF,A,Active
2022,118,Kansas City Royals,KC,American League,American League Central,467793,Carlos Santana,/api/v1/people/467793,41,3,First Base,Infielder,1B,TR,Traded
2022,118,Kansas City Royals,KC,American League,American League Central,663903,Brady Singer,/api/v1/people/663903,51,1,Pitcher,Pitcher,P,A,Active
2022,118,Kansas City Royals,KC,American League,American League Central,676092,Collin Snider,/api/v1/people/676092,40,1,Pitcher,Pitcher,P,A,Active
2022,118,Kansas City Royals,KC,American League,American League Central,642100,Gabe Speier,/api/v1/people/642100,67,1,Pitcher,Pitcher,P,A,Active
2022,118,Kansas City Royals,KC,American League,American League Central,622251,Josh Staumont,/api/v1/people/622251,63,1,Pitcher,Pitcher,P,A,Active
2022,118,Kansas City Royals,KC,American League,American League Central,572191,Michael A. Taylor,/api/v1/people/572191,2,8,Outfielder,Outfielder,CF,A,Active
2022,118,Kansas City Royals,KC,American League,American League Central,527055,Arodys Vizcaíno,/api/v1/people/527055,68,1,Pitcher,Pitcher,P,MIN,Minor League Contract
2022,118,Kansas City Royals,KC,American League,American League Central,671221,Drew Waters,/api/v1/people/671221,6,9,Outfielder,Outfielder,RF,A,Active
2022,118,Kansas City Royals,KC,American League,American League Central,596133,Luke Weaver,/api/v1/people/596133,26,1,Pitcher,Pitcher,P,CL,Claimed
2022,118,Kansas City Royals,KC,American League,American League Central,677951,Bobby Witt Jr.,/api/v1/people/677951,7,6,Shortstop,Infielder,SS,A,Active
2022,118,Kansas City Royals,KC,American League,American League Central,672582,Angel Zerpa,/api/v1/people/672582,61,1,Pitcher,Pitcher,P,D60,Injured 60-Day
2022,119,Los Angeles Dodgers,LAD,National League,National League West,593643,Hanser Alberto,/api/v1/people/593643,17,4,Second Base,Infielder,2B,A,Active
2022,119,Los Angeles Dodgers,LAD,National League,National League West,622075,Yency Almonte,/api/v1/people/622075,38,1,Pitcher,Pitcher,P,A,Active
2022,119,Los Angeles Dodgers,LAD,National League,National League West,657193,Eddy Alvarez,/api/v1/people/657193,37,5,Third Base,Infielder,3B,RL,Released
2022,119,Los Angeles Dodgers,LAD,National League,National League West,542881,Tyler Anderson,/api/v1/people/542881,31,1,Pitcher,Pitcher,P,A,Active
2022,119,Los Angeles Dodgers,LAD,National League,National League West,605131,Austin Barnes,/api/v1/people/605131,15,2,Catcher,Catcher,C,A,Active
2022,119,Los Angeles Dodgers,LAD,National League,National League West,641355,Cody Bellinger,/api/v1/people/641355,35,8,Outfielder,Outfielder,CF,A,Active
2022,119,Los Angeles Dodgers,LAD,National League,National League West,605141,Mookie Betts,/api/v1/people/605141,50,9,Outfielder,Outfielder,RF,A,Active
2022,119,Los Angeles Dodgers,LAD,National League,National League West,641360,Phil Bickford,/api/v1/people/641360,52,1,Pitcher,Pitcher,P,A,Active
2022,119,Los Angeles Dodgers,LAD,National League,National League West,677865,Justin Bruihl,/api/v1/people/677865,63,1,Pitcher,Pitcher,P,A,Active
2022,119,Los Angeles Dodgers,LAD,National League,National League West,621111,Walker Buehler,/api/v1/people/621111,21,1,Pitcher,Pitcher,P,D60,Injured 60-Day
2022,119,Los Angeles Dodgers,LAD,National League,National League West,664076,Garrett Cleavinger,/api/v1/people/664076,61,1,Pitcher,Pitcher,P,TR,Traded
2022,119,Los Angeles Dodgers,LAD,National League,National League West,572362,Robbie Erlin,/api/v1/people/572362,60,1,Pitcher,Pitcher,P,MIN,Minor League Contract
2022,119,Los Angeles Dodgers,LAD,National League,National League West,657571,Caleb Ferguson,/api/v1/people/657571,64,1,Pitcher,Pitcher,P,A,Active
2022,119,Los Angeles Dodgers,LAD,National League,National League West,518692,Freddie Freeman,/api/v1/people/518692,5,3,First Base,Infielder,1B,A,Active
2022,119,Los Angeles Dodgers,LAD,National League,National League West,608336,Joey Gallo,/api/v1/people/608336,12,7,Outfielder,Outfielder,LF,A,Active
2022,119,Los Angeles Dodgers,LAD,National League,National League West,664062,Tony Gonsolin,/api/v1/people/664062,26,1,Pitcher,Pitcher,P,A,Active
2022,119,Los Angeles Dodgers,LAD,National League,National League West,660813,Brusdar Graterol,/api/v1/people/660813,48,1,Pitcher,Pitcher,P,A,Active
2022,119,Los Angeles Dodgers,LAD,National League,National League West,572888,Shane Greene,/api/v1/people/572888,25,1,Pitcher,Pitcher,P,MIN,Minor League Contract
2022,119,Los Angeles Dodgers,LAD,National League,National League West,675627,Michael Grove,/api/v1/people/675627,78,1,Pitcher,Pitcher,P,A,Active
2022,119,Los Angeles Dodgers,LAD,National League,National League West,571760,Andrew Heaney,/api/v1/people/571760,28,1,Pitcher,Pitcher,P,A,Active
2022,119,Los Angeles Dodgers,LAD,National League,National League West,592390,Heath Hembree,/api/v1/people/592390,56,1,Pitcher,Pitcher,P,MIN,Minor League Contract
2022,119,Los Angeles Dodgers,LAD,National League,National League West,543339,Daniel Hudson,/api/v1/people/543339,41,1,Pitcher,Pitcher,P,D60,Injured 60-Day
2022,119,Los Angeles Dodgers,LAD,National League,National League West,656578,Andre Jackson,/api/v1/people/656578,94,1,Pitcher,Pitcher,P,A,Active
2022,119,Los Angeles Dodgers,LAD,National League,National League West,592454,Tommy Kahnle,/api/v1/people/592454,44,1,Pitcher,Pitcher,P,A,Active
2022,119,Los Angeles Dodgers,LAD,National League,National League West,477132,Clayton Kershaw,/api/v1/people/477132,22,1,Pitcher,Pitcher,P,A,Active
2022,119,Los Angeles Dodgers,LAD,National League,National League West,518886,Craig Kimbrel,/api/v1/people/518886,46,1,Pitcher,Pitcher,P,A,Active
2022,119,Los Angeles Dodgers,LAD,National League,National League West,571875,Jake Lamb,/api/v1/people/571875,18,3,First Base,Infielder,1B,TR,Traded
2022,119,Los Angeles Dodgers,LAD,National League,National League West,666158,Gavin Lux,/api/v1/people/666158,9,6,Shortstop,Infielder,SS,A,Active
2022,119,Los Angeles Dodgers,LAD,National League,National League West,455119,Chris Martin,/api/v1/people/455119,58,1,Pitcher,Pitcher,P,A,Active
2022,119,Los Angeles Dodgers,LAD,National League,National League West,669160,Dustin May,/api/v1/people/669160,85,1,Pitcher,Pitcher,P,A,Active
2022,119,Los Angeles Dodgers,LAD,National League,National League West,656716,Zach McKinstry,/api/v1/people/656716,8,6,Shortstop,Infielder,SS,TR,Traded
2022,119,Los Angeles Dodgers,LAD,National League,National League West,606625,Reyes Moronta,/api/v1/people/606625,45,1,Pitcher,Pitcher,P,CL,Claimed
2022,119,Los Angeles Dodgers,LAD,National League,National League West,571970,Max Muncy,/api/v1/people/571970,13,5,Third Base,Infielder,3B,A,Active
2022,119,Los Angeles Dodgers,LAD,National League,National League West,681546,James Outman,/api/v1/people/681546,77,7,Outfielder,Outfielder,LF,A,Active
2022,119,Los Angeles Dodgers,LAD,National League,National League West,686752,Ryan Pepiot,/api/v1/people/686752,47,1,Pitcher,Pitcher,P,A,Active
2022,119,Los Angeles Dodgers,LAD,National League,National League West,623465,Evan Phillips,/api/v1/people/623465,59,1,Pitcher,Pitcher,P,A,Active
2022,119,Los Angeles Dodgers,LAD,National League,National League West,607680,Kevin Pillar,/api/v1/people/607680,11,7,Outfielder,Outfielder,LF,D60,Injured 60-Day
2022,119,Los Angeles Dodgers,LAD,National League,National League West,456034,David Price,/api/v1/people/456034,33,1,Pitcher,Pitcher,P,A,Active
2022,119,Los Angeles Dodgers,LAD,National League,National League West,596082,Jake Reed,/api/v1/people/596082,57,1,Pitcher,Pitcher,P,CL,Claimed
2022,119,Los Angeles Dodgers,LAD,National League,National League West,621458,Edwin Rios,/api/v1/people/621458,43,5,Third Base,Infielder,3B,A,Active
2022,119,Los Angeles Dodgers,LAD,National League,National League West,669257,Will Smith,/api/v1/people/669257,16,2,Catcher,Catcher,C,A,Active
2022,119,Los Angeles Dodgers,LAD,National League,National League West,621035,Chris Taylor,/api/v1/people/621035,3,6,Shortstop,Infielder,SS,A,Active
2022,119,Los Angeles Dodgers,LAD,National League,National League West,572204,Trayce Thompson,/api/v1/people/572204,25,8,Outfielder,Outfielder,CF,A,Active
2022,119,Los Angeles Dodgers,LAD,National League,National League West,595014,Blake Treinen,/api/v1/people/595014,49,1,Pitcher,Pitcher,P,A,Active
2022,119,Los Angeles Dodgers,LAD,National League,National League West,457759,Justin Turner,/api/v1/people/457759,10,5,Third Base,Infielder,3B,A,Active
2022,119,Los Angeles Dodgers,LAD,National League,National League West,607208,Trea Turner,/api/v1/people/607208,6,6,Shortstop,Infielder,SS,A,Active
2022,119,Los Angeles Dodgers,LAD,National League,National League West,628711,Julio Urías,/api/v1/people/628711,7,1,Pitcher,Pitcher,P,A,Active
2022,119,Los Angeles Dodgers,LAD,National League,National League West,678246,Miguel Vargas,/api/v1/people/678246,71,3,First Base,Infielder,1B,A,Active
2022,119,Los Angeles Dodgers,LAD,National League,National League West,681911,Alex Vesia,/api/v1/people/681911,51,1,Pitcher,Pitcher,P,A,Active
2022,119,Los Angeles Dodgers,LAD,National League,National League West,669952,Mitch White,/api/v1/people/669952,66,1,Pitcher,Pitcher,P,TR,Traded
2022,119,Los Angeles Dodgers,LAD,National League,National League West,547172,Tony Wolters,/api/v1/people/547172,,2,Catcher,Catcher,C,MIN,Minor League Contract
2022,120,Washington Nationals,WSH,National League,National League East,676265,Cory Abbott,/api/v1/people/676265,77,1,Pitcher,Pitcher,P,A,Active
2022,120,Washington Nationals,WSH,National League,National League East,682928,CJ Abrams,/api/v1/people/682928,5,6,Shortstop,Infielder,SS,A,Active
2022,120,Washington Nationals,WSH,National League,National League East,656180,Riley Adams,/api/v1/people/656180,15,2,Catcher,Catcher,C,A,Active
2022,120,Washington Nationals,WSH,National League,National League East,672851,Joan Adon,/api/v1/people/672851,60,1,Pitcher,Pitcher,P,A,Active
2022,120,Washington Nationals,WSH,National League,National League East,501303,Ehire Adrianza,/api/v1/people/501303,5,7,Outfielder,Outfielder,LF,TR,Traded
2022,120,Washington Nationals,WSH,National League,National League East,644364,Víctor Arano,/api/v1/people/644364,64,1,Pitcher,Pitcher,P,A,Active
2022,120,Washington Nationals,WSH,National League,National League East,668663,Tres Barrera,/api/v1/people/668663,38,2,Catcher,Catcher,C,A,Active
2022,120,Washington Nationals,WSH,National League,National League East,605137,Josh Bell,/api/v1/people/605137,19,3,First Base,Infielder,1B,TR,Traded
2022,120,Washington Nationals,WSH,National League,National League East,669743,Alex Call,/api/v1/people/669743,62,7,Outfielder,Outfielder,LF,A,Active
2022,120,Washington Nationals,WSH,National League,National League East,676917,Cade Cavalli,/api/v1/people/676917,54,1,Pitcher,Pitcher,P,A,Active
2022,120,Washington Nationals,WSH,National League,National League East,518553,Steve Cishek,/api/v1/people/518553,33,1,Pitcher,Pitcher,P,A,Active
2022,120,Washington Nationals,WSH,National League,National League East,621348,Sam Clay,/api/v1/people/621348,49,1,Pitcher,Pitcher,P,CL,Claimed
2022,120,Washington Nationals,WSH,National League,National League East,461325,Tyler Clippard,/api/v1/people/461325,39,1,Pitcher,Pitcher,P,MIN,Minor League Contract
2022,120,Washington Nationals,WSH,National League,National League East,571578,Patrick Corbin,/api/v1/people/571578,46,1,Pitcher,Pitcher,P,A,Active
2022,120,Washington Nationals,WSH,National League,National League East,443558,Nelson Cruz,/api/v1/people/443558,23,10,Designated Hitter,Hitter,DH,A,Active
2022,120,Washington Nationals,WSH,National League,National League East,448281,Sean Doolittle,/api/v1/people/448281,63,1,Pitcher,Pitcher,P,D60,Injured 60-Day
2022,120,Washington Nationals,WSH,National League,National League East,605218,Carl Edwards Jr.,/api/v1/people/605218,58,1,Pitcher,Pitcher,P,A,Active
2022,120,Washington Nationals,WSH,National League,National League East,444876,Alcides Escobar,/api/v1/people/444876,3,6,Shortstop,Infielder,SS,RL,Released
2022,120,Washington Nationals,WSH,National League,National League East,502179,Paolo Espino,/api/v1/people/502179,30,1,Pitcher,Pitcher,P,A,Active
2022,120,Washington Nationals,WSH,National League,National League East,607200,Erick Fedde,/api/v1/people/607200,32,1,Pitcher,Pitcher,P,A,Active
2022,120,Washington Nationals,WSH,National League,National League East,640448,Kyle Finnegan,/api/v1/people/640448,67,1,Pitcher,Pitcher,P,A,Active
2022,120,Washington Nationals,WSH,National League,National League East,665650,Lucius Fox,/api/v1/people/665650,26,6,Shortstop,Infielder,SS,A,Active
2022,120,Washington Nationals,WSH,National League,National League East,596748,Maikel Franco,/api/v1/people/596748,7,5,Third Base,Infielder,3B,RL,Released
2022,120,Washington Nationals,WSH,National League,National League East,671277,Luis García Jr.,/api/v1/people/671277,2,4,Second Base,Infielder,2B,A,Active
2022,120,Washington Nationals,WSH,National League,National League East,657585,Reed Garrett,/api/v1/people/657585,53,1,Pitcher,Pitcher,P,A,Active
2022,120,Washington Nationals,WSH,National League,National League East,680686,Josiah Gray,/api/v1/people/680686,40,1,Pitcher,Pitcher,P,A,Active
2022,120,Washington Nationals,WSH,National League,National League East,640451,Hunter Harvey,/api/v1/people/640451,73,1,Pitcher,Pitcher,P,A,Active
2022,120,Washington Nationals,WSH,National League,National League East,514917,César Hernández,/api/v1/people/514917,1,4,Second Base,Infielder,2B,A,Active
2022,120,Washington Nationals,WSH,National League,National League East,628450,Yadiel Hernandez,/api/v1/people/628450,29,7,Outfielder,Outfielder,LF,D60,Injured 60-Day
2022,120,Washington Nationals,WSH,National League,National League East,681885,Evan Lee,/api/v1/people/681885,59,1,Pitcher,Pitcher,P,D60,Injured 60-Day
2022,120,Washington Nationals,WSH,National League,National League East,600921,Andrés Machado,/api/v1/people/600921,57,1,Pitcher,Pitcher,P,A,Active
2022,120,Washington Nationals,WSH,National League,National League East,459429,Jake McGee,/api/v1/people/459429,47,1,Pitcher,Pitcher,P,RL,Released
2022,120,Washington Nationals,WSH,National League,National League East,608841,Joey Meneses,/api/v1/people/608841,45,10,Designated Hitter,Hitter,DH,A,Active
2022,120,Washington Nationals,WSH,National League,National League East,641907,Patrick Murphy,/api/v1/people/641907,52,1,Pitcher,Pitcher,P,MIN,Minor League Contract
2022,120,Washington Nationals,WSH,National League,National League East,641943,Joshua Palacios,/api/v1/people/641943,68,9,Outfielder,Outfielder,RF,A,Active
2022,120,Washington Nationals,WSH,National League,National League East,660906,Francisco Pérez,/api/v1/people/660906,65,1,Pitcher,Pitcher,P,A,Active
2022,120,Washington Nationals,WSH,National League,National League East,672832,Israel Pineda,/api/v1/people/672832,43,2,Catcher,Catcher,C,A,Active
2022,120,Washington Nationals,WSH,National League,National League East,663432,Tanner Rainey,/api/v1/people/663432,21,1,Pitcher,Pitcher,P,D60,Injured 60-Day
2022,120,Washington Nationals,WSH,National League,National League East,541640,Erasmo Ramírez,/api/v1/people/541640,61,1,Pitcher,Pitcher,P,A,Active
2022,120,Washington Nationals,WSH,National League,National League East,645302,Victor Robles,/api/v1/people/645302,16,8,Outfielder,Outfielder,CF,A,Active
2022,120,Washington Nationals,WSH,National League,National League East,642028,Josh Rogers,/api/v1/people/642028,13,1,Pitcher,Pitcher,P,MIN,Minor League Contract
2022,120,Washington Nationals,WSH,National League,National League East,676720,Tommy Romero,/api/v1/people/676720,49,1,Pitcher,Pitcher,P,A,Active
2022,120,Washington Nationals,WSH,National League,National League East,660688,Keibert Ruiz,/api/v1/people/660688,20,2,Catcher,Catcher,C,A,Active
2022,120,Washington Nationals,WSH,National League,National League East,592717,Aaron Sanchez,/api/v1/people/592717,45,1,Pitcher,Pitcher,P,MIN,Minor League Contract
2022,120,Washington Nationals,WSH,National League,National League East,434671,Aníbal Sánchez,/api/v1/people/434671,19,1,Pitcher,Pitcher,P,A,Active
2022,120,Washington Nationals,WSH,National League,National League East,665742,Juan Soto,/api/v1/people/665742,22,9,Outfielder,Outfielder,RF,TR,Traded
2022,120,Washington Nationals,WSH,National League,National League East,543829,Dee Strange-Gordon,/api/v1/people/543829,,O,Outfield,Outfielder,OF,MIN,Minor League Contract
2022,120,Washington Nationals,WSH,National League,National League East,544931,Stephen Strasburg,/api/v1/people/544931,37,1,Pitcher,Pitcher,P,D60,Injured 60-Day
2022,120,Washington Nationals,WSH,National League,National League East,676194,Jackson Tetreault,/api/v1/people/676194,72,1,Pitcher,Pitcher,P,D60,Injured 60-Day
2022,120,Washington Nationals,WSH,National League,National League East,657041,Lane Thomas,/api/v1/people/657041,28,9,Outfielder,Outfielder,RF,A,Active
2022,120,Washington Nationals,WSH,National League,National League East,666168,Mason Thompson,/api/v1/people/666168,71,1,Pitcher,Pitcher,P,A,Active
2022,120,Washington Nationals,WSH,National League,National League East,545121,Ildemaro Vargas,/api/v1/people/545121,14,5,Third Base,Infielder,3B,A,Active
2022,120,Washington Nationals,WSH,National League,National League East,572228,Luke Voit,/api/v1/people/572228,34,3,First Base,Infielder,1B,A,Active
2022,120,Washington Nationals,WSH,National League,National League East,608723,Austin Voth,/api/v1/people/608723,50,1,Pitcher,Pitcher,P,CL,Claimed
2022,120,Washington Nationals,WSH,National League,National League East,607179,Jordan Weems,/api/v1/people/607179,51,1,Pitcher,Pitcher,P,A,Active
2022,121,New York Mets,NYM,National League,National League East,624413,Pete Alonso,/api/v1/people/624413,20,3,First Base,Infielder,1B,A,Active
2022,121,New York Mets,NYM,National League,National League East,682626,Francisco Alvarez,/api/v1/people/682626,50,2,Catcher,Catcher,C,A,Active
2022,121,New York Mets,NYM,National League,National League East,571439,R.J. Alvarez,/api/v1/people/571439,71,1,Pitcher,Pitcher,P,MIN,Minor League Contract
2022,121,New York Mets,NYM,National League,National League East,605135,Chris Bassitt,/api/v1/people/605135,40,1,Pitcher,Pitcher,P,A,Active
2022,121,New York Mets,NYM,National League,National League East,683146,Brett Baty,/api/v1/people/683146,22,5,Third Base,Infielder,3B,A,Active
2022,121,New York Mets,NYM,National League,National League East,663905,Travis Blankenhorn,/api/v1/people/663905,27,4,Second Base,Infielder,2B,MIN,Minor League Contract
2022,121,New York Mets,NYM,National League,National League East,592192,Mark Canha,/api/v1/people/592192,19,7,Outfielder,Outfielder,LF,A,Active
2022,121,New York Mets,NYM,National League,National League East,429664,Robinson Canó,/api/v1/people/429664,24,4,Second Base,Infielder,2B,RL,Released
2022,121,New York Mets,NYM,National League,National League East,471911,Carlos Carrasco,/api/v1/people/471911,59,1,Pitcher,Pitcher,P,A,Active
2022,121,New York Mets,NYM,National League,National League East,592222,Alex Claudio,/api/v1/people/592222,58,1,Pitcher,Pitcher,P,MIN,Minor League Contract
2022,121,New York Mets,NYM,National League,National League East,621348,Sam Clay,/api/v1/people/621348,46,1,Pitcher,Pitcher,P,MIN,Minor League Contract
2022,121,New York Mets,NYM,National League,National League East,605204,J.D. Davis,/api/v1/people/605204,28,5,Third Base,Infielder,3B,TR,Traded
2022,121,New York Mets,NYM,National League,National League East,621242,Edwin Díaz,/api/v1/people/621242,39,1,Pitcher,Pitcher,P,A,Active
2022,121,New York Mets,NYM,National League,National League East,500871,Eduardo Escobar,/api/v1/people/500871,10,5,Third Base,Infielder,3B,A,Active
2022,121,New York Mets,NYM,National League,National League East,688010,Nate Fisher,/api/v1/people/688010,64,1,Pitcher,Pitcher,P,MIN,Minor League Contract
2022,121,New York Mets,NYM,National League,National League East,571710,Mychal Givens,/api/v1/people/571710,60,1,Pitcher,Pitcher,P,A,Active
2022,121,New York Mets,NYM,National League,National League East,605253,Terrance Gore,/api/v1/people/605253,4,O,Outfield,Outfielder,OF,A,Active
2022,121,New York Mets,NYM,National League,National League East,641645,Luis Guillorme,/api/v1/people/641645,13,4,Second Base,Infielder,2B,A,Active
2022,121,New York Mets,NYM,National League,National League East,670059,Colin Holderman,/api/v1/people/670059,35,1,Pitcher,Pitcher,P,TR,Traded
2022,121,New York Mets,NYM,National League,National League East,488984,Tommy Hunter,/api/v1/people/488984,34,1,Pitcher,Pitcher,P,A,Active
2022,121,New York Mets,NYM,National League,National League East,542255,Ender Inciarte,/api/v1/people/542255,22,O,Outfield,Outfielder,OF,MIN,Minor League Contract
2022,121,New York Mets,NYM,National League,National League East,608671,Travis Jankowski,/api/v1/people/608671,,7,Outfielder,Outfielder,LF,MIN,Minor League Contract
2022,121,New York Mets,NYM,National League,National League East,666137,Khalil Lee,/api/v1/people/666137,26,8,Outfielder,Outfielder,CF,A,Active
2022,121,New York Mets,NYM,National League,National League East,596019,Francisco Lindor,/api/v1/people/596019,12,6,Shortstop,Infielder,SS,A,Active
2022,121,New York Mets,NYM,National League,National League East,661255,Yoan López,/api/v1/people/661255,44,1,Pitcher,Pitcher,P,A,Active
2022,121,New York Mets,NYM,National League,National League East,607625,Seth Lugo,/api/v1/people/607625,67,1,Pitcher,Pitcher,P,A,Active
2022,121,New York Mets,NYM,National League,National League East,571918,Deven Marrero,/api/v1/people/571918,15,5,Third Base,Infielder,3B,MIN,Minor League Contract
2022,121,New York Mets,NYM,National League,National League East,516782,Starling Marte,/api/v1/people/516782,6,9,Outfielder,Outfielder,RF,A,Active
2022,121,New York Mets,NYM,National League,National League East,543507,Trevor May,/api/v1/people/543507,65,1,Pitcher,Pitcher,P,A,Active
2022,121,New York Mets,NYM,National League,National League East,664850,Patrick Mazeika,/api/v1/people/664850,4,2,Catcher,Catcher,C,CL,Claimed
2022,121,New York Mets,NYM,National League,National League East,543510,James McCann,/api/v1/people/543510,33,2,Catcher,Catcher,C,A,Active
2022,121,New York Mets,NYM,National League,National League East,643446,Jeff McNeil,/api/v1/people/643446,1,4,Second Base,Infielder,2B,A,Active
2022,121,New York Mets,NYM,National League,National League East,658431,Adonis Medina,/api/v1/people/658431,68,1,Pitcher,Pitcher,P,MIN,Minor League Contract
2022,121,New York Mets,NYM,National League,National League East,656731,Tylor Megill,/api/v1/people/656731,38,1,Pitcher,Pitcher,P,A,Active
2022,121,New York Mets,NYM,National League,National League East,656755,Bryce Montes de Oca,/api/v1/people/656755,63,1,Pitcher,Pitcher,P,A,Active
2022,121,New York Mets,NYM,National League,National League East,571980,Tyler Naquin,/api/v1/people/571980,25,7,Outfielder,Outfielder,LF,A,Active
2022,121,New York Mets,NYM,National League,National League East,621512,Tomás Nido,/api/v1/people/621512,3,2,Catcher,Catcher,C,A,Active
2022,121,New York Mets,NYM,National League,National League East,607043,Brandon Nimmo,/api/v1/people/607043,9,8,Outfielder,Outfielder,CF,A,Active
2022,121,New York Mets,NYM,National League,National League East,668665,Stephen Nogosek,/api/v1/people/668665,42,1,Pitcher,Pitcher,P,A,Active
2022,121,New York Mets,NYM,National League,National League East,493603,Adam Ottavino,/api/v1/people/493603,0,1,Pitcher,Pitcher,P,A,Active
2022,121,New York Mets,NYM,National League,National League East,605421,Michael Pérez,/api/v1/people/605421,35,2,Catcher,Catcher,C,MIN,Minor League Contract
2022,121,New York Mets,NYM,National League,National League East,656849,David Peterson,/api/v1/people/656849,23,1,Pitcher,Pitcher,P,A,Active
2022,121,New York Mets,NYM,National League,National League East,663911,Nick Plummer,/api/v1/people/663911,18,9,Outfielder,Outfielder,RF,MIN,Minor League Contract
2022,121,New York Mets,NYM,National League,National League East,596082,Jake Reed,/api/v1/people/596082,72,1,Pitcher,Pitcher,P,CL,Claimed
2022,121,New York Mets,NYM,National League,National League East,656887,Sean Reid-Foley,/api/v1/people/656887,61,1,Pitcher,Pitcher,P,D60,Injured 60-Day
2022,121,New York Mets,NYM,National League,National League East,608703,Matt Reynolds,/api/v1/people/608703,15,6,Shortstop,Infielder,SS,CL,Claimed
2022,121,New York Mets,NYM,National League,National League East,570257,Joely Rodríguez,/api/v1/people/570257,30,1,Pitcher,Pitcher,P,A,Active
2022,121,New York Mets,NYM,National League,National League East,573131,Darin Ruf,/api/v1/people/573131,33,3,First Base,Infielder,1B,A,Active
2022,121,New York Mets,NYM,National League,National League East,570560,Yolmer Sánchez,/api/v1/people/570560,43,5,Third Base,Infielder,3B,MIN,Minor League Contract
2022,121,New York Mets,NYM,National League,National League East,453286,Max Scherzer,/api/v1/people/453286,21,1,Pitcher,Pitcher,P,A,Active
2022,121,New York Mets,NYM,National League,National League East,592741,Chasen Shreve,/api/v1/people/592741,43,1,Pitcher,Pitcher,P,RL,Released
2022,121,New York Mets,NYM,National League,National League East,642086,Dominic Smith,/api/v1/people/642086,2,3,First Base,Infielder,1B,A,Active
2022,121,New York Mets,NYM,National League,National League East,622098,Drew Smith,/api/v1/people/622098,40,1,Pitcher,Pitcher,P,A,Active
2022,121,New York Mets,NYM,National League,National League East,663378,Thomas Szapucki,/api/v1/people/663378,63,1,Pitcher,Pitcher,P,TR,Traded
2022,121,New York Mets,NYM,National League,National League East,668901,Mark Vientos,/api/v1/people/668901,27,5,Third Base,Infielder,3B,A,Active
2022,121,New York Mets,NYM,National League,National League East,596129,Daniel Vogelbach,/api/v1/people/596129,32,10,Designated Hitter,Hitter,DH,A,Active
2022,121,New York Mets,NYM,National League,National League East,592836,Taijuan Walker,/api/v1/people/592836,99,1,Pitcher,Pitcher,P,A,Active
2022,121,New York Mets,NYM,National League,National League East,592866,Trevor Williams,/api/v1/people/592866,29,1,Pitcher,Pitcher,P,A,Active
2022,121,New York Mets,NYM,National League,National League East,642239,Rob Zastryzny,/api/v1/people/642239,63,1,Pitcher,Pitcher,P,CL,Claimed
2022,121,New York Mets,NYM,National League,National League East,594798,Jacob deGrom,/api/v1/people/594798,48,1,Pitcher,Pitcher,P,A,Active
