query_player_id,query_name,query_position,query_age,query_fa,rec_1_player_id,rec_1_name,rec_1_position,rec_1_age,rec_1_similarity,rec_2_player_id,rec_2_name,rec_2_position,rec_2_age,rec_2_similarity,rec_3_player_id,rec_3_name,rec_3_position,rec_3_age,rec_3_similarity
112526,Bartolo Colon,P,45,0,453286,Max Scherzer,P,37,0.829146146774292,445926,Jesse Chavez,P,38,0.8142509460449219,573186,Marcus Stroman,P,31,0.8074795007705688
279571,Matt Belisle,P,38,0,502085,David Robertson,P,37,0.7171409130096436,445926,Jesse Chavez,P,38,0.6876269578933716,453286,Max Scherzer,P,37,0.6695066690444946
282332,CC Sabathia,P,38,0,453286,Max Scherzer,P,37,0.8457574248313904,434378,Justin Verlander,P,39,0.8053252100944519,445926,Jesse Chavez,P,38,0.7144927382469177
407822,Jorge De La Rosa,P,37,0,445926,Jesse Chavez,P,38,0.8101926445960999,477132,Clayton Kershaw,P,34,0.7844865322113037,502085,David Robertson,P,37,0.7307645082473755
407845,Fernando Rodney,P,42,0,445926,Jesse Chavez,P,38,0.7207223773002625,434378,Justin Verlander,P,39,0.6780732274055481,448179,Rich Hill,P,42,0.5316829681396484
424144,Oliver Pérez,P,40,0,502085,David Robertson,P,37,0.8610304594039917,445926,Jesse Chavez,P,38,0.8239903450012207,453286,Max Scherzer,P,37,0.6820862889289856
425492,Ryan Madson,P,37,0,472610,Luis García,P,35,0.7945903539657593,489446,Kirby Yates,P,35,0.7492046356201172,434378,Justin Verlander,P,39,0.6736201047897339
425794,Adam Wainwright,P,40,0,434378,Justin Verlander,P,39,0.844517171382904,453286,Max Scherzer,P,37,0.832268476486206,445926,Jesse Chavez,P,38,0.8303564190864563
425844,Zack Greinke,P,38,0,453286,Max Scherzer,P,37,0.9816007614135742,445926,Jesse Chavez,P,38,0.7332156896591187,434378,Justin Verlander,P,39,0.6559897065162659
429719,Edwin Jackson,P,35,0,519008,T.J. McFarland,P,33,0.7339404821395874,477132,Clayton Kershaw,P,34,0.7301731109619141,453286,Max Scherzer,P,37,0.6936482191085815
429722,Ervin Santana,P,38,0,434378,Justin Verlander,P,39,0.7836524248123169,502085,David Robertson,P,37,0.7477501034736633,445926,Jesse Chavez,P,38,0.7027493119239807
430641,Blaine Boyer,P,36,0,519008,T.J. McFarland,P,33,0.7147893309593201,477132,Clayton Kershaw,P,34,0.6683328151702881,453286,Max Scherzer,P,37,0.6315093040466309
430935,Cole Hamels,P,36,0,548384,Brooks Raley,P,34,0.9034133553504944,445926,Jesse Chavez,P,38,0.8417282104492188,477132,Clayton Kershaw,P,34,0.7562323808670044
431148,Scott Kazmir,P,37,0,434378,Justin Verlander,P,39,0.6365068554878235,472610,Luis García,P,35,0.614490270614624,477132,Clayton Kershaw,P,34,0.5779893398284912
433586,Santiago Casilla,P,37,0,548384,Brooks Raley,P,34,0.8061442375183105,445926,Jesse Chavez,P,38,0.7714688777923584,502085,David Robertson,P,37,0.7367960810661316
433587,Félix Hernández,P,33,0,571946,Shelby Miller,P,31,0.5549985766410828,519008,T.J. McFarland,P,33,0.5442147254943848,477132,Clayton Kershaw,P,34,0.4690910577774048
433589,Yusmeiro Petit,P,36,0,445926,Jesse Chavez,P,38,0.8814513683319092,548384,Brooks Raley,P,34,0.8713390827178955,502085,David Robertson,P,37,0.8157444596290588
434378,Justin Verlander,P,39,1,445926,Jesse Chavez,P,38,0.718373715877533,453286,Max Scherzer,P,37,0.6774953603744507,448179,Rich Hill,P,42,0.6412043571472168
434538,Francisco Liriano,P,35,0,445926,Jesse Chavez,P,38,0.8234415054321289,477132,Clayton Kershaw,P,34,0.7893648147583008,548384,Brooks Raley,P,34,0.7528189420700073
434628,Jason Hammel,P,35,0,453286,Max Scherzer,P,37,0.9652564525604248,477132,Clayton Kershaw,P,34,0.8926770091056824,445926,Jesse Chavez,P,38,0.7257858514785767
434671,Aníbal Sánchez,P,38,0,445926,Jesse Chavez,P,38,0.8820003867149353,453286,Max Scherzer,P,37,0.8238190412521362,434378,Justin Verlander,P,39,0.6905043721199036
435043,Zach Duke,P,36,0,519008,T.J. McFarland,P,33,0.9180400371551514,502085,David Robertson,P,37,0.8618322014808655,445926,Jesse Chavez,P,38,0.7703776359558105
435221,Brandon McCarthy,P,34,0,477132,Clayton Kershaw,P,34,0.8501541614532471,453286,Max Scherzer,P,37,0.834154486656189,573186,Marcus Stroman,P,31,0.7827445268630981
444468,Héctor Rondón,P,32,0,472610,Luis García,P,35,0.951831579208374,571946,Shelby Miller,P,31,0.7950376272201538,547179,Michael Lorenzen,P,30,0.6272372603416443
445197,Mike Dunn,P,34,0,502085,David Robertson,P,37,0.7062415480613708,519008,T.J. McFarland,P,33,0.6981855630874634,453286,Max Scherzer,P,37,0.6201755404472351
445213,Brandon Kintzler,P,36,0,445926,Jesse Chavez,P,38,0.9141610860824585,477132,Clayton Kershaw,P,34,0.8806520700454712,502085,David Robertson,P,37,0.8272179961204529
445276,Kenley Jansen,P,34,1,493603,Adam Ottavino,P,36,0.9299008846282959,605177,Andrew Chafin,P,32,0.918605625629425,593576,Héctor Neris,P,33,0.83531254529953
445926,Jesse Chavez,P,38,1,502085,David Robertson,P,37,0.8119006156921387,453286,Max Scherzer,P,37,0.742695689201355,434378,Justin Verlander,P,39,0.718373715877533
446099,John Axford,P,38,0,434378,Justin Verlander,P,39,0.6797665953636169,453286,Max Scherzer,P,37,0.6375447511672974,445926,Jesse Chavez,P,38,0.5154844522476196
446321,Ross Detwiler,P,36,0,519008,T.J. McFarland,P,33,0.952320396900177,502085,David Robertson,P,37,0.8381226062774658,445926,Jesse Chavez,P,38,0.6981727480888367
446372,Corey Kluber,P,36,0,453286,Max Scherzer,P,37,0.9237666726112366,477132,Clayton Kershaw,P,34,0.8804658055305481,445926,Jesse Chavez,P,38,0.7993762493133545
446399,Brett Cecil,P,31,0,519008,T.J. McFarland,P,33,0.7642608880996704,477132,Clayton Kershaw,P,34,0.7605133652687073,571946,Shelby Miller,P,31,0.5643459558486938
446899,Brad Ziegler,P,38,0,493603,Adam Ottavino,P,36,0.8505800366401672,455119,Chris Martin,P,36,0.757574200630188,502085,David Robertson,P,37,0.751090407371521
448178,Kevin Jepsen,P,33,0,519008,T.J. McFarland,P,33,0.7412328720092773,571946,Shelby Miller,P,31,0.7110644578933716,477132,Clayton Kershaw,P,34,0.6584265232086182
448179,Rich Hill,P,42,1,453286,Max Scherzer,P,37,0.9181950092315674,445926,Jesse Chavez,P,38,0.6942102909088135,434378,Justin Verlander,P,39,0.6412043571472168
448281,Sean Doolittle,P,35,0,628452,Raisel Iglesias,P,32,0.7827660441398621,489446,Kirby Yates,P,35,0.6589258909225464,593576,Héctor Neris,P,33,0.642339825630188
448306,James Shields,P,36,0,453286,Max Scherzer,P,37,0.8284425139427185,477132,Clayton Kershaw,P,34,0.6948098540306091,445926,Jesse Chavez,P,38,0.46455273032188416
448609,Tony Sipp,P,35,0,502085,David Robertson,P,37,0.7720187306404114,548384,Brooks Raley,P,34,0.7633700370788574,445926,Jesse Chavez,P,38,0.7574436068534851
448614,Carlos Torres,P,36,0,502085,David Robertson,P,37,0.8669729232788086,519008,T.J. McFarland,P,33,0.8326234221458435,445926,Jesse Chavez,P,38,0.6516283750534058
448802,Jaime García,P,31,0,542881,Tyler Anderson,P,32,0.8166841268539429,477132,Clayton Kershaw,P,34,0.681728184223175,527048,Martín Pérez,P,31,0.6248706579208374
448855,Junior Guerra,P,36,0,489446,Kirby Yates,P,35,0.8360078930854797,548384,Brooks Raley,P,34,0.8075693845748901,593576,Héctor Neris,P,33,0.7850549221038818
450172,Edinson Volquez,P,36,0,502085,David Robertson,P,37,0.8325715065002441,519008,T.J. McFarland,P,33,0.7313570380210876,445926,Jesse Chavez,P,38,0.6743001937866211
450203,Charlie Morton,P,38,0,453286,Max Scherzer,P,37,0.9629406929016113,445926,Jesse Chavez,P,38,0.7313429117202759,455119,Chris Martin,P,36,0.695458710193634
450212,Pat Neshek,P,38,0,453286,Max Scherzer,P,37,0.6758924722671509,434378,Justin Verlander,P,39,0.645386278629303,445926,Jesse Chavez,P,38,0.57306969165802
450306,Jason Vargas,P,36,0,445926,Jesse Chavez,P,38,0.6755678653717041,453286,Max Scherzer,P,37,0.6378767490386963,434378,Justin Verlander,P,39,0.5861063599586487
450665,Kris Medlen,P,32,0,628452,Raisel Iglesias,P,32,0.7679686546325684,548384,Brooks Raley,P,34,0.7415468692779541,605177,Andrew Chafin,P,32,0.691330075263977
450729,Doug Fister,P,34,0,502085,David Robertson,P,37,0.7992162704467773,548384,Brooks Raley,P,34,0.7911660671234131,489446,Kirby Yates,P,35,0.7671146988868713
451584,Wade Davis,P,35,0,519008,T.J. McFarland,P,33,0.9291470646858215,502085,David Robertson,P,37,0.7865928411483765,477132,Clayton Kershaw,P,34,0.7114217877388
451596,Yovani Gallardo,P,32,0,519008,T.J. McFarland,P,33,0.8857585191726685,477132,Clayton Kershaw,P,34,0.7119855880737305,548384,Brooks Raley,P,34,0.6847013831138611
451661,Josh Fields,P,32,0,628452,Raisel Iglesias,P,32,0.9038958549499512,605177,Andrew Chafin,P,32,0.8058876991271973,548384,Brooks Raley,P,34,0.7987648248672485
452657,Jon Lester,P,37,0,453286,Max Scherzer,P,37,0.9200446605682373,477132,Clayton Kershaw,P,34,0.89600670337677,445926,Jesse Chavez,P,38,0.7171698808670044
453172,Jared Hughes,P,34,0,519008,T.J. McFarland,P,33,0.8827038407325745,502085,David Robertson,P,37,0.8417636156082153,477132,Clayton Kershaw,P,34,0.7700982093811035
453178,Ian Kennedy,P,37,0,477132,Clayton Kershaw,P,34,0.8221876621246338,434378,Justin Verlander,P,39,0.7961983680725098,453286,Max Scherzer,P,37,0.7517951726913452
453192,Andrew Miller,P,36,0,519008,T.J. McFarland,P,33,0.9122607707977295,502085,David Robertson,P,37,0.8452456593513489,477132,Clayton Kershaw,P,34,0.7385482788085938
453214,Steven Wright,P,34,0,477132,Clayton Kershaw,P,34,0.6967446208000183,453286,Max Scherzer,P,37,0.6879846453666687,519008,T.J. McFarland,P,33,0.618563175201416
453265,Tony Watson,P,36,0,502085,David Robertson,P,37,0.8578421473503113,519008,T.J. McFarland,P,33,0.8348571062088013,548384,Brooks Raley,P,34,0.7675266861915588
453268,Daniel Bard,P,37,0,472610,Luis García,P,35,0.8715742826461792,493603,Adam Ottavino,P,36,0.8056541681289673,489446,Kirby Yates,P,35,0.7717583775520325
453281,Wade LeBlanc,P,36,0,519008,T.J. McFarland,P,33,0.9095599055290222,477132,Clayton Kershaw,P,34,0.8061028718948364,502085,David Robertson,P,37,0.7440516948699951
453284,Blake Parker,P,36,0,502085,David Robertson,P,37,0.8693314790725708,519008,T.J. McFarland,P,33,0.8255098462104797,548384,Brooks Raley,P,34,0.7683770060539246
453286,Max Scherzer,P,37,1,477132,Clayton Kershaw,P,34,0.8946287631988525,445926,Jesse Chavez,P,38,0.742695689201355,434378,Justin Verlander,P,39,0.6774953603744507
453329,Clay Buchholz,P,34,0,453286,Max Scherzer,P,37,0.8967733979225159,477132,Clayton Kershaw,P,34,0.882980227470398,502085,David Robertson,P,37,0.6996784210205078
453343,Mark Melancon,P,37,0,548384,Brooks Raley,P,34,0.8996075391769409,502085,David Robertson,P,37,0.8214818835258484,493603,Adam Ottavino,P,36,0.7858505845069885
453344,Brandon Morrow,P,33,0,548384,Brooks Raley,P,34,0.9237948656082153,493603,Adam Ottavino,P,36,0.8449292778968811,605177,Andrew Chafin,P,32,0.8227312564849854
453385,Clayton Richard,P,35,0,477132,Clayton Kershaw,P,34,0.825960636138916,453286,Max Scherzer,P,37,0.8084973692893982,519008,T.J. McFarland,P,33,0.7744006514549255
453562,Jake Arrieta,P,35,0,477132,Clayton Kershaw,P,34,0.8286200165748596,519008,T.J. McFarland,P,33,0.8066958785057068,453286,Max Scherzer,P,37,0.7976740598678589
455119,Chris Martin,P,36,1,489446,Kirby Yates,P,35,0.8111918568611145,593576,Héctor Neris,P,33,0.6923398375511169,493603,Adam Ottavino,P,36,0.6806179285049438
456034,David Price,P,36,0,502085,David Robertson,P,37,0.8959107398986816,445926,Jesse Chavez,P,38,0.8820292353630066,548384,Brooks Raley,P,34,0.8553348779678345
456051,Hector Noesí,P,32,0,571946,Shelby Miller,P,31,0.8036443591117859,519008,T.J. McFarland,P,33,0.6843386292457581,477132,Clayton Kershaw,P,34,0.5279795527458191
456068,Miguel González,P,34,0,519008,T.J. McFarland,P,33,0.6261027455329895,477132,Clayton Kershaw,P,34,0.5894286632537842,571946,Shelby Miller,P,31,0.5885602235794067
456501,Johnny Cueto,P,36,0,445926,Jesse Chavez,P,38,0.8649709224700928,477132,Clayton Kershaw,P,34,0.8056618571281433,453286,Max Scherzer,P,37,0.7867262363433838
456696,David Hernandez,P,34,0,554340,Yimi García,P,31,0.7889070510864258,489446,Kirby Yates,P,35,0.7813878059387207,593576,Héctor Neris,P,33,0.7769922018051147
456701,Homer Bailey,P,34,0,477132,Clayton Kershaw,P,34,0.8165528774261475,453286,Max Scherzer,P,37,0.7547965049743652,573186,Marcus Stroman,P,31,0.7531490325927734
456713,Matt Bush,P,36,0,434378,Justin Verlander,P,39,0.6609281301498413,455119,Chris Martin,P,36,0.6068615913391113,472610,Luis García,P,35,0.5574935078620911
457429,Boone Logan,P,33,0,571946,Shelby Miller,P,31,0.7660654783248901,519008,T.J. McFarland,P,33,0.6356332898139954,472610,Luis García,P,35,0.5485232472419739
457915,Javy Guerra,P,35,0,519008,T.J. McFarland,P,33,0.6688452363014221,477132,Clayton Kershaw,P,34,0.5996288061141968,502085,David Robertson,P,37,0.5309327840805054
457918,J.A. Happ,P,38,0,453286,Max Scherzer,P,37,0.6452083587646484,434378,Justin Verlander,P,39,0.6167578101158142,445926,Jesse Chavez,P,38,0.4995349049568176
458006,Matt Albers,P,36,0,489446,Kirby Yates,P,35,0.8184913396835327,445926,Jesse Chavez,P,38,0.792691707611084,477132,Clayton Kershaw,P,34,0.774204432964325
458584,Xavier Cedeño,P,32,0,570632,José Ureña,P,30,0.6675385236740112,571946,Shelby Miller,P,31,0.6219677925109863,579328,Yusei Kikuchi,P,31,0.578851580619812
458676,Josh Lindblom,P,34,0,519008,T.J. McFarland,P,33,0.721164882183075,477132,Clayton Kershaw,P,34,0.7061176300048828,571946,Shelby Miller,P,31,0.6558333039283752
458677,Justin Wilson,P,34,0,554340,Yimi García,P,31,0.8411729335784912,628452,Raisel Iglesias,P,32,0.8293030858039856,502085,David Robertson,P,37,0.7680299282073975
458681,Lance Lynn,P,35,0,542881,Tyler Anderson,P,32,0.8677384853363037,453286,Max Scherzer,P,37,0.663648247718811,455119,Chris Martin,P,36,0.5918874740600586
458690,Chris Volstad,P,31,0,519008,T.J. McFarland,P,33,0.8736241459846497,628452,Raisel Iglesias,P,32,0.6512532234191895,477132,Clayton Kershaw,P,34,0.6141114234924316
458708,Josh Tomlin,P,36,0,477132,Clayton Kershaw,P,34,0.8820086717605591,445926,Jesse Chavez,P,38,0.855270266532898,453286,Max Scherzer,P,37,0.8071552515029907
459429,Jake McGee,P,35,0,472610,Luis García,P,35,0.8908036947250366,628452,Raisel Iglesias,P,32,0.6341993808746338,493603,Adam Ottavino,P,36,0.5111040472984314
460283,Jerry Blevins,P,35,0,519008,T.J. McFarland,P,33,0.8874279260635376,502085,David Robertson,P,37,0.8716757893562317,445926,Jesse Chavez,P,38,0.8643947243690491
461325,Tyler Clippard,P,37,0,472610,Luis García,P,35,0.7330264449119568,502085,David Robertson,P,37,0.7018539905548096,445926,Jesse Chavez,P,38,0.569799542427063
461829,Gio Gonzalez,P,34,0,548384,Brooks Raley,P,34,0.9051754474639893,502085,David Robertson,P,37,0.7722287774085999,605177,Andrew Chafin,P,32,0.7063234448432922
461833,Phil Hughes,P,32,0,477132,Clayton Kershaw,P,34,0.7166309356689453,519008,T.J. McFarland,P,33,0.6756719350814819,571946,Shelby Miller,P,31,0.6138511300086975
461872,Anthony Swarzak,P,35,0,477132,Clayton Kershaw,P,34,0.6601136922836304,519008,T.J. McFarland,P,33,0.6529179215431213,453286,Max Scherzer,P,37,0.6051823496818542
462136,Marco Estrada,P,35,0,477132,Clayton Kershaw,P,34,0.8680269122123718,453286,Max Scherzer,P,37,0.8634676337242126,519008,T.J. McFarland,P,33,0.7588751316070557
462382,Jim Johnson,P,35,0,489446,Kirby Yates,P,35,0.7477337121963501,502085,David Robertson,P,37,0.7244998216629028,493603,Adam Ottavino,P,36,0.704201340675354
465657,Joakim Soria,P,37,0,502085,David Robertson,P,37,0.9225711822509766,548384,Brooks Raley,P,34,0.7625415921211243,445926,Jesse Chavez,P,38,0.761581301689148
467008,Pedro Strop,P,36,0,434378,Justin Verlander,P,39,0.7555906772613525,502085,David Robertson,P,37,0.7388463020324707,445926,Jesse Chavez,P,38,0.7365258932113647
467100,Iván Nova,P,33,0,519008,T.J. McFarland,P,33,0.8230827450752258,571946,Shelby Miller,P,31,0.6715156435966492,477132,Clayton Kershaw,P,34,0.6462002396583557
468396,Alexi Ogando,P,34,0,453286,Max Scherzer,P,37,0.6543339490890503,477132,Clayton Kershaw,P,34,0.6498568654060364,519008,T.J. McFarland,P,33,0.5234110951423645
468504,Jhoulys Chacín,P,34,0,519008,T.J. McFarland,P,33,0.8759087324142456,502085,David Robertson,P,37,0.6753049492835999,571946,Shelby Miller,P,31,0.6013176441192627
471911,Carlos Carrasco,P,35,0,453286,Max Scherzer,P,37,0.9572302103042603,477132,Clayton Kershaw,P,34,0.8667827844619751,445926,Jesse Chavez,P,38,0.7015042304992676
472551,Fernando Abad,P,35,0,519008,T.J. McFarland,P,33,0.79749596118927,477132,Clayton Kershaw,P,34,0.6920886039733887,502085,David Robertson,P,37,0.6700257062911987
472610,Luis García,P,35,1,489446,Kirby Yates,P,35,0.6089338660240173,628452,Raisel Iglesias,P,32,0.5353120565414429,493603,Adam Ottavino,P,36,0.523177981376648
473879,Sam Dyson,P,31,0,605177,Andrew Chafin,P,32,0.9536392092704773,445276,Kenley Jansen,P,34,0.9113271236419678,593576,Héctor Neris,P,33,0.8738991022109985
474463,Brett Anderson,P,33,0,542881,Tyler Anderson,P,32,0.8328280448913574,477132,Clayton Kershaw,P,34,0.7482033967971802,527048,Martín Pérez,P,31,0.6482350826263428
475054,Chaz Roe,P,34,0,502085,David Robertson,P,37,0.837939977645874,519008,T.J. McFarland,P,33,0.6675221920013428,628452,Raisel Iglesias,P,32,0.6112401485443115
475115,Tyson Ross,P,32,0,477132,Clayton Kershaw,P,34,0.8411303162574768,519008,T.J. McFarland,P,33,0.796412467956543,573186,Marcus Stroman,P,31,0.5882847905158997
475479,David Phelps,P,35,0,502085,David Robertson,P,37,0.8742443323135376,628452,Raisel Iglesias,P,32,0.858996570110321,493603,Adam Ottavino,P,36,0.8556557297706604
475857,Ryan Cook,P,31,0,571946,Shelby Miller,P,31,0.8160842061042786,554340,Yimi García,P,31,0.8148044943809509,628452,Raisel Iglesias,P,32,0.7525965571403503
476451,Jeremy Hellickson,P,32,0,519008,T.J. McFarland,P,33,0.8203085660934448,477132,Clayton Kershaw,P,34,0.7376651763916016,542881,Tyler Anderson,P,32,0.5179616212844849
476454,Dellin Betances,P,33,0,493603,Adam Ottavino,P,36,0.9230278134346008,445276,Kenley Jansen,P,34,0.8646392226219177,593576,Héctor Neris,P,33,0.830441951751709
476589,Adam Warren,P,31,0,477132,Clayton Kershaw,P,34,0.7462611198425293,519008,T.J. McFarland,P,33,0.7266649603843689,571946,Shelby Miller,P,31,0.6657907962799072
476595,Lucas Luetge,P,35,0,542881,Tyler Anderson,P,32,0.8124778270721436,453286,Max Scherzer,P,37,0.7944434285163879,477132,Clayton Kershaw,P,34,0.7636905908584595
477132,Clayton Kershaw,P,34,1,453286,Max Scherzer,P,37,0.8946287631988525,573186,Marcus Stroman,P,31,0.7106853723526001,519008,T.J. McFarland,P,33,0.6975917816162109
477569,Fernando Salas,P,34,0,519008,T.J. McFarland,P,33,0.8356981873512268,477132,Clayton Kershaw,P,34,0.8048727512359619,502085,David Robertson,P,37,0.787151575088501
488748,Ryan Buchter,P,34,0,519008,T.J. McFarland,P,33,0.7946801781654358,477132,Clayton Kershaw,P,34,0.6655074954032898,502085,David Robertson,P,37,0.6623427271842957
488768,Andrew Cashner,P,32,0,573186,Marcus Stroman,P,31,0.7774466276168823,542881,Tyler Anderson,P,32,0.7769629955291748,607074,Carlos Rodón,P,29,0.7526031136512756
488786,Louis Coleman,P,32,0,628452,Raisel Iglesias,P,32,0.8077771067619324,519008,T.J. McFarland,P,33,0.754770815372467,548384,Brooks Raley,P,34,0.7530010938644409
488846,Brian Duensing,P,35,0,502085,David Robertson,P,37,0.844895601272583,445926,Jesse Chavez,P,38,0.7617443799972534,519008,T.J. McFarland,P,33,0.7467403411865234
488984,Tommy Hunter,P,35,0,489446,Kirby Yates,P,35,0.7704217433929443,477132,Clayton Kershaw,P,34,0.7265172004699707,445926,Jesse Chavez,P,38,0.7233511209487915
489119,Wade Miley,P,35,0,453286,Max Scherzer,P,37,0.8396308422088623,445926,Jesse Chavez,P,38,0.8358954191207886,477132,Clayton Kershaw,P,34,0.8322550058364868
489265,Sergio Romo,P,39,0,448179,Rich Hill,P,42,0.7821963429450989,434378,Justin Verlander,P,39,0.7484046220779419,453286,Max Scherzer,P,37,0.7414381504058838
489334,Craig Stammen,P,38,0,445926,Jesse Chavez,P,38,0.8132033944129944,502085,David Robertson,P,37,0.80330491065979,489446,Kirby Yates,P,35,0.7232095003128052
489446,Kirby Yates,P,35,1,593576,Héctor Neris,P,33,0.839007556438446,455119,Chris Martin,P,36,0.8111918568611145,493603,Adam Ottavino,P,36,0.7815200090408325
489448,Mike Zagurski,P,35,0,502085,David Robertson,P,37,0.7857971787452698,493603,Adam Ottavino,P,36,0.7407324314117432,445926,Jesse Chavez,P,38,0.6809937357902527
491646,Jeanmar Gómez,P,31,0,519008,T.J. McFarland,P,33,0.9076857566833496,571946,Shelby Miller,P,31,0.7040329575538635,628452,Raisel Iglesias,P,32,0.5631372928619385
491703,Neftalí Feliz,P,33,0,519008,T.J. McFarland,P,33,0.8498985767364502,571946,Shelby Miller,P,31,0.714079737663269,477132,Clayton Kershaw,P,34,0.6956982016563416
493247,Peter Moylan,P,39,0,448179,Rich Hill,P,42,0.8534653186798096,445926,Jesse Chavez,P,38,0.7624715566635132,453286,Max Scherzer,P,37,0.7204271554946899
493603,Adam Ottavino,P,36,1,445276,Kenley Jansen,P,34,0.9299008846282959,593576,Héctor Neris,P,33,0.9071089029312134,548384,Brooks Raley,P,34,0.7859240770339966
500610,Deolis Guerra,P,32,0,477132,Clayton Kershaw,P,34,0.6777719259262085,519008,T.J. McFarland,P,33,0.6559150218963623,571946,Shelby Miller,P,31,0.6418335437774658
500724,JC Ramírez,P,30,0,571946,Shelby Miller,P,31,0.7691079378128052,519008,T.J. McFarland,P,33,0.7443332672119141,571927,Steven Matz,P,31,0.49762704968452454
500779,Jose Quintana,P,33,0,527048,Martín Pérez,P,31,0.8219995498657227,548384,Brooks Raley,P,34,0.8140584230422974,445276,Kenley Jansen,P,34,0.8109356164932251
501381,Michael Pineda,P,33,0,477132,Clayton Kershaw,P,34,0.798052966594696,519008,T.J. McFarland,P,33,0.7706501483917236,571946,Shelby Miller,P,31,0.5751595497131348
501593,Luis Avilán,P,31,0,519008,T.J. McFarland,P,33,0.8289865255355835,571946,Shelby Miller,P,31,0.639543890953064,477132,Clayton Kershaw,P,34,0.6104884147644043
501625,Jose Alvarez,P,33,0,628452,Raisel Iglesias,P,32,0.8068547248840332,519008,T.J. McFarland,P,33,0.7828429937362671,548384,Brooks Raley,P,34,0.7739619016647339
501789,Will Harris,P,36,0,493603,Adam Ottavino,P,36,0.816848635673523,455119,Chris Martin,P,36,0.7903327941894531,489446,Kirby Yates,P,35,0.7747224569320679
501822,Chris Hatcher,P,33,0,519008,T.J. McFarland,P,33,0.7805660367012024,477132,Clayton Kershaw,P,34,0.6923105120658875,571946,Shelby Miller,P,31,0.5730271935462952
501925,Joe Smith,P,38,0,502085,David Robertson,P,37,0.8102832436561584,453286,Max Scherzer,P,37,0.7505691051483154,445926,Jesse Chavez,P,38,0.7422443628311157
501957,Chris Tillman,P,30,0,519008,T.J. McFarland,P,33,0.6551816463470459,571946,Shelby Miller,P,31,0.5909231901168823,573186,Marcus Stroman,P,31,0.24185742437839508
501985,Mike Minor,P,34,0,453286,Max Scherzer,P,37,0.7752633094787598,477132,Clayton Kershaw,P,34,0.7454981803894043,542881,Tyler Anderson,P,32,0.7224781513214111
501992,Nate Karns,P,31,0,628452,Raisel Iglesias,P,32,0.8537855744361877,605177,Andrew Chafin,P,32,0.8177812099456787,445276,Kenley Jansen,P,34,0.7951494455337524
502004,George Kontos,P,33,0,519008,T.J. McFarland,P,33,0.9485964775085449,477132,Clayton Kershaw,P,34,0.7706543207168579,548384,Brooks Raley,P,34,0.5437407493591309
502026,Jeremy Jeffress,P,32,0,628452,Raisel Iglesias,P,32,0.9072816371917725,605177,Andrew Chafin,P,32,0.7878620624542236,445276,Kenley Jansen,P,34,0.7552987337112427
502028,Blake Wood,P,32,0,519008,T.J. McFarland,P,33,0.8096188306808472,628452,Raisel Iglesias,P,32,0.7599465847015381,554340,Yimi García,P,31,0.6997177004814148
502032,Bud Norris,P,33,0,554340,Yimi García,P,31,0.8546587824821472,445276,Kenley Jansen,P,34,0.8184478878974915,493603,Adam Ottavino,P,36,0.8088036179542542
502042,Chris Archer,P,33,0,548384,Brooks Raley,P,34,0.84713214635849,527048,Martín Pérez,P,31,0.7349317073822021,542881,Tyler Anderson,P,32,0.7279113531112671
502043,Kyle Gibson,P,34,0,605177,Andrew Chafin,P,32,0.862345814704895,445276,Kenley Jansen,P,34,0.8589081764221191,527048,Martín Pérez,P,31,0.8164931535720825
502083,Zach McAllister,P,30,0,547179,Michael Lorenzen,P,30,0.7912761569023132,570632,José Ureña,P,30,0.7690579891204834,554340,Yimi García,P,31,0.7394495010375977
502085,David Robertson,P,37,1,445926,Jesse Chavez,P,38,0.8119006156921387,548384,Brooks Raley,P,34,0.7515116930007935,477132,Clayton Kershaw,P,34,0.6710172295570374
502154,Zack Britton,P,34,0,502085,David Robertson,P,37,0.663257360458374,573186,Marcus Stroman,P,31,0.6474558115005493,477132,Clayton Kershaw,P,34,0.629166305065155
502171,Alex Cobb,P,34,0,548384,Brooks Raley,P,34,0.8851100206375122,527048,Martín Pérez,P,31,0.8418658971786499,605177,Andrew Chafin,P,32,0.8124329447746277
502179,Paolo Espino,P,35,0,489446,Kirby Yates,P,35,0.8328725695610046,445926,Jesse Chavez,P,38,0.8064528703689575,548384,Brooks Raley,P,34,0.7710822820663452
502188,Jeff Samardzija,P,35,0,453286,Max Scherzer,P,37,0.6690367460250854,477132,Clayton Kershaw,P,34,0.6108764410018921,519008,T.J. McFarland,P,33,0.5934300422668457
502190,Mike Leake,P,31,0,542881,Tyler Anderson,P,32,0.8918640613555908,527048,Martín Pérez,P,31,0.8429213762283325,593958,Eduardo Rodriguez,P,29,0.7939984202384949
502202,Brad Boxberger,P,34,0,573186,Marcus Stroman,P,31,0.9109668135643005,489446,Kirby Yates,P,35,0.8818852305412292,548384,Brooks Raley,P,34,0.8074126839637756
502239,Trevor Cahill,P,33,0,519008,T.J. McFarland,P,33,0.8105602264404297,477132,Clayton Kershaw,P,34,0.768790066242218,548384,Brooks Raley,P,34,0.7552189230918884
502304,David Carpenter,P,33,0,571946,Shelby Miller,P,31,0.6354135274887085,628452,Raisel Iglesias,P,32,0.6194959282875061,570632,José Ureña,P,30,0.6006791591644287
502327,Héctor Santiago,P,33,0,519008,T.J. McFarland,P,33,0.8958841562271118,548384,Brooks Raley,P,34,0.7376537322998047,477132,Clayton Kershaw,P,34,0.6843537092208862
502381,Luke Gregerson,P,35,0,489446,Kirby Yates,P,35,0.8622797727584839,593576,Héctor Neris,P,33,0.7473691701889038,493603,Adam Ottavino,P,36,0.7211127281188965
502522,Justin Miller,P,34,0,571946,Shelby Miller,P,31,0.7693819403648376,519008,T.J. McFarland,P,33,0.6756249070167542,477132,Clayton Kershaw,P,34,0.6202578544616699
502593,Jake Petricka,P,33,0,519008,T.J. McFarland,P,33,0.7811787724494934,571946,Shelby Miller,P,31,0.692261278629303,477132,Clayton Kershaw,P,34,0.569430947303772
502624,Chase Anderson,P,34,0,519008,T.J. McFarland,P,33,0.8918416500091553,502085,David Robertson,P,37,0.7797237634658813,477132,Clayton Kershaw,P,34,0.7632649540901184
502706,Derek Holland,P,34,0,445276,Kenley Jansen,P,34,0.8148095607757568,573186,Marcus Stroman,P,31,0.802664041519165,493603,Adam Ottavino,P,36,0.7544057965278625
502748,Brad Peacock,P,33,0,519008,T.J. McFarland,P,33,0.7405644655227661,571946,Shelby Miller,P,31,0.7231085300445557,477132,Clayton Kershaw,P,34,0.5830262303352356
503285,Darren O'Day,P,39,0,493603,Adam Ottavino,P,36,0.737232506275177,502085,David Robertson,P,37,0.7224911451339722,455119,Chris Martin,P,36,0.6664626002311707
503449,Wily Peralta,P,33,0,477132,Clayton Kershaw,P,34,0.6938559412956238,573186,Marcus Stroman,P,31,0.6725439429283142,519008,T.J. McFarland,P,33,0.6441837549209595
504379,Juan Nicasio,P,33,0,519008,T.J. McFarland,P,33,0.7108914852142334,477132,Clayton Kershaw,P,34,0.6701362133026123,571946,Shelby Miller,P,31,0.6088161468505859
506433,Yu Darvish,P,35,0,453286,Max Scherzer,P,37,0.9363614320755005,542881,Tyler Anderson,P,32,0.8153273463249207,477132,Clayton Kershaw,P,34,0.7981307506561279
516969,Kelvin Herrera,P,30,0,579328,Yusei Kikuchi,P,31,0.7089447975158691,571927,Steven Matz,P,31,0.6883772611618042,608379,Michael Wacha,P,30,0.6608147621154785
517008,Alex Colomé,P,33,0,554340,Yimi García,P,31,0.8060935735702515,628452,Raisel Iglesias,P,32,0.8047013282775879,519008,T.J. McFarland,P,33,0.7803826332092285
517414,Randall Delgado,P,28,0,571946,Shelby Miller,P,31,0.7699368000030518,570632,José Ureña,P,30,0.6442282795906067,571927,Steven Matz,P,31,0.5695273280143738
517593,Danny Salazar,P,29,0,571946,Shelby Miller,P,31,0.5849920511245728,579328,Yusei Kikuchi,P,31,0.4902375340461731,571927,Steven Matz,P,31,0.4749772846698761
518397,Scott Alexander,P,32,0,628452,Raisel Iglesias,P,32,0.897749662399292,554340,Yimi García,P,31,0.8454287052154541,593576,Héctor Neris,P,33,0.7737177610397339
518452,Chad Bettis,P,30,0,519008,T.J. McFarland,P,33,0.7659319639205933,571927,Steven Matz,P,31,0.705784797668457,608379,Michael Wacha,P,30,0.6080034971237183
518489,Ryan Brasier,P,34,0,472610,Luis García,P,35,0.9839645624160767,571946,Shelby Miller,P,31,0.7029758095741272,628452,Raisel Iglesias,P,32,0.529857873916626
518516,Madison Bumgarner,P,32,0,542881,Tyler Anderson,P,32,0.842584490776062,608379,Michael Wacha,P,30,0.733059823513031,527048,Martín Pérez,P,31,0.7061896324157715
518553,Steve Cishek,P,36,0,477132,Clayton Kershaw,P,34,0.797805666923523,548384,Brooks Raley,P,34,0.7755118608474731,502085,David Robertson,P,37,0.7723281383514404
518617,Jake Diekman,P,35,0,472610,Luis García,P,35,0.8432048559188843,628452,Raisel Iglesias,P,32,0.7661330699920654,493603,Adam Ottavino,P,36,0.7525094747543335
518633,Danny Duffy,P,32,0,605177,Andrew Chafin,P,32,0.9293507933616638,554340,Yimi García,P,31,0.865798830986023,593576,Héctor Neris,P,33,0.8609830737113953
518693,Sam Freeman,P,33,0,570632,José Ureña,P,30,0.7682130336761475,571946,Shelby Miller,P,31,0.6303192377090454,547179,Michael Lorenzen,P,30,0.6228011846542358
518715,Cory Gearrin,P,34,0,573186,Marcus Stroman,P,31,0.7609895467758179,502085,David Robertson,P,37,0.7239265441894531,548384,Brooks Raley,P,34,0.7200102806091309
518748,Justin Grimm,P,33,0,571946,Shelby Miller,P,31,0.6412526369094849,519008,T.J. McFarland,P,33,0.6344375610351562,477132,Clayton Kershaw,P,34,0.5790517330169678
518774,Matt Harvey,P,32,0,570632,José Ureña,P,30,0.7805811762809753,571946,Shelby Miller,P,31,0.7802723050117493,571927,Steven Matz,P,31,0.7105242013931274
518813,Greg Holland,P,36,0,445926,Jesse Chavez,P,38,0.8744819164276123,477132,Clayton Kershaw,P,34,0.8545637130737305,489446,Kirby Yates,P,35,0.833233654499054
518858,Nate Jones,P,35,0,519008,T.J. McFarland,P,33,0.7661556601524353,477132,Clayton Kershaw,P,34,0.7066832780838013,502085,David Robertson,P,37,0.5881801843643188
518875,Shawn Kelley,P,35,0,445926,Jesse Chavez,P,38,0.7774149179458618,502085,David Robertson,P,37,0.7591004371643066,548384,Brooks Raley,P,34,0.7536165714263916
518876,Merrill Kelly,P,33,0,592351,Jon Gray,P,30,0.888706386089325,592332,Kevin Gausman,P,31,0.8879303932189941,527048,Martín Pérez,P,31,0.8476686477661133
518886,Craig Kimbrel,P,34,0,472610,Luis García,P,35,0.9778896570205688,571946,Shelby Miller,P,31,0.6734378337860107,628452,Raisel Iglesias,P,32,0.5497161746025085
519008,T.J. McFarland,P,33,1,477132,Clayton Kershaw,P,34,0.6975917816162109,571946,Shelby Miller,P,31,0.5759585499763489,548384,Brooks Raley,P,34,0.5436849594116211
519043,Matt Moore,P,33,0,554340,Yimi García,P,31,0.9168404340744019,628452,Raisel Iglesias,P,32,0.882201075553894,605177,Andrew Chafin,P,32,0.8423794507980347
519076,Jimmy Nelson,P,32,0,593576,Héctor Neris,P,33,0.9227895736694336,445276,Kenley Jansen,P,34,0.8733112812042236,605177,Andrew Chafin,P,32,0.8716984987258911
519096,Dan Otero,P,34,0,477132,Clayton Kershaw,P,34,0.8343188762664795,453286,Max Scherzer,P,37,0.8215938210487366,519008,T.J. McFarland,P,33,0.8141700029373169
519141,Drew Pomeranz,P,32,0,628452,Raisel Iglesias,P,32,0.8708256483078003,554340,Yimi García,P,31,0.7916996479034424,571946,Shelby Miller,P,31,0.7014454007148743
519144,Rick Porcello,P,31,0,548384,Brooks Raley,P,34,0.8628625273704529,573186,Marcus Stroman,P,31,0.7897917032241821,477132,Clayton Kershaw,P,34,0.7700599431991577
519151,Ryan Pressly,P,33,0,605177,Andrew Chafin,P,32,0.9446538090705872,593576,Héctor Neris,P,33,0.893358588218689,548384,Brooks Raley,P,34,0.8859209418296814
519166,Neil Ramírez,P,30,0,570632,José Ureña,P,30,0.8595737218856812,571946,Shelby Miller,P,31,0.788295328617096,547179,Michael Lorenzen,P,30,0.7148815393447876
519240,Marc Rzepczynski,P,32,0,519008,T.J. McFarland,P,33,0.8204135298728943,477132,Clayton Kershaw,P,34,0.7426938414573669,571946,Shelby Miller,P,31,0.49702906608581543
519242,Chris Sale,P,33,0,547179,Michael Lorenzen,P,30,0.779666543006897,628452,Raisel Iglesias,P,32,0.741740345954895,570632,José Ureña,P,30,0.7174550890922546
519293,Will Smith,P,32,0,519008,T.J. McFarland,P,33,0.8096551299095154,571946,Shelby Miller,P,31,0.8093801140785217,628452,Raisel Iglesias,P,32,0.6782643795013428
519326,Hunter Strickland,P,33,0,472610,Luis García,P,35,0.9282129406929016,571946,Shelby Miller,P,31,0.8027688264846802,547179,Michael Lorenzen,P,30,0.7214148640632629
519443,Brandon Workman,P,32,0,519008,T.J. McFarland,P,33,0.8741360306739807,628452,Raisel Iglesias,P,32,0.6984055638313293,548384,Brooks Raley,P,34,0.6378801465034485
519455,Jordan Zimmermann,P,35,0,519008,T.J. McFarland,P,33,0.9010252952575684,502085,David Robertson,P,37,0.7205252051353455,477132,Clayton Kershaw,P,34,0.6172671318054199
520980,Pedro Báez,P,34,0,502085,David Robertson,P,37,0.8200231790542603,477132,Clayton Kershaw,P,34,0.8059712648391724,489446,Kirby Yates,P,35,0.7943896055221558
521230,Liam Hendriks,P,33,0,472610,Luis García,P,35,0.9573876857757568,489446,Kirby Yates,P,35,0.7606444358825684,571946,Shelby Miller,P,31,0.6970170736312866
521655,Wilmer Font,P,30,0,571946,Shelby Miller,P,31,0.8703346252441406,519008,T.J. McFarland,P,33,0.6403002738952637,570632,José Ureña,P,30,0.6096949577331543
523260,Joe Kelly,P,34,0,472610,Luis García,P,35,0.9766775369644165,571946,Shelby Miller,P,31,0.6685280799865723,628452,Raisel Iglesias,P,32,0.5978047251701355
525768,Tim Collins,P,29,0,628452,Raisel Iglesias,P,32,0.8534702062606812,605177,Andrew Chafin,P,32,0.7184107303619385,554340,Yimi García,P,31,0.7159522771835327
527048,Martín Pérez,P,31,1,542881,Tyler Anderson,P,32,0.8995009660720825,593958,Eduardo Rodriguez,P,29,0.8819416761398315,608379,Michael Wacha,P,30,0.8073758482933044
527054,Julio Teheran,P,30,0,519008,T.J. McFarland,P,33,0.6550202369689941,608379,Michael Wacha,P,30,0.637157142162323,542881,Tyler Anderson,P,32,0.6279518008232117
527055,Arodys Vizcaíno,P,31,0,571946,Shelby Miller,P,31,0.8608375787734985,519008,T.J. McFarland,P,33,0.6157050132751465,570632,José Ureña,P,30,0.5842593312263489
532077,Roberto Osuna,P,25,0,592351,Jon Gray,P,30,0.8631229400634766,607074,Carlos Rodón,P,29,0.7041576504707336,593958,Eduardo Rodriguez,P,29,0.6972039937973022
533167,Matt Shoemaker,P,34,0,519008,T.J. McFarland,P,33,0.9006748795509338,477132,Clayton Kershaw,P,34,0.7895282506942749,502085,David Robertson,P,37,0.7714952230453491
534812,Kevin Quackenbush,P,32,0,571946,Shelby Miller,P,31,0.8223820924758911,519008,T.J. McFarland,P,33,0.6789993047714233,472610,Luis García,P,35,0.5701146721839905
534910,Jesse Hahn,P,31,0,570632,José Ureña,P,30,0.7891844511032104,571946,Shelby Miller,P,31,0.7801181674003601,571927,Steven Matz,P,31,0.6687260866165161
541640,Erasmo Ramírez,P,32,0,477132,Clayton Kershaw,P,34,0.8698126673698425,519008,T.J. McFarland,P,33,0.7877191305160522,548384,Brooks Raley,P,34,0.7431332468986511
542585,José Cisnero,P,33,0,472610,Luis García,P,35,0.7976441979408264,571946,Shelby Miller,P,31,0.7087375521659851,628452,Raisel Iglesias,P,32,0.6608200669288635
542881,Tyler Anderson,P,32,1,527048,Martín Pérez,P,31,0.8995009660720825,593958,Eduardo Rodriguez,P,29,0.8491925001144409,608379,Michael Wacha,P,30,0.7583982944488525
542882,Matt Andriese,P,31,0,554340,Yimi García,P,31,0.8907281756401062,628452,Raisel Iglesias,P,32,0.7809529304504395,571927,Steven Matz,P,31,0.752026379108429
542888,Shawn Armstrong,P,31,0,554340,Yimi García,P,31,0.9559624791145325,628452,Raisel Iglesias,P,32,0.8321936130523682,571946,Shelby Miller,P,31,0.7355558276176453
542914,Anthony Bass,P,34,0,472610,Luis García,P,35,0.9448413252830505,628452,Raisel Iglesias,P,32,0.7374036312103271,493603,Adam Ottavino,P,36,0.7027575373649597
542924,Jeff Beliveau,P,31,0,571946,Shelby Miller,P,31,0.6045910120010376,477132,Clayton Kershaw,P,34,0.5097841620445251,579328,Yusei Kikuchi,P,31,0.46801137924194336
542947,Richard Bleier,P,35,0,502085,David Robertson,P,37,0.947554886341095,519008,T.J. McFarland,P,33,0.8755110502243042,548384,Brooks Raley,P,34,0.8310161828994751
542960,Brad Brach,P,35,0,519008,T.J. McFarland,P,33,0.6627473831176758,628452,Raisel Iglesias,P,32,0.6464243531227112,502085,David Robertson,P,37,0.6166013479232788
543022,Tyler Chatwood,P,31,0,628452,Raisel Iglesias,P,32,0.943354606628418,554340,Yimi García,P,31,0.8689706325531006,547179,Michael Lorenzen,P,30,0.8016865849494934
543037,Gerrit Cole,P,31,0,573186,Marcus Stroman,P,31,0.8852199912071228,607074,Carlos Rodón,P,29,0.6912069916725159,592662,Robbie Ray,P,30,0.6781764030456543
543045,Adam Conley,P,31,0,547179,Michael Lorenzen,P,30,0.812197208404541,570632,José Ureña,P,30,0.7690169811248779,571946,Shelby Miller,P,31,0.6925830245018005
543056,Danny Coulombe,P,32,0,628452,Raisel Iglesias,P,32,0.8656681180000305,548384,Brooks Raley,P,34,0.8013705611228943,605177,Andrew Chafin,P,32,0.7801408171653748
543101,Anthony DeSclafani,P,32,0,571927,Steven Matz,P,31,0.8614647388458252,570632,José Ureña,P,30,0.852126955986023,579328,Yusei Kikuchi,P,31,0.7903975248336792
543118,Oliver Drake,P,33,0,519008,T.J. McFarland,P,33,0.8505118489265442,628452,Raisel Iglesias,P,32,0.6933245658874512,554340,Yimi García,P,31,0.6656147837638855
543135,Nathan Eovaldi,P,32,0,608379,Michael Wacha,P,30,0.7689838409423828,579328,Yusei Kikuchi,P,31,0.7419137358665466,628452,Raisel Iglesias,P,32,0.7275923490524292
543144,Danny Farquhar,P,31,0,571946,Shelby Miller,P,31,0.8292444944381714,571927,Steven Matz,P,31,0.7527199983596802,579328,Yusei Kikuchi,P,31,0.7017554044723511
543169,Brian Flynn,P,29,0,628452,Raisel Iglesias,P,32,0.7462414503097534,571946,Shelby Miller,P,31,0.6635065078735352,554340,Yimi García,P,31,0.5919135808944702
543219,Sean Gilmartin,P,30,0,571946,Shelby Miller,P,31,0.5794388055801392,570632,José Ureña,P,30,0.5309023857116699,579328,Yusei Kikuchi,P,31,0.5270422697067261
543243,Sonny Gray,P,32,0,573186,Marcus Stroman,P,31,0.9660423398017883,607074,Carlos Rodón,P,29,0.8415949940681458,548384,Brooks Raley,P,34,0.7415335178375244
543272,Brad Hand,P,32,0,628452,Raisel Iglesias,P,32,0.8749217987060547,554340,Yimi García,P,31,0.87087482213974,605177,Andrew Chafin,P,32,0.777576208114624
543278,Blaine Hardy,P,34,0,502085,David Robertson,P,37,0.8238486051559448,477132,Clayton Kershaw,P,34,0.7273778915405273,519008,T.J. McFarland,P,33,0.7144209146499634
543294,Kyle Hendricks,P,32,0,593958,Eduardo Rodriguez,P,29,0.8849759697914124,608379,Michael Wacha,P,30,0.8760563135147095,527048,Martín Pérez,P,31,0.8558161854743958
543331,J.J. Hoover,P,30,0,519008,T.J. McFarland,P,33,0.7046512365341187,571946,Shelby Miller,P,31,0.653275191783905,571927,Steven Matz,P,31,0.512990415096283
543339,Daniel Hudson,P,35,0,472610,Luis García,P,35,0.9799052476882935,628452,Raisel Iglesias,P,32,0.5437384247779846,489446,Kirby Yates,P,35,0.5293582677841187
543351,Jay Jackson,P,34,0,548384,Brooks Raley,P,34,0.8561598658561707,493603,Adam Ottavino,P,36,0.8520678281784058,502085,David Robertson,P,37,0.7992050647735596
543359,Dan Jennings,P,32,0,519008,T.J. McFarland,P,33,0.807884693145752,477132,Clayton Kershaw,P,34,0.6639975309371948,571946,Shelby Miller,P,31,0.5514611005783081
543391,Casey Kelly,P,28,0,547179,Michael Lorenzen,P,30,0.8481655120849609,570632,José Ureña,P,30,0.8124254941940308,554340,Yimi García,P,31,0.8001513481140137
543475,Jordan Lyles,P,31,0,592332,Kevin Gausman,P,31,0.9166689515113831,593958,Eduardo Rodriguez,P,29,0.9053187370300293,607074,Carlos Rodón,P,29,0.8292272090911865
543506,Brandon Maurer,P,27,0,570632,José Ureña,P,30,0.7766454219818115,547179,Michael Lorenzen,P,30,0.7410060167312622,608379,Michael Wacha,P,30,0.3718618154525757
543507,Trevor May,P,32,0,554340,Yimi García,P,31,0.9250236749649048,628452,Raisel Iglesias,P,32,0.8774275779724121,605177,Andrew Chafin,P,32,0.7478715777397156
543521,Collin McHugh,P,35,0,502085,David Robertson,P,37,0.8244901895523071,493603,Adam Ottavino,P,36,0.8138391971588135,548384,Brooks Raley,P,34,0.7628699541091919
543548,Tommy Milone,P,35,0,519008,T.J. McFarland,P,33,0.6578090786933899,472610,Luis García,P,35,0.5950235724449158,477132,Clayton Kershaw,P,34,0.5874894261360168
543557,Mike Montgomery,P,30,0,542881,Tyler Anderson,P,32,0.8089461326599121,519008,T.J. McFarland,P,33,0.6892495155334473,527048,Martín Pérez,P,31,0.687720537185669
543606,Jake Odorizzi,P,32,0,527048,Martín Pérez,P,31,0.9168946743011475,542881,Tyler Anderson,P,32,0.8121110796928406,593958,Eduardo Rodriguez,P,29,0.7894204258918762
543699,Tanner Roark,P,34,0,519008,T.J. McFarland,P,33,0.8129593133926392,571927,Steven Matz,P,31,0.7015231847763062,502085,David Robertson,P,37,0.6920955181121826
543734,Chris Rusin,P,33,0,477132,Clayton Kershaw,P,34,0.7902520298957825,573186,Marcus Stroman,P,31,0.7219000458717346,542881,Tyler Anderson,P,32,0.6355749368667603
543746,Rob Scahill,P,31,0,571946,Shelby Miller,P,31,0.5629153251647949,519008,T.J. McFarland,P,33,0.5466278195381165,570632,José Ureña,P,30,0.5364803075790405
543766,Bryan Shaw,P,34,0,571946,Shelby Miller,P,31,0.7539116144180298,477132,Clayton Kershaw,P,34,0.7056455016136169,519008,T.J. McFarland,P,33,0.6805891394615173
543883,Nick Vincent,P,34,0,573186,Marcus Stroman,P,31,0.9071513414382935,477132,Clayton Kershaw,P,34,0.8109691143035889,453286,Max Scherzer,P,37,0.8029637932777405
543901,Ryan Weber,P,31,0,519008,T.J. McFarland,P,33,0.9385451078414917,477132,Clayton Kershaw,P,34,0.7339800000190735,571946,Shelby Miller,P,31,0.6169261932373047
543935,Alex Wilson,P,32,0,519008,T.J. McFarland,P,33,0.8554348349571228,477132,Clayton Kershaw,P,34,0.7816827297210693,571946,Shelby Miller,P,31,0.6610000729560852
544727,Jeurys Familia,P,32,0,571946,Shelby Miller,P,31,0.8313779830932617,472610,Luis García,P,35,0.7298156023025513,519008,T.J. McFarland,P,33,0.6833487749099731
544928,Tyler Lyons,P,32,0,519008,T.J. McFarland,P,33,0.6816991567611694,477132,Clayton Kershaw,P,34,0.6027743816375732,571946,Shelby Miller,P,31,0.543381929397583
544931,Stephen Strasburg,P,33,0,548384,Brooks Raley,P,34,0.77794349193573,519008,T.J. McFarland,P,33,0.7525893449783325,628452,Raisel Iglesias,P,32,0.7203742265701294
545333,Trevor Bauer,P,30,0,592332,Kevin Gausman,P,31,0.9379411935806274,593958,Eduardo Rodriguez,P,29,0.8456657528877258,607074,Carlos Rodón,P,29,0.7627410888671875
545363,Jacob Turner,P,27,0,570632,José Ureña,P,30,0.05671112239360809,608379,Michael Wacha,P,30,0.04565318673849106,547179,Michael Lorenzen,P,30,-0.03331751376390457
547179,Michael Lorenzen,P,30,1,570632,José Ureña,P,30,0.9509385824203491,554340,Yimi García,P,31,0.7392034530639648,628452,Raisel Iglesias,P,32,0.7107281684875488
547749,Junichi Tazawa,P,32,0,571946,Shelby Miller,P,31,0.7161077857017517,477132,Clayton Kershaw,P,34,0.6963368654251099,519008,T.J. McFarland,P,33,0.6839374303817749
547888,Masahiro Tanaka,P,31,0,527048,Martín Pérez,P,31,0.9550023674964905,593958,Eduardo Rodriguez,P,29,0.8946815729141235,608379,Michael Wacha,P,30,0.884543240070343
547943,Hyun Jin Ryu,P,35,0,548384,Brooks Raley,P,34,0.8765848875045776,489446,Kirby Yates,P,35,0.7759956121444702,493603,Adam Ottavino,P,36,0.7728155255317688
547973,Aroldis Chapman,P,34,0,472610,Luis García,P,35,0.8085378408432007,571946,Shelby Miller,P,31,0.664652943611145,628452,Raisel Iglesias,P,32,0.46577188372612
548384,Brooks Raley,P,34,1,605177,Andrew Chafin,P,32,0.8660601377487183,445276,Kenley Jansen,P,34,0.8254525661468506,493603,Adam Ottavino,P,36,0.7859240770339966
548389,Ross Stripling,P,32,0,527048,Martín Pérez,P,31,0.9671560525894165,542881,Tyler Anderson,P,32,0.8810301423072815,593958,Eduardo Rodriguez,P,29,0.7988828420639038
552640,Andrew Kittredge,P,32,0,554340,Yimi García,P,31,0.9531981348991394,628452,Raisel Iglesias,P,32,0.8618986010551453,445276,Kenley Jansen,P,34,0.7902463674545288
554340,Yimi García,P,31,1,628452,Raisel Iglesias,P,32,0.8454370498657227,605177,Andrew Chafin,P,32,0.7970835566520691,593576,Héctor Neris,P,33,0.7597042322158813
554430,Zack Wheeler,P,32,0,607074,Carlos Rodón,P,29,0.952555775642395,592662,Robbie Ray,P,30,0.787402868270874,573186,Marcus Stroman,P,31,0.7729780673980713
554431,Tyler Matzek,P,31,0,547179,Michael Lorenzen,P,30,0.8305214047431946,571946,Shelby Miller,P,31,0.7990094423294067,570632,José Ureña,P,30,0.772870659828186
570240,Félix Peña,P,31,0,570632,José Ureña,P,30,0.6614446640014648,571946,Shelby Miller,P,31,0.6505822539329529,547179,Michael Lorenzen,P,30,0.5375527143478394
570257,Joely Rodríguez,P,30,0,554340,Yimi García,P,31,0.8030723333358765,628452,Raisel Iglesias,P,32,0.7743878960609436,571927,Steven Matz,P,31,0.700626790523529
570632,José Ureña,P,30,1,547179,Michael Lorenzen,P,30,0.9509385824203491,571927,Steven Matz,P,31,0.7246646881103516,579328,Yusei Kikuchi,P,31,0.6913991570472717
570663,Hansel Robles,P,31,0,571946,Shelby Miller,P,31,0.9312319755554199,570632,José Ureña,P,30,0.718758225440979,547179,Michael Lorenzen,P,30,0.6547415256500244
570666,Luis Cessa,P,30,0,554340,Yimi García,P,31,0.9086070656776428,547179,Michael Lorenzen,P,30,0.8878641128540039,570632,José Ureña,P,30,0.8552913069725037
571510,Matthew Boyd,P,31,0,605177,Andrew Chafin,P,32,0.9041175246238708,445276,Kenley Jansen,P,34,0.8514090776443481,592351,Jon Gray,P,30,0.8275613188743591
571521,Rex Brothers,P,33,0,579328,Yusei Kikuchi,P,31,0.6885167360305786,571927,Steven Matz,P,31,0.6621784567832947,608379,Michael Wacha,P,30,0.6087602376937866
571561,Tony Cingrani,P,28,0,554340,Yimi García,P,31,0.8262773752212524,547179,Michael Lorenzen,P,30,0.7755857706069946,592351,Jon Gray,P,30,0.6964501142501831
571578,Patrick Corbin,P,32,0,527048,Martín Pérez,P,31,0.9264435172080994,593958,Eduardo Rodriguez,P,29,0.866339921951294,542881,Tyler Anderson,P,32,0.8554362058639526
571656,Buck Farmer,P,31,0,554340,Yimi García,P,31,0.8694533109664917,628452,Raisel Iglesias,P,32,0.809212863445282,547179,Michael Lorenzen,P,30,0.7830522060394287
571666,Mike Fiers,P,36,0,453286,Max Scherzer,P,37,0.8047295808792114,477132,Clayton Kershaw,P,34,0.7937982082366943,445926,Jesse Chavez,P,38,0.7129917144775391
571670,Dylan Floro,P,31,0,445276,Kenley Jansen,P,34,0.9088047742843628,592351,Jon Gray,P,30,0.8962258100509644,593576,Héctor Neris,P,33,0.8697248697280884
571704,Ken Giles,P,31,0,571946,Shelby Miller,P,31,0.8001567125320435,628452,Raisel Iglesias,P,32,0.7284033894538879,570632,José Ureña,P,30,0.6858357787132263
571710,Mychal Givens,P,32,0,554340,Yimi García,P,31,0.7910261750221252,628452,Raisel Iglesias,P,32,0.7181141376495361,445276,Kenley Jansen,P,34,0.6995527744293213
571735,David Hale,P,33,0,628452,Raisel Iglesias,P,32,0.8527283072471619,554340,Yimi García,P,31,0.7842575907707214,519008,T.J. McFarland,P,33,0.696074366569519
571760,Andrew Heaney,P,31,0,527048,Martín Pérez,P,31,0.9058765172958374,608379,Michael Wacha,P,30,0.8888081312179565,579328,Yusei Kikuchi,P,31,0.8466236591339111
571800,Drew Hutchison,P,31,0,628452,Raisel Iglesias,P,32,0.8672094345092773,554340,Yimi García,P,31,0.7708877325057983,571946,Shelby Miller,P,31,0.704569399356842
571863,Matt Koch,P,31,0,519008,T.J. McFarland,P,33,0.7805166244506836,477132,Clayton Kershaw,P,34,0.7651510238647461,571946,Shelby Miller,P,31,0.5973175764083862
571871,Ian Krol,P,30,0,547179,Michael Lorenzen,P,30,0.8802655935287476,570632,José Ureña,P,30,0.8059149980545044,554340,Yimi García,P,31,0.7972432374954224
571882,Derek Law,P,31,0,571946,Shelby Miller,P,31,0.8695995807647705,519008,T.J. McFarland,P,33,0.7150099873542786,554340,Yimi García,P,31,0.7112841606140137
571901,Aaron Loup,P,34,0,502085,David Robertson,P,37,0.8639944791793823,519008,T.J. McFarland,P,33,0.8150611519813538,548384,Brooks Raley,P,34,0.7488556504249573
571927,Steven Matz,P,31,1,579328,Yusei Kikuchi,P,31,0.8853617310523987,608379,Michael Wacha,P,30,0.8097242712974548,570632,José Ureña,P,30,0.7246646881103516
571945,Miles Mikolas,P,33,0,573186,Marcus Stroman,P,31,0.9263941645622253,548384,Brooks Raley,P,34,0.8120710849761963,489446,Kirby Yates,P,35,0.7838925123214722
571946,Shelby Miller,P,31,1,570632,José Ureña,P,30,0.6573241949081421,547179,Michael Lorenzen,P,30,0.6341258883476257,554340,Yimi García,P,31,0.59711754322052
571948,Hoby Milner,P,31,0,519008,T.J. McFarland,P,33,0.9213862419128418,628452,Raisel Iglesias,P,32,0.6254085302352905,554340,Yimi García,P,31,0.5810660123825073
571951,Bryan Mitchell,P,30,0,547179,Michael Lorenzen,P,30,0.8828154802322388,628452,Raisel Iglesias,P,32,0.8293408155441284,554340,Yimi García,P,31,0.7974534034729004
572020,James Paxton,P,32,0,519008,T.J. McFarland,P,33,0.6361242532730103,571946,Shelby Miller,P,31,0.6071465611457825,628452,Raisel Iglesias,P,32,0.5505564212799072
572021,James Pazos,P,29,0,571946,Shelby Miller,P,31,0.7632023096084595,571927,Steven Matz,P,31,0.7598398327827454,570632,José Ureña,P,30,0.7549893260002136
572070,Garrett Richards,P,34,0,548384,Brooks Raley,P,34,0.8899753093719482,502085,David Robertson,P,37,0.8049682378768921,605177,Andrew Chafin,P,32,0.7684530019760132
572096,Trevor Rosenthal,P,30,0,571946,Shelby Miller,P,31,0.7549318075180054,547179,Michael Lorenzen,P,30,0.7296282052993774,570632,José Ureña,P,30,0.6637916564941406
572140,Tyler Skaggs,P,27,0,593958,Eduardo Rodriguez,P,29,0.9553612470626831,608379,Michael Wacha,P,30,0.838733434677124,592351,Jon Gray,P,30,0.8086625337600708
572143,Burch Smith,P,31,0,571946,Shelby Miller,P,31,0.8460779786109924,570632,José Ureña,P,30,0.7202585935592651,547179,Michael Lorenzen,P,30,0.6807652711868286
572193,Ryan Tepera,P,34,0,493603,Adam Ottavino,P,36,0.8868623375892639,502085,David Robertson,P,37,0.8604943156242371,628452,Raisel Iglesias,P,32,0.8522264957427979
572362,Robbie Erlin,P,31,0,571946,Shelby Miller,P,31,0.7354931235313416,571927,Steven Matz,P,31,0.7192326784133911,570632,José Ureña,P,30,0.6318991780281067
572403,Drew VerHagen,P,31,0,571946,Shelby Miller,P,31,0.8420920372009277,570632,José Ureña,P,30,0.7277209758758545,547179,Michael Lorenzen,P,30,0.652018666267395
572888,Shane Greene,P,33,0,519008,T.J. McFarland,P,33,0.7378526329994202,477132,Clayton Kershaw,P,34,0.6594356894493103,571946,Shelby Miller,P,31,0.574592113494873
572955,Pierce Johnson,P,31,0,628452,Raisel Iglesias,P,32,0.8776761293411255,547179,Michael Lorenzen,P,30,0.8251694440841675,570632,José Ureña,P,30,0.7695585489273071
572971,Dallas Keuchel,P,34,0,502085,David Robertson,P,37,0.786361813545227,477132,Clayton Kershaw,P,34,0.7689147591590881,548384,Brooks Raley,P,34,0.7478505373001099
573009,Joe Mantiply,P,31,0,519008,T.J. McFarland,P,33,0.8708006143569946,571946,Shelby Miller,P,31,0.6644084453582764,571927,Steven Matz,P,31,0.5998402833938599
573046,Mike Morin,P,29,0,547179,Michael Lorenzen,P,30,0.8947731852531433,554340,Yimi García,P,31,0.8424418568611145,628452,Raisel Iglesias,P,32,0.8257579803466797
573064,Vidal Nuño,P,30,0,628452,Raisel Iglesias,P,32,0.8625789284706116,593576,Héctor Neris,P,33,0.7648351192474365,554340,Yimi García,P,31,0.7425417304039001
573109,AJ Ramos,P,34,0,477132,Clayton Kershaw,P,34,0.7845396995544434,453286,Max Scherzer,P,37,0.7655961513519287,502085,David Robertson,P,37,0.7435039281845093
573124,Taylor Rogers,P,31,0,547179,Michael Lorenzen,P,30,0.6182944178581238,570632,José Ureña,P,30,0.6107025146484375,571946,Shelby Miller,P,31,0.5970876216888428
573127,Zac Rosscup,P,33,0,571946,Shelby Miller,P,31,0.7481104135513306,519008,T.J. McFarland,P,33,0.7246015071868896,477132,Clayton Kershaw,P,34,0.5068272352218628
573185,Dan Straily,P,30,0,571946,Shelby Miller,P,31,0.662682831287384,579328,Yusei Kikuchi,P,31,0.56817626953125,571927,Steven Matz,P,31,0.5672646760940552
573186,Marcus Stroman,P,31,1,607074,Carlos Rodón,P,29,0.7605658769607544,548384,Brooks Raley,P,34,0.7588053941726685,477132,Clayton Kershaw,P,34,0.7106853723526001
573204,Caleb Thielbar,P,35,0,445276,Kenley Jansen,P,34,0.9198135137557983,605177,Andrew Chafin,P,32,0.905918538570404,548384,Brooks Raley,P,34,0.8649301528930664
573668,Juan Minaya,P,31,0,628452,Raisel Iglesias,P,32,0.9345946311950684,554340,Yimi García,P,31,0.8279546499252319,547179,Michael Lorenzen,P,30,0.8140977621078491
579328,Yusei Kikuchi,P,31,1,608379,Michael Wacha,P,30,0.9241247177124023,571927,Steven Matz,P,31,0.8853617310523987,593958,Eduardo Rodriguez,P,29,0.6914730072021484
580792,Nick Goody,P,28,0,571946,Shelby Miller,P,31,0.76163649559021,571927,Steven Matz,P,31,0.54494309425354,579328,Yusei Kikuchi,P,31,0.49152839183807373
592094,Jason Adam,P,30,0,554340,Yimi García,P,31,0.9314780235290527,547179,Michael Lorenzen,P,30,0.8504828810691833,628452,Raisel Iglesias,P,32,0.7843819260597229
592102,Cody Allen,P,30,0,579328,Yusei Kikuchi,P,31,0.805689811706543,571927,Steven Matz,P,31,0.7854037880897522,608379,Michael Wacha,P,30,0.7598865628242493
592135,Cam Bedrosian,P,29,0,571946,Shelby Miller,P,31,0.9143632650375366,547179,Michael Lorenzen,P,30,0.8259339332580566,570632,José Ureña,P,30,0.8177264928817749
592169,Austin Brice,P,30,0,571946,Shelby Miller,P,31,0.9331418871879578,519008,T.J. McFarland,P,33,0.6497223377227783,570632,José Ureña,P,30,0.6475400924682617
592222,Alex Claudio,P,30,0,554340,Yimi García,P,31,0.8871796131134033,628452,Raisel Iglesias,P,32,0.877173900604248,547179,Michael Lorenzen,P,30,0.8306878805160522
592254,José De León,P,28,0,571946,Shelby Miller,P,31,0.9341323375701904,571927,Steven Matz,P,31,0.6141157150268555,570632,José Ureña,P,30,0.5921911001205444
592314,Mike Foltynewicz,P,29,0,571946,Shelby Miller,P,31,0.672088623046875,571927,Steven Matz,P,31,0.5276628732681274,579328,Yusei Kikuchi,P,31,0.520071804523468
592332,Kevin Gausman,P,31,1,593958,Eduardo Rodriguez,P,29,0.8689495325088501,607074,Carlos Rodón,P,29,0.7793312072753906,592351,Jon Gray,P,30,0.7685273885726929
592346,Chi Chi González,P,30,0,571946,Shelby Miller,P,31,0.8104888200759888,571927,Steven Matz,P,31,0.7727956771850586,570632,José Ureña,P,30,0.7144201993942261
592351,Jon Gray,P,30,1,592332,Kevin Gausman,P,31,0.7685273885726929,605177,Andrew Chafin,P,32,0.7621515989303589,593958,Eduardo Rodriguez,P,29,0.7271503806114197
592390,Heath Hembree,P,33,0,571946,Shelby Miller,P,31,0.8203395009040833,570632,José Ureña,P,30,0.6732562184333801,472610,Luis García,P,35,0.6214874982833862
592426,Luke Jackson,P,29,0,547179,Michael Lorenzen,P,30,0.9337286949157715,570632,José Ureña,P,30,0.8674510717391968,571946,Shelby Miller,P,31,0.704378604888916
592454,Tommy Kahnle,P,32,0,628452,Raisel Iglesias,P,32,0.8010373115539551,445276,Kenley Jansen,P,34,0.792091965675354,554340,Yimi García,P,31,0.7835671901702881
592473,Adam Kolarek,P,33,0,519008,T.J. McFarland,P,33,0.8204541802406311,571946,Shelby Miller,P,31,0.6735215187072754,477132,Clayton Kershaw,P,34,0.5871247053146362
592612,Josh Osich,P,32,0,519008,T.J. McFarland,P,33,0.8717560768127441,571946,Shelby Miller,P,31,0.784077525138855,628452,Raisel Iglesias,P,32,0.6009274125099182
592662,Robbie Ray,P,30,1,607074,Carlos Rodón,P,29,0.8325178027153015,592332,Kevin Gausman,P,31,0.7208523750305176,592351,Jon Gray,P,30,0.6709199547767639
592665,Addison Reed,P,29,0,608379,Michael Wacha,P,30,0.8388466835021973,579328,Yusei Kikuchi,P,31,0.7882189750671387,571927,Steven Matz,P,31,0.7704265117645264
592717,Aaron Sanchez,P,29,0,571927,Steven Matz,P,31,0.7973405122756958,608379,Michael Wacha,P,30,0.782202959060669,547179,Michael Lorenzen,P,30,0.774881899356842
592741,Chasen Shreve,P,31,0,519008,T.J. McFarland,P,33,0.875421404838562,477132,Clayton Kershaw,P,34,0.675123929977417,548384,Brooks Raley,P,34,0.595961332321167
592761,Caleb Smith,P,30,0,571946,Shelby Miller,P,31,0.8528180122375488,570632,José Ureña,P,30,0.8441784381866455,547179,Michael Lorenzen,P,30,0.7501316070556641
592767,Drew Smyly,P,33,0,548384,Brooks Raley,P,34,0.8912904262542725,605177,Andrew Chafin,P,32,0.8470196723937988,445276,Kenley Jansen,P,34,0.7451210021972656
592773,Ryne Stanek,P,30,0,547179,Michael Lorenzen,P,30,0.8336737155914307,571946,Shelby Miller,P,31,0.7788335680961609,570632,José Ureña,P,30,0.7648153305053711
592779,Brock Stewart,P,27,0,608379,Michael Wacha,P,30,0.20024779438972473,570632,José Ureña,P,30,0.16195642948150635,547179,Michael Lorenzen,P,30,0.06373615562915802
592789,Noah Syndergaard,P,29,0,542881,Tyler Anderson,P,32,0.7790738344192505,608379,Michael Wacha,P,30,0.7736660242080688,527048,Martín Pérez,P,31,0.7390234470367432
592791,Jameson Taillon,P,30,0,592351,Jon Gray,P,30,0.9213768839836121,607074,Carlos Rodón,P,29,0.8466781377792358,593958,Eduardo Rodriguez,P,29,0.8202577829360962
592804,Tyler Thornburg,P,33,0,573186,Marcus Stroman,P,31,0.7537543773651123,548384,Brooks Raley,P,34,0.7317531704902649,628452,Raisel Iglesias,P,32,0.7173100709915161
592815,Sam Tuivailala,P,26,0,547179,Michael Lorenzen,P,30,0.9114775657653809,570632,José Ureña,P,30,0.8567181825637817,592351,Jon Gray,P,30,0.6178274750709534
592826,Vince Velasquez,P,30,0,571927,Steven Matz,P,31,0.9223266243934631,570632,José Ureña,P,30,0.9035961627960205,579328,Yusei Kikuchi,P,31,0.8305922150611877
592836,Taijuan Walker,P,29,0,592351,Jon Gray,P,30,0.9161993265151978,605177,Andrew Chafin,P,32,0.8673743009567261,592332,Kevin Gausman,P,31,0.765066385269165
592866,Trevor Williams,P,30,0,608379,Michael Wacha,P,30,0.8545364141464233,592351,Jon Gray,P,30,0.8434512615203857,579328,Yusei Kikuchi,P,31,0.7819598913192749
593140,Michael Feliz,P,29,0,571946,Shelby Miller,P,31,0.8165647983551025,571927,Steven Matz,P,31,0.6431108713150024,570632,José Ureña,P,30,0.5704964399337769
593334,Domingo Germán,P,29,0,579328,Yusei Kikuchi,P,31,0.9269850254058838,571927,Steven Matz,P,31,0.8983568549156189,570632,José Ureña,P,30,0.8689022660255432
593372,Carlos Martinez,P,29,0,570632,José Ureña,P,30,0.9677761197090149,547179,Michael Lorenzen,P,30,0.9545322060585022,554340,Yimi García,P,31,0.7591874003410339
593423,Frankie Montas,P,29,0,592351,Jon Gray,P,30,0.9009906053543091,592332,Kevin Gausman,P,31,0.8736300468444824,607074,Carlos Rodón,P,29,0.8609497547149658
593576,Héctor Neris,P,33,1,605177,Andrew Chafin,P,32,0.9123194217681885,493603,Adam Ottavino,P,36,0.9071089029312134,489446,Kirby Yates,P,35,0.839007556438446
593833,Wander Suero,P,29,0,571927,Steven Matz,P,31,0.8367020487785339,554340,Yimi García,P,31,0.812921404838562,570632,José Ureña,P,30,0.768057107925415
593958,Eduardo Rodriguez,P,29,1,527048,Martín Pérez,P,31,0.8819416761398315,592332,Kevin Gausman,P,31,0.8689495325088501,542881,Tyler Anderson,P,32,0.8491925001144409
593974,Wandy Peralta,P,30,0,547179,Michael Lorenzen,P,30,0.7636016607284546,571946,Shelby Miller,P,31,0.7401618361473083,570632,José Ureña,P,30,0.716546893119812
594577,Mike Mayers,P,30,0,571946,Shelby Miller,P,31,0.8608078956604004,570632,José Ureña,P,30,0.8376147150993347,547179,Michael Lorenzen,P,30,0.8374693393707275
594580,Sam Moll,P,30,0,593576,Héctor Neris,P,33,0.8475843667984009,628452,Raisel Iglesias,P,32,0.7637417316436768,554340,Yimi García,P,31,0.7605721354484558
594798,Jacob deGrom,P,34,0,527048,Martín Pérez,P,31,0.7492566108703613,445276,Kenley Jansen,P,34,0.7453701496124268,592332,Kevin Gausman,P,31,0.7358001470565796
594835,Marco Gonzales,P,30,0,608379,Michael Wacha,P,30,0.9292898774147034,542881,Tyler Anderson,P,32,0.8456221222877502,579328,Yusei Kikuchi,P,31,0.8425359725952148
594840,Matt Grace,P,31,0,477132,Clayton Kershaw,P,34,0.678607702255249,519008,T.J. McFarland,P,33,0.5725502967834473,573186,Marcus Stroman,P,31,0.56521075963974
594902,Ben Lively,P,27,0,570632,José Ureña,P,30,0.39301589131355286,547179,Michael Lorenzen,P,30,0.3716818392276764,608379,Michael Wacha,P,30,0.25152143836021423
594986,Kyle Ryan,P,29,0,571946,Shelby Miller,P,31,0.5541138648986816,571927,Steven Matz,P,31,0.550886332988739,542881,Tyler Anderson,P,32,0.5006682872772217
594987,Casey Sadler,P,30,0,554340,Yimi García,P,31,0.9440895915031433,547179,Michael Lorenzen,P,30,0.8299823999404907,628452,Raisel Iglesias,P,32,0.8158254027366638
595014,Blake Treinen,P,34,0,593576,Héctor Neris,P,33,0.8940300345420837,493603,Adam Ottavino,P,36,0.8492579460144043,489446,Kirby Yates,P,35,0.8407519459724426
595191,Jerad Eickhoff,P,31,0,571946,Shelby Miller,P,31,0.6779272556304932,477132,Clayton Kershaw,P,34,0.5889482498168945,519008,T.J. McFarland,P,33,0.5407935380935669
595345,Steven Okert,P,30,0,628452,Raisel Iglesias,P,32,0.8542665243148804,554340,Yimi García,P,31,0.8288387060165405,593576,Héctor Neris,P,33,0.7283118963241577
595465,Dan Winkler,P,31,0,628452,Raisel Iglesias,P,32,0.7494263648986816,519008,T.J. McFarland,P,33,0.7208766341209412,570632,José Ureña,P,30,0.645135760307312
595897,Nick Burdi,P,27,0,547179,Michael Lorenzen,P,30,0.7533745169639587,570632,José Ureña,P,30,0.7278310060501099,592351,Jon Gray,P,30,0.3063722252845764
595918,A.J. Cole,P,29,0,547179,Michael Lorenzen,P,30,0.8600322008132935,571946,Shelby Miller,P,31,0.8122799396514893,570632,José Ureña,P,30,0.7862251996994019
595928,John Curtiss,P,28,0,547179,Michael Lorenzen,P,30,0.9361257553100586,570632,José Ureña,P,30,0.9218197464942932,571946,Shelby Miller,P,31,0.7628395557403564
596001,Jakob Junis,P,29,0,592351,Jon Gray,P,30,0.8738610744476318,608379,Michael Wacha,P,30,0.8061074018478394,547179,Michael Lorenzen,P,30,0.8006982803344727
596043,Daniel Mengden,P,29,0,571927,Steven Matz,P,31,0.7878811955451965,571946,Shelby Miller,P,31,0.7713654041290283,554340,Yimi García,P,31,0.7155212163925171
596057,Daniel Norris,P,29,0,571927,Steven Matz,P,31,0.8948917388916016,608379,Michael Wacha,P,30,0.8306747674942017,579328,Yusei Kikuchi,P,31,0.7958447933197021
596071,Dillon Peters,P,29,0,571946,Shelby Miller,P,31,0.8512458205223083,570632,José Ureña,P,30,0.612909197807312,547179,Michael Lorenzen,P,30,0.5367504358291626
596112,Robert Stephenson,P,29,0,571927,Steven Matz,P,31,0.8114386796951294,579328,Yusei Kikuchi,P,31,0.7710027694702148,571946,Shelby Miller,P,31,0.7061418294906616
596133,Luke Weaver,P,28,0,547179,Michael Lorenzen,P,30,0.9372652769088745,570632,José Ureña,P,30,0.9104158878326416,592351,Jon Gray,P,30,0.7261290550231934
596295,Austin Gomber,P,28,0,608379,Michael Wacha,P,30,0.9086707234382629,579328,Yusei Kikuchi,P,31,0.8334358930587769,593958,Eduardo Rodriguez,P,29,0.7920762896537781
598264,Matt Barnes,P,32,0,472610,Luis García,P,35,0.9536454081535339,547179,Michael Lorenzen,P,30,0.7282958626747131,571946,Shelby Miller,P,31,0.725855827331543
598287,Noé Ramirez,P,32,0,519008,T.J. McFarland,P,33,0.7850576639175415,548384,Brooks Raley,P,34,0.7803396582603455,628452,Raisel Iglesias,P,32,0.7312209010124207
600917,José Leclerc,P,28,0,547179,Michael Lorenzen,P,30,0.785660982131958,592332,Kevin Gausman,P,31,0.7535538673400879,570632,José Ureña,P,30,0.7455382347106934
601713,Nick Pivetta,P,29,0,592332,Kevin Gausman,P,31,0.8951234817504883,608379,Michael Wacha,P,30,0.8851296305656433,579328,Yusei Kikuchi,P,31,0.8474955558776855
605130,Scott Barlow,P,29,0,592351,Jon Gray,P,30,0.9067367315292358,547179,Michael Lorenzen,P,30,0.8007375597953796,592332,Kevin Gausman,P,31,0.7364829778671265
605135,Chris Bassitt,P,33,0,445276,Kenley Jansen,P,34,0.891769528388977,605177,Andrew Chafin,P,32,0.8631922602653503,548384,Brooks Raley,P,34,0.8517111539840698
605151,Archie Bradley,P,29,0,547179,Michael Lorenzen,P,30,0.9230332374572754,570632,José Ureña,P,30,0.8274446725845337,554340,Yimi García,P,31,0.7623296976089478
605154,John Brebbia,P,32,0,554340,Yimi García,P,31,0.887518048286438,593576,Héctor Neris,P,33,0.7904700040817261,628452,Raisel Iglesias,P,32,0.7545696496963501
605155,Colten Brewer,P,28,0,570632,José Ureña,P,30,0.7428441047668457,571946,Shelby Miller,P,31,0.7382967472076416,547179,Michael Lorenzen,P,30,0.6641160249710083
605156,Aaron Brooks,P,32,0,519008,T.J. McFarland,P,33,0.8184394836425781,571946,Shelby Miller,P,31,0.7039228677749634,477132,Clayton Kershaw,P,34,0.5744460821151733
605164,Dylan Bundy,P,29,0,527048,Martín Pérez,P,31,0.9132595658302307,542881,Tyler Anderson,P,32,0.8883821368217468,608379,Michael Wacha,P,30,0.8856066465377808
605177,Andrew Chafin,P,32,1,445276,Kenley Jansen,P,34,0.918605625629425,593576,Héctor Neris,P,33,0.9123194217681885,548384,Brooks Raley,P,34,0.8660601377487183
605182,Mike Clevinger,P,31,0,605177,Andrew Chafin,P,32,0.9141768217086792,592351,Jon Gray,P,30,0.9109134674072266,445276,Kenley Jansen,P,34,0.8874527215957642
605195,Kyle Crick,P,29,0,570632,José Ureña,P,30,0.8942976593971252,547179,Michael Lorenzen,P,30,0.8883898258209229,554340,Yimi García,P,31,0.739871621131897
605200,Zach Davies,P,29,0,608379,Michael Wacha,P,30,0.7928492426872253,542881,Tyler Anderson,P,32,0.7876557111740112,527048,Martín Pérez,P,31,0.7498828768730164
605218,Carl Edwards Jr.,P,30,0,570632,José Ureña,P,30,0.8340595960617065,571927,Steven Matz,P,31,0.7884149551391602,571946,Shelby Miller,P,31,0.7744362950325012
605242,Michael Fulmer,P,29,0,592351,Jon Gray,P,30,0.936278223991394,547179,Michael Lorenzen,P,30,0.842656135559082,554340,Yimi García,P,31,0.7610908150672913
605280,Clay Holmes,P,29,0,592351,Jon Gray,P,30,0.8252993822097778,592332,Kevin Gausman,P,31,0.7061274647712708,554340,Yimi García,P,31,0.673408031463623
605288,Adrian Houser,P,29,0,592351,Jon Gray,P,30,0.9426770806312561,605177,Andrew Chafin,P,32,0.8307918906211853,592332,Kevin Gausman,P,31,0.7332470417022705
605309,Keone Kela,P,28,0,571946,Shelby Miller,P,31,0.7958755493164062,547179,Michael Lorenzen,P,30,0.5920016765594482,570632,José Ureña,P,30,0.5522807240486145
605347,Jorge López,P,29,0,570632,José Ureña,P,30,0.9397350549697876,547179,Michael Lorenzen,P,30,0.9359875917434692,579328,Yusei Kikuchi,P,31,0.7842088937759399
605359,Evan Marshall,P,31,0,554340,Yimi García,P,31,0.9532315731048584,628452,Raisel Iglesias,P,32,0.8490633368492126,605177,Andrew Chafin,P,32,0.8325067162513733
605388,Adam Morgan,P,31,0,554340,Yimi García,P,31,0.8161850571632385,571946,Shelby Miller,P,31,0.7804350256919861,570632,José Ureña,P,30,0.7600268721580505
605397,Joe Musgrove,P,29,0,593958,Eduardo Rodriguez,P,29,0.9277869462966919,592332,Kevin Gausman,P,31,0.8893240094184875,607074,Carlos Rodón,P,29,0.8840334415435791
605400,Aaron Nola,P,29,0,607074,Carlos Rodón,P,29,0.8642151355743408,592351,Jon Gray,P,30,0.8599798679351807,605177,Andrew Chafin,P,32,0.8165808916091919
605441,Yacksel Ríos,P,28,0,570632,José Ureña,P,30,0.8459028005599976,571946,Shelby Miller,P,31,0.8437690734863281,547179,Michael Lorenzen,P,30,0.8190068006515503
605447,Jordan Romano,P,29,0,592351,Jon Gray,P,30,0.8511677980422974,547179,Michael Lorenzen,P,30,0.8097801804542542,554340,Yimi García,P,31,0.8066259622573853
605452,Joe Ross,P,28,0,592351,Jon Gray,P,30,0.9059955477714539,547179,Michael Lorenzen,P,30,0.8380678296089172,592332,Kevin Gausman,P,31,0.7522648572921753
605483,Blake Snell,P,29,0,592351,Jon Gray,P,30,0.8611437082290649,628452,Raisel Iglesias,P,32,0.7755694389343262,605177,Andrew Chafin,P,32,0.7639862298965454
605488,Jeffrey Springs,P,29,0,592351,Jon Gray,P,30,0.8841635584831238,579328,Yusei Kikuchi,P,31,0.8266386985778809,608379,Michael Wacha,P,30,0.8260427117347717
605513,Spencer Turnbull,P,28,0,592332,Kevin Gausman,P,31,0.9058390259742737,592351,Jon Gray,P,30,0.8802149295806885,607074,Carlos Rodón,P,29,0.8386484384536743
605525,J.B. Wendelken,P,29,0,571946,Shelby Miller,P,31,0.9583438038825989,570632,José Ureña,P,30,0.6870208382606506,547179,Michael Lorenzen,P,30,0.6662354469299316
605538,Matt Wisler,P,29,0,554340,Yimi García,P,31,0.8435349464416504,592351,Jon Gray,P,30,0.803910493850708,628452,Raisel Iglesias,P,32,0.7920528650283813
605540,Brandon Woodruff,P,29,0,592332,Kevin Gausman,P,31,0.8667210340499878,593958,Eduardo Rodriguez,P,29,0.7976478338241577,592662,Robbie Ray,P,30,0.7450844049453735
605541,Mike Wright Jr.,P,31,0,519008,T.J. McFarland,P,33,0.7109268307685852,571946,Shelby Miller,P,31,0.6688848733901978,570632,José Ureña,P,30,0.5596705079078674
606131,Luis Perdomo,P,29,0,571946,Shelby Miller,P,31,0.8545243144035339,547179,Michael Lorenzen,P,30,0.8504909873008728,570632,José Ureña,P,30,0.837755560874939
606149,Giovanny Gallegos,P,30,0,592351,Jon Gray,P,30,0.9011352062225342,547179,Michael Lorenzen,P,30,0.8283088207244873,570632,José Ureña,P,30,0.7746381759643555
606160,Rafael Montero,P,31,0,628452,Raisel Iglesias,P,32,0.9339886903762817,605177,Andrew Chafin,P,32,0.8306237459182739,445276,Kenley Jansen,P,34,0.8117750883102417
606273,Roenis Elías,P,33,0,547179,Michael Lorenzen,P,30,0.8218199014663696,570632,José Ureña,P,30,0.812134325504303,571946,Shelby Miller,P,31,0.8119555115699768
606303,Joel Payamps,P,28,0,547179,Michael Lorenzen,P,30,0.9491808414459229,570632,José Ureña,P,30,0.9423034191131592,571927,Steven Matz,P,31,0.7068814039230347
606424,Jarlín García,P,29,0,547179,Michael Lorenzen,P,30,0.8909149765968323,570632,José Ureña,P,30,0.8752169609069824,554340,Yimi García,P,31,0.8323920369148254
606625,Reyes Moronta,P,29,0,571946,Shelby Miller,P,31,0.919241189956665,554340,Yimi García,P,31,0.6873323917388916,547179,Michael Lorenzen,P,30,0.6644957661628723
606930,Jacob Barnes,P,32,0,571946,Shelby Miller,P,31,0.8992562294006348,519008,T.J. McFarland,P,33,0.7795203924179077,554340,Yimi García,P,31,0.6581590175628662
606965,Chris Devenski,P,31,0,571946,Shelby Miller,P,31,0.8925051093101501,570632,José Ureña,P,30,0.7386497259140015,571927,Steven Matz,P,31,0.6230422854423523
607067,Colin Rea,P,30,0,571946,Shelby Miller,P,31,0.9053955078125,519008,T.J. McFarland,P,33,0.6749234795570374,570632,José Ureña,P,30,0.5544602274894714
607074,Carlos Rodón,P,29,1,592662,Robbie Ray,P,30,0.8325178027153015,592332,Kevin Gausman,P,31,0.7793312072753906,593958,Eduardo Rodriguez,P,29,0.778206467628479
607179,Jordan Weems,P,29,0,571946,Shelby Miller,P,31,0.8842776417732239,547179,Michael Lorenzen,P,30,0.5334617495536804,570632,José Ureña,P,30,0.4984534978866577
607192,Tyler Glasnow,P,28,0,592351,Jon Gray,P,30,0.7828583717346191,607074,Carlos Rodón,P,29,0.7729846835136414,592332,Kevin Gausman,P,31,0.7033287882804871
607200,Erick Fedde,P,29,0,608379,Michael Wacha,P,30,0.9274868369102478,579328,Yusei Kikuchi,P,31,0.9261099100112915,571927,Steven Matz,P,31,0.9130834341049194
607229,Robert Gsellman,P,28,0,571946,Shelby Miller,P,31,0.931140661239624,570632,José Ureña,P,30,0.6353042721748352,571927,Steven Matz,P,31,0.5989587903022766
607231,John Gant,P,28,0,592351,Jon Gray,P,30,0.8735991716384888,547179,Michael Lorenzen,P,30,0.8328415751457214,570632,José Ureña,P,30,0.7950094938278198
607237,Amir Garrett,P,30,0,571946,Shelby Miller,P,31,0.7769603729248047,628452,Raisel Iglesias,P,32,0.7151048183441162,547179,Michael Lorenzen,P,30,0.7105870246887207
607259,Nick Martinez,P,31,0,608379,Michael Wacha,P,30,0.9016185998916626,579328,Yusei Kikuchi,P,31,0.8731493353843689,571927,Steven Matz,P,31,0.8305624127388
607352,Joe Biagini,P,31,0,571946,Shelby Miller,P,31,0.846452534198761,570632,José Ureña,P,30,0.6293133497238159,519008,T.J. McFarland,P,33,0.6158032417297363
607359,Spencer Patton,P,34,0,548384,Brooks Raley,P,34,0.7581660747528076,502085,David Robertson,P,37,0.7563122510910034,628452,Raisel Iglesias,P,32,0.7511656284332275
607374,Nick Tropeano,P,30,0,571927,Steven Matz,P,31,0.7278000712394714,571946,Shelby Miller,P,31,0.7120780944824219,519008,T.J. McFarland,P,33,0.7051350474357605
607455,Anthony Banda,P,28,0,571946,Shelby Miller,P,31,0.8041245937347412,570632,José Ureña,P,30,0.6071017384529114,547179,Michael Lorenzen,P,30,0.46882450580596924
607457,Kyle Barraclough,P,32,0,519008,T.J. McFarland,P,33,0.8378015756607056,571946,Shelby Miller,P,31,0.7045367956161499,477132,Clayton Kershaw,P,34,0.5773659944534302
607481,Aaron Bummer,P,28,0,547179,Michael Lorenzen,P,30,0.7321451306343079,570632,José Ureña,P,30,0.6897180080413818,571946,Shelby Miller,P,31,0.620499849319458
607536,Kyle Freeland,P,29,0,608379,Michael Wacha,P,30,0.938697338104248,593958,Eduardo Rodriguez,P,29,0.910283088684082,579328,Yusei Kikuchi,P,31,0.8169522285461426
607625,Seth Lugo,P,32,0,554340,Yimi García,P,31,0.9282810688018799,593576,Héctor Neris,P,33,0.8493186235427856,605177,Andrew Chafin,P,32,0.8351929187774658
607644,John Means,P,29,0,592351,Jon Gray,P,30,0.9268997311592102,608379,Michael Wacha,P,30,0.7723813652992249,547179,Michael Lorenzen,P,30,0.766555666923523
608032,Carlos Estévez,P,29,0,570632,José Ureña,P,30,0.7708070278167725,547179,Michael Lorenzen,P,30,0.7511922121047974,628452,Raisel Iglesias,P,32,0.6998949646949768
608328,Chase De Jong,P,28,0,571946,Shelby Miller,P,31,0.8996771574020386,570632,José Ureña,P,30,0.5559659004211426,571927,Steven Matz,P,31,0.49338266253471375
608331,Max Fried,P,28,0,573186,Marcus Stroman,P,31,0.8949428796768188,607074,Carlos Rodón,P,29,0.785189688205719,592662,Robbie Ray,P,30,0.7735639810562134
608334,Carson Fulmer,P,27,0,570632,José Ureña,P,30,0.7353630661964417,547179,Michael Lorenzen,P,30,0.6778291463851929,608379,Michael Wacha,P,30,0.39487749338150024
608337,Lucas Giolito,P,27,0,593958,Eduardo Rodriguez,P,29,0.8981733322143555,607074,Carlos Rodón,P,29,0.7953549027442932,592351,Jon Gray,P,30,0.7777936458587646
608344,Cole Irvin,P,28,0,608379,Michael Wacha,P,30,0.9081446528434753,593958,Eduardo Rodriguez,P,29,0.8494426012039185,579328,Yusei Kikuchi,P,31,0.7983445525169373
608349,Corey Knebel,P,30,0,571946,Shelby Miller,P,31,0.8021128177642822,547179,Michael Lorenzen,P,30,0.7217622995376587,570632,José Ureña,P,30,0.6724894046783447
608371,Lucas Sims,P,28,0,547179,Michael Lorenzen,P,30,0.9362945556640625,570632,José Ureña,P,30,0.8681632280349731,592351,Jon Gray,P,30,0.7025023698806763
608379,Michael Wacha,P,30,1,579328,Yusei Kikuchi,P,31,0.9241247177124023,593958,Eduardo Rodriguez,P,29,0.8393174409866333,571927,Steven Matz,P,31,0.8097242712974548
608566,Germán Márquez,P,27,0,607074,Carlos Rodón,P,29,0.8964290618896484,593958,Eduardo Rodriguez,P,29,0.849855363368988,592662,Robbie Ray,P,30,0.7965139150619507
608638,JT Chargois,P,31,0,571946,Shelby Miller,P,31,0.9301301836967468,547179,Michael Lorenzen,P,30,0.6051000356674194,570632,José Ureña,P,30,0.5652732849121094
608648,Tyler Duffey,P,31,0,554340,Yimi García,P,31,0.9204314947128296,547179,Michael Lorenzen,P,30,0.787799060344696,628452,Raisel Iglesias,P,32,0.7855621576309204
608652,Luke Farrell,P,31,0,519008,T.J. McFarland,P,33,0.89350426197052,571946,Shelby Miller,P,31,0.6990700960159302,628452,Raisel Iglesias,P,32,0.6408451795578003
608665,Kendall Graveman,P,31,0,547179,Michael Lorenzen,P,30,0.9061203002929688,554340,Yimi García,P,31,0.8190935254096985,570632,José Ureña,P,30,0.7946606874465942
608678,Dominic Leone,P,30,0,571946,Shelby Miller,P,31,0.8583480715751648,554340,Yimi García,P,31,0.8179242610931396,547179,Michael Lorenzen,P,30,0.7494223713874817
608717,Chris Stratton,P,31,0,605177,Andrew Chafin,P,32,0.8573806881904602,628452,Raisel Iglesias,P,32,0.8533383011817932,554340,Yimi García,P,31,0.8256833553314209
608718,Brent Suter,P,32,0,554340,Yimi García,P,31,0.9327685832977295,628452,Raisel Iglesias,P,32,0.8888230323791504,605177,Andrew Chafin,P,32,0.815048336982727
608723,Austin Voth,P,30,0,570632,José Ureña,P,30,0.8729259371757507,571927,Steven Matz,P,31,0.8668928146362305,547179,Michael Lorenzen,P,30,0.7932087779045105
611093,Silvino Bracho,P,29,0,579328,Yusei Kikuchi,P,31,0.797137975692749,608379,Michael Wacha,P,30,0.787324070930481,571927,Steven Matz,P,31,0.7673805952072144
612434,Miguel Castro,P,27,0,547179,Michael Lorenzen,P,30,0.8601715564727783,570632,José Ureña,P,30,0.7946486473083496,592351,Jon Gray,P,30,0.4796968698501587
612672,Wei-Yin Chen,P,33,0,519008,T.J. McFarland,P,33,0.8235242366790771,477132,Clayton Kershaw,P,34,0.6874867677688599,571946,Shelby Miller,P,31,0.6532787084579468
613534,Austin Adams,P,31,0,570632,José Ureña,P,30,0.8376351594924927,547179,Michael Lorenzen,P,30,0.8100946545600891,571946,Shelby Miller,P,31,0.7759716510772705
614179,José Ruiz,P,27,0,547179,Michael Lorenzen,P,30,0.7112683057785034,570632,José Ureña,P,30,0.6706185340881348,592351,Jon Gray,P,30,0.6168556213378906
615698,Cal Quantrill,P,27,0,592351,Jon Gray,P,30,0.7575333118438721,547179,Michael Lorenzen,P,30,0.7247122526168823,608379,Michael Wacha,P,30,0.6926320195198059
621107,Zach Eflin,P,28,0,592351,Jon Gray,P,30,0.9121302962303162,608379,Michael Wacha,P,30,0.7750281691551208,579328,Yusei Kikuchi,P,31,0.7680020332336426
621111,Walker Buehler,P,27,0,593958,Eduardo Rodriguez,P,29,0.8876189589500427,592351,Jon Gray,P,30,0.8485068082809448,607074,Carlos Rodón,P,29,0.7977381348609924
621112,Paul Blackburn,P,28,0,571927,Steven Matz,P,31,0.7286938428878784,579328,Yusei Kikuchi,P,31,0.6344701051712036,608379,Michael Wacha,P,30,0.6226305961608887
621114,Ryan Burr,P,28,0,570632,José Ureña,P,30,0.8035939931869507,571946,Shelby Miller,P,31,0.7962199449539185,547179,Michael Lorenzen,P,30,0.7254793643951416
621121,Lance McCullers Jr.,P,28,0,592351,Jon Gray,P,30,0.933614194393158,607074,Carlos Rodón,P,29,0.7954980134963989,592332,Kevin Gausman,P,31,0.7717121243476868
621199,Matt Bowman,P,28,0,570632,José Ureña,P,30,0.8255089521408081,547179,Michael Lorenzen,P,30,0.7861250638961792,571927,Steven Matz,P,31,0.6965163946151733
621219,Alec Mills,P,30,0,519008,T.J. McFarland,P,33,0.7245110273361206,542881,Tyler Anderson,P,32,0.6992746591567993,608379,Michael Wacha,P,30,0.6184391379356384
621237,José Alvarado,P,27,0,570632,José Ureña,P,30,0.5693643093109131,547179,Michael Lorenzen,P,30,0.5580172538757324,592662,Robbie Ray,P,30,0.24705038964748383
621242,Edwin Díaz,P,28,0,592351,Jon Gray,P,30,0.8530780076980591,554340,Yimi García,P,31,0.7359979748725891,547179,Michael Lorenzen,P,30,0.7174767851829529
621244,José Berríos,P,28,0,593958,Eduardo Rodriguez,P,29,0.934931218624115,527048,Martín Pérez,P,31,0.8972069025039673,592332,Kevin Gausman,P,31,0.8604723811149597
621249,Duane Underwood Jr.,P,27,0,547179,Michael Lorenzen,P,30,0.9251428246498108,570632,José Ureña,P,30,0.8955061435699463,592351,Jon Gray,P,30,0.632392942905426
621294,Ben Heller,P,28,0,570632,José Ureña,P,30,0.5742158889770508,592662,Robbie Ray,P,30,0.5686078667640686,571946,Shelby Miller,P,31,0.5355180501937866
621295,Nick Wittgren,P,31,0,554340,Yimi García,P,31,0.8520422577857971,628452,Raisel Iglesias,P,32,0.7948980927467346,519008,T.J. McFarland,P,33,0.6922637224197388
621345,A.J. Minter,P,28,0,592351,Jon Gray,P,30,0.8587087392807007,547179,Michael Lorenzen,P,30,0.7645097970962524,592332,Kevin Gausman,P,31,0.7367613315582275
621366,Ryan Borucki,P,28,0,571946,Shelby Miller,P,31,0.7989741563796997,547179,Michael Lorenzen,P,30,0.7612251043319702,570632,José Ureña,P,30,0.7602847814559937
621381,Matt Strahm,P,30,0,554340,Yimi García,P,31,0.9186985492706299,628452,Raisel Iglesias,P,32,0.8728599548339844,547179,Michael Lorenzen,P,30,0.7835608124732971
621389,Ty Blach,P,31,0,519008,T.J. McFarland,P,33,0.8058241605758667,571927,Steven Matz,P,31,0.6814032793045044,579328,Yusei Kikuchi,P,31,0.5704455971717834
622065,Alex Young,P,28,0,571946,Shelby Miller,P,31,0.8163197040557861,571927,Steven Matz,P,31,0.8091903924942017,570632,José Ureña,P,30,0.7355729341506958
622072,Alex Wood,P,31,0,592351,Jon Gray,P,30,0.8173879981040955,445276,Kenley Jansen,P,34,0.8125559091567993,608379,Michael Wacha,P,30,0.7959155440330505
622075,Yency Almonte,P,28,0,547179,Michael Lorenzen,P,30,0.8445507884025574,570632,José Ureña,P,30,0.8048460483551025,571946,Shelby Miller,P,31,0.7902722954750061
622098,Drew Smith,P,28,0,570632,José Ureña,P,30,0.8329815864562988,571927,Steven Matz,P,31,0.8003059029579163,571946,Shelby Miller,P,31,0.7883024215698242
622250,Josh Sborz,P,28,0,571946,Shelby Miller,P,31,0.8036754727363586,547179,Michael Lorenzen,P,30,0.6824828386306763,570632,José Ureña,P,30,0.6681159734725952
622251,Josh Staumont,P,28,0,570632,José Ureña,P,30,0.8675615787506104,547179,Michael Lorenzen,P,30,0.855499267578125,571946,Shelby Miller,P,31,0.6690224409103394
622253,Dillon Tate,P,28,0,547179,Michael Lorenzen,P,30,0.8543808460235596,570632,José Ureña,P,30,0.8338630199432373,571946,Shelby Miller,P,31,0.6800367832183838
622491,Luis Castillo,P,29,0,607074,Carlos Rodón,P,29,0.9823597073554993,592662,Robbie Ray,P,30,0.8458157181739807,592332,Kevin Gausman,P,31,0.8337336778640747
622503,Nabil Crismatt,P,27,0,592351,Jon Gray,P,30,0.7934099435806274,608379,Michael Wacha,P,30,0.6727199554443359,547179,Michael Lorenzen,P,30,0.6636637449264526
622554,Seranthony Domínguez,P,27,0,547179,Michael Lorenzen,P,30,0.8156296014785767,570632,José Ureña,P,30,0.7238888740539551,592351,Jon Gray,P,30,0.491516649723053
622608,Antonio Senzatela,P,27,0,592351,Jon Gray,P,30,0.8568854331970215,593958,Eduardo Rodriguez,P,29,0.7276914119720459,547179,Michael Lorenzen,P,30,0.6893340349197388
622663,Luis Severino,P,28,0,592351,Jon Gray,P,30,0.8419841527938843,607074,Carlos Rodón,P,29,0.7450932860374451,573186,Marcus Stroman,P,31,0.65376216173172
622694,Elieser Hernández,P,27,0,570632,José Ureña,P,30,0.6447872519493103,608379,Michael Wacha,P,30,0.5947085618972778,547179,Michael Lorenzen,P,30,0.540865957736969
622766,Miguel Díaz,P,27,0,547179,Michael Lorenzen,P,30,0.7790513038635254,570632,José Ureña,P,30,0.7530540823936462,592351,Jon Gray,P,30,0.29586952924728394
622786,Jesus Tinoco,P,27,0,608379,Michael Wacha,P,30,0.7285418510437012,593958,Eduardo Rodriguez,P,29,0.6512916088104248,592662,Robbie Ray,P,30,0.5634127855300903
623149,Paul Sewald,P,32,0,554340,Yimi García,P,31,0.8262690901756287,628452,Raisel Iglesias,P,32,0.8235282897949219,605177,Andrew Chafin,P,32,0.8037738800048828
623167,Chris Flexen,P,27,0,547179,Michael Lorenzen,P,30,0.843106746673584,570632,José Ureña,P,30,0.7839746475219727,592351,Jon Gray,P,30,0.7275410294532776
623352,Josh Hader,P,28,0,592662,Robbie Ray,P,30,0.842359185218811,592332,Kevin Gausman,P,31,0.8027335405349731,607074,Carlos Rodón,P,29,0.7779285907745361
623433,Nick Anderson,P,30,0,571946,Shelby Miller,P,31,0.771156907081604,570632,José Ureña,P,30,0.7199164032936096,571927,Steven Matz,P,31,0.6292761564254761
623437,Justin Topa,P,31,0,571946,Shelby Miller,P,31,0.8630635142326355,570632,José Ureña,P,30,0.7951037883758545,547179,Michael Lorenzen,P,30,0.7488450407981873
623465,Evan Phillips,P,27,0,547179,Michael Lorenzen,P,30,0.9553240537643433,570632,José Ureña,P,30,0.8788544535636902,592351,Jon Gray,P,30,0.6974124908447266
623474,Jimmy Herget,P,28,0,592332,Kevin Gausman,P,31,0.8396788239479065,592351,Jon Gray,P,30,0.7603390216827393,547179,Michael Lorenzen,P,30,0.752219557762146
624133,Ranger Suárez,P,26,0,608379,Michael Wacha,P,30,0.8457318544387817,593958,Eduardo Rodriguez,P,29,0.7642924189567566,592351,Jon Gray,P,30,0.753818154335022
624586,James Hoyt,P,34,0,519008,T.J. McFarland,P,33,0.7597833275794983,477132,Clayton Kershaw,P,34,0.7274583578109741,502085,David Robertson,P,37,0.6799700260162354
625643,Reynaldo López,P,28,0,547179,Michael Lorenzen,P,30,0.9714678525924683,570632,José Ureña,P,30,0.8965863585472107,554340,Yimi García,P,31,0.7707598209381104
628317,Kenta Maeda,P,33,0,527048,Martín Pérez,P,31,0.8257980942726135,542881,Tyler Anderson,P,32,0.8037588596343994,548384,Brooks Raley,P,34,0.8031352162361145
628333,Odrisamer Despaigne,P,32,0,571946,Shelby Miller,P,31,0.7673638463020325,570632,José Ureña,P,30,0.6527364253997803,519008,T.J. McFarland,P,33,0.6278345584869385
628452,Raisel Iglesias,P,32,1,554340,Yimi García,P,31,0.8454370498657227,605177,Andrew Chafin,P,32,0.8135789632797241,445276,Kenley Jansen,P,34,0.8075395226478577
628711,Julio Urías,P,25,0,592351,Jon Gray,P,30,0.9039285778999329,547179,Michael Lorenzen,P,30,0.6934527158737183,593958,Eduardo Rodriguez,P,29,0.6777259111404419
630023,Yonny Chirinos,P,28,0,547179,Michael Lorenzen,P,30,0.8735998868942261,592351,Jon Gray,P,30,0.8153699040412903,570632,José Ureña,P,30,0.7546477317810059
640448,Kyle Finnegan,P,30,0,547179,Michael Lorenzen,P,30,0.8543150424957275,570632,José Ureña,P,30,0.8173431158065796,628452,Raisel Iglesias,P,32,0.7226980924606323
640451,Hunter Harvey,P,27,0,547179,Michael Lorenzen,P,30,0.6938552260398865,570632,José Ureña,P,30,0.6165599822998047,592351,Jon Gray,P,30,0.34416812658309937
640455,Sean Manaea,P,30,0,608379,Michael Wacha,P,30,0.830324649810791,542881,Tyler Anderson,P,32,0.7865796089172363,593958,Eduardo Rodriguez,P,29,0.7271971702575684
640462,A.J. Puk,P,27,0,547179,Michael Lorenzen,P,30,0.717619001865387,570632,José Ureña,P,30,0.5927660465240479,592351,Jon Gray,P,30,0.5438501834869385
640470,Adbert Alzolay,P,27,0,547179,Michael Lorenzen,P,30,0.8451137542724609,592351,Jon Gray,P,30,0.7916179895401001,570632,José Ureña,P,30,0.750022292137146
641154,Pablo López,P,26,0,607074,Carlos Rodón,P,29,0.8726602792739868,592351,Jon Gray,P,30,0.7928480505943298,592662,Robbie Ray,P,30,0.7917519807815552
641302,Tyler Alexander,P,27,0,608379,Michael Wacha,P,30,0.8953617215156555,592351,Jon Gray,P,30,0.7970964312553406,593958,Eduardo Rodriguez,P,29,0.7473100423812866
641312,Shaun Anderson,P,27,0,570632,José Ureña,P,30,0.6597269773483276,547179,Michael Lorenzen,P,30,0.5914382934570312,608379,Michael Wacha,P,30,0.4699980318546295
641401,Connor Brogdon,P,27,0,547179,Michael Lorenzen,P,30,0.7665418982505798,570632,José Ureña,P,30,0.736892580986023,592351,Jon Gray,P,30,0.3881514370441437
641482,Nestor Cortes,P,27,0,608379,Michael Wacha,P,30,0.6569170951843262,570632,José Ureña,P,30,0.454018771648407,593958,Eduardo Rodriguez,P,29,0.3705885708332062
641540,Dane Dunning,P,27,0,592351,Jon Gray,P,30,0.8043800592422485,608379,Michael Wacha,P,30,0.7330873012542725,593958,Eduardo Rodriguez,P,29,0.7032699584960938
641627,Trevor Gott,P,29,0,571946,Shelby Miller,P,31,0.8019156455993652,571927,Steven Matz,P,31,0.7229171395301819,570632,José Ureña,P,30,0.7186791300773621
641656,Ian Hamilton,P,27,0,570632,José Ureña,P,30,0.7283115983009338,547179,Michael Lorenzen,P,30,0.625073254108429,608379,Michael Wacha,P,30,0.45552390813827515
641712,Dakota Hudson,P,27,0,547179,Michael Lorenzen,P,30,0.7930409908294678,592351,Jon Gray,P,30,0.7883721590042114,570632,José Ureña,P,30,0.653576135635376
641729,Joe Jiménez,P,27,0,547179,Michael Lorenzen,P,30,0.855938196182251,570632,José Ureña,P,30,0.8378555178642273,608379,Michael Wacha,P,30,0.6707282662391663
641745,Brad Keller,P,26,0,607074,Carlos Rodón,P,29,0.8806222677230835,592662,Robbie Ray,P,30,0.8399151563644409,593958,Eduardo Rodriguez,P,29,0.8114900588989258
641755,Tyler Kinley,P,31,0,554340,Yimi García,P,31,0.9406099319458008,628452,Raisel Iglesias,P,32,0.8613792657852173,605177,Andrew Chafin,P,32,0.8217048645019531
641771,Chad Kuhl,P,29,0,570632,José Ureña,P,30,0.9339569807052612,547179,Michael Lorenzen,P,30,0.8399097323417664,571927,Steven Matz,P,31,0.8371418714523315
641778,Eric Lauer,P,27,0,608379,Michael Wacha,P,30,0.8562283515930176,592351,Jon Gray,P,30,0.847039520740509,593958,Eduardo Rodriguez,P,29,0.7459445595741272
641793,Zack Littell,P,26,0,570632,José Ureña,P,30,0.8452451825141907,547179,Michael Lorenzen,P,30,0.8364627957344055,608379,Michael Wacha,P,30,0.429414302110672
641816,Tyler Mahle,P,27,0,593958,Eduardo Rodriguez,P,29,0.8751559257507324,608379,Michael Wacha,P,30,0.8568922877311707,592351,Jon Gray,P,30,0.8295695185661316
641835,Tim Mayza,P,30,0,547179,Michael Lorenzen,P,30,0.8614893555641174,570632,José Ureña,P,30,0.8403379917144775,628452,Raisel Iglesias,P,32,0.7028053402900696
641871,Keynan Middleton,P,28,0,571946,Shelby Miller,P,31,0.9206715822219849,570632,José Ureña,P,30,0.7980485558509827,547179,Michael Lorenzen,P,30,0.7570741772651672
641941,Emilio Pagán,P,31,0,570632,José Ureña,P,30,0.7739035487174988,571946,Shelby Miller,P,31,0.7652881741523743,547179,Michael Lorenzen,P,30,0.7499926090240479
642003,Cody Reed,P,28,0,571946,Shelby Miller,P,31,0.8454107046127319,570632,José Ureña,P,30,0.7981438636779785,547179,Michael Lorenzen,P,30,0.7358847856521606
642100,Gabe Speier,P,27,0,547179,Michael Lorenzen,P,30,0.812760055065155,570632,José Ureña,P,30,0.7536492347717285,592351,Jon Gray,P,30,0.6673920154571533
642121,Cole Sulser,P,32,0,628452,Raisel Iglesias,P,32,0.9166339039802551,605177,Andrew Chafin,P,32,0.8489574790000916,445276,Kenley Jansen,P,34,0.8467025756835938
642152,Lou Trivino,P,30,0,554340,Yimi García,P,31,0.8531601428985596,547179,Michael Lorenzen,P,30,0.8519951105117798,570632,José Ureña,P,30,0.759490966796875
642207,Devin Williams,P,27,0,547179,Michael Lorenzen,P,30,0.8460981845855713,592351,Jon Gray,P,30,0.8116397857666016,570632,José Ureña,P,30,0.7554857730865479
642231,Jimmy Yacabonis,P,30,0,571946,Shelby Miller,P,31,0.8133426308631897,570632,José Ureña,P,30,0.6470636129379272,519008,T.J. McFarland,P,33,0.5487741231918335
642232,Ryan Yarbrough,P,30,0,542881,Tyler Anderson,P,32,0.7668935656547546,608379,Michael Wacha,P,30,0.6772246956825256,527048,Martín Pérez,P,31,0.675891101360321
642239,Rob Zastryzny,P,30,0,628452,Raisel Iglesias,P,32,0.5712524652481079,573186,Marcus Stroman,P,31,0.506492555141449,593576,Héctor Neris,P,33,0.464016854763031
642397,Gregory Soto,P,27,0,547179,Michael Lorenzen,P,30,0.8495184183120728,570632,José Ureña,P,30,0.7919837832450867,592351,Jon Gray,P,30,0.5346081852912903
642528,Jonathan Loáisiga,P,27,0,547179,Michael Lorenzen,P,30,0.8764172792434692,570632,José Ureña,P,30,0.81451416015625,592351,Jon Gray,P,30,0.5894492864608765
642545,Jaime Barria,P,25,0,570632,José Ureña,P,30,0.9433272480964661,547179,Michael Lorenzen,P,30,0.9335265159606934,608379,Michael Wacha,P,30,0.6599076986312866
642547,Freddy Peralta,P,26,0,592351,Jon Gray,P,30,0.7743427753448486,547179,Michael Lorenzen,P,30,0.7485687136650085,570632,José Ureña,P,30,0.6665904521942139
642701,Dennis Santana,P,26,0,570632,José Ureña,P,30,0.8848738670349121,547179,Michael Lorenzen,P,30,0.8703010082244873,592351,Jon Gray,P,30,0.49951809644699097
643230,Steven Brault,P,30,0,628452,Raisel Iglesias,P,32,0.881415605545044,554340,Yimi García,P,31,0.8186503648757935,605177,Andrew Chafin,P,32,0.7623732686042786
643256,Adam Cimber,P,31,0,628452,Raisel Iglesias,P,32,0.8856031894683838,445276,Kenley Jansen,P,34,0.8213720321655273,605177,Andrew Chafin,P,32,0.8080828785896301
643327,Zack Godley,P,31,0,608379,Michael Wacha,P,30,0.6635275483131409,579328,Yusei Kikuchi,P,31,0.6350513100624084,571927,Steven Matz,P,31,0.6127543449401855
643338,Chad Green,P,31,0,554340,Yimi García,P,31,0.7587194442749023,547179,Michael Lorenzen,P,30,0.7575762867927551,571946,Shelby Miller,P,31,0.7216752171516418
643410,Mark Leiter Jr.,P,31,0,519008,T.J. McFarland,P,33,0.73619544506073,554340,Yimi García,P,31,0.7107906937599182,628452,Raisel Iglesias,P,32,0.679785430431366
643493,Austin Pruitt,P,32,0,571946,Shelby Miller,P,31,0.768312394618988,519008,T.J. McFarland,P,33,0.7431658506393433,477132,Clayton Kershaw,P,34,0.7105742692947388
643511,Tyler Rogers,P,31,0,628452,Raisel Iglesias,P,32,0.8216676712036133,445276,Kenley Jansen,P,34,0.7793663740158081,605177,Andrew Chafin,P,32,0.7065525650978088
645261,Sandy Alcantara,P,26,0,607074,Carlos Rodón,P,29,0.861920952796936,592351,Jon Gray,P,30,0.8481541872024536,593958,Eduardo Rodriguez,P,29,0.7412145137786865
647336,Michael Soroka,P,22,0,592332,Kevin Gausman,P,31,0.7993477582931519,608379,Michael Wacha,P,30,0.7411901950836182,579328,Yusei Kikuchi,P,31,0.7254970073699951
650556,Bryan Abreu,P,25,0,547179,Michael Lorenzen,P,30,0.899132490158081,570632,José Ureña,P,30,0.8672915697097778,592351,Jon Gray,P,30,0.45815813541412354
650633,Michael King,P,27,0,547179,Michael Lorenzen,P,30,0.9200358986854553,592351,Jon Gray,P,30,0.8215202689170837,570632,José Ureña,P,30,0.8201450705528259
650644,Aaron Civale,P,27,0,592351,Jon Gray,P,30,0.7522205114364624,608379,Michael Wacha,P,30,0.7390792369842529,593958,Eduardo Rodriguez,P,29,0.6725503206253052
650671,José Quijada,P,26,0,570632,José Ureña,P,30,0.7545626759529114,547179,Michael Lorenzen,P,30,0.7131624221801758,608379,Michael Wacha,P,30,0.42132818698883057
650893,Génesis Cabrera,P,25,0,547179,Michael Lorenzen,P,30,0.8322046995162964,570632,José Ureña,P,30,0.7717567682266235,592351,Jon Gray,P,30,0.5731876492500305
650895,Diego Castillo,P,28,0,592351,Jon Gray,P,30,0.8109953999519348,579328,Yusei Kikuchi,P,31,0.7452666759490967,608379,Michael Wacha,P,30,0.7386338710784912
656186,Dan Altavilla,P,28,0,571946,Shelby Miller,P,31,0.9359419941902161,570632,José Ureña,P,30,0.6622753739356995,554340,Yimi García,P,31,0.6508987545967102
656222,Jalen Beeks,P,28,0,592351,Jon Gray,P,30,0.8602096438407898,547179,Michael Lorenzen,P,30,0.7452543377876282,554340,Yimi García,P,31,0.7204396724700928
656257,Jeff Brigham,P,30,0,628452,Raisel Iglesias,P,32,0.8031034469604492,570632,José Ureña,P,30,0.7660077810287476,592662,Robbie Ray,P,30,0.7539119124412537
656288,Griffin Canning,P,25,0,570632,José Ureña,P,30,0.7093027830123901,547179,Michael Lorenzen,P,30,0.671872079372406,608379,Michael Wacha,P,30,0.5564637184143066
656302,Dylan Cease,P,26,0,607074,Carlos Rodón,P,29,0.8675870895385742,593958,Eduardo Rodriguez,P,29,0.8617029190063477,592351,Jon Gray,P,30,0.828636646270752
656354,Austin Davis,P,29,0,571946,Shelby Miller,P,31,0.8855141997337341,570632,José Ureña,P,30,0.7194734811782837,571927,Steven Matz,P,31,0.6625872850418091
656427,Jack Flaherty,P,26,0,592351,Jon Gray,P,30,0.9001065492630005,608379,Michael Wacha,P,30,0.7687164545059204,547179,Michael Lorenzen,P,30,0.7561303377151489
656464,Kevin Ginkel,P,28,0,571946,Shelby Miller,P,31,0.7751873135566711,547179,Michael Lorenzen,P,30,0.7685748934745789,570632,José Ureña,P,30,0.7046840190887451
656546,Jeff Hoffman,P,29,0,570632,José Ureña,P,30,0.9178270101547241,547179,Michael Lorenzen,P,30,0.8857123255729675,571946,Shelby Miller,P,31,0.8588986396789551
656557,Tanner Houck,P,26,0,592351,Jon Gray,P,30,0.7464274168014526,547179,Michael Lorenzen,P,30,0.6521148681640625,608379,Michael Wacha,P,30,0.5859768986701965
656605,Mitch Keller,P,26,0,592351,Jon Gray,P,30,0.8697983622550964,547179,Michael Lorenzen,P,30,0.8232537508010864,570632,José Ureña,P,30,0.7388491630554199
656629,Michael Kopech,P,26,0,592351,Jon Gray,P,30,0.8555645942687988,547179,Michael Lorenzen,P,30,0.7769138813018799,608379,Michael Wacha,P,30,0.7459919452667236
656756,Jordan Montgomery,P,29,0,593958,Eduardo Rodriguez,P,29,0.9671172499656677,608379,Michael Wacha,P,30,0.905530571937561,527048,Martín Pérez,P,31,0.9034982919692993
656794,Sean Newcomb,P,29,0,571946,Shelby Miller,P,31,0.8902795314788818,570632,José Ureña,P,30,0.7600957155227661,547179,Michael Lorenzen,P,30,0.7596661448478699
656849,David Peterson,P,26,0,608379,Michael Wacha,P,30,0.7439720630645752,593958,Eduardo Rodriguez,P,29,0.5963867902755737,547179,Michael Lorenzen,P,30,0.5419912338256836
656876,Drew Rasmussen,P,26,0,592351,Jon Gray,P,30,0.8497064113616943,593958,Eduardo Rodriguez,P,29,0.7825374007225037,608379,Michael Wacha,P,30,0.7132247090339661
656887,Sean Reid-Foley,P,26,0,570632,José Ureña,P,30,0.7768363952636719,547179,Michael Lorenzen,P,30,0.7321004867553711,608379,Michael Wacha,P,30,0.37275147438049316
656945,Tanner Scott,P,27,0,547179,Michael Lorenzen,P,30,0.961097776889801,570632,José Ureña,P,30,0.9463907480239868,592351,Jon Gray,P,30,0.6382004022598267
657024,Erik Swanson,P,28,0,547179,Michael Lorenzen,P,30,0.9167559146881104,570632,José Ureña,P,30,0.8672158718109131,554340,Yimi García,P,31,0.7393306493759155
657044,Ryan Thompson,P,30,0,554340,Yimi García,P,31,0.9170311093330383,628452,Raisel Iglesias,P,32,0.8431868553161621,605177,Andrew Chafin,P,32,0.7866026163101196
657053,Touki Toussaint,P,26,0,570632,José Ureña,P,30,0.7352719306945801,547179,Michael Lorenzen,P,30,0.7009337544441223,608379,Michael Wacha,P,30,0.46012255549430847
657097,Jacob Webb,P,27,0,570632,José Ureña,P,30,0.9155795574188232,547179,Michael Lorenzen,P,30,0.9075006246566772,592351,Jon Gray,P,30,0.552346408367157
657140,Kyle Wright,P,26,0,570632,José Ureña,P,30,0.7876202464103699,547179,Michael Lorenzen,P,30,0.7341116666793823,608379,Michael Wacha,P,30,0.5001518130302429
657240,Julian Merryweather,P,30,0,571946,Shelby Miller,P,31,0.7104319334030151,547179,Michael Lorenzen,P,30,0.5983091592788696,628452,Raisel Iglesias,P,32,0.5445464849472046
657277,Logan Webb,P,25,0,593958,Eduardo Rodriguez,P,29,0.888382613658905,607074,Carlos Rodón,P,29,0.866500198841095,592662,Robbie Ray,P,30,0.7983708381652832
657376,Clarke Schmidt,P,26,0,547179,Michael Lorenzen,P,30,0.899804949760437,570632,José Ureña,P,30,0.8664469718933105,592351,Jon Gray,P,30,0.6544066071510315
657571,Caleb Ferguson,P,25,0,547179,Michael Lorenzen,P,30,0.8909245729446411,570632,José Ureña,P,30,0.8358710408210754,592351,Jon Gray,P,30,0.6681342124938965
657612,Tim Hill,P,32,0,519008,T.J. McFarland,P,33,0.9470599889755249,477132,Clayton Kershaw,P,34,0.6448829174041748,571946,Shelby Miller,P,31,0.6420990824699402
659275,Dinelson Lamet,P,29,0,547179,Michael Lorenzen,P,30,0.891769528388977,592351,Jon Gray,P,30,0.8130401968955994,554340,Yimi García,P,31,0.7685739994049072
660271,Shohei Ohtani,P,27,0,547179,Michael Lorenzen,P,30,0.7613286972045898,570632,José Ureña,P,30,0.6789370775222778,592351,Jon Gray,P,30,0.4830957055091858
660761,José Suarez,P,24,0,571946,Shelby Miller,P,31,0.7766287326812744,570632,José Ureña,P,30,0.6621753573417664,547179,Michael Lorenzen,P,30,0.6586036682128906
660813,Brusdar Graterol,P,23,0,547179,Michael Lorenzen,P,30,0.7216708064079285,571946,Shelby Miller,P,31,0.7147979736328125,570632,José Ureña,P,30,0.672789990901947
660853,Enyel De Los Santos,P,26,0,547179,Michael Lorenzen,P,30,0.8390519618988037,570632,José Ureña,P,30,0.7906591892242432,592351,Jon Gray,P,30,0.7060181498527527
660896,Jorge Alcala,P,26,0,547179,Michael Lorenzen,P,30,0.8079124689102173,570632,José Ureña,P,30,0.7801842093467712,592351,Jon Gray,P,30,0.5835145711898804
661403,Emmanuel Clase,P,24,0,592351,Jon Gray,P,30,0.891039252281189,445276,Kenley Jansen,P,34,0.8199591636657715,592332,Kevin Gausman,P,31,0.7287474274635315
662253,Andrés Muñoz,P,23,0,592332,Kevin Gausman,P,31,0.7759550213813782,547179,Michael Lorenzen,P,30,0.7309082746505737,570632,José Ureña,P,30,0.6755174398422241
663423,Trent Thornton,P,28,0,554340,Yimi García,P,31,0.8629158735275269,547179,Michael Lorenzen,P,30,0.7317484617233276,570632,José Ureña,P,30,0.7174143195152283
663432,Tanner Rainey,P,29,0,571946,Shelby Miller,P,31,0.8690160512924194,547179,Michael Lorenzen,P,30,0.740959882736206,570632,José Ureña,P,30,0.7395647764205933
663460,Kris Bubic,P,24,0,593958,Eduardo Rodriguez,P,29,0.8607210516929626,608379,Michael Wacha,P,30,0.8002378940582275,592332,Kevin Gausman,P,31,0.7743912935256958
663465,Kolby Allard,P,24,0,571946,Shelby Miller,P,31,0.7868350744247437,519008,T.J. McFarland,P,33,0.6260169744491577,434378,Justin Verlander,P,39,0.6087999939918518
663474,Triston McKenzie,P,24,0,593958,Eduardo Rodriguez,P,29,0.8846520781517029,592332,Kevin Gausman,P,31,0.8193363547325134,608379,Michael Wacha,P,30,0.8169156312942505
663765,Jake Woodford,P,25,0,547179,Michael Lorenzen,P,30,0.7550700306892395,570632,José Ureña,P,30,0.6893305778503418,592351,Jon Gray,P,30,0.5222483277320862
663776,Patrick Sandoval,P,25,0,593958,Eduardo Rodriguez,P,29,0.8389836549758911,608379,Michael Wacha,P,30,0.8260246515274048,592351,Jon Gray,P,30,0.7562015652656555
663855,Jordan Hicks,P,25,0,547179,Michael Lorenzen,P,30,0.6452643275260925,570632,José Ureña,P,30,0.5637379288673401,592351,Jon Gray,P,30,0.3021589517593384
663903,Brady Singer,P,25,0,592351,Jon Gray,P,30,0.8148399591445923,608379,Michael Wacha,P,30,0.7323188185691833,593958,Eduardo Rodriguez,P,29,0.6948869228363037
663978,Chris Paddack,P,26,0,592351,Jon Gray,P,30,0.8597416281700134,608379,Michael Wacha,P,30,0.7045356631278992,547179,Michael Lorenzen,P,30,0.6747990250587463
663992,Richard Lovelady,P,25,0,570632,José Ureña,P,30,0.6972850561141968,547179,Michael Lorenzen,P,30,0.6529697775840759,592662,Robbie Ray,P,30,0.6124484539031982
664062,Tony Gonsolin,P,28,0,592351,Jon Gray,P,30,0.9045412540435791,592332,Kevin Gausman,P,31,0.8415024280548096,592662,Robbie Ray,P,30,0.7580366730690002
664076,Garrett Cleavinger,P,28,0,571927,Steven Matz,P,31,0.7745703458786011,571946,Shelby Miller,P,31,0.7177867293357849,579328,Yusei Kikuchi,P,31,0.6896752119064331
664126,Pete Fairbanks,P,28,0,592351,Jon Gray,P,30,0.7365329265594482,592332,Kevin Gausman,P,31,0.6402270197868347,554340,Yimi García,P,31,0.6305326223373413
664129,Geoff Hartlieb,P,27,0,570632,José Ureña,P,30,0.7354947328567505,547179,Michael Lorenzen,P,30,0.672702968120575,608379,Michael Wacha,P,30,0.518629789352417
664139,Ian Gibaut,P,28,0,571946,Shelby Miller,P,31,0.899873673915863,554340,Yimi García,P,31,0.7049933671951294,547179,Michael Lorenzen,P,30,0.6771218776702881
664192,Joey Lucchesi,P,28,0,592351,Jon Gray,P,30,0.9261099696159363,592332,Kevin Gausman,P,31,0.7979758381843567,608379,Michael Wacha,P,30,0.768718957901001
664199,Taylor Clarke,P,29,0,547179,Michael Lorenzen,P,30,0.9677233695983887,570632,José Ureña,P,30,0.9280498027801514,554340,Yimi García,P,31,0.7218183279037476
664208,Phil Maton,P,29,0,571927,Steven Matz,P,31,0.8336119055747986,554340,Yimi García,P,31,0.8038094639778137,547179,Michael Lorenzen,P,30,0.759543776512146
664285,Framber Valdez,P,28,0,592351,Jon Gray,P,30,0.9429671168327332,592332,Kevin Gausman,P,31,0.8614802956581116,593958,Eduardo Rodriguez,P,29,0.7643986940383911
664299,Cristian Javier,P,25,0,593958,Eduardo Rodriguez,P,29,0.8923047780990601,608379,Michael Wacha,P,30,0.8304977416992188,592351,Jon Gray,P,30,0.8021434545516968
664353,José Urquidy,P,27,0,592351,Jon Gray,P,30,0.9028997421264648,608379,Michael Wacha,P,30,0.8660927414894104,593958,Eduardo Rodriguez,P,29,0.8305369019508362
664854,Ryan Helsley,P,27,0,547179,Michael Lorenzen,P,30,0.8212381601333618,592351,Jon Gray,P,30,0.7622309923171997,570632,José Ureña,P,30,0.705735445022583
664948,Anthony Misiewicz,P,27,0,547179,Michael Lorenzen,P,30,0.553888201713562,570632,José Ureña,P,30,0.5512059330940247,608379,Michael Wacha,P,30,0.45979171991348267
665152,Dean Kremer,P,26,0,547179,Michael Lorenzen,P,30,0.8752923011779785,570632,José Ureña,P,30,0.8271057605743408,592351,Jon Gray,P,30,0.7880510091781616
666200,Jesús Luzardo,P,24,0,592351,Jon Gray,P,30,0.8489581346511841,608379,Michael Wacha,P,30,0.8383171558380127,593958,Eduardo Rodriguez,P,29,0.830267071723938
667463,John King,P,27,0,570632,José Ureña,P,30,0.7189252376556396,547179,Michael Lorenzen,P,30,0.6943166255950928,608379,Michael Wacha,P,30,0.6712710857391357
668676,Zach Plesac,P,27,0,592351,Jon Gray,P,30,0.8639830946922302,608379,Michael Wacha,P,30,0.8577613830566406,593958,Eduardo Rodriguez,P,29,0.8206733465194702
668678,Zac Gallen,P,26,0,593958,Eduardo Rodriguez,P,29,0.8957242965698242,592351,Jon Gray,P,30,0.8368831872940063,608379,Michael Wacha,P,30,0.805528998374939
668941,JoJo Romero,P,25,0,608379,Michael Wacha,P,30,0.5422769784927368,547179,Michael Lorenzen,P,30,0.5320595502853394,570632,José Ureña,P,30,0.5318828225135803
669060,Bryse Wilson,P,24,0,571946,Shelby Miller,P,31,0.8318731784820557,434378,Justin Verlander,P,39,0.5541408061981201,570632,José Ureña,P,30,0.5456766486167908
669160,Dustin May,P,24,0,547179,Michael Lorenzen,P,30,0.8035709857940674,570632,José Ureña,P,30,0.7330856919288635,472610,Luis García,P,35,0.7318416833877563
669203,Corbin Burnes,P,27,0,593958,Eduardo Rodriguez,P,29,0.8549964427947998,608379,Michael Wacha,P,30,0.7661670446395874,607074,Carlos Rodón,P,29,0.7091453075408936
669211,Keegan Akin,P,27,0,592351,Jon Gray,P,30,0.8226117491722107,608379,Michael Wacha,P,30,0.818295955657959,593958,Eduardo Rodriguez,P,29,0.7840197086334229
669373,Tarik Skubal,P,25,0,608379,Michael Wacha,P,30,0.7942965626716614,593958,Eduardo Rodriguez,P,29,0.7544858455657959,592351,Jon Gray,P,30,0.6741023063659668
669432,Trevor Rogers,P,24,0,593958,Eduardo Rodriguez,P,29,0.9202046394348145,608379,Michael Wacha,P,30,0.8483387231826782,592332,Kevin Gausman,P,31,0.8226892948150635
669456,Shane Bieber,P,27,0,607074,Carlos Rodón,P,29,0.9515418410301208,593958,Eduardo Rodriguez,P,29,0.8420055508613586,592662,Robbie Ray,P,30,0.8093927502632141
669459,Kyle Nelson,P,25,0,608379,Michael Wacha,P,30,0.442199170589447,593958,Eduardo Rodriguez,P,29,0.33353275060653687,607074,Carlos Rodón,P,29,0.25012725591659546
670036,Matt Festa,P,29,0,571946,Shelby Miller,P,31,0.7796260118484497,571927,Steven Matz,P,31,0.711353600025177,628452,Raisel Iglesias,P,32,0.66135174036026
670167,John Schreiber,P,28,0,592351,Jon Gray,P,30,0.8864916563034058,592332,Kevin Gausman,P,31,0.7675066590309143,554340,Yimi García,P,31,0.7041493058204651
670280,David Bednar,P,27,0,592662,Robbie Ray,P,30,0.6794000267982483,608379,Michael Wacha,P,30,0.6499556303024292,607074,Carlos Rodón,P,29,0.6362148523330688
670950,Trevor Richards,P,29,0,608379,Michael Wacha,P,30,0.8452287912368774,571927,Steven Matz,P,31,0.8135672211647034,579328,Yusei Kikuchi,P,31,0.7984787225723267
670970,Adrian Morejon,P,23,0,571946,Shelby Miller,P,31,0.780378520488739,554340,Yimi García,P,31,0.7008407711982727,547179,Michael Lorenzen,P,30,0.6730287075042725
670990,Yohan Ramírez,P,27,0,547179,Michael Lorenzen,P,30,0.8723486065864563,570632,José Ureña,P,30,0.8713388442993164,592351,Jon Gray,P,30,0.5909740924835205
672335,Cionel Pérez,P,26,0,547179,Michael Lorenzen,P,30,0.764682412147522,570632,José Ureña,P,30,0.7022764086723328,592351,Jon Gray,P,30,0.595076322555542
672578,Carlos Hernández,P,25,0,547179,Michael Lorenzen,P,30,0.7031645774841309,570632,José Ureña,P,30,0.6815353631973267,608379,Michael Wacha,P,30,0.46161651611328125
681911,Alex Vesia,P,26,0,570632,José Ureña,P,30,0.8535246253013611,547179,Michael Lorenzen,P,30,0.8227548003196716,608379,Michael Wacha,P,30,0.6923053860664368
683232,Nick Mears,P,25,0,547179,Michael Lorenzen,P,30,0.8366646766662598,570632,José Ureña,P,30,0.8109192848205566,592351,Jon Gray,P,30,0.647980272769928
