name,season,position,age,height,weight,bats,throws,debut_year,contract_value,war,era,fip,whip,k_per_9,bb_per_9,ip,so,x_era,x_fip,lob_pct,babip,hr_per_9,velocity,player_id
A.J. Cole,2018,P,26,"6' 5""",240,R,R,2015,,-0.583954588,6.14,6.119052285,1.59,10.99,4.10,48.1,59,,4.305710068965517,69.6,.325,2.793103467,93.4,595918
A.J. Cole,2019,P,27,"6' 5""",240,R,R,2015,,0.229628459,3.81,3.829394497,1.50,10.38,2.77,26.0,30,,4.8132,68.9,.360,1.384616299,94.4,595918
A.J. Cole,2020,P,28,"6' 5""",240,R,R,2015,,0.244137675,3.09,4.305704999,1.20,7.71,3.47,23.1,20,,5.19614,79.8,.258,1.157142826,92.3,595918
A.J. Cole,2021,P,29,"6' 5""",240,R,R,2015,,0.072117731,1.13,3.420034152,0.88,7.88,1.12,8.0,7,,4.66212,107.1,.238,1.125000134,92.5,595918
A.J. Minter,2018,p,24,"6' 0""",215,L,L,2017,22000000.0,1.391347408,3.23,2.720214038,1.29,10.13,3.23,61.1,69,,3.61927,75.5,.331,0.440217537,94.1,621345
A.J. Minter,2019,p,25,"6' 0""",215,L,L,2017,22000000.0,-0.0932455212,7.06,4.611737354,2.01,10.74,7.06,29.1,35,,5.31661,66.3,.393,0.920454944,93.6,621345
A.J. Minter,2020,p,26,"6' 0""",215,L,L,2017,22000000.0,0.436313331,0.83,2.822188438,1.11,9.97,3.74,21.2,24,,3.73515,92.9,.280,0.415384737,91.5,621345
A.J. Minter,2021,p,27,"6' 0""",215,L,L,2017,22000000.0,1.274174333,3.78,2.692327,1.22,9.80,3.44,52.1,57,,3.81378,61.1,.300,0.343949128,96.1,621345
A.J. Minter,2022,p,28,"6' 0""",215,L,L,2017,22000000.0,2.037213326,2.06,2.126716609,0.91,12.09,1.93,70.0,94,,2.67851,76.7,.289,0.642857213,94.1,621345
A.J. Puk,2019,P,24,"6' 7""",248,L,L,2019,,0.238074929,3.18,3.390480069,1.32,10.32,3.97,11.1,13,,4.34964,80.9,.321,0.794117669,94.5,640462
A.J. Puk,2021,P,26,"6' 7""",248,L,L,2019,,0.143660024,6.08,3.320034137,1.80,10.80,4.05,13.1,16,,3.53598,67.8,.415,0.675000064,95.3,640462
A.J. Puk,2022,P,27,"6' 7""",248,L,L,2019,,0.267320901,3.12,3.685295433,1.15,10.31,3.12,66.1,76,,3.67478,77.4,.286,0.949748926,96.6,640462
Aaron Brooks,2018,P,28,"6' 4""",230,R,R,2014,,-0.0105771748,0.00,4.660431933,1.13,3.38,6.75,2.2,1,,5.89911,100.0,.143,0.0,91.5,605156
Aaron Brooks,2019,P,29,"6' 4""",230,R,R,2014,,0.463485882,5.65,5.404918529,1.38,6.71,2.78,110.0,82,,5.346314666666666,67.9,.290,1.718181788,91.9,605156
Aaron Brooks,2022,P,32,"6' 4""",230,R,R,2014,,-0.176557124,7.71,6.755288641,1.39,6.75,1.93,9.1,7,,4.63867,61.2,.267,2.892857537,93.2,605156
Aaron Bummer,2018,P,24,"6' 3""",215,L,L,2017,,0.772337198,4.26,2.402536185,1.58,9.95,2.84,31.2,35,,2.82651,64.5,.402,0.284210772,93.1,607481
Aaron Bummer,2019,P,25,"6' 3""",215,L,L,2017,,1.316754699,2.13,3.406127731,0.99,7.98,3.19,67.2,60,,3.49017,82.3,.229,0.532019784,95.5,607481
Aaron Bummer,2020,P,26,"6' 3""",215,L,L,2017,,0.275325447,0.96,1.798561983,1.07,13.50,4.82,9.1,14,,2.41836,90.0,.263,0.0,95.0,607481
Aaron Bummer,2021,P,27,"6' 3""",215,L,L,2017,,1.242254734,3.51,2.957016323,1.26,11.98,4.63,56.1,75,,2.79715,66.4,.298,0.479290049,95.3,607481
Aaron Bummer,2022,P,28,"6' 3""",215,L,L,2017,,0.306724936,2.36,3.187431025,1.50,10.13,3.38,26.2,30,,2.82308,79.1,.384,0.675000209,94.4,607481
Aaron Civale,2019,p,24,"6' 1""",245,R,R,2019,6000000.0,1.479457617,2.34,3.404760917,1.04,7.18,2.50,57.2,46,,4.60721,77.6,.252,0.624277443,90.5,650644
Aaron Civale,2020,p,25,"6' 1""",245,R,R,2019,6000000.0,1.163004875,4.74,4.029257153,1.32,8.39,1.95,74.0,69,,3.92088,72.4,.333,1.337837838,91.8,650644
Aaron Civale,2021,p,26,"6' 1""",245,R,R,2019,6000000.0,0.725814581,3.84,4.826870651,1.12,7.17,2.24,124.1,99,,4.32358,78.5,.250,1.664879425,91.5,650644
Aaron Civale,2022,p,27,"6' 1""",245,R,R,2019,6000000.0,1.252602458,4.92,3.865008321,1.19,9.09,2.04,97.0,98,,3.6217,62.5,.297,1.298969072,91.2,650644
Aaron Loup,2018,p,30,"5' 11""",210,L,L,2012,,0.281657215,4.54,3.614213317,1.56,9.98,3.18,39.2,44,,3.718963193277311,71.2,.376,0.907563482,92.0,571901
Aaron Loup,2019,p,31,"5' 11""",210,L,L,2012,,0.0885265097,0.00,2.014009361,0.90,13.50,2.70,3.1,5,,2.61077,100.0,.286,0.0,91.7,571901
Aaron Loup,2020,p,32,"5' 11""",210,L,L,2012,,0.196207821,2.52,3.831419657,0.84,7.92,1.44,25.0,22,,3.81404,75.8,.230,1.080000577,92.0,571901
Aaron Loup,2021,p,33,"5' 11""",210,L,L,2012,,1.629327029,0.95,2.446504532,0.94,9.05,2.54,56.2,57,,3.36912,86.3,.259,0.158823569,92.3,571901
Aaron Loup,2022,p,34,"5' 11""",210,L,L,2012,,0.340823561,3.84,3.760158471,1.30,7.98,3.38,58.2,52,,4.11024,58.7,.287,0.61363655,91.2,571901
Aaron Nola,2018,p,25,"6' 2""",200,R,R,2015,24571429.0,5.486468792,2.37,3.009725147,0.97,9.49,2.46,212.1,224,,3.21345,82.5,.254,0.720565115,92.4,605400
Aaron Nola,2019,p,26,"6' 2""",200,R,R,2015,24571429.0,3.438506365,3.87,4.034437771,1.27,10.19,3.56,202.1,229,,3.82353,76.8,.297,1.200988407,92.9,605400
Aaron Nola,2020,p,27,"6' 2""",200,R,R,2015,24571429.0,1.965292573,3.28,3.191419315,1.08,12.11,2.90,71.1,96,,2.7947,72.3,.283,1.1355141,92.3,605400
Aaron Nola,2021,p,28,"6' 2""",200,R,R,2015,24571429.0,4.422885895,4.63,3.369296126,1.13,11.11,1.94,180.2,223,,3.37349,66.8,.310,1.295203025,92.7,605400
Aaron Nola,2022,p,29,"6' 2""",200,R,R,2015,24571429.0,6.296249866,3.25,2.580723685,0.96,10.32,1.27,205.0,235,,2.76956,73.0,.291,0.834146341,92.6,605400
Aaron Sanchez,2018,p,25,"6' 4""",212,R,R,2014,,0.60949558,4.89,4.741383957,1.56,7.37,4.97,105.0,86,,4.98391,70.1,.304,0.942857143,93.7,592717
Aaron Sanchez,2019,p,26,"6' 4""",212,R,R,2014,,0.772538319,5.89,5.247004419,1.62,7.88,4.66,131.1,115,,5.1454414720812185,67.3,.321,1.370558389,93.6,592717
Aaron Sanchez,2021,p,28,"6' 4""",212,R,R,2014,,0.407049518,3.06,4.047392645,1.33,6.62,3.82,35.1,26,,5.00933,80.9,.275,0.509433981,89.9,592717
Aaron Sanchez,2022,p,29,"6' 4""",212,R,R,2014,,0.216732447,6.60,4.479097733,1.55,6.15,2.25,60.0,41,,4.176792333333333,59.9,.359,1.200000057,92.2,592717
Adam Cimber,2018,P,27,"6' 3""",195,R,R,2018,,0.720700711,3.42,3.423846303,1.24,7.64,2.24,68.1,58,,3.511931951219512,75.0,.321,0.658536818,,643256
Adam Cimber,2019,P,28,"6' 3""",195,R,R,2018,,0.221890643,4.45,4.361068968,1.32,6.51,3.02,56.2,41,,4.45895,70.8,.289,0.952941732,,643256
Adam Cimber,2020,P,29,"6' 3""",195,R,R,2018,,0.10228996,3.97,3.985537185,1.32,3.97,1.59,11.1,5,,5.39062,73.5,.293,0.79411787,,643256
Adam Cimber,2021,P,30,"6' 3""",195,R,R,2018,,1.15934208,2.26,3.072359685,1.07,6.40,2.01,71.2,51,,4.211328790697674,73.9,.281,0.25116284,,643256
Adam Cimber,2022,P,31,"6' 3""",195,R,R,2018,,0.805833757,2.80,3.466204676,1.12,7.39,1.66,70.2,58,,3.87073,75.1,.294,0.764151136,,643256
Adam Conley,2018,P,28,"6' 3""",209,L,L,2015,,0.394746482,4.09,3.59464232,1.09,8.88,3.20,50.2,50,,3.84384,63.3,.252,0.888158341,95.2,543045
Adam Conley,2019,P,29,"6' 3""",209,L,L,2015,,-0.405794084,6.53,5.192031661,1.73,7.86,4.30,60.2,53,,5.40999,67.0,.357,1.483516639,95.3,543045
Adam Conley,2021,P,31,"6' 3""",209,L,L,2015,,0.089037098,2.29,4.085288567,1.02,7.32,2.75,19.2,16,,4.28838,88.5,.240,0.915254444,95.7,543045
Adam Kolarek,2018,P,29,"6' 3""",215,L,L,2017,,0.88579756,3.93,2.577907153,1.25,4.98,1.31,34.1,19,,4.02107,65.9,.328,0.0,90.0,592473
Adam Kolarek,2019,P,30,"6' 3""",215,L,L,2017,,0.147111515,3.27,4.268555552,1.16,7.36,2.62,55.0,45,,3.735196060606061,78.7,.259,1.145455221,89.2,592473
Adam Kolarek,2020,P,31,"6' 3""",215,L,L,2017,,0.357899964,0.95,3.138787721,0.79,6.16,1.89,19.0,13,,3.67244,95.6,.185,0.473684353,89.2,592473
Adam Kolarek,2021,P,32,"6' 3""",215,L,L,2017,,-0.22720781,8.00,7.170035818,2.22,4.00,5.00,9.0,4,,5.45739,60.4,.342,2.000000848,88.4,592473
Adam Kolarek,2022,P,33,"6' 3""",215,L,L,2017,,-0.109527536,4.58,4.69733689,1.58,4.58,4.08,17.2,9,,4.71564,74.3,.328,0.509434036,89.4,592473
Adam Morgan,2018,P,28,"6' 1""",200,L,L,2015,,0.387994647,3.83,3.788810262,1.44,9.12,4.01,49.1,50,,3.81039,71.9,.324,0.912162609,93.9,605388
Adam Morgan,2019,P,29,"6' 1""",200,L,L,2015,,0.25659278,3.94,4.326369694,1.01,8.80,3.03,29.2,29,,4.71922,69.3,.216,1.213483874,92.5,605388
Adam Morgan,2020,P,30,"6' 1""",200,L,L,2015,,-0.032771945,5.54,5.114497226,1.54,11.08,4.15,13.0,16,,4.04278,75.9,.333,2.076924143,91.5,605388
Adam Morgan,2021,P,31,"6' 1""",200,L,L,2015,,-0.336346388,4.26,5.577929705,1.34,9.95,4.26,25.1,28,,4.24013,75.2,.262,2.131579696,92.5,605388
Adam Ottavino,2018,p,32,"6' 5""",246,S,R,2010,,1.868705988,2.43,2.735538775,0.99,12.98,4.17,77.2,112,,3.13202,76.3,.243,0.579399274,93.8,493603
Adam Ottavino,2019,p,33,"6' 5""",246,S,R,2010,,1.282010078,1.90,3.44014025,1.31,11.94,5.43,66.1,88,,4.3195,87.8,.286,0.678392324,92.5,493603
Adam Ottavino,2020,p,34,"6' 5""",246,S,R,2010,,0.237219408,5.89,3.518692202,1.58,12.27,4.42,18.1,25,,3.78338,66.2,.375,0.981818658,93.0,493603
Adam Ottavino,2021,p,35,"6' 5""",246,S,R,2010,,0.576908231,4.21,3.960356849,1.45,10.31,5.08,62.0,71,,4.70479,73.3,.321,0.725806586,94.5,493603
Adam Ottavino,2022,p,36,"6' 5""",246,S,R,2010,,1.139841676,2.06,2.853547713,0.97,10.83,2.19,65.2,79,,2.79292,89.1,.276,0.822335153,93.6,493603
Adam Wainwright,2018,p,36,"6' 7""",230,R,R,2005,8000000.0,0.457280904,4.46,4.276134196,1.46,8.93,4.02,40.1,40,,4.26158,74.1,.319,1.11570262,89.5,425794
Adam Wainwright,2019,p,37,"6' 7""",230,R,R,2005,8000000.0,2.076882601,4.19,4.355757116,1.43,8.02,3.36,171.2,153,,4.39312,76.5,.323,1.153398127,89.9,425794
Adam Wainwright,2020,p,38,"6' 7""",230,R,R,2005,8000000.0,1.025799155,3.15,4.105124828,1.05,7.40,2.06,65.2,54,,4.2321,78.8,.247,1.233502443,89.3,425794
Adam Wainwright,2021,p,39,"6' 7""",230,R,R,2005,8000000.0,3.90563345,3.05,3.664379854,1.06,7.59,2.18,206.1,174,,3.87191,78.4,.257,0.915993561,89.0,425794
Adam Wainwright,2022,p,40,"6' 7""",230,R,R,2005,8000000.0,2.888012409,3.71,3.660257118,1.28,6.71,2.54,191.2,143,,4.0966,75.0,.302,0.751304388,88.5,425794
Adam Warren,2018,p,30,"6' 1""",224,R,R,2012,,0.242753007,3.14,3.934625134,1.32,9.06,3.48,51.2,52,,4.310987096774194,84.4,.294,1.045161303,91.8,476589
Adam Warren,2019,p,31,"6' 1""",224,R,R,2012,,-0.798977733,5.34,6.911684714,1.40,7.85,3.77,28.2,25,,4.9814,81.0,.253,2.825582022,91.4,476589
Adbert Alzolay,2019,P,24,"6' 1""",208,R,R,2019,,-0.236600101,7.30,7.754547676,1.78,9.49,6.57,12.1,13,,6.11893,74.7,.273,2.918917414,94.3,640470
Adbert Alzolay,2020,P,25,"6' 1""",208,R,R,2019,,0.533409745,2.95,3.050794357,1.17,12.23,5.48,21.1,29,,3.61647,73.2,.256,0.421874874,94.6,640470
Adbert Alzolay,2021,P,26,"6' 1""",208,R,R,2019,,0.948838443,4.58,4.650140298,1.16,9.17,2.44,125.2,128,,3.6645,73.3,.270,1.790451019,93.4,640470
Adbert Alzolay,2022,P,27,"6' 1""",208,R,R,2019,,0.498597652,3.38,1.912430973,0.83,12.83,1.35,13.1,19,,2.26976,66.0,.276,0.675000016,93.7,640470
Addison Reed,2018,p,29,"6' 4""",230,L,R,2011,8375000.0,-0.246646419,4.50,5.10686028,1.43,7.07,2.41,56.0,44,,5.03071,78.4,.323,1.767857263,90.8,592665
Adrian Houser,2018,p,25,"6' 4""",227,R,R,2015,11000000.0,0.0803169012,3.29,3.745797293,1.46,5.27,4.61,13.2,8,,5.80024,76.2,.302,0.0,94.2,605288
Adrian Houser,2019,p,26,"6' 4""",227,R,R,2015,11000000.0,1.578430593,3.72,3.878680233,1.24,9.46,2.99,111.1,117,,3.60185,76.2,.304,1.131736695,94.4,605288
Adrian Houser,2020,p,27,"6' 4""",227,R,R,2015,11000000.0,0.418343577,5.30,4.816419315,1.50,7.07,3.38,56.0,44,,4.09559,61.2,.325,1.285714286,93.4,605288
Adrian Houser,2021,p,28,"6' 4""",227,R,R,2015,11000000.0,1.495583523,3.22,4.329284749,1.28,6.64,4.05,142.1,105,,4.31172,74.6,.264,0.758782229,93.7,605288
Adrian Houser,2022,p,29,"6' 4""",227,R,R,2015,11000000.0,1.034908723,4.73,4.21308038,1.46,6.05,4.12,102.2,69,,4.64201,61.1,.289,0.701298719,93.9,605288
Adrian Morejon,2019,P,20,"5' 11""",224,L,L,2019,,0.119514495,10.13,3.714009476,2.25,10.13,3.38,8.0,9,,4.57552,54.2,.483,1.125,93.5,670970
Adrian Morejon,2020,P,21,"5' 11""",224,L,L,2019,,-0.132950917,4.66,5.932797724,1.24,11.64,1.86,19.1,25,,3.0212,91.5,.302,3.258619618,90.8,670970
Adrian Morejon,2021,P,22,"5' 11""",224,L,L,2019,,-0.164077535,3.86,8.741463453,1.50,5.79,3.86,4.2,3,,4.30426,119.0,.231,3.857143383,95.9,670970
Adrian Morejon,2022,P,23,"5' 11""",224,L,L,2019,,0.233132899,4.24,3.87713697,1.18,7.41,2.38,34.0,28,,4.56828,65.0,.273,1.058823648,92.9,670970
AJ Ramos,2018,P,31,"5' 10""",200,R,R,2012,,-0.16441837,6.41,5.194330933,1.63,10.07,6.86,19.2,22,,5.39477,64.7,.292,1.372882066,91.5,573109
AJ Ramos,2020,P,33,"5' 10""",200,R,R,2012,,-0.119725212,3.38,10.6914211,2.63,3.38,10.12,2.2,1,,10.155,107.1,.300,3.375000805,91.3,573109
AJ Ramos,2021,P,34,"5' 10""",200,R,R,2012,,0.0705971122,0.00,3.170034122,0.43,5.79,3.86,4.2,3,,5.81656,100.0,.000,0.0,90.7,573109
Alec Mills,2018,P,26,"6' 4""",205,R,R,2016,,0.433807224,4.00,2.493765015,1.00,11.50,3.50,18.0,23,,3.14789,60.2,.250,0.499999921,90.6,621219
Alec Mills,2019,P,27,"6' 4""",205,R,R,2016,,0.431692142,2.75,4.186231698,1.17,10.50,2.75,36.0,42,,3.98309,90.5,.299,1.25,89.7,621219
Alec Mills,2020,P,28,"6' 4""",205,R,R,2016,,0.143577978,4.48,5.437408391,1.16,6.64,2.74,62.1,46,,4.61321,77.1,.233,1.877005156,89.9,621219
Alec Mills,2021,P,29,"6' 4""",205,R,R,2016,,1.011398599,5.07,4.489361938,1.44,6.58,2.57,119.0,87,,4.32791,66.2,.328,1.210084111,,621219
Alec Mills,2022,P,30,"6' 4""",205,R,R,2016,,-0.57743521,9.68,8.036960012,1.75,5.60,1.53,17.2,11,,5.48364,57.9,.350,3.566038249,,621219
Alex Claudio,2018,P,26,"6' 2""",190,L,L,2014,,0.950735647,4.48,3.423846318,1.52,5.40,1.71,68.1,41,,3.58133,71.0,.370,0.526829484,,592222
Alex Claudio,2019,P,27,"6' 2""",190,L,L,2014,,-0.229821295,4.06,4.923687526,1.31,6.39,3.48,62.0,44,,4.59379,76.5,.268,1.161290751,,592222
Alex Claudio,2020,P,28,"6' 2""",190,L,L,2014,,0.0918127298,4.26,4.086156337,1.26,7.11,2.84,19.0,15,,4.74751,67.6,.281,0.947368611,,592222
Alex Claudio,2021,P,29,"6' 2""",190,L,L,2014,,-0.175992101,5.51,5.098606152,1.59,8.27,4.13,32.2,30,,3.9531,68.8,.320,1.653061739,,592222
Alex Claudio,2022,P,30,"6' 2""",190,L,L,2014,,0.00481193187,0.00,3.712431059,0.90,5.40,5.40,3.1,2,,4.60067,100.0,.111,0.0,,592222
Alex Cobb,2018,p,30,"6' 3""",205,R,R,2011,,1.503798246,4.90,4.795004771,1.41,6.03,2.54,152.1,102,,4.47076,68.0,.305,1.417943013,91.9,502171
Alex Cobb,2019,p,31,"6' 3""",205,R,R,2011,,-0.553100705,10.95,11.88968068,1.86,5.84,1.46,12.1,8,,4.82251,67.3,.293,6.567564182,92.3,502171
Alex Cobb,2020,p,32,"6' 3""",205,R,R,2011,,0.620637178,4.30,4.872948141,1.34,6.54,3.10,52.1,38,,4.21215,74.0,.275,1.375796312,92.5,502171
Alex Cobb,2021,p,33,"6' 3""",205,R,R,2011,,2.490419865,3.76,2.923605538,1.26,9.45,3.18,93.1,98,,3.38031,65.8,.316,0.482142883,90.4,502171
Alex Cobb,2022,p,34,"6' 3""",205,R,R,2011,,3.69870019,3.73,2.7983998,1.30,9.08,2.59,149.2,151,,2.88708,68.0,.338,0.541202709,92.2,502171
Alex Colomé,2018,p,29,"6' 2""",240,R,R,2013,,0.957649022,3.04,3.439843372,1.18,9.53,2.78,68.0,72,,3.437472549019608,77.9,.291,0.926470692,92.5,517008
Alex Colomé,2019,p,30,"6' 2""",240,R,R,2013,,0.684618592,2.80,4.082861989,1.07,8.11,3.39,61.0,55,,4.61287,67.6,.217,1.03278695,91.6,517008
Alex Colomé,2020,p,31,"6' 2""",240,R,R,2013,,0.59379828,0.81,2.967538591,0.94,6.45,3.22,22.1,16,,4.26265,86.4,.203,0.0,90.7,517008
Alex Colomé,2021,p,32,"6' 2""",240,R,R,2013,,0.0809854269,4.15,4.231572709,1.40,8.03,3.18,65.0,58,,4.20593,64.4,.306,1.107692438,90.7,517008
Alex Colomé,2022,p,33,"6' 2""",240,R,R,2013,,-0.0973929763,5.74,4.537963032,1.68,6.13,4.21,47.0,32,,4.54086,59.7,.335,0.957446886,91.4,517008
Alex Vesia,2020,P,24,"6' 1""",209,L,L,2020,,-0.386769146,18.69,14.72989567,3.23,10.38,14.54,4.1,5,,9.73482,40.8,.333,6.23077723,89.7,681911
Alex Vesia,2021,P,25,"6' 1""",209,L,L,2020,,0.236630574,2.25,4.220034323,0.98,12.15,4.95,40.0,54,,4.60781,73.6,.143,1.350000257,92.8,681911
Alex Vesia,2022,P,26,"6' 1""",209,L,L,2020,,1.506102681,2.15,2.118565738,1.12,13.09,3.98,54.1,79,,3.02959,81.4,.297,0.331288421,90.8,681911
Alex Wilson,2018,P,31,"6' 0""",227,R,R,2013,,0.239224359,3.36,4.279350679,1.05,6.28,2.19,61.2,43,,4.09271,77.1,.240,1.16756776,92.1,543935
Alex Wilson,2019,P,32,"6' 0""",227,R,R,2013,,-0.265483052,9.53,6.743421933,2.12,10.32,7.15,11.1,13,,5.05743,60.6,.375,2.382353409,91.4,543935
Alex Wood,2018,p,27,"6' 4""",215,R,L,2013,,2.41248912,3.68,3.529662322,1.21,8.01,2.37,151.2,135,,3.72355,70.6,.295,0.830769178,89.9,622072
Alex Wood,2019,p,28,"6' 4""",215,R,L,2013,,-0.139962748,5.80,6.382233323,1.40,7.57,2.27,35.2,30,,4.43646,73.0,.300,2.775700539,89.9,622072
Alex Wood,2020,p,29,"6' 4""",215,R,L,2013,,-0.00266630203,6.39,5.0072097,1.82,10.66,4.26,12.2,15,,5.69476,64.7,.385,1.421053345,91.2,622072
Alex Wood,2021,p,30,"6' 4""",215,R,L,2013,,2.528016567,3.83,3.480130299,1.18,9.87,2.53,138.2,152,,3.44001,72.9,.305,0.908653913,91.8,622072
Alex Wood,2022,p,31,"6' 4""",215,R,L,2013,,1.73024261,5.10,3.762941256,1.24,9.02,2.07,130.2,131,,3.40848,63.9,.317,1.170918459,92.4,622072
Alex Young,2019,P,25,"6' 3""",220,L,L,2019,,0.573603064,3.56,4.810009683,1.19,7.67,2.92,83.1,71,,4.655,75.5,.252,1.512000196,89.3,622065
Alex Young,2020,P,26,"6' 3""",220,L,L,2019,,-0.208980916,5.44,5.565520589,1.40,7.58,2.72,46.1,39,,5.05948,71.1,.288,2.136691146,90.9,622065
Alex Young,2021,P,27,"6' 3""",220,L,L,2019,,-1.054064848,6.58,6.246957764,1.77,7.44,4.67,52.0,43,,5.113106346153846,66.5,.333,2.076923458,90.3,622065
Alex Young,2022,P,28,"6' 3""",220,L,L,2019,,0.412481872,2.36,2.887430923,1.50,7.09,3.71,26.2,21,,4.053214375,73.2,.349,0.0,90.9,622065
Alexi Ogando,2018,P,34,"6' 4""",200,R,R,2010,,-0.0887776986,18.00,10.16043158,5.00,9.00,27.00,1.0,1,,11.812,60.0,.500,0.0,93.5,468396
Amir Garrett,2018,P,26,"6' 5""",239,R,L,2017,,0.522814393,4.29,3.89059035,1.29,10.14,3.57,63.0,71,,3.81276,74.2,.308,1.142857212,95.0,607237
Amir Garrett,2019,P,27,"6' 5""",239,R,L,2017,,0.479622692,3.21,4.142581347,1.41,12.54,5.62,56.0,78,,3.79636,83.3,.303,1.125000536,95.3,607237
Amir Garrett,2020,P,28,"6' 5""",239,R,L,2017,,0.177589059,2.45,4.336874774,0.93,12.76,3.44,18.1,26,,2.76266,105.3,.188,1.96363793,94.6,607237
Amir Garrett,2021,P,29,"6' 5""",239,R,L,2017,,-0.035622973,6.04,4.890314348,1.57,11.52,5.48,47.2,61,,4.0274,65.7,.322,1.699301198,94.8,607237
Amir Garrett,2022,P,30,"6' 5""",239,R,L,2017,,0.563026488,4.96,3.399195812,1.32,9.73,6.35,45.1,49,,4.77072,60.0,.255,0.0,94.1,607237
Andrew Cashner,2018,p,31,"6' 6""",235,R,R,2010,,0.64087534,5.29,5.323830053,1.58,5.82,3.82,153.0,99,,5.1859,70.5,.311,1.470588089,92.4,488768
Andrew Cashner,2019,p,32,"6' 6""",235,R,R,2010,,1.864499301,4.68,4.660676142,1.35,6.48,3.48,150.0,108,,5.1093054,68.0,.280,1.14,93.8,488768
Andrew Chafin,2018,p,28,"6' 2""",235,R,L,2014,,0.890041947,3.10,2.653674492,1.34,9.67,4.56,49.1,53,,3.69151,73.5,.313,0.0,93.4,605177
Andrew Chafin,2019,p,29,"6' 2""",235,R,L,2014,,1.020690441,3.76,3.251984178,1.33,11.62,3.08,52.2,68,,3.24399,77.0,.359,1.025316951,93.7,605177
Andrew Chafin,2020,p,30,"6' 2""",235,R,L,2014,,-0.00346370786,6.52,4.743144321,1.66,12.10,4.66,9.2,13,,3.8487813793103447,68.2,.360,1.862070007,93.6,605177
Andrew Chafin,2021,p,31,"6' 2""",235,R,L,2014,,1.403555602,1.83,2.980713701,0.93,8.39,2.49,68.2,64,,3.996360194174757,86.1,.232,0.524271937,92.0,605177
Andrew Chafin,2022,p,32,"6' 2""",235,R,L,2014,,0.922680855,2.83,3.060105409,1.17,10.52,2.98,57.1,67,,3.26905,69.8,.293,0.784883895,91.6,605177
Andrew Heaney,2018,p,27,"6' 2""",200,L,L,2014,,2.896528482,4.15,3.99376498,1.20,9.00,2.25,180.0,180,,3.67703,71.4,.296,1.350000114,91.9,571760
Andrew Heaney,2019,p,28,"6' 2""",200,L,L,2014,,1.295136452,4.91,4.630093467,1.29,11.14,2.83,95.1,118,,4.17719,75.5,.312,1.888111989,92.5,571760
Andrew Heaney,2020,p,29,"6' 2""",200,L,L,2014,,1.475695133,4.46,3.791419132,1.23,9.45,2.56,66.2,70,,4.14789,68.6,.302,1.214999629,91.5,571760
Andrew Heaney,2021,p,30,"6' 2""",200,L,L,2014,,1.031306833,5.83,4.851268076,1.32,10.41,2.85,129.2,150,,4.120921542416452,67.4,.304,2.012853495,92.0,571760
Andrew Heaney,2022,p,31,"6' 2""",200,L,L,2014,,1.138494253,3.10,3.745458547,1.09,13.62,2.35,72.2,110,,2.82989,78.9,.293,1.733945015,93.0,571760
Andrew Kittredge,2018,p,28,"6' 1""",235,R,R,2017,10000000.0,-0.367590855,7.75,5.377824167,1.85,7.04,3.99,38.1,30,,4.42574,61.1,.376,1.643479215,93.0,552640
Andrew Kittredge,2019,p,29,"6' 1""",235,R,R,2017,10000000.0,0.612900764,4.17,3.55629132,1.27,10.51,2.17,49.2,58,,3.24602,72.5,.336,1.268456246,92.3,552640
Andrew Kittredge,2020,p,30,"6' 1""",235,R,R,2017,10000000.0,0.166842459,2.25,3.191419315,1.25,3.38,2.25,8.0,3,,4.3966,80.0,.308,0.0,94.0,552640
Andrew Kittredge,2021,p,31,"6' 1""",235,R,R,2017,10000000.0,1.474886164,1.88,3.044452703,0.98,9.67,1.88,71.2,77,,3.05487,82.3,.268,0.879069939,92.4,552640
Andrew Kittredge,2022,p,32,"6' 1""",235,R,R,2017,10000000.0,-0.138537899,3.15,4.612431145,0.85,6.30,0.90,20.0,14,,3.78887,87.7,.200,1.800000172,92.5,552640
Andrew Miller,2018,p,33,"6' 7""",200,L,L,2006,,0.353351295,4.24,3.513372871,1.38,11.91,4.24,34.0,45,,3.67789,75.3,.329,0.794117914,93.0,453192
Andrew Miller,2019,p,34,"6' 7""",200,L,L,2006,,-0.423769742,4.45,5.189620427,1.32,11.52,4.45,54.2,70,,4.42955,74.3,.283,1.810976705,92.4,453192
Andrew Miller,2020,p,35,"6' 7""",200,L,L,2006,,0.316095322,2.77,2.576034474,1.08,11.08,3.46,13.0,16,,4.20766,76.5,.290,0.0,90.3,453192
Andrew Miller,2021,p,36,"6' 7""",200,L,L,2006,,-0.0394659042,4.75,4.503367738,1.58,10.00,4.00,36.0,40,,4.56019,78.2,.375,1.250000265,88.4,453192
Andrés Muñoz,2019,P,20,"6' 2""",222,R,R,2019,,0.379683286,3.91,3.170531211,1.17,11.74,4.30,23.0,30,,3.76984,70.2,.264,0.782608761,99.8,662253
Andrés Muñoz,2021,P,22,"6' 2""",222,R,R,2019,,-0.0212759916,0.00,9.170040381,3.00,13.50,27.00,0.2,1,,9.16973,100.0,.000,0.0,99.6,662253
Andrés Muñoz,2022,P,23,"6' 2""",222,R,R,2019,,1.854602337,2.49,2.035507798,0.89,13.29,2.08,65.0,96,,2.0376,76.4,.297,0.692307774,100.2,662253
Anthony Banda,2018,P,24,"6' 2""",221,L,L,2017,,0.251114897,3.68,3.296795271,1.02,6.14,1.84,14.2,10,,3.98697,66.2,.268,0.61363663,94.5,607455
Anthony Banda,2019,P,25,"6' 2""",221,L,L,2017,,0.0659083501,6.75,2.214009476,1.50,4.50,0.00,4.0,2,,6.19242,50.0,.375,0.0,92.6,607455
Anthony Banda,2020,P,26,"6' 2""",221,L,L,2017,,-0.166252181,10.29,6.90570503,2.14,5.14,6.43,7.0,4,,7.52778,51.3,.375,1.285714286,92.3,607455
Anthony Banda,2021,P,27,"6' 2""",221,L,L,2017,,-0.139104422,4.28,4.922509651,1.54,8.55,3.48,33.2,32,,4.963988910891089,78.9,.330,1.603960654,94.1,607455
Anthony Banda,2022,P,28,"6' 2""",221,L,L,2017,,-0.00300429552,6.75,4.499931387,2.10,10.13,4.39,26.2,30,,4.492885125,72.5,.453,1.350000375,94.3,607455
Anthony Bass,2018,p,30,"6' 2""",205,R,R,2011,2500000.0,0.232372224,2.93,2.769127122,1.37,8.22,1.76,15.1,14,,2.89073,76.5,.386,0.58695668,94.1,542914
Anthony Bass,2019,p,31,"6' 2""",205,R,R,2011,2500000.0,0.558098912,3.56,3.90150964,0.98,8.06,3.19,48.0,43,,3.99781,68.3,.207,0.937500224,95.3,542914
Anthony Bass,2020,p,32,"6' 2""",205,R,R,2011,2500000.0,0.434712261,3.51,3.619991009,1.01,7.36,3.16,25.2,21,,4.33494,56.0,.224,0.701299136,94.5,542914
Anthony Bass,2021,p,33,"6' 2""",205,R,R,2011,2500000.0,-0.340915769,3.82,4.930904053,1.29,8.51,3.52,61.1,58,,4.32539,73.6,.272,1.614130769,95.3,542914
Anthony Bass,2022,p,34,"6' 2""",205,R,R,2011,2500000.0,1.289673418,1.54,2.998686905,1.01,9.34,2.56,70.1,73,,3.3419872511848343,89.5,.256,0.767772651,95.3,542914
Anthony DeSclafani,2018,p,28,"6' 2""",195,R,R,2014,,0.80741477,4.93,4.829996793,1.29,8.45,2.35,115.0,108,,3.85474,70.4,.298,1.87826087,93.5,543101
Anthony DeSclafani,2019,p,29,"6' 2""",195,R,R,2014,,2.55792284,3.89,4.426009439,1.20,9.02,2.65,166.2,167,,4.30042,77.7,.276,1.565999952,93.0,543101
Anthony DeSclafani,2020,p,30,"6' 2""",195,R,R,2014,,-0.0544993803,7.22,6.10231013,1.69,6.68,4.28,33.2,25,,5.63309,65.7,.318,1.871286952,94.1,543101
Anthony DeSclafani,2021,p,31,"6' 2""",195,R,R,2014,,3.035145283,3.17,3.617350253,1.09,8.16,2.25,167.2,152,,3.95415,78.3,.268,1.019880778,94.1,543101
Anthony DeSclafani,2022,p,32,"6' 2""",195,R,R,2014,,0.0118551515,6.63,4.849273281,2.00,8.05,1.89,19.0,17,,4.1382,53.9,.448,1.894737032,92.3,543101
Anthony Misiewicz,2020,P,25,"6' 1""",196,R,L,2020,,0.447067678,4.05,3.041419244,1.30,11.25,2.70,20.0,25,,3.6697,74.4,.367,0.900000429,89.1,664948
Anthony Misiewicz,2021,P,26,"6' 1""",196,R,L,2020,,0.444915801,4.61,3.773692856,1.39,8.73,2.47,54.2,53,,3.94873,69.9,.340,1.1524394,91.5,664948
Anthony Misiewicz,2022,P,27,"6' 1""",196,R,L,2020,,0.00588852912,4.34,4.077948465,1.28,8.38,3.10,29.0,27,,4.224637241379311,70.1,.291,1.241379596,93.4,664948
Anthony Swarzak,2018,p,32,"6' 4""",215,R,R,2009,,-0.393771619,6.15,5.476887719,1.59,10.59,4.78,26.1,31,,4.33373,72.3,.344,2.050633307,93.9,461872
Anthony Swarzak,2019,p,33,"6' 4""",215,R,R,2009,,-0.679690812,4.56,5.707760382,1.48,8.78,4.56,53.1,52,,4.7595279375,78.8,.280,2.025000736,93.3,461872
Anthony Swarzak,2021,p,35,"6' 4""",215,R,R,2009,,-0.134239707,9.49,6.4132777,1.70,6.57,0.73,12.1,9,,4.629011621621622,54.9,.390,2.91891922,93.0,461872
Antonio Senzatela,2018,P,23,"6' 1""",236,R,R,2017,,1.103675775,4.38,4.167811621,1.37,6.87,2.99,90.1,69,,4.42907,72.6,.303,0.996309935,93.6,622608
Antonio Senzatela,2019,P,24,"6' 1""",236,R,R,2017,,0.639919639,6.71,5.443955909,1.75,5.49,4.11,124.2,76,,5.12212,62.9,.336,1.371657698,93.7,622608
Antonio Senzatela,2020,P,25,"6' 1""",236,R,R,2017,,1.100031137,3.44,4.568692281,1.21,5.03,2.21,73.1,41,,4.81387,79.6,.268,1.104545646,94.3,622608
Antonio Senzatela,2021,P,26,"6' 1""",236,R,R,2017,,3.503732443,4.42,3.610459683,1.34,6.03,1.84,156.2,105,,4.16886,66.8,.326,0.689361747,94.6,622608
Antonio Senzatela,2022,P,27,"6' 1""",236,R,R,2017,,1.383551121,5.07,4.054669321,1.69,5.26,2.24,92.1,54,,4.07015,70.4,.386,0.877256366,94.1,622608
Aníbal Sánchez,2018,p,34,"6' 0""",207,R,R,2006,,2.505785167,2.83,3.621407168,1.08,8.89,2.77,136.2,135,,3.81397,79.4,.260,0.987804841,90.5,434671
Aníbal Sánchez,2019,p,35,"6' 0""",207,R,R,2006,,2.403748274,3.85,4.442925251,1.27,7.27,3.14,166.0,134,,5.10468,74.9,.266,1.192771194,90.2,434671
Aníbal Sánchez,2020,p,36,"6' 0""",207,R,R,2006,,0.191242903,6.62,5.455570585,1.66,7.30,3.06,53.0,43,,5.30424,67.5,.347,1.867924797,89.4,434671
Aníbal Sánchez,2022,p,38,"6' 0""",207,R,R,2006,,-0.243914142,4.28,5.76627735,1.27,6.23,4.28,69.1,48,,5.27176,78.6,.218,1.687500124,89.4,434671
Archie Bradley,2018,p,25,"6' 4""",215,R,R,2015,,0.301352799,3.64,3.704617873,1.14,9.42,2.51,71.2,75,,3.57004,76.3,.283,1.13023308,95.6,605151
Archie Bradley,2019,p,26,"6' 4""",215,R,R,2015,,1.112643162,3.52,3.409358377,1.44,10.93,4.52,71.2,87,,4.05674,77.2,.341,0.627907184,95.4,605151
Archie Bradley,2020,p,27,"6' 4""",215,R,R,2015,,0.59549135,2.95,2.591419399,1.09,8.84,1.47,18.1,18,,3.6703681818181817,76.5,.320,0.490909023,94.2,605151
Archie Bradley,2021,p,28,"6' 4""",215,R,R,2015,,0.241746768,3.71,4.346504975,1.43,7.06,3.88,51.0,40,,4.55959,75.4,.299,0.882353139,93.9,605151
Archie Bradley,2022,p,29,"6' 4""",215,R,R,2015,,0.226236954,4.82,3.326716789,1.29,7.23,3.38,18.2,15,,3.81987,48.7,.291,0.482143021,93.5,605151
Arodys Vizcaíno,2018,p,27,"6' 0""",245,R,R,2011,,0.277444214,2.11,3.760431596,1.17,9.39,3.52,38.1,40,,4.21351,91.8,.268,0.939130466,97.1,527055
Arodys Vizcaíno,2019,p,28,"6' 0""",245,R,R,2011,,-0.0697705895,2.25,5.714009476,1.50,13.50,6.75,4.0,6,,5.44782,108.7,.286,2.25,96.0,527055
Arodys Vizcaíno,2022,p,31,"6' 0""",245,R,R,2011,,-0.187486604,6.35,8.053608027,1.94,4.76,11.12,5.2,3,,8.37187,72.9,.167,1.588235472,97.4,527055
Aroldis Chapman,2018,p,30,"6' 4""",235,L,L,2010,10750000.0,1.82950139,2.45,2.089002819,1.05,16.31,5.26,51.1,93,,2.57991,78.3,.268,0.350649411,98.9,547973
Aroldis Chapman,2019,p,31,"6' 4""",235,L,L,2010,10750000.0,2.078794003,2.21,2.284184852,1.11,13.42,3.95,57.0,85,,2.85631,76.9,.292,0.473684242,98.3,547973
Aroldis Chapman,2020,p,32,"6' 4""",235,L,L,2010,10750000.0,0.292377681,3.09,2.934276444,0.86,16.97,3.09,11.2,22,,2.35852,85.4,.250,1.542857227,97.8,547973
Aroldis Chapman,2021,p,33,"6' 4""",235,L,L,2010,10750000.0,0.566133022,3.36,3.986602244,1.31,15.50,6.07,56.1,97,,3.13116,83.9,.287,1.437869952,98.5,547973
Aroldis Chapman,2022,p,34,"6' 4""",235,L,L,2010,10750000.0,-0.186923623,4.46,4.571146802,1.43,10.65,6.94,36.1,43,,4.76972,73.8,.241,0.990825827,97.7,547973
Austin Adams,2018,P,27,"6' 3""",220,R,R,2017,,-0.144856185,0.00,12.16043158,4.00,0.00,27.00,1.0,0,,13.812,100.0,.250,0.0,94.8,613534
Austin Adams,2019,P,28,"6' 3""",220,R,R,2017,,0.733375968,3.94,3.120259431,1.13,14.91,4.50,32.0,53,,2.6763540625,73.2,.286,1.125000536,91.5,613534
Austin Adams,2020,P,29,"6' 3""",220,R,R,2017,,0.0028979294,4.50,4.441419315,1.25,15.75,4.50,4.0,7,,2.63763,83.3,.286,2.25,93.3,613534
Austin Adams,2021,P,30,"6' 3""",220,R,R,2017,,0.245832115,4.10,3.891553301,1.20,12.99,5.98,52.2,76,,5.18574,68.9,.265,0.170886121,94.1,613534
Austin Adams,2022,P,31,"6' 3""",220,R,R,2017,,-0.017628625,0.00,5.255288436,1.29,7.71,11.57,2.1,2,,5.25532,100.0,.000,0.0,92.8,613534
Austin Brice,2018,P,26,"6' 4""",238,R,R,2016,,-0.450016201,5.79,5.865788811,1.39,7.71,3.13,37.1,32,,4.23601,68.4,.288,2.169642931,93.9,592169
Austin Brice,2019,P,27,"6' 4""",238,R,R,2016,,-0.114257954,3.43,4.870725846,1.23,9.27,3.63,44.2,46,,4.79293,78.5,.248,1.410447721,93.2,592169
Austin Brice,2020,P,28,"6' 4""",238,R,R,2016,,-0.0483533144,5.95,4.920233937,1.53,11.44,5.95,19.2,25,,4.8001,68.3,.318,1.372882199,93.6,592169
Austin Brice,2021,P,29,"6' 4""",238,R,R,2016,,-0.112024046,6.59,5.731010209,1.54,7.90,4.61,13.2,12,,6.15236,67.6,.308,1.317073416,92.5,592169
Austin Brice,2022,P,30,"6' 4""",238,R,R,2016,,0.0688801631,4.05,2.962430987,1.05,6.75,4.05,6.2,5,,4.29476,57.1,.211,0.0,93.7,592169
Austin Davis,2018,P,25,"6' 4""",235,L,L,2018,,0.271177083,4.15,3.679662497,1.36,9.87,3.12,34.2,38,,3.84716,66.8,.330,1.038461843,93.2,656354
Austin Davis,2019,P,26,"6' 4""",235,L,L,2018,,-0.326930583,6.53,7.133363712,1.74,10.45,6.10,20.2,24,,5.47671,78.4,.314,2.612902824,93.8,656354
Austin Davis,2020,P,27,"6' 4""",235,L,L,2018,,0.0236955546,10.80,4.541420265,1.95,6.75,2.70,6.2,5,,3.748391,43.1,.417,1.35000095,93.4,656354
Austin Davis,2021,P,28,"6' 4""",235,L,L,2018,,0.100298572,5.13,4.499148496,1.37,9.57,4.10,26.1,28,,4.333490632911392,63.7,.278,1.36708907,93.6,656354
Austin Davis,2022,P,29,"6' 4""",235,L,L,2018,,0.259095304,5.79,4.023145489,1.61,10.29,5.30,56.0,64,,4.660020595238096,63.6,.335,0.803571606,94.1,656354
Austin Gomber,2018,P,24,"6' 5""",220,L,L,2018,,0.770564079,4.44,4.027098353,1.51,8.04,3.84,75.0,67,,4.50942,71.8,.336,0.840000107,92.5,596295
Austin Gomber,2020,P,26,"6' 5""",220,L,L,2018,,0.508677296,1.86,3.536246799,1.17,8.38,4.66,29.0,27,,4.75028,86.7,.243,0.310344736,92.5,596295
Austin Gomber,2021,P,27,"6' 5""",220,L,L,2018,,1.326871514,4.53,4.609340544,1.24,8.82,3.20,115.1,113,,4.17546,69.5,.265,1.56069371,91.6,596295
Austin Gomber,2022,P,28,"6' 5""",220,L,L,2018,,0.858286858,5.56,4.540238605,1.37,6.86,2.45,124.2,95,,4.18837,64.1,.310,1.443850385,91.0,596295
Austin Pruitt,2018,P,28,"5' 10""",185,R,R,2017,,0.160901904,4.65,3.992967674,1.26,5.43,2.07,69.2,42,,4.51222,61.9,.290,0.904306451,91.8,643493
Austin Pruitt,2019,P,29,"5' 10""",185,R,R,2017,,0.211418688,4.40,4.256562625,1.26,7.47,2.30,47.0,39,,3.92869,73.2,.301,1.340425478,91.9,643493
Austin Pruitt,2021,P,31,"5' 10""",185,R,R,2017,,-0.105020598,3.68,5.760943663,0.95,6.14,0.00,7.1,5,,4.621419090909091,96.2,.238,2.45454588,91.9,643493
Austin Pruitt,2022,P,32,"5' 10""",185,R,R,2017,,-0.328467786,4.23,4.865443332,1.03,6.18,1.46,55.1,38,,4.18062,68.1,.224,1.789156914,91.4,643493
Austin Voth,2018,P,26,"6' 2""",215,R,R,2018,,-0.0238025859,6.57,5.998270145,1.46,8.03,4.38,12.1,11,,4.97875,65.2,.265,2.189189753,91.3,608723
Austin Voth,2019,P,27,"6' 2""",215,R,R,2018,,0.992348112,3.30,3.786528671,1.05,9.07,2.68,43.2,44,,4.43903,78.6,.259,1.030534552,92.7,608723
Austin Voth,2020,P,28,"6' 2""",215,R,R,2018,,-0.204680905,6.34,6.412895496,1.51,7.97,3.26,49.2,44,,5.77677,72.4,.297,2.536912492,92.0,608723
Austin Voth,2021,P,29,"6' 2""",215,R,R,2018,,-0.0776743591,5.34,4.896778462,1.48,9.26,4.40,57.1,59,,4.44499,70.8,.320,1.569767581,93.5,608723
Austin Voth,2022,P,30,"6' 2""",215,R,R,2018,,0.995435212,4.34,4.135381933,1.40,7.97,2.74,101.2,90,,4.325514327868852,74.2,.320,1.239344398,92.1,608723
Bartolo Colon,2018,p,45,"5' 11""",285,R,R,1997,,0.431913426,5.78,5.470226464,1.35,4.98,1.54,146.1,81,,4.67029,66.4,.288,1.968109254,89.3,112526
Ben Heller,2019,P,27,"6' 3""",210,R,R,2016,,0.0737805367,1.23,3.759464258,1.23,11.05,3.68,7.1,9,,3.61427,105.3,.357,1.227273259,93.1,621294
Ben Heller,2020,P,28,"6' 3""",210,R,R,2016,,-0.122843146,3.00,7.524753337,1.17,9.00,3.00,6.0,6,,5.44108,112.9,.200,3.000000477,93.3,621294
Ben Lively,2018,P,26,"6' 4""",235,R,R,2017,,0.174452774,5.64,4.874717146,1.85,8.01,4.45,30.1,27,,5.283932197802198,74.9,.385,1.186813087,91.3,594902
Ben Lively,2019,P,27,"6' 4""",235,R,R,2017,,-0.0676095635,27.00,14.21400948,3.00,9.00,0.00,1.0,1,,5.19242,0.0,.500,9.0,92.3,594902
Blaine Boyer,2018,p,36,"6' 3""",235,R,R,2005,,-0.825469255,12.05,8.329663407,2.08,3.74,5.40,21.2,9,,5.80668,34.1,.313,2.907692905,92.6,430641
Blaine Hardy,2018,P,31,"6' 2""",218,L,L,2014,,1.321682066,3.56,3.974385263,1.17,6.91,2.30,86.0,66,,4.51767,74.2,.276,1.046511883,,543278
Blaine Hardy,2019,P,32,"6' 2""",218,L,L,2014,,-0.348019034,4.47,5.717769161,1.15,5.89,2.64,44.1,29,,4.98404,73.0,.217,2.030075421,88.8,543278
Blaine Hardy,2021,P,34,"6' 2""",218,L,L,2014,,0.041259516,18.00,4.170034122,4.00,9.00,9.00,1.0,1,,5.9344,25.0,.750,0.0,90.4,543278
Blake Parker,2018,p,33,"6' 3""",225,R,R,2012,1.0,0.0973866433,3.26,4.396612859,1.24,9.50,2.58,66.1,70,,4.03675,89.4,.297,1.628141203,92.1,453284
Blake Parker,2019,p,34,"6' 3""",225,R,R,2012,1.0,-0.116071709,4.55,5.072705802,1.22,9.54,3.23,61.1,65,,4.263236956521739,76.9,.267,1.907609388,91.2,453284
Blake Parker,2020,p,35,"6' 3""",225,R,R,2012,1.0,0.27575583,2.81,3.378919438,1.31,14.06,5.06,16.0,25,,3.20013,76.9,.303,1.125000738,90.6,453284
Blake Parker,2021,p,36,"6' 3""",225,R,R,2012,1.0,0.235145658,3.09,4.063164023,1.31,7.63,2.89,43.2,37,,4.67569,84.6,.299,1.030534501,90.4,453284
Blake Snell,2018,p,25,"6' 4""",225,L,L,2016,36400000.0,4.744420528,1.89,2.944564405,0.97,11.01,3.19,180.2,221,,3.1554,88.0,.242,0.797048015,95.8,605483
Blake Snell,2019,p,26,"6' 4""",225,L,L,2016,36400000.0,2.697170258,4.29,3.316813221,1.27,12.36,3.36,107.0,147,,3.30763,71.6,.343,1.177570177,95.5,605483
Blake Snell,2020,p,27,"6' 4""",225,L,L,2016,36400000.0,0.560705423,3.24,4.351419315,1.20,11.34,3.24,50.0,63,,3.06265,89.1,.288,1.8,93.1,605483
Blake Snell,2021,p,28,"6' 4""",225,L,L,2016,36400000.0,2.134421349,4.20,3.822883915,1.32,11.89,4.83,128.2,170,,3.74212,74.4,.296,1.119171073,94.0,605483
Blake Snell,2022,p,29,"6' 4""",225,L,L,2016,36400000.0,3.622485876,3.38,2.799931002,1.20,12.02,3.59,128.0,171,,3.20937,74.7,.308,0.7734375,93.7,605483
Blake Treinen,2018,p,30,"6' 5""",225,R,R,2014,11000000.0,3.585728407,0.78,1.81603315,0.83,11.20,2.35,80.1,100,,2.41756,85.9,.233,0.224066404,95.2,595014
Blake Treinen,2019,p,31,"6' 5""",225,R,R,2014,11000000.0,-0.280515105,4.91,5.140146173,1.62,9.05,5.68,58.2,59,,5.01071,75.5,.308,1.380682058,94.9,595014
Blake Treinen,2020,p,32,"6' 5""",225,R,R,2014,11000000.0,0.512247443,3.86,3.152458249,1.21,7.71,2.81,25.2,22,,3.47237,57.0,.297,0.350649594,94.4,595014
Blake Treinen,2021,p,33,"6' 5""",225,R,R,2014,11000000.0,1.868135691,1.99,2.879711491,0.98,10.58,3.11,72.1,85,,3.24948,80.6,.244,0.622119925,95.5,595014
Blake Treinen,2022,p,34,"6' 5""",225,R,R,2014,11000000.0,0.00917114969,1.80,3.912431002,0.40,10.80,1.80,5.0,6,,1.90458,166.7,.000,1.8,94.6,595014
Blake Wood,2018,p,32,"6' 5""",233,R,R,2010,,-0.0263522025,2.31,4.617574989,1.29,7.71,5.40,11.2,10,,4.77739,89.0,.250,0.771428866,91.9,502028
Boone Logan,2018,p,33,"6' 5""",215,R,L,2006,2500000.0,-0.2839261,5.91,7.285432559,2.34,11.81,8.44,10.2,14,,6.1066,87.2,.414,2.531250603,93.9,457429
Brad Boxberger,2018,p,30,"5' 10""",211,R,R,2012,,-0.403692991,4.39,4.547931708,1.43,11.98,5.40,53.1,71,,3.8716,73.0,.292,1.518750145,91.3,502202
Brad Boxberger,2019,p,31,"5' 10""",211,R,R,2012,,0.00276151369,5.40,4.676509824,1.58,9.11,5.74,26.2,27,,5.45186,69.6,.297,1.012500241,90.0,502202
Brad Boxberger,2020,p,32,"5' 10""",211,R,R,2012,,-0.0373537689,3.00,4.858086335,1.39,9.00,4.00,18.0,18,,4.72683,87.2,.286,1.500000318,91.5,502202
Brad Boxberger,2021,p,33,"5' 10""",211,R,R,2012,,0.815244675,3.34,3.649415585,1.07,11.55,3.48,64.2,83,,3.76006,76.8,.257,1.113402106,91.9,502202
Brad Boxberger,2022,p,34,"5' 10""",211,R,R,2012,,0.746026814,2.95,3.565556056,1.23,9.56,3.80,64.0,68,,4.05848,79.9,.284,0.843750101,92.7,502202
Brad Brach,2018,p,32,"6' 6""",215,R,R,2011,1050000.0,0.750664026,3.59,3.67107005,1.60,8.62,4.02,62.2,60,,4.215170478723405,73.4,.345,0.718085354,93.8,542960
Brad Brach,2019,p,33,"6' 6""",215,R,R,2011,1050000.0,0.72998637,5.47,3.729347273,1.62,9.94,5.13,54.1,60,,4.676070429447853,67.1,.366,0.662577168,93.5,542960
Brad Brach,2020,p,34,"6' 6""",215,R,R,2011,1050000.0,-0.248744726,5.84,6.67790697,1.78,10.22,10.22,12.1,14,,6.91502,74.3,.222,1.459459948,90.4,542960
Brad Brach,2021,p,35,"6' 6""",215,R,R,2011,1050000.0,-0.0829946026,6.30,5.036701264,1.60,9.90,5.40,30.0,33,,5.04608,54.8,.309,1.500000381,93.6,542960
Brad Hand,2018,p,28,"6' 3""",224,L,L,2011,,1.201975822,2.75,3.202098258,1.11,13.25,3.50,72.0,106,,2.973429490740741,78.4,.297,1.000000371,93.6,543272
Brad Hand,2019,p,29,"6' 3""",224,L,L,2011,,1.546552658,3.30,2.795404704,1.24,13.19,2.83,57.1,84,,3.41258,81.1,.364,0.941860737,92.6,543272
Brad Hand,2020,p,30,"6' 3""",224,L,L,2011,,1.104048371,2.05,1.373237182,0.77,11.86,1.64,22.0,29,,3.82741,57.9,.265,0.0,91.4,543272
Brad Hand,2021,p,31,"6' 3""",224,L,L,2011,,-0.0637269765,3.90,4.577250756,1.27,8.49,3.62,64.2,61,,4.759698762886598,65.0,.272,1.252577443,93.0,543272
Brad Hand,2022,p,32,"6' 3""",224,L,L,2011,,0.287078828,2.80,3.934653363,1.33,7.60,4.60,45.0,38,,4.90304,75.9,.273,0.400000068,92.5,543272
Brad Keller,2018,p,22,"6' 5""",255,R,R,2018,11000000.0,2.61012198,3.08,3.552355586,1.30,6.16,3.21,140.1,96,,4.25736,77.1,.294,0.448931139,93.9,641745
Brad Keller,2019,p,23,"6' 5""",255,R,R,2018,11000000.0,2.237409115,4.19,4.351106285,1.35,6.64,3.81,165.1,122,,4.9403,72.2,.283,0.816532283,93.4,641745
Brad Keller,2020,p,24,"6' 5""",255,R,R,2018,11000000.0,1.270074606,2.47,3.429224171,1.02,5.76,2.80,54.2,35,,4.32928,76.1,.233,0.329268262,92.5,641745
Brad Keller,2021,p,25,"6' 5""",255,R,R,2018,11000000.0,1.180842519,5.39,4.718662669,1.66,8.08,4.31,133.2,120,,4.5652,68.7,.347,1.211970167,93.6,641745
Brad Keller,2022,p,26,"6' 5""",255,R,R,2018,11000000.0,0.782822527,5.09,4.501452564,1.50,6.57,3.67,139.2,102,,4.35002,67.0,.311,1.095465459,93.7,641745
Brad Peacock,2018,p,30,"6' 1""",207,R,R,2011,,0.554488793,3.46,3.46812391,1.17,13.29,2.77,65.0,96,,2.8181,83.3,.317,1.523077054,92.7,502748
Brad Peacock,2019,p,31,"6' 1""",207,R,R,2011,,1.118503783,4.12,4.424918512,1.19,9.43,3.04,91.2,96,,4.64129,76.3,.267,1.472727206,92.1,502748
Brad Peacock,2020,p,32,"6' 1""",207,R,R,2011,,0.0430773534,7.71,3.191419315,1.71,11.57,3.86,2.1,3,,5.67067,60.0,.429,0.0,89.7,502748
Brad Peacock,2021,p,33,"6' 1""",207,R,R,2011,,-0.190963291,15.19,9.17003448,1.69,5.06,5.06,5.1,3,,7.93406,13.9,.235,3.375000201,90.5,502748
Brad Ziegler,2018,p,38,"6' 4""",220,R,R,2008,,-0.363245256,3.91,4.314278158,1.30,6.11,3.05,73.2,50,,3.5751170588235293,73.7,.286,0.977375928,,446899
Brady Singer,2020,P,23,"6' 5""",215,R,R,2020,,1.030871749,4.06,4.077429538,1.17,8.53,3.22,64.1,61,,4.04943,72.9,.260,1.119170807,92.9,663903
Brady Singer,2021,P,24,"6' 5""",215,R,R,2020,,2.084493399,4.91,4.04276143,1.55,9.19,3.72,128.1,131,,4.10939,67.8,.350,0.981818221,93.3,663903
Brady Singer,2022,P,25,"6' 5""",215,R,R,2020,,2.95507454,3.23,3.581996252,1.14,8.80,2.05,153.1,150,,3.30135,79.6,.303,1.056521814,93.8,663903
Brandon Kintzler,2018,p,33,"5' 10""",200,R,R,2010,,0.237558872,4.60,4.099992261,1.47,6.38,3.26,60.2,43,,4.498684615384615,72.1,.330,0.741758436,92.6,445213
Brandon Kintzler,2019,p,34,"5' 10""",200,R,R,2010,,0.853663146,2.68,3.564886786,1.02,7.58,2.05,57.0,48,,4.06476,80.0,.255,0.789473948,92.6,445213
Brandon Kintzler,2020,p,35,"5' 10""",200,R,R,2010,,-0.171230391,2.22,4.999638871,1.32,5.18,4.07,24.1,14,,4.98179,89.9,.247,1.109589273,91.3,445213
Brandon Kintzler,2021,p,36,"5' 10""",200,R,R,2010,,-0.316631675,6.37,5.66441684,1.79,6.67,2.43,29.2,22,,4.02435,70.1,.369,2.123596097,92.0,445213
Brandon Maurer,2018,P,27,"6' 5""",225,R,R,2013,,-0.753830791,7.76,6.575325955,2.14,8.90,7.18,31.1,31,,5.72681,67.0,.368,2.010638747,95.9,543506
Brandon McCarthy,2018,p,34,"6' 8""",225,R,R,2005,,0.198727295,4.92,4.78755043,1.46,7.44,2.40,78.2,65,,3.7574,74.5,.338,1.716101917,92.0,435221
Brandon Morrow,2018,p,33,"6' 3""",207,R,R,2007,,0.647927284,1.47,2.964779361,1.08,9.10,2.64,30.2,31,,3.19409,92.9,.278,0.586956643,96.5,453344
Brandon Woodruff,2018,p,25,"6' 4""",241,L,R,2017,22025000.0,0.480503891,3.61,3.302163863,1.18,9.99,2.98,42.1,47,,3.3613,73.3,.294,0.850393726,95.2,605540
Brandon Woodruff,2019,p,26,"6' 4""",241,L,R,2017,22025000.0,3.258641005,3.62,3.008530045,1.14,10.58,2.22,121.2,143,,3.3613,74.7,.322,0.88767114,96.2,605540
Brandon Woodruff,2020,p,27,"6' 4""",241,L,R,2017,22025000.0,2.051076174,3.05,3.204993978,0.99,11.12,2.20,73.2,91,,3.29201,79.2,.269,1.099547663,95.3,605540
Brandon Woodruff,2021,p,28,"6' 4""",241,L,R,2017,22025000.0,4.746328354,2.56,2.958138206,0.96,10.59,2.16,179.1,211,,3.05037,81.4,.264,0.903345751,96.4,605540
Brandon Woodruff,2022,p,29,"6' 4""",241,L,R,2017,22025000.0,3.561287165,3.05,3.079822305,1.07,11.15,2.47,153.1,190,,3.13709,78.6,.287,1.056521774,96.1,605540
Brandon Workman,2018,p,29,"6' 5""",235,R,R,2013,1000000.0,-0.00695959013,3.27,4.418496247,1.21,8.06,3.48,41.1,37,,4.24961,84.1,.259,1.306451774,91.2,519443
Brandon Workman,2019,p,30,"6' 5""",235,R,R,2013,1000000.0,2.123835564,1.88,2.460520997,1.03,13.06,5.65,71.2,104,,3.33387,77.7,.211,0.125581413,92.9,519443
Brandon Workman,2020,p,31,"6' 5""",235,R,R,2013,1000000.0,-0.377213761,5.95,5.479555426,2.24,10.53,5.95,19.2,23,,4.600353728813559,78.1,.443,1.830508889,92.5,519443
Brandon Workman,2021,p,32,"6' 5""",235,R,R,2013,1000000.0,-0.284153812,5.46,5.491463287,2.04,8.04,6.75,28.0,25,,5.272655714285714,72.0,.372,1.285714614,91.1,519443
Brent Suter,2018,p,28,"6' 4""",213,L,L,2016,1250000.0,0.863118351,4.44,4.492668309,1.19,7.46,1.69,101.1,84,,4.07412,70.1,.286,1.59868408,,608718
Brent Suter,2019,p,29,"6' 4""",213,L,L,2016,1250000.0,0.487237096,0.49,2.45037298,0.60,7.36,0.49,18.1,15,,3.47732,104.2,.188,0.490909176,,608718
Brent Suter,2020,p,30,"6' 4""",213,L,L,2016,1250000.0,0.680273592,3.13,3.001945707,1.11,10.80,1.42,31.2,38,,2.6386,75.7,.321,1.136841649,,608718
Brent Suter,2021,p,31,"6' 4""",213,L,L,2016,1250000.0,0.513548233,3.07,3.906397839,1.31,8.47,2.95,73.1,69,,3.80263,74.6,.303,1.104545574,,608718
Brent Suter,2022,p,32,"6' 4""",213,L,L,2016,1250000.0,-0.172548681,3.78,4.402431199,1.20,7.16,2.97,66.2,53,,4.17961,72.4,.266,1.215000185,,608718
Brett Anderson,2018,p,30,"6' 4""",230,L,L,2009,,0.887045801,4.48,4.168730395,1.28,5.27,1.46,80.1,47,,3.9074,69.2,.309,1.120332021,90.3,474463
Brett Anderson,2019,p,31,"6' 4""",230,L,L,2009,,1.975168824,3.89,4.571964139,1.31,4.60,2.51,176.0,90,,4.79004,74.8,.280,1.022727361,90.3,474463
Brett Anderson,2020,p,32,"6' 4""",230,L,L,2009,,0.566701174,4.21,4.382908677,1.28,6.13,1.91,47.0,32,,4.40545,71.9,.293,1.14893617,89.7,474463
Brett Anderson,2021,p,33,"6' 4""",230,L,L,2009,,0.916866243,4.22,4.388784219,1.35,5.44,2.62,96.0,58,,4.09382,68.6,.298,1.031250082,89.1,474463
Brett Cecil,2018,p,31,"6' 2""",200,R,L,2009,7625000.0,-0.653054118,6.89,6.282881892,1.96,5.23,6.89,32.2,19,,6.46715,64.9,.315,1.37755161,89.8,446399
Brian Duensing,2018,p,35,"6' 0""",200,L,L,2009,3500000.0,-0.873331785,7.65,6.346273789,1.88,5.73,6.93,37.2,24,,6.16095,61.3,.300,1.433628996,91.0,488846
Brian Flynn,2018,P,28,"6' 8""",245,L,L,2013,,0.0781624839,4.04,4.283779858,1.61,5.59,4.16,75.2,47,,4.99633,74.6,.335,0.594713796,91.8,543169
Brian Flynn,2019,P,29,"6' 8""",245,L,L,2013,,0.0257943086,5.22,4.64582772,1.88,6.75,5.22,29.1,22,,5.59044,72.5,.391,0.61363639,90.4,543169
Brock Stewart,2018,P,26,"6' 3""",220,L,R,2016,,-0.296496816,6.11,6.386845567,1.81,7.13,4.58,17.2,14,,5.3132,66.9,.322,2.037735152,91.0,592779
Brock Stewart,2019,P,27,"6' 3""",220,L,R,2016,,-0.839243025,9.82,8.590635433,1.75,6.66,2.81,25.2,19,,6.351767402597402,58.3,.313,3.857144708,91.5,592779
Brooks Raley,2020,p,32,"6' 3""",200,L,L,2012,1850000.0,0.251816258,4.95,3.94141953,0.95,12.15,2.70,20.0,27,,3.630462,58.5,.233,1.350000386,90.1,548384
Brooks Raley,2021,p,33,"6' 3""",200,L,L,2012,1850000.0,0.766607285,4.78,3.272074963,1.20,11.94,2.94,49.0,65,,2.90449,59.7,.325,1.102041074,90.8,548384
Brooks Raley,2022,p,34,"6' 3""",200,L,L,2012,1850000.0,0.968500137,2.68,2.739760097,0.97,10.23,2.52,53.2,61,,3.28194,72.5,.256,0.503105721,90.7,548384
Brusdar Graterol,2019,P,20,"6' 1""",265,R,R,2019,,0.146212727,4.66,3.420906102,1.24,9.31,1.86,9.2,10,,3.31076,69.0,.346,0.93103482,95.5,660813
Brusdar Graterol,2020,P,21,"6' 1""",265,R,R,2019,,0.358533584,3.09,3.405705181,0.90,5.01,1.16,23.1,13,,4.08817,66.4,.250,0.385714559,96.3,660813
Brusdar Graterol,2021,P,22,"6' 1""",265,R,R,2019,,0.310141638,4.59,3.950034331,1.41,7.29,3.51,33.1,27,,4.17572,69.1,.314,0.540000144,99.5,660813
Brusdar Graterol,2022,P,23,"6' 1""",265,R,R,2019,,0.84354135,3.26,2.951357156,0.99,7.79,1.81,49.2,43,,3.11992,66.9,.261,0.543624231,96.8,660813
Bryan Abreu,2019,P,22,"6' 1""",230,R,R,2019,,0.237091437,1.04,1.252470007,0.81,13.50,3.12,8.2,13,,2.17057,85.7,.250,0.0,94.8,650556
Bryan Abreu,2020,P,23,"6' 1""",230,R,R,2019,,-0.137168676,2.70,9.491416311,2.40,8.10,18.90,3.1,3,,11.227,80.0,.125,0.0,92.9,650556
Bryan Abreu,2021,P,24,"6' 1""",230,R,R,2019,,0.0710239932,5.75,4.364478693,1.47,9.00,4.50,36.0,36,,4.53737,59.5,.310,1.000000106,92.6,650556
Bryan Abreu,2022,P,25,"6' 1""",230,R,R,2019,,1.378959656,1.94,2.117955717,1.18,13.13,3.88,60.1,88,,2.69301,81.7,.336,0.298342585,97.1,650556
Bryan Mitchell,2018,P,27,"6' 2""",215,L,R,2014,,-0.509594485,5.42,6.105636747,1.75,4.68,5.30,73.0,38,,5.52977,75.1,.303,1.4794519,93.2,571951
Bryan Mitchell,2021,P,30,"6' 2""",215,L,R,2014,,0.0722292066,4.50,2.670034122,1.75,9.00,4.50,4.0,4,,4.4344,71.4,.417,0.0,94.2,571951
Bryan Shaw,2018,p,30,"6' 1""",225,S,R,2011,,-0.343330979,5.93,4.916529709,1.79,8.89,4.61,54.2,54,,4.34733,64.8,.372,1.4817078,93.5,543766
Bryan Shaw,2019,p,31,"6' 1""",225,S,R,2011,,-0.181519568,5.38,5.186231907,1.36,7.25,3.62,72.0,58,,4.87063,68.4,.277,1.500000159,92.5,543766
Bryan Shaw,2020,p,32,"6' 1""",225,S,R,2011,,-0.176417068,18.00,7.524750582,3.17,6.00,9.00,6.0,4,,7.60775,43.0,.462,1.499999285,92.6,543766
Bryan Shaw,2021,p,33,"6' 1""",225,S,R,2011,,-0.104935512,3.49,4.527792966,1.38,8.26,4.42,77.1,71,,4.39818,79.8,.277,1.163793295,92.8,543766
Bryan Shaw,2022,p,34,"6' 1""",225,S,R,2011,,-0.483138602,5.40,4.878145528,1.44,8.02,4.01,58.1,52,,4.34434,66.3,.288,1.388571618,92.9,543766
Bryse Wilson,2018,P,20,"6' 2""",255,R,R,2018,,0.0919514336,6.43,4.017574433,2.00,7.71,7.71,7.0,6,,5.1973,64.3,.381,0.0,91.9,669060
Bryse Wilson,2019,P,21,"6' 2""",255,R,R,2018,,-0.179483138,7.20,6.364010978,1.80,7.20,4.50,20.0,16,,5.8989,62.1,.350,2.250001073,92.6,669060
Bryse Wilson,2020,P,22,"6' 2""",255,R,R,2018,,0.189005286,4.02,4.850993447,1.72,8.62,5.17,15.2,15,,5.28381,83.3,.348,1.148935937,92.0,669060
Bryse Wilson,2021,P,23,"6' 2""",255,R,R,2018,,0.0564276725,5.35,5.494358567,1.45,5.59,2.68,74.0,46,,5.100441351351352,72.4,.297,1.824324418,91.2,669060
Bryse Wilson,2022,P,24,"6' 2""",255,R,R,2018,,-0.15345231,5.52,5.057676065,1.42,6.15,2.49,115.2,79,,4.53765,64.1,.305,1.556196051,87.9,669060
Buck Farmer,2018,p,27,"6' 4""",243,L,R,2014,,0.0880106706,4.15,4.458508991,1.56,7.40,5.32,69.1,57,,5.16776,74.6,.302,0.778846449,94.4,571656
Buck Farmer,2019,p,28,"6' 4""",243,L,R,2014,,0.86025475,3.72,3.879034431,1.27,9.71,3.19,67.2,73,,4.10592,73.9,.310,1.064039929,95.0,571656
Buck Farmer,2020,p,29,"6' 4""",243,L,R,2014,,0.0993037447,3.80,4.410169388,1.17,5.91,2.11,21.1,14,,4.4802,76.9,.258,1.265625075,93.2,571656
Buck Farmer,2021,p,30,"6' 4""",243,L,R,2014,,-0.532363594,6.37,6.594563287,1.73,9.42,5.35,35.1,37,,5.48037,76.8,.313,2.292453408,91.8,571656
Buck Farmer,2022,p,31,"6' 4""",243,L,R,2014,,1.032571435,3.83,3.027324605,1.30,10.34,4.79,47.0,54,,3.86001,69.3,.293,0.382978786,92.5,571656
Bud Norris,2018,p,33,"6' 0""",215,R,R,2009,,0.138019249,3.59,3.992801665,1.25,10.46,3.28,57.2,67,,3.65001,76.0,.303,1.248555134,92.6,502032
Burch Smith,2018,P,28,"6' 4""",225,R,R,2013,,-0.513730809,6.92,5.378380023,1.67,8.88,4.62,78.0,77,,4.84761,65.5,.341,1.730769019,93.2,572143
Burch Smith,2019,P,29,"6' 4""",225,R,R,2013,,-0.0618311167,5.48,5.276510797,1.88,8.44,5.91,21.1,20,,6.525429375,73.4,.343,1.265625811,92.6,572143
Burch Smith,2020,P,30,"6' 4""",225,R,R,2013,,0.363616705,2.25,2.358085982,0.67,9.75,0.75,12.0,13,,3.84579,75.8,.207,0.75,94.4,572143
Burch Smith,2021,P,31,"6' 4""",225,R,R,2013,,0.0813902542,5.40,4.208495783,1.38,5.82,2.28,43.1,28,,5.15146,63.0,.308,1.03846166,93.4,572143
Cal Quantrill,2019,P,24,"6' 3""",195,L,R,2019,,1.227400988,5.16,4.281970799,1.30,7.78,2.45,103.0,89,,4.53247,65.5,.297,1.310679806,94.4,615698
Cal Quantrill,2020,P,25,"6' 3""",195,L,R,2019,,0.442046598,2.25,3.910169481,1.22,8.72,2.25,32.0,31,,4.27371,82.4,.310,1.12500026,94.9,615698
Cal Quantrill,2021,P,26,"6' 3""",195,L,R,2019,,1.852867149,2.89,4.065357078,1.18,7.28,2.83,149.2,121,,4.4321,80.0,.270,0.962138101,94.3,615698
Cal Quantrill,2022,P,27,"6' 3""",195,L,R,2019,,2.057190657,3.38,4.121375573,1.21,6.18,2.27,186.1,128,,4.38821,76.4,.280,1.014311298,93.6,615698
Caleb Ferguson,2018,p,21,"6' 3""",225,R,L,2018,4500000.0,0.222043246,3.49,3.793084662,1.12,10.84,2.20,49.0,59,,2.95148,79.1,.292,1.469387812,89.0,657571
Caleb Ferguson,2019,p,22,"6' 3""",225,R,L,2018,4500000.0,-0.138671741,4.84,5.049830613,1.48,10.88,5.44,44.2,54,,4.88296,74.0,.294,1.410447947,94.4,657571
Caleb Ferguson,2020,p,23,"6' 3""",225,R,L,2018,4500000.0,0.26626312,2.89,3.566419596,1.02,13.02,1.45,18.2,27,,2.33022,89.6,.293,1.928572874,95.5,657571
Caleb Ferguson,2022,p,25,"6' 3""",225,R,L,2018,4500000.0,0.459988333,1.82,2.997046365,1.15,9.61,4.41,34.2,37,,3.86043,81.3,.259,0.259615432,94.8,657571
Caleb Smith,2018,P,26,"6' 0""",207,R,L,2017,,1.184066415,4.19,3.962155846,1.24,10.24,3.84,77.1,88,,4.41683,74.1,.279,1.163793295,92.7,592761
Caleb Smith,2019,P,27,"6' 0""",207,R,L,2017,,0.999215662,4.52,5.111835437,1.23,9.86,3.52,153.1,168,,5.05133,75.8,.252,1.936956393,91.6,592761
Caleb Smith,2020,P,28,"6' 0""",207,R,L,2017,,-0.0957055371,2.57,6.40570503,1.29,9.64,7.71,14.0,15,,6.51241,101.4,.100,1.928571429,92.1,592761
Caleb Smith,2021,P,29,"6' 0""",207,R,L,2017,,-0.0661413074,4.83,5.096720383,1.37,9.82,4.99,113.2,124,,5.26184,73.1,.256,1.583577748,91.4,592761
Caleb Smith,2022,P,30,"6' 0""",207,R,L,2017,,-0.795981199,4.11,5.569574127,1.37,8.36,5.01,70.0,65,,5.14783,80.1,.236,1.800000196,91.9,592761
Caleb Thielbar,2020,p,33,"6' 0""",205,R,L,2013,4500000.0,0.563669384,2.25,2.341418667,1.15,9.90,4.05,20.0,22,,4.55894,73.9,.275,0.0,89.8,573204
Caleb Thielbar,2021,p,34,"6' 0""",205,R,L,2013,4500000.0,0.811570644,3.23,3.466909158,1.17,10.83,2.81,64.0,77,,4.01979,80.8,.303,1.125000134,91.3,573204
Caleb Thielbar,2022,p,35,"6' 0""",205,R,L,2013,4500000.0,1.631551504,3.49,2.421419573,1.16,12.13,2.73,59.1,80,,3.07242,69.4,.324,0.758427178,92.8,573204
Cam Bedrosian,2018,p,26,"6' 1""",225,R,R,2014,1.0,0.31128943,3.80,4.11355686,1.39,8.02,3.66,64.0,57,,4.18846,75.1,.316,0.984375293,93.1,592135
Cam Bedrosian,2019,p,27,"6' 1""",225,R,R,2014,1.0,0.852599531,3.23,3.83357486,1.14,9.39,3.23,61.1,64,,4.16611,68.0,.253,1.02717419,92.9,592135
Cam Bedrosian,2020,p,28,"6' 1""",225,R,R,2014,1.0,0.257051229,2.45,2.918691836,1.09,6.75,3.68,14.2,11,,5.81111,75.0,.244,0.0,92.2,592135
Cam Bedrosian,2021,p,29,"6' 1""",225,R,R,2014,1.0,-0.298321702,5.04,6.490035009,1.76,8.28,6.12,25.0,23,,5.628416933333333,84.3,.300,2.160000577,92.9,592135
Carl Edwards Jr.,2018,P,26,"6' 3""",165,R,R,2015,,1.145579219,2.60,2.929662277,1.31,11.60,5.54,52.0,67,,4.11304,78.2,.283,0.346153948,94.5,605218
Carl Edwards Jr.,2019,P,27,"6' 3""",165,R,R,2015,,-0.0997541621,8.47,5.743423085,1.47,10.06,6.88,17.0,19,,5.789537843137255,41.3,.214,1.588236452,93.8,605218
Carl Edwards Jr.,2020,P,28,"6' 3""",165,R,R,2015,,0.197433323,1.93,1.262847624,0.64,11.57,1.93,4.2,6,,2.91566,66.7,.200,0.0,93.3,605218
Carl Edwards Jr.,2021,P,29,"6' 3""",165,R,R,2015,,-0.235094011,11.12,9.522978183,2.47,9.53,4.76,5.2,6,,5.7542623529411765,71.4,.421,4.764708046,94.2,605218
Carl Edwards Jr.,2022,P,30,"6' 3""",165,R,R,2015,,0.0988888517,2.76,4.241463329,1.23,8.13,3.63,62.0,56,,4.09217,83.6,.259,1.161290394,94.1,605218
Carlos Carrasco,2018,p,31,"6' 4""",224,R,R,2009,,5.202999905,3.38,2.941681578,1.13,10.83,2.02,192.0,231,,2.89615,74.8,.317,0.98437499,93.5,471911
Carlos Carrasco,2019,p,32,"6' 4""",224,R,R,2009,,0.89802514,5.29,4.41400959,1.35,10.80,1.80,80.0,96,,3.50308,73.1,.357,2.025000193,91.8,471911
Carlos Carrasco,2020,p,33,"6' 4""",224,R,R,2009,,1.465898395,2.91,3.588478183,1.21,10.85,3.57,68.0,82,,3.64706,85.2,.294,1.058823648,93.5,471911
Carlos Carrasco,2021,p,34,"6' 4""",224,R,R,2009,,0.101953432,6.04,5.219723661,1.43,8.39,3.02,53.2,50,,4.31835,63.1,.299,2.012422456,91.7,471911
Carlos Carrasco,2022,p,35,"6' 4""",224,R,R,2009,,2.506972075,3.97,3.533483676,1.33,9.00,2.43,152.0,152,,3.45277,74.7,.338,1.006579048,92.9,471911
Carlos Estévez,2019,p,26,"6' 6""",277,R,R,2016,11000000.0,0.624939322,3.75,4.130676337,1.29,10.13,2.88,72.0,81,,4.31238,77.7,.305,1.500000318,97.4,608032
Carlos Estévez,2020,p,27,"6' 6""",277,R,R,2016,11000000.0,-0.152502269,7.50,5.69142011,1.75,10.13,3.38,24.0,27,,4.93212,65.6,.380,2.250000715,95.5,608032
Carlos Estévez,2021,p,28,"6' 6""",277,R,R,2016,11000000.0,0.580747187,4.38,4.029493671,1.49,8.76,3.06,61.2,60,,4.20274,74.9,.354,1.167567688,95.2,608032
Carlos Estévez,2022,p,29,"6' 6""",277,R,R,2016,11000000.0,0.326481014,3.47,4.077343412,1.18,8.53,3.63,57.0,54,,4.27288,70.4,.247,1.105263306,97.5,608032
Carlos Hernández,2020,c,23,"6' 4""",255,R,R,2020,,-0.1525933,4.91,6.395961887,1.70,7.98,3.68,14.2,13,,5.08556,83.3,.349,2.454543247,90.2,672578
Carlos Hernández,2021,c,24,"6' 4""",255,R,R,2020,,1.004751801,3.68,4.080540006,1.28,7.77,4.31,85.2,74,,4.99547,74.9,.267,0.735408599,95.7,672578
Carlos Hernández,2022,c,25,"6' 4""",255,R,R,2020,,-0.12831917,7.39,5.201716929,1.84,5.63,4.98,56.0,35,,5.71797,59.4,.339,1.125000115,90.4,672578
Carlos Martinez,2018,p,26,"6' 0""",200,R,R,2013,1.0,2.111770362,3.11,3.531218112,1.35,8.87,4.55,118.2,117,,4.41703,75.0,.296,0.379213503,92.8,593372
Carlos Martinez,2019,p,27,"6' 0""",200,R,R,2013,1.0,1.201106071,3.17,2.862285273,1.18,9.87,3.35,48.1,53,,3.76481,73.4,.301,0.372413862,95.6,593372
Carlos Martinez,2020,p,28,"6' 0""",200,R,R,2013,1.0,-0.240678161,9.90,6.891417551,2.10,7.65,4.50,20.0,17,,5.20894,47.6,.371,2.699998713,92.8,593372
Carlos Martinez,2021,p,29,"6' 0""",200,R,R,2013,1.0,0.60871911,6.23,4.761127338,1.37,6.23,3.94,82.1,57,,5.08375,58.5,.276,0.874493981,92.0,593372
Carlos Rodón,2018,p,25,"6' 2""",255,L,L,2015,27000000.0,0.918893456,4.18,4.950486975,1.26,6.71,4.10,120.2,90,,5.40126,72.0,.243,1.118784625,93.0,607074
Carlos Rodón,2019,p,26,"6' 2""",255,L,L,2015,27000000.0,0.889013648,5.19,3.61785557,1.44,11.94,4.41,34.2,46,,4.12619,63.9,.322,1.038461386,91.4,607074
Carlos Rodón,2020,p,27,"6' 2""",255,L,L,2015,27000000.0,0.122760773,8.22,4.887070153,1.57,7.04,3.52,7.2,6,,6.20959,51.7,.333,1.173912119,92.8,607074
Carlos Rodón,2021,p,28,"6' 2""",255,L,L,2015,27000000.0,4.951787949,2.37,2.64993364,0.96,12.55,2.44,132.2,185,,3.17146,82.2,.271,0.881909514,95.4,607074
Carlos Rodón,2022,p,29,"6' 2""",255,L,L,2015,27000000.0,6.230337143,2.88,2.25288044,1.03,11.98,2.63,178.0,237,,2.90675,75.1,.295,0.606741573,95.5,607074
Carlos Torres,2018,P,35,"6' 1""",180,R,R,2009,,-0.164662033,6.52,6.574224904,1.24,8.38,2.79,9.2,9,,3.90659,68.2,.240,2.793103632,92.4,448614
Carlos Torres,2019,P,36,"6' 1""",180,R,R,2009,,-0.0401037782,7.50,5.880676142,1.67,12.00,1.50,6.0,8,,2.87348,73.2,.412,3.0,90.4,448614
Carson Fulmer,2018,P,24,"6' 0""",210,R,R,2016,,-0.501290813,8.07,7.273832844,1.89,8.07,6.68,32.1,29,,6.56031,62.0,.299,2.226803694,92.8,608334
Carson Fulmer,2019,P,25,"6' 0""",210,R,R,2016,,-0.223614026,6.26,6.287181637,1.68,8.23,6.59,27.1,25,,6.01963,64.3,.263,1.646342229,93.6,608334
Carson Fulmer,2020,P,26,"6' 0""",210,R,R,2016,,0.0835821026,4.35,4.352710772,1.26,9.58,4.35,10.1,11,,4.774107096774194,73.5,.259,0.870968593,92.5,608334
Carson Fulmer,2021,P,27,"6' 0""",210,R,R,2016,,0.0310876332,6.66,4.689514793,1.52,8.42,4.56,25.2,24,,4.95731,58.2,.319,1.051948156,93.2,608334
Casey Kelly,2018,P,28,"6' 3""",215,R,R,2012,,0.149581533,3.04,4.216769888,1.39,6.08,1.90,23.2,16,,4.45312,80.5,.316,1.140845377,91.4,543391
Casey Sadler,2018,P,27,"6' 3""",223,R,R,2014,,0.00918945018,8.31,3.852739776,2.77,6.23,6.23,4.1,3,,4.99618,41.7,.474,0.0,92.0,594987
Casey Sadler,2019,P,28,"6' 3""",223,R,R,2014,,0.11775576,2.14,4.379477423,1.17,6.02,2.53,46.1,31,,4.779764964028777,86.3,.259,0.971223289,92.0,594987
Casey Sadler,2020,P,29,"6' 3""",223,R,R,2014,,-0.0283511132,5.12,4.898315727,1.40,9.78,5.59,19.1,21,,4.576634827586207,61.4,.245,1.396551609,91.3,594987
Casey Sadler,2021,P,30,"6' 3""",223,R,R,2014,,1.095415235,0.67,2.475819093,0.72,8.26,2.23,40.1,37,,3.24712,90.9,.188,0.223140545,93.1,594987
CC Sabathia,2018,p,37,"6' 6""",300,L,L,2001,,2.254451752,3.65,4.160431576,1.31,8.24,3.00,153.0,140,,4.29482,75.5,.295,1.117647059,89.4,282332
CC Sabathia,2019,p,38,"6' 6""",300,L,L,2001,,0.409242138,4.95,5.664320151,1.41,8.97,3.27,107.1,107,,4.72929,77.5,.294,2.263975263,88.5,282332
Chad Bettis,2018,P,29,"6' 0""",201,R,R,2013,,0.230706025,5.01,5.0717888,1.40,5.98,3.52,120.1,80,,4.76051,68.3,.284,1.346260306,90.4,518452
Chad Bettis,2019,P,30,"6' 0""",201,R,R,2013,,0.0705935694,6.08,5.161653066,1.55,5.94,2.97,63.2,42,,4.49451,63.3,.329,1.413612283,91.7,518452
Chad Green,2018,p,27,"6' 3""",215,L,R,2016,4250000.0,1.672159195,2.50,2.856466838,1.04,11.18,1.78,75.2,94,,3.18738,86.1,.307,1.07048451,96.1,643338
Chad Green,2019,p,28,"6' 3""",215,L,R,2016,4250000.0,1.593007386,4.17,3.344444294,1.23,12.78,2.48,69.0,98,,3.56491,72.7,.346,1.304348187,96.2,643338
Chad Green,2020,p,29,"6' 3""",215,L,R,2016,4250000.0,0.197776958,3.51,4.165445748,0.82,11.22,2.81,25.2,32,,3.73656,57.1,.148,1.753247578,95.5,643338
Chad Green,2021,p,30,"6' 3""",215,L,R,2016,4250000.0,1.56647265,3.12,3.588360867,0.88,10.65,1.83,83.2,99,,3.6273,77.2,.234,1.505976279,95.7,643338
Chad Green,2022,p,31,"6' 3""",215,L,R,2016,4250000.0,0.332628876,3.00,2.845764301,1.20,9.60,3.00,15.0,16,,4.15031,72.3,.308,0.600000076,94.6,643338
Chad Kuhl,2018,p,25,"6' 3""",200,R,R,2016,,0.512952685,4.55,4.701608046,1.44,8.58,3.49,85.0,81,,4.32863,74.2,.319,1.482352941,94.6,641771
Chad Kuhl,2020,p,27,"6' 3""",200,R,R,2016,,0.0360790975,4.27,5.479189351,1.36,8.55,5.44,46.1,44,,4.98252,72.5,.239,1.553957005,93.4,641771
Chad Kuhl,2021,p,28,"6' 3""",200,R,R,2016,,-0.134648502,4.82,5.311112969,1.43,8.40,4.71,80.1,75,,4.89853,69.9,.288,1.456431541,94.2,641771
Chad Kuhl,2022,p,29,"6' 3""",200,R,R,2016,,0.448214322,5.72,5.258416403,1.55,7.23,3.81,137.0,110,,4.77714,69.4,.313,1.642335766,92.8,641771
Charlie Morton,2018,p,34,"6' 5""",215,R,R,2008,,2.835943937,3.13,3.591569261,1.16,10.83,3.45,167.0,201,,3.41672,79.5,.284,0.970059792,95.6,450203
Charlie Morton,2019,p,35,"6' 5""",215,R,R,2008,,5.983532906,3.05,2.813324555,1.08,11.10,2.64,194.2,240,,3.28308,75.2,.299,0.693493133,94.4,450203
Charlie Morton,2020,p,36,"6' 5""",215,R,R,2008,,0.888744116,4.74,3.45457721,1.39,9.95,2.37,38.0,42,,4.01444,70.0,.355,0.947368421,93.3,450203
Charlie Morton,2021,p,37,"6' 5""",215,R,R,2008,,4.537212849,3.34,3.175420119,1.04,10.47,2.81,185.2,216,,3.30951,71.0,.271,0.775583525,95.3,450203
Charlie Morton,2022,p,38,"6' 5""",215,R,R,2008,,1.407129169,4.34,4.257779839,1.23,10.73,3.30,172.0,205,,3.60466,76.0,.293,1.465116279,93.7,450203
Chase Anderson,2018,p,30,"6' 1""",210,R,R,2014,,0.238226861,3.93,5.223722914,1.19,7.29,3.25,158.0,128,,4.79375,81.0,.242,1.708860925,92.4,502624
Chase Anderson,2019,p,31,"6' 1""",210,R,R,2014,,1.170648396,4.21,4.832714334,1.27,8.03,3.24,139.0,124,,5.25759,77.1,.270,1.48920847,92.7,502624
Chase Anderson,2020,p,32,"6' 1""",210,R,R,2014,,-0.146173105,7.22,6.161715181,1.63,10.16,2.67,33.2,38,,4.09067,66.5,.362,2.940592907,92.4,502624
Chase Anderson,2021,p,33,"6' 1""",210,R,R,2014,,-0.296685979,6.75,5.857534229,1.48,6.56,3.75,48.0,35,,5.64871,63.3,.281,1.875000075,90.1,502624
Chase Anderson,2022,p,34,"6' 1""",210,R,R,2014,,0.0764357001,6.38,5.070764491,1.33,8.63,5.62,24.0,23,,4.61772,55.2,.237,1.125000089,91.5,502624
Chase De Jong,2018,P,24,"6' 4""",230,L,R,2017,,0.0650326535,3.57,4.915149188,1.36,6.62,3.06,17.2,13,,5.13828,75.8,.288,1.528302437,89.2,608328
Chase De Jong,2019,P,25,"6' 4""",230,L,R,2017,,-0.0778691396,36.00,25.21400948,6.00,0.00,27.00,1.0,0,,18.1816,43.5,.400,9.0,91.2,608328
Chase De Jong,2020,P,26,"6' 4""",230,L,R,2017,,-0.0424819691,14.73,6.32778189,2.18,11.05,4.91,7.1,9,,5.41181,35.2,.455,2.454544623,93.0,608328
Chase De Jong,2021,P,27,"6' 4""",230,L,R,2017,,-0.282597005,5.77,6.032629709,1.56,8.04,3.92,43.2,39,,5.38416,76.5,.304,2.267175705,92.9,608328
Chase De Jong,2022,P,28,"6' 4""",230,L,R,2017,,-0.23680383,2.64,4.744989373,1.14,7.41,3.77,71.2,59,,4.95535,86.3,.225,1.255814132,92.8,608328
Chasen Shreve,2018,P,27,"6' 4""",180,L,L,2014,,-0.440115929,3.93,5.11612851,1.52,10.59,4.61,52.2,62,,4.251163544303798,80.8,.313,1.879747539,92.1,592741
Chasen Shreve,2019,P,28,"6' 4""",180,L,L,2014,,0.0148098674,9.00,4.214010012,1.50,9.00,4.50,2.0,2,,7.19782,50.0,.333,0.0,90.6,592741
Chasen Shreve,2020,P,29,"6' 4""",180,L,L,2014,,0.142575756,3.96,3.991420109,1.16,12.24,4.32,25.0,34,,3.60831,72.6,.250,1.440001428,91.7,592741
Chasen Shreve,2021,P,30,"6' 4""",180,L,L,2014,,-0.0926985145,3.20,4.732164653,1.26,7.19,4.47,56.1,45,,5.15258,83.6,.234,1.118343448,91.6,592741
Chasen Shreve,2022,P,31,"6' 4""",180,L,L,2014,,-0.256867558,6.49,5.011165683,1.41,9.91,3.42,26.1,29,,3.67942,62.9,.304,2.050633456,90.6,592741
Chaz Roe,2018,p,31,"6' 5""",190,R,R,2013,,0.236293763,3.58,4.034604313,1.01,9.48,2.86,50.1,53,,3.83029,75.1,.244,1.07284836,92.3,475054
Chaz Roe,2019,p,32,"6' 5""",190,R,R,2013,,0.877064705,4.06,3.31204875,1.57,11.47,5.47,51.0,65,,4.34153,70.3,.359,0.529412081,92.1,475054
Chaz Roe,2020,p,33,"6' 5""",190,R,R,2013,,0.334689736,2.89,2.548561888,1.39,8.68,2.89,9.1,9,,4.82119,71.4,.385,0.0,91.2,475054
Chaz Roe,2021,p,34,"6' 5""",190,R,R,2013,,0.0256405603,27.00,1.670032558,3.00,27.00,13.50,0.2,2,,1.67011,0.0,1.000,0.0,92.3,475054
Chi Chi González,2019,P,27,"6' 3""",210,R,R,2015,,0.275135331,5.29,5.642581051,1.46,6.57,4.71,63.0,46,,5.33037,69.6,.261,1.571428667,92.2,592346
Chi Chi González,2020,P,28,"6' 3""",210,R,R,2015,,0.0604710653,6.86,5.530402782,1.63,7.32,4.58,19.2,16,,5.60636,61.7,.328,1.3728816,92.2,592346
Chi Chi González,2021,P,29,"6' 3""",210,R,R,2015,,0.267355345,6.46,5.373312825,1.52,4.96,2.48,101.2,56,,5.08478,64.1,.323,1.593442633,91.8,592346
Chi Chi González,2022,P,30,"6' 3""",210,R,R,2015,,-0.135818213,5.87,5.547213711,1.52,5.87,2.74,23.0,15,,4.65204115942029,71.4,.319,1.95652182,92.5,592346
Chris Archer,2018,p,29,"6' 2""",195,R,R,2012,,2.540586174,4.31,3.753690023,1.38,9.83,2.97,148.1,162,,3.5916775505617977,72.5,.339,1.152809028,94.6,502042
Chris Archer,2019,p,30,"6' 2""",195,R,R,2012,,0.676828325,5.19,5.019023327,1.41,10.75,4.14,119.2,143,,4.36438,72.5,.304,1.880222761,91.3,502042
Chris Archer,2021,p,32,"6' 2""",195,R,R,2012,,0.167996563,4.66,4.25624109,1.34,9.78,3.72,19.1,21,,4.79429,68.8,.294,1.396551816,89.7,502042
Chris Archer,2022,p,33,"6' 2""",195,R,R,2012,,0.542797565,4.56,4.485807659,1.31,7.36,4.21,102.2,84,,4.56686,67.7,.260,1.051948078,90.6,502042
Chris Bassitt,2018,p,29,"6' 5""",220,R,R,2014,18500000.0,0.569911614,3.02,3.978613307,1.24,7.74,3.59,47.2,41,,4.51622,73.2,.265,0.755244675,91.9,605135
Chris Bassitt,2019,p,30,"6' 5""",220,R,R,2014,18500000.0,2.099483974,3.81,4.40150935,1.19,8.81,2.94,144.0,141,,4.60539,76.5,.268,1.312499861,93.5,605135
Chris Bassitt,2020,p,31,"6' 5""",220,R,R,2014,18500000.0,1.288307309,2.29,3.588244664,1.16,7.86,2.43,63.0,55,,4.49268,85.6,.278,0.857142753,92.8,605135
Chris Bassitt,2021,p,32,"6' 5""",220,R,R,2014,18500000.0,3.30431056,3.15,3.341644298,1.06,9.10,2.23,157.1,159,,3.93015,78.2,.271,0.858050875,91.9,605135
Chris Bassitt,2022,p,33,"6' 5""",220,R,R,2014,18500000.0,2.836806536,3.42,3.657385161,1.14,8.27,2.43,181.2,167,,3.71565,77.2,.282,0.941284456,91.9,605135
Chris Devenski,2018,p,27,"6' 3""",208,R,R,2016,1100000.0,-0.10167888,4.18,4.491417742,1.16,9.70,2.47,47.1,51,,4.0085,77.1,.277,1.711267927,94.2,606965
Chris Devenski,2019,p,28,"6' 3""",208,R,R,2016,1100000.0,0.250955537,4.83,4.619806888,1.30,9.39,2.74,69.0,72,,4.85163,72.2,.298,1.695652549,94.7,606965
Chris Devenski,2020,p,29,"6' 3""",208,R,R,2016,1100000.0,-0.0305196531,14.73,6.464149922,2.73,12.27,7.36,3.2,5,,4.49637,46.5,.500,2.454547955,92.9,606965
Chris Devenski,2021,p,30,"6' 3""",208,R,R,2016,1100000.0,-0.21712859,8.59,6.579125623,1.77,6.14,2.45,7.1,5,,5.68022,62.5,.360,2.45454588,91.4,606965
Chris Devenski,2022,p,31,"6' 3""",208,R,R,2016,1100000.0,-0.0230048671,8.59,4.544249432,1.50,7.36,0.61,14.2,12,,4.10571,47.9,.360,1.84090941,94.3,606965
Chris Flexen,2018,p,23,"6' 3""",220,R,R,2017,,-0.304270834,12.79,9.634116111,3.16,4.26,8.53,6.1,3,,8.39747,44.0,.429,2.842105406,92.6,623167
Chris Flexen,2019,p,24,"6' 3""",220,R,R,2017,,-0.0855501788,6.59,5.555474143,2.05,6.59,8.56,13.2,10,,7.80638,60.2,.304,0.658536938,94.3,623167
Chris Flexen,2021,p,26,"6' 3""",220,R,R,2017,,2.984766006,3.61,3.888030453,1.25,6.26,2.00,179.2,125,,4.55586,76.6,.300,0.951762577,91.2,623167
Chris Flexen,2022,p,27,"6' 3""",220,R,R,2017,,0.583515555,3.73,4.492576286,1.33,6.21,3.33,137.2,95,,5.03791,76.9,.273,1.11138015,91.7,623167
Chris Hatcher,2018,P,33,"6' 1""",200,R,R,2010,,-0.430743247,4.95,5.499881445,1.65,7.43,4.21,36.1,30,,4.72267,74.2,.321,1.733945197,92.5,501822
Chris Martin,2018,p,32,"6' 8""",224,R,R,2014,4000000.0,0.650499642,4.54,3.520431631,1.22,7.99,1.08,41.2,37,,3.62526,70.2,.323,1.080000165,93.9,455119
Chris Martin,2019,p,33,"6' 8""",224,R,R,2014,4000000.0,1.063908041,3.40,3.249937624,1.02,10.51,0.81,55.2,65,,2.720448502994012,76.6,.314,1.455089987,94.1,455119
Chris Martin,2020,p,34,"6' 8""",224,R,R,2014,4000000.0,0.480203629,1.00,2.358085982,0.61,10.00,1.50,18.0,20,,3.24277,84.9,.171,0.5,92.8,455119
Chris Martin,2021,p,35,"6' 8""",224,R,R,2014,4000000.0,0.450276643,3.95,3.470034158,1.27,6.85,1.25,43.1,33,,3.98011,72.5,.338,0.830769328,93.8,455119
Chris Martin,2022,p,36,"6' 8""",224,R,R,2014,4000000.0,1.596621394,3.05,2.183859415,0.98,11.89,0.80,56.0,74,,2.0070225,75.6,.317,0.964285879,93.3,455119
Chris Paddack,2019,p,23,"6' 5""",217,R,R,2019,4000000.0,2.403539419,3.33,3.953345942,0.98,9.79,1.98,140.2,153,,4.04793,76.9,.239,1.471563928,90.9,663978
Chris Paddack,2020,p,24,"6' 5""",217,R,R,2019,4000000.0,0.364971548,4.73,5.021927435,1.22,8.85,1.83,59.0,58,,3.76742,75.4,.289,2.135592806,93.8,663978
Chris Paddack,2021,p,25,"6' 5""",217,R,R,2019,4000000.0,1.778618379,5.07,3.77926492,1.26,8.22,1.83,108.1,99,,3.86849,60.7,.317,1.246153905,94.8,663978
Chris Paddack,2022,p,26,"6' 5""",217,R,R,2019,4000000.0,0.92972064,4.03,1.724371221,1.21,8.06,0.81,22.1,20,,3.18265,64.3,.357,0.0,93.0,663978
Chris Rusin,2018,P,31,"6' 2""",200,L,L,2012,,-0.114339955,6.09,4.642139272,1.50,7.74,4.28,54.2,47,,4.24643,56.6,.310,1.152439319,90.1,543734
Chris Rusin,2019,P,32,"6' 2""",200,L,L,2012,,-0.118803784,36.00,19.21402664,6.00,0.00,9.00,1.0,0,,12.1816,43.5,.571,9.000009656,88.9,543734
Chris Rusin,2020,P,33,"6' 2""",200,L,L,2012,,-0.106570408,8.10,7.991424236,2.70,8.10,8.10,3.1,3,,6.98388,78.9,.500,2.700002768,,543734
Chris Sale,2018,P,29,"6' 6""",180,L,L,2010,,6.198293686,2.11,1.976887272,0.86,13.50,1.94,158.0,237,,2.30531,82.5,.283,0.626582278,94.8,519242
Chris Sale,2019,P,30,"6' 6""",180,L,L,2010,,3.596116543,4.40,3.390480052,1.09,13.32,2.26,147.1,218,,2.9335,66.7,.311,1.466063247,93.1,519242
Chris Sale,2021,P,32,"6' 6""",180,L,L,2010,,0.815884411,3.16,3.685659153,1.34,10.97,2.53,42.2,52,,3.34621,79.8,.358,1.265625075,93.6,519242
Chris Sale,2022,P,33,"6' 6""",180,L,L,2010,,0.16106531,3.18,2.40654857,1.06,7.94,1.59,5.2,5,,3.19027,57.1,.278,0.0,94.5,519242
Chris Stratton,2018,p,27,"6' 2""",205,R,R,2016,4000000.0,0.779223964,5.09,4.477672938,1.43,6.95,3.35,145.0,112,,4.42584,66.9,.308,1.179310329,91.0,608717
Chris Stratton,2019,p,28,"6' 2""",205,R,R,2016,4000000.0,0.213653114,5.57,4.924535834,1.66,8.17,3.91,76.0,69,,4.820928245614035,70.5,.349,1.539473723,92.2,608717
Chris Stratton,2020,p,29,"6' 2""",205,R,R,2016,4000000.0,0.589013934,3.90,3.191419315,1.30,11.70,3.90,30.0,39,,3.49832,57.5,.303,0.900000229,93.2,608717
Chris Stratton,2021,p,30,"6' 2""",205,R,R,2016,4000000.0,0.74855417,3.63,3.762471135,1.30,9.76,3.74,79.1,86,,4.08911,76.6,.293,1.021008469,93.0,608717
Chris Stratton,2022,p,31,"6' 2""",205,R,R,2016,4000000.0,0.717307236,4.26,3.31769421,1.53,8.53,3.55,63.1,60,,4.039340421052631,69.6,.364,0.568421192,92.8,608717
Chris Tillman,2018,p,30,"6' 5""",200,R,R,2009,3000000.0,-0.408434629,10.46,7.24793255,2.21,4.39,5.74,26.2,13,,6.42874,55.1,.367,2.025000483,89.0,501957
Chris Volstad,2018,P,31,"6' 8""",235,R,R,2008,,-0.306323692,6.27,5.357615176,1.63,5.51,2.28,47.1,29,,4.45598,66.8,.348,1.711267996,91.8,458690
Cionel Pérez,2018,P,22,"6' 0""",175,R,L,2018,,-0.153763607,3.97,6.336903055,1.15,9.53,5.56,11.1,12,,4.06157,90.9,.130,2.382353609,91.5,672335
Cionel Pérez,2019,P,23,"6' 0""",175,R,L,2018,,-0.189290628,10.00,6.65845392,1.44,7.00,2.00,9.0,7,,4.9774,34.1,.286,3.0,94.1,672335
Cionel Pérez,2020,P,24,"6' 0""",175,R,L,2018,,0.0778453648,2.84,3.507209114,2.05,11.37,8.53,6.1,8,,4.42061,84.6,.389,0.0,91.0,672335
Cionel Pérez,2021,P,25,"6' 0""",175,R,L,2018,,-0.281880796,6.38,6.295035116,1.71,9.38,7.50,24.0,25,,5.42458,58.8,.262,1.875000596,95.2,672335
Cionel Pérez,2022,P,26,"6' 0""",175,R,L,2018,,0.986351848,1.40,2.800292177,1.16,8.58,3.28,57.2,55,,3.55597,87.4,.284,0.312138825,91.8,672335
Clarke Schmidt,2020,P,24,"6' 1""",210,R,R,2020,,0.0795951039,7.11,4.296683028,1.89,9.95,7.11,6.1,7,,6.42796,64.3,.368,0.0,94.2,657376
Clarke Schmidt,2021,P,25,"6' 1""",210,R,R,2020,,-0.0821053758,5.68,6.170034273,2.53,8.53,7.11,6.1,6,,5.51033,57.7,.417,1.421052703,93.0,657376
Clarke Schmidt,2022,P,26,"6' 1""",210,R,R,2020,,0.511334751,3.12,3.597980172,1.20,8.74,3.59,57.2,56,,3.95974,75.0,.279,0.780346881,94.2,657376
Clay Buchholz,2018,p,33,"6' 3""",190,L,R,2007,,1.649951458,2.01,3.46551629,1.04,7.41,2.01,98.1,81,,4.00568,86.6,.256,0.823728728,90.1,453329
Clay Buchholz,2019,p,34,"6' 3""",190,L,R,2007,,0.127726138,6.56,5.62078867,1.49,5.95,2.44,59.0,39,,5.18389,63.6,.321,1.983050463,89.4,453329
Clay Holmes,2018,p,25,"6' 5""",245,R,R,2018,12666667.0,-0.15613636,6.84,5.400938013,2.01,7.18,7.86,26.1,21,,5.54255,65.1,.346,0.683544337,94.3,605280
Clay Holmes,2019,p,26,"6' 5""",245,R,R,2018,12666667.0,-0.114782438,5.58,4.97400961,1.62,10.08,6.48,50.0,56,,4.86753,65.1,.301,0.900000069,94.3,605280
Clay Holmes,2020,p,27,"6' 5""",245,R,R,2018,12666667.0,0.043145474,0.00,1.691415605,1.50,6.75,0.00,1.1,1,,3.13763,100.0,.400,0.0,92.4,605280
Clay Holmes,2021,p,28,"6' 5""",245,R,R,2018,12666667.0,1.064172745,3.60,3.284319855,1.17,10.03,3.73,70.0,78,,3.162312,68.4,.274,0.642857248,96.0,605280
Clay Holmes,2022,p,29,"6' 5""",245,R,R,2018,12666667.0,1.160158873,2.54,2.845415252,1.02,9.19,2.83,63.2,65,,2.90208,74.4,.264,0.282722558,97.0,605280
Clayton Kershaw,2018,p,30,"6' 4""",225,L,L,2008,,3.355004072,2.73,3.185224963,1.04,8.65,1.62,161.1,155,,3.18719,78.7,.276,0.948347048,90.8,477132
Clayton Kershaw,2019,p,31,"6' 4""",225,L,L,2008,,3.555100428,3.03,3.858869307,1.04,9.54,2.07,178.1,189,,3.50207,84.0,.267,1.413084152,90.3,477132
Clayton Kershaw,2020,p,32,"6' 4""",225,L,L,2008,,1.430792332,2.16,3.311419326,0.84,9.57,1.23,58.1,62,,3.04915,82.5,.232,1.234285822,89.8,477132
Clayton Kershaw,2021,p,33,"6' 4""",225,L,L,2008,,3.429968357,3.55,2.997431379,1.02,10.65,1.55,121.2,144,,2.87386,71.7,.292,1.109589064,88.6,477132
Clayton Kershaw,2022,p,34,"6' 4""",225,L,L,2008,,3.85917592,2.28,2.566256837,0.94,9.76,1.64,126.1,137,,2.82621,79.4,.269,0.712401084,90.7,477132
Clayton Richard,2018,p,34,"6' 5""",240,L,L,2008,1750000.0,0.564136207,5.33,4.67933909,1.38,6.13,3.40,158.2,108,,4.23642,64.7,.292,1.077731058,90.0,453385
Clayton Richard,2019,p,35,"6' 5""",240,L,L,2008,1750000.0,-0.179868668,5.96,6.280185516,1.57,4.37,3.57,45.1,22,,5.32285,67.3,.297,1.786764455,90.4,453385
Cody Allen,2018,p,29,"6' 1""",210,R,R,2012,8500000.0,-0.0993329734,4.70,4.563417289,1.36,10.75,4.43,67.0,80,,4.54907,75.4,.294,1.477612613,93.6,592102
Cody Allen,2019,p,30,"6' 1""",210,R,R,2012,8500000.0,-0.627226055,6.26,8.387924665,1.91,11.35,7.83,23.0,29,,7.01992,89.2,.263,3.521740591,92.2,592102
Cody Reed,2018,P,25,"6' 5""",230,L,L,2016,,0.588220522,3.98,3.904617424,1.40,8.79,3.14,43.0,42,,3.50687,74.5,.328,1.046511349,92.6,642003
Cody Reed,2019,P,26,"6' 5""",230,L,L,2016,,0.14412792,1.42,1.477166499,1.11,9.95,1.42,6.1,7,,2.41942,85.7,.353,0.0,91.9,642003
Cody Reed,2020,P,27,"6' 5""",230,L,L,2016,,-0.0689631216,4.50,5.60808579,1.58,9.00,6.00,12.0,12,,4.726948888888889,81.4,.281,1.499999881,94.1,642003
Cody Reed,2021,P,28,"6' 5""",230,L,L,2016,,-0.110295467,3.72,5.239000184,1.45,6.52,5.59,9.2,7,,5.17181,73.5,.269,0.931034728,92.8,642003
Cole Hamels,2018,p,34,"6' 4""",205,L,L,2006,,2.193099797,3.78,4.487354723,1.26,8.87,3.07,190.2,188,,3.948027604895105,76.1,.293,1.368881192,92.1,430935
Cole Hamels,2019,p,35,"6' 4""",205,L,L,2006,,2.475051165,3.81,4.089303656,1.39,9.08,3.56,141.2,143,,4.38278,77.7,.320,1.080000078,91.3,430935
Cole Hamels,2020,p,36,"6' 4""",205,L,L,2006,,0.0906883776,8.10,2.891419008,1.20,5.40,2.70,3.1,2,,5.20538,25.0,.273,0.0,88.2,430935
Cole Irvin,2019,P,25,"6' 4""",225,L,L,2019,,0.0814620182,5.83,5.062008827,1.39,6.70,2.81,41.2,31,,5.02635,64.5,.302,1.511999469,89.8,608344
Cole Irvin,2020,P,26,"6' 4""",225,L,L,2019,,-0.0205421522,17.18,5.373235606,3.27,9.82,2.45,3.2,4,,4.45725,47.2,.625,2.454543327,92.4,608344
Cole Irvin,2021,P,27,"6' 4""",225,L,L,2019,,2.001663446,4.24,4.302744435,1.33,6.31,2.12,178.1,125,,4.82249,71.1,.305,1.160747697,90.7,608344
Cole Irvin,2022,P,28,"6' 4""",225,L,L,2019,,1.374157906,3.98,4.206353654,1.16,6.36,1.79,181.0,128,,4.34916,71.4,.274,1.243093923,90.5,608344
Cole Sulser,2019,P,29,"6' 0""",200,R,R,2019,,0.146977425,0.00,1.986737174,1.09,11.05,3.68,7.1,9,,4.15678,100.0,.294,0.0,93.4,642121
Cole Sulser,2020,P,30,"6' 0""",200,R,R,2019,,0.113947503,5.56,4.912008468,1.50,7.54,6.75,22.2,19,,5.9768,51.3,.250,0.79411807,93.8,642121
Cole Sulser,2021,P,31,"6' 0""",200,R,R,2019,,1.471692204,2.70,2.9805604,1.12,10.37,3.27,63.1,73,,3.73718,79.7,.277,0.710526458,93.2,642121
Cole Sulser,2022,P,32,"6' 0""",200,R,R,2019,,-0.115957752,5.29,4.583019567,1.62,10.06,4.24,34.0,38,,3.72573,68.7,.375,1.588235651,91.9,642121
Colin Rea,2020,p,29,"6' 5""",220,R,R,2015,5000000.0,-0.00815829635,5.79,4.977134088,1.21,6.43,1.29,14.0,10,,4.25744,62.5,.255,1.928571954,93.0,607067
Colin Rea,2021,p,30,"6' 5""",220,R,R,2015,5000000.0,-0.04146244,7.50,5.836700789,1.17,7.50,0.00,6.0,5,,5.03209,47.6,.294,3.0,92.7,607067
Collin McHugh,2018,p,31,"6' 2""",191,R,R,2012,,1.340968847,1.99,2.718035185,0.91,11.70,2.61,72.1,94,,3.26086,84.7,.250,0.74654391,92.1,543521
Collin McHugh,2019,p,32,"6' 2""",191,R,R,2012,,0.570539042,4.70,4.432759579,1.23,9.88,3.62,74.2,82,,4.34156,69.1,.265,1.446428695,90.8,543521
Collin McHugh,2021,p,34,"6' 2""",191,R,R,2012,,1.835658431,1.55,2.123159044,0.94,10.41,1.69,64.0,74,,3.0576,81.3,.290,0.421875031,90.6,543521
Collin McHugh,2022,p,35,"6' 2""",191,R,R,2012,,1.373383164,2.60,2.708584774,0.94,9.74,1.82,69.1,75,,3.24434,79.4,.266,0.649038581,91.0,543521
Colten Brewer,2018,P,25,"6' 4""",222,R,R,2018,,0.088111192,5.59,3.263879869,2.28,9.31,6.52,9.2,10,,4.63073,54.5,.469,0.0,92.5,605155
Colten Brewer,2019,P,26,"6' 4""",222,R,R,2018,,-0.0326260589,4.12,4.71400965,1.70,8.56,5.60,54.2,52,,4.85186,79.7,.335,0.987804993,93.4,605155
Colten Brewer,2020,P,27,"6' 4""",222,R,R,2018,,-0.243197622,5.61,6.035574807,1.75,8.77,4.91,25.2,25,,4.42404,77.1,.329,2.103895843,92.4,605155
Colten Brewer,2021,P,28,"6' 4""",222,R,R,2018,,-0.0427127108,36.00,10.17003412,7.00,9.00,27.00,1.0,1,,10.17,42.9,.800,0.0,93.9,605155
Connor Brogdon,2020,P,25,"6' 6""",205,R,R,2020,,-0.0297993962,3.97,4.956125247,0.88,13.50,3.97,11.1,17,,3.21637,86.2,.105,2.382353008,93.8,641401
Connor Brogdon,2021,P,26,"6' 6""",205,R,R,2020,,0.731215517,3.43,3.776970686,1.13,7.80,2.81,57.2,50,,4.32131,67.7,.258,0.936416412,96.0,641401
Connor Brogdon,2022,P,27,"6' 6""",205,R,R,2020,,0.561853349,3.27,3.430612875,1.25,10.23,2.25,44.0,50,,3.4747,84.0,.319,1.22727294,95.1,641401
Corbin Burnes,2018,p,23,"6' 3""",245,R,R,2018,35000000.0,0.166726574,2.61,3.79201065,1.00,8.29,2.61,38.0,35,,3.77096,84.7,.235,0.947368611,91.2,669203
Corbin Burnes,2019,p,24,"6' 3""",245,R,R,2018,35000000.0,-0.351833552,8.82,6.091561504,1.84,12.86,3.67,49.0,70,,3.36758,57.4,.424,3.122450073,92.5,669203
Corbin Burnes,2020,p,25,"6' 3""",245,R,R,2018,35000000.0,2.423035577,2.11,2.034994796,1.02,13.27,3.62,59.2,88,,2.9889,80.1,.285,0.301675962,91.8,669203
Corbin Burnes,2021,p,26,"6' 3""",245,R,R,2018,35000000.0,7.472195148,2.43,1.631111967,0.94,12.61,1.83,167.0,234,,2.30118,75.7,.309,0.377245509,94.1,669203
Corbin Burnes,2022,p,27,"6' 3""",245,R,R,2018,35000000.0,4.58866024,2.94,3.137183477,0.97,10.83,2.27,202.0,243,,2.85154,76.8,.259,1.024752475,91.5,669203
Corey Kluber,2018,p,32,"6' 4""",210,R,R,2011,,5.462938309,2.89,3.123222273,0.99,9.29,1.42,215.0,222,,3.07884,77.9,.277,1.046511628,92.0,446372
Corey Kluber,2019,p,33,"6' 4""",210,R,R,2011,,0.575263441,5.80,4.055130851,1.65,9.59,3.79,35.2,38,,4.88384,63.8,.374,1.00934565,91.6,446372
Corey Kluber,2020,p,34,"6' 4""",210,R,R,2011,,0.0155809699,0.00,4.191419315,1.00,9.00,9.00,1.0,1,,6.1197,100.0,.000,0.0,90.7,446372
Corey Kluber,2021,p,35,"6' 4""",210,R,R,2011,,1.434022188,3.83,3.845034122,1.34,9.23,3.71,80.0,82,,4.37556,74.4,.311,0.9,89.2,446372
Corey Kluber,2022,p,36,"6' 4""",210,R,R,2011,,3.103987455,4.34,3.569748075,1.21,7.63,1.15,164.0,139,,3.91608,70.2,.318,1.097560976,88.9,446372
Corey Knebel,2018,p,26,"6' 3""",225,R,R,2014,,0.924641609,3.58,3.033925514,1.08,14.31,3.58,55.1,88,,2.40419,75.6,.304,1.138554557,96.9,608349
Corey Knebel,2020,p,28,"6' 3""",225,R,R,2014,,-0.21001339,6.08,6.641420138,1.73,10.13,5.40,13.1,15,,5.77847,80.5,.314,2.700000644,94.0,608349
Corey Knebel,2021,p,29,"6' 3""",225,R,R,2014,,0.610946447,2.45,2.897306802,0.97,10.52,3.16,25.2,30,,3.25915,76.6,.233,0.701298823,96.3,608349
Corey Knebel,2022,p,30,"6' 3""",225,R,R,2014,,-0.0192496572,3.43,4.455714775,1.37,8.26,5.64,44.2,41,,4.84924,71.4,.244,0.805970264,95.6,608349
Cory Gearrin,2018,p,32,"6' 1""",205,R,R,2011,,0.131323992,3.77,4.311594277,1.34,8.32,3.30,57.1,53,,4.337592093023256,80.6,.306,1.098837124,91.7,518715
Cory Gearrin,2019,p,33,"6' 1""",205,R,R,2011,,0.254996417,4.07,4.262202325,1.45,7.64,4.07,55.1,47,,4.956878795180723,76.6,.313,0.813253073,91.2,518715
Cory Gearrin,2020,p,34,"6' 1""",205,R,R,2011,,-0.0106331129,0.00,5.191419315,1.00,4.50,9.00,2.0,1,,8.08384,100.0,.000,0.0,91.2,518715
Craig Kimbrel,2018,p,30,"6' 0""",215,R,R,2010,,1.34397161,2.74,3.128346004,0.99,13.86,4.48,62.1,96,,3.12576,83.0,.218,1.010695517,97.1,518886
Craig Kimbrel,2019,p,31,"6' 0""",215,R,R,2010,,-1.057544351,6.53,8.004332646,1.60,13.06,5.23,20.2,30,,4.74934,89.3,.279,3.919355321,96.2,518886
Craig Kimbrel,2020,p,32,"6' 0""",215,R,R,2010,,0.100791916,5.28,3.974028125,1.43,16.43,7.04,15.1,28,,3.78747,70.8,.320,1.173913214,96.9,518886
Craig Kimbrel,2021,p,33,"6' 0""",215,R,R,2010,,2.18760458,2.26,2.4326039,0.91,15.08,3.47,59.2,100,,2.6630019553072626,78.2,.243,0.905028,96.5,518886
Craig Kimbrel,2022,p,34,"6' 0""",215,R,R,2010,,0.881312251,3.75,3.229097676,1.32,10.80,4.20,60.0,72,,4.04018,67.6,.313,0.600000038,95.8,518886
Craig Stammen,2018,p,34,"6' 2""",228,R,R,2009,,2.236857891,2.73,2.185748031,1.04,10.03,1.94,79.0,88,,2.96737,74.3,.304,0.341772152,91.6,489334
Craig Stammen,2019,p,35,"6' 2""",228,R,R,2009,,0.390176296,3.29,4.116448752,1.16,8.01,1.65,82.0,73,,3.85061,77.4,.284,1.426829667,91.8,489334
Craig Stammen,2020,p,36,"6' 2""",228,R,R,2009,,0.295533299,5.63,3.358086048,1.29,7.50,1.50,24.0,20,,3.47993,56.3,.333,0.750000298,91.2,489334
Craig Stammen,2021,p,37,"6' 2""",228,R,R,2009,,0.751627564,3.06,3.747392646,1.04,8.46,1.32,88.1,83,,3.31225,83.3,.273,1.324528378,91.3,489334
Craig Stammen,2022,p,38,"6' 2""",228,R,R,2009,,-0.39977631,4.43,5.153414927,1.35,7.75,2.21,40.2,35,,3.69606,78.8,.300,1.99180359,91.4,489334
Cristian Javier,2020,P,23,"6' 1""",210,R,R,2020,,0.483983085,3.48,4.939885,0.99,8.94,2.98,54.1,54,,4.86325,86.2,.194,1.822085293,91.6,664299
Cristian Javier,2021,P,24,"6' 1""",210,R,R,2020,,0.610347122,3.55,4.433192128,1.18,11.55,4.71,101.1,130,,4.34806,82.2,.235,1.421052756,92.9,664299
Cristian Javier,2022,P,25,"6' 1""",210,R,R,2020,,3.360750437,2.54,3.159516205,0.95,11.74,3.15,148.2,194,,3.52509,83.6,.229,1.029148026,93.8,664299
Dakota Hudson,2018,P,23,"6' 5""",215,R,R,2018,,0.104259416,2.63,3.85555322,1.35,6.26,5.93,27.1,19,,4.76193,76.3,.238,0.0,94.5,641712
Dakota Hudson,2019,P,24,"6' 5""",215,R,R,2018,,0.93387384,3.35,4.925841394,1.41,7.01,4.43,174.2,136,,4.55257,78.1,.275,1.133587692,93.6,641712
Dakota Hudson,2020,P,25,"6' 5""",215,R,R,2018,,0.386317313,2.77,4.499111623,1.00,7.15,3.46,39.0,31,,4.41462,81.8,.192,1.153846154,91.7,641712
Dakota Hudson,2021,P,26,"6' 5""",215,R,R,2018,,0.25661397,2.08,2.477726379,0.92,6.23,1.04,8.2,6,,3.90279,77.8,.269,0.0,92.0,641712
Dakota Hudson,2022,P,27,"6' 5""",215,R,R,2018,,1.066197423,4.45,4.336774766,1.45,5.03,3.93,139.2,78,,4.82398,70.6,.303,0.57995231,91.7,641712
Dallas Keuchel,2018,p,30,"6' 2""",205,L,L,2012,,3.189024687,3.74,3.688118859,1.31,6.73,2.55,204.2,153,,3.83596,72.8,.302,0.791530925,89.8,572971
Dallas Keuchel,2019,p,31,"6' 2""",205,L,L,2012,,0.797605693,3.75,4.722885147,1.37,7.27,3.12,112.2,91,,4.05966,80.4,.303,1.278106451,88.4,572971
Dallas Keuchel,2020,p,32,"6' 2""",205,L,L,2012,,1.836523175,1.99,3.080892991,1.09,5.97,2.42,63.1,42,,3.97957,81.6,.258,0.284210549,88.3,572971
Dallas Keuchel,2021,p,33,"6' 2""",205,L,L,2012,,0.720285699,5.28,5.225589751,1.53,5.28,3.28,162.0,95,,4.74417,68.2,.308,1.388888938,87.9,572971
Dallas Keuchel,2022,p,34,"6' 2""",205,L,L,2012,,-0.343010653,9.20,5.519024471,2.06,6.68,4.60,60.2,45,,4.723590879120879,51.1,.384,1.631868175,,572971
Dan Altavilla,2018,P,25,"5' 11""",235,R,R,2016,,-0.118433885,2.61,4.660432729,1.26,10.02,6.53,20.2,23,,5.08062,83.3,.209,0.870968412,96.0,656186
Dan Altavilla,2019,P,26,"5' 11""",235,R,R,2016,,0.0967908278,5.52,4.100373208,1.43,11.05,7.36,14.2,18,,4.97717,61.2,.250,0.61363643,93.1,656186
Dan Altavilla,2020,P,27,"5' 11""",235,R,R,2016,,0.0546803325,5.75,4.5192885,1.48,10.62,5.31,20.1,24,,4.687585081967213,62.0,.300,1.327869185,93.4,656186
Dan Altavilla,2021,P,28,"5' 11""",235,R,R,2016,,-0.0689309314,6.75,9.920035732,0.75,13.50,0.00,1.1,2,,4.13987,,.000,6.750001609,93.1,656186
Dan Jennings,2018,P,31,"6' 3""",215,L,L,2012,,0.122027298,3.22,4.093074178,1.38,6.30,3.22,64.1,45,,4.03591,77.2,.313,0.839378342,91.0,543359
Dan Jennings,2019,P,32,"6' 3""",215,L,L,2012,,-0.120479256,13.50,7.285440266,3.21,17.36,13.50,4.2,9,,5.35223,54.8,.500,1.92857248,91.2,543359
Dan Otero,2018,p,33,"6' 3""",205,R,R,2012,,-0.31073311,5.22,4.762705206,1.26,6.60,0.77,58.2,43,,3.17341,68.1,.310,1.840910128,89.9,519096
Dan Otero,2019,p,34,"6' 3""",205,R,R,2012,,-0.143195644,4.85,5.169066452,1.52,4.85,0.91,29.2,16,,4.55141,77.1,.343,1.82022546,89.0,519096
Dan Straily,2018,P,29,"6' 2""",220,R,R,2012,,0.0233336128,4.12,5.114109887,1.30,7.28,3.83,122.1,99,,4.98691,75.4,.259,1.471389523,90.4,573185
Dan Straily,2019,P,30,"6' 2""",220,R,R,2012,,-1.079250753,9.82,9.339886992,1.99,6.23,4.15,47.2,33,,7.13746,66.5,.325,4.153848453,90.2,573185
Dan Winkler,2018,P,28,"6' 3""",205,R,R,2015,,1.19124198,3.43,2.762641487,1.19,10.29,2.98,60.1,69,,3.70397,68.7,.312,0.44751385,91.4,595465
Dan Winkler,2019,P,29,"6' 3""",205,R,R,2015,,-0.279851317,4.98,5.84477971,1.34,9.14,4.57,21.2,22,,5.0482,69.6,.241,2.076923869,91.0,595465
Dan Winkler,2020,P,30,"6' 3""",205,R,R,2015,,-0.0926188156,2.95,5.318692854,1.20,8.84,5.40,18.1,18,,4.87429,85.1,.190,1.472727835,89.7,595465
Dan Winkler,2021,P,31,"6' 3""",205,R,R,2015,,-0.514692128,5.22,5.741463353,1.56,9.08,6.81,39.2,40,,5.83751,73.4,.255,1.134454072,91.9,595465
Dane Dunning,2020,P,25,"6' 4""",225,R,R,2020,,0.683589995,3.97,3.985536962,1.12,9.26,3.44,34.0,35,,4.15755,66.9,.239,1.058823529,91.8,641540
Dane Dunning,2021,P,26,"6' 4""",225,R,R,2020,,1.869544062,4.51,3.943405244,1.44,8.72,3.29,117.2,114,,3.87165,72.9,.339,0.994334299,90.4,641540
Dane Dunning,2022,P,27,"6' 4""",225,R,R,2020,,0.890951455,4.46,4.449387568,1.43,8.04,3.64,153.1,137,,4.02814,74.4,.314,1.173913082,89.5,641540
Daniel Bard,2020,p,35,"6' 4""",215,R,R,2009,,0.511945605,3.65,3.637365342,1.30,9.85,3.65,24.2,27,,4.3813,77.6,.313,0.729729861,95.7,453268
Daniel Bard,2021,p,36,"6' 4""",215,R,R,2009,,0.532782733,5.21,4.281709292,1.60,10.96,4.93,65.2,80,,4.20259,70.4,.355,1.096446743,96.7,453268
Daniel Bard,2022,p,37,"6' 4""",215,R,R,2009,,1.791582704,1.79,2.863812212,0.99,10.29,3.73,60.1,69,,3.29701,81.6,.221,0.447513822,93.7,453268
Daniel Hudson,2018,p,31,"6' 3""",215,R,R,2009,,-0.089411404,4.11,4.377823082,1.22,8.61,3.52,46.0,44,,4.33379,67.8,.256,1.173913238,95.3,543339
Daniel Hudson,2019,p,32,"6' 3""",215,R,R,2009,,0.929585841,2.47,3.96743431,1.14,8.75,3.33,73.0,71,,5.076973835616438,81.8,.249,0.986301602,95.5,543339
Daniel Hudson,2020,p,33,"6' 3""",215,R,R,2009,,-0.397718161,6.10,6.288192747,1.26,12.19,4.79,20.2,28,,5.12651,68.0,.209,2.612902583,95.8,543339
Daniel Hudson,2021,p,34,"6' 3""",215,R,R,2009,,1.047098383,3.31,3.208743805,1.08,13.06,2.79,51.2,75,,3.244780451612903,75.9,.288,1.393548559,97.0,543339
Daniel Hudson,2022,p,35,"6' 3""",215,R,R,2009,,0.813896,2.22,2.043937711,0.90,11.10,1.85,24.1,30,,2.42225,75.2,.276,0.369863062,96.9,543339
Daniel Mengden,2018,P,25,"6' 1""",215,R,R,2016,,0.532843143,4.05,4.6906909,1.12,5.60,2.02,115.2,72,,4.69527,69.3,.241,1.40057633,92.1,596043
Daniel Mengden,2019,P,26,"6' 1""",215,R,R,2016,,0.635104686,4.83,4.688870251,1.44,6.34,4.07,59.2,42,,5.7308,70.9,.283,1.055866237,91.1,596043
Daniel Mengden,2020,P,27,"6' 1""",215,R,R,2016,,-0.050525378,3.65,5.623852375,1.70,7.30,5.11,12.1,10,,6.33,88.5,.316,1.459459836,90.0,596043
Daniel Mengden,2022,P,29,"6' 1""",215,R,R,2016,,0.124532737,5.14,3.112431002,1.57,10.29,1.29,7.0,8,,2.94714,62.5,.409,1.285714461,92.5,596043
Daniel Norris,2018,p,25,"6' 2""",207,L,L,2014,,0.36036028,5.68,4.626597094,1.47,10.35,3.86,44.1,51,,4.21797,69.9,.319,1.624060267,90.2,596057
Daniel Norris,2019,p,26,"6' 2""",207,L,L,2014,,1.823690474,4.49,4.606619206,1.33,7.79,2.37,144.1,125,,4.54623,75.2,.312,1.558891489,90.7,596057
Daniel Norris,2020,p,27,"6' 2""",207,L,L,2014,,0.568618463,3.25,2.866118104,1.16,9.11,2.28,27.2,28,,3.38999,75.3,.295,0.650602422,92.7,596057
Daniel Norris,2021,p,28,"6' 2""",207,L,L,2014,,-0.0549752712,6.16,4.871788793,1.49,9.16,4.74,57.0,58,,4.273984912280702,61.8,.311,1.421052869,92.7,596057
Daniel Norris,2022,p,29,"6' 2""",207,L,L,2014,,-0.422541358,5.22,5.140840345,1.26,10.13,4.45,58.2,66,,3.990251704545455,64.0,.248,1.68750021,91.1,596057
Danny Coulombe,2018,P,28,"5' 10""",190,L,L,2014,,-0.223010346,4.56,5.104093913,1.48,9.89,4.18,23.2,26,,3.54399,78.6,.339,1.901408808,89.5,543056
Danny Coulombe,2020,P,30,"5' 10""",190,L,L,2014,,0.00391454855,0.00,4.316419584,1.88,10.13,10.12,2.2,3,,5.7626,100.0,.286,0.0,89.5,543056
Danny Coulombe,2021,P,31,"5' 10""",190,L,L,2014,,0.268919334,3.67,3.752558513,1.22,8.65,1.83,34.1,33,,3.65798,71.4,.323,1.310679879,90.4,543056
Danny Coulombe,2022,P,32,"5' 10""",190,L,L,2014,,0.0292908661,1.46,3.842160863,1.30,6.57,6.57,12.1,9,,5.52259,81.2,.200,0.0,91.2,543056
Danny Duffy,2018,p,29,"6' 3""",205,L,L,2011,,1.271600842,4.88,4.70236706,1.49,8.19,4.06,155.0,141,,4.91511,73.5,.305,1.335483871,93.1,518633
Danny Duffy,2019,p,30,"6' 3""",205,L,L,2011,,1.326881766,4.34,4.782886966,1.31,7.92,3.17,130.2,115,,5.14459,73.5,.285,1.446428515,92.3,518633
Danny Duffy,2020,p,31,"6' 3""",205,L,L,2011,,0.569746871,4.95,4.753549185,1.33,9.11,3.51,56.1,57,,4.94464,69.8,.287,1.597632821,92.2,518633
Danny Duffy,2021,p,32,"6' 3""",205,L,L,2011,,1.667973109,2.51,3.399542319,1.21,9.59,3.25,61.0,65,,4.2323,83.8,.289,0.885245902,93.7,518633
Danny Farquhar,2018,P,31,"5' 9""",185,R,R,2011,,-0.107156768,5.63,5.785435174,0.75,10.13,0.00,8.0,9,,2.97495,55.6,.176,3.375004627,92.3,543144
Danny Salazar,2019,P,29,"6' 0""",195,R,R,2013,,-0.187418535,4.50,10.96400948,1.75,4.50,6.75,4.0,2,,7.44782,119.0,.200,4.5,,517593
Darren O'Day,2018,p,35,"6' 4""",220,R,R,2008,,0.417606175,3.60,3.460431576,1.10,12.15,1.80,20.0,27,,3.49237,76.9,.326,1.35,,503285
Darren O'Day,2019,p,36,"6' 4""",220,R,R,2008,,0.134690925,1.69,2.089009006,0.75,10.13,1.69,5.1,6,,3.95389,80.0,.231,0.0,,503285
Darren O'Day,2020,p,37,"6' 4""",220,R,R,2008,,0.314406693,1.10,2.762847653,0.80,12.12,2.76,16.1,22,,3.97392,89.0,.194,0.551020708,,503285
Darren O'Day,2021,p,38,"6' 4""",220,R,R,2008,,-0.0261653643,3.38,4.951284547,1.22,9.28,3.38,10.2,11,,4.8295,89.3,.250,1.687500402,,503285
Darren O'Day,2022,p,39,"6' 4""",220,R,R,2008,,0.033884719,4.15,4.035508196,1.34,10.80,4.15,21.2,26,,4.1486,69.8,.296,1.246154212,,503285
David Bednar,2019,P,24,"6' 1""",250,L,R,2019,,-0.142916977,6.55,5.577646249,1.36,11.45,4.09,11.0,14,,4.38307,64.8,.292,2.45454588,92.0,670280
David Bednar,2020,P,25,"6' 1""",250,L,R,2019,,0.0170599222,7.11,4.61247266,2.05,7.11,2.84,6.1,5,,5.60451,60.3,.417,1.421053345,93.6,670280
David Bednar,2021,P,26,"6' 1""",250,L,R,2019,,1.172005653,2.23,2.692012094,0.97,11.42,2.82,60.2,77,,3.19106,84.9,.259,0.741758319,94.8,670280
David Bednar,2022,P,27,"6' 1""",250,L,R,2019,,1.445097446,2.61,2.435011563,1.12,12.02,2.79,51.2,69,,2.83252,74.9,.317,0.696774279,89.6,670280
David Carpenter,2019,P,33,"6' 3""",230,R,R,2011,,-0.0141752791,5.40,5.614010391,2.40,5.40,10.80,3.1,2,,6.80757,50.0,.308,0.0,93.0,502304
David Hale,2018,P,30,"6' 2""",210,R,R,2013,,-0.191281842,4.61,6.160430878,1.54,5.27,3.29,13.2,8,,5.482066097560976,84.3,.289,1.975609297,91.0,571735
David Hale,2019,P,31,"6' 2""",210,R,R,2013,,0.651837468,3.11,3.320204173,1.22,5.50,1.67,37.2,23,,4.58394,76.9,.298,0.477876138,93.3,571735
David Hale,2020,P,32,"6' 2""",210,R,R,2013,,0.186277214,3.71,3.779655104,1.59,7.41,2.12,17.0,14,,4.1785282352941175,82.6,.382,1.05882442,92.7,571735
David Hale,2021,P,33,"6' 2""",210,R,R,2013,,-0.0974294646,6.41,5.157534454,1.46,7.09,3.04,26.2,21,,4.50645,60.6,.313,1.687500282,92.7,571735
David Hernandez,2018,p,33,"6' 3""",245,R,R,2009,2500000.0,1.107582688,2.53,3.379181641,0.98,9.14,2.39,64.0,65,,4.12172,80.5,.252,0.843750251,93.0,456696
David Hernandez,2019,p,34,"6' 3""",245,R,R,2009,2500000.0,0.380942643,8.02,4.339009744,1.71,11.18,4.22,42.2,53,,4.5373,54.5,.397,1.476562852,93.5,456696
David Peterson,2020,P,24,"6' 6""",240,L,L,2020,,0.468798196,3.44,4.52027824,1.21,7.25,4.35,49.2,40,,5.11395,76.8,.233,0.906040176,92.0,656849
David Peterson,2021,P,25,"6' 6""",240,L,L,2020,,0.38091287,5.54,4.775034184,1.40,9.32,3.91,66.2,69,,3.92684,65.4,.310,1.485000057,92.6,656849
David Peterson,2022,P,26,"6' 6""",240,L,L,2020,,1.5318055,3.83,3.642399507,1.33,10.73,4.09,105.2,126,,3.3118,73.9,.315,0.936908608,93.6,656849
David Phelps,2019,p,32,"6' 2""",200,R,R,2012,,0.0941641405,3.41,4.582941717,1.40,9.44,4.46,34.1,36,,5.007264368932039,83.3,.295,1.310679806,91.4,475479
David Phelps,2020,p,33,"6' 2""",200,R,R,2012,,-0.11259976,6.53,5.465613773,1.16,13.50,2.18,20.2,31,,2.648551935483871,59.2,.293,3.048388316,92.6,475479
David Phelps,2021,p,34,"6' 2""",200,R,R,2012,,0.384432036,0.87,1.718421041,1.16,13.06,3.48,10.1,15,,3.08438,84.6,.364,0.0,92.2,475479
David Phelps,2022,p,35,"6' 2""",200,R,R,2012,,0.680468915,2.83,3.159551431,1.30,9.05,4.38,63.2,64,,4.26255,77.2,.294,0.282722575,91.9,475479
David Price,2018,p,32,"6' 5""",215,L,L,2008,,2.438720942,3.58,4.018386121,1.14,9.05,2.56,176.0,177,,3.9454,77.3,.275,1.278409091,91.2,456034
David Price,2019,p,33,"6' 5""",215,L,L,2008,,2.345522404,4.28,3.623947383,1.31,10.73,2.68,107.1,128,,3.73461,70.7,.336,1.257764035,91.1,456034
David Price,2021,p,35,"6' 5""",215,L,L,2008,,0.73286476,4.03,4.228857798,1.43,7.09,3.18,73.2,58,,4.49364,75.7,.314,0.977375701,91.7,456034
David Price,2022,p,36,"6' 5""",215,L,L,2008,,0.10514199,2.45,3.88102614,1.17,8.26,2.01,40.1,37,,3.23176,93.3,.281,1.338843144,91.3,456034
David Robertson,2018,p,33,"5' 11""",195,R,R,2008,,1.426447392,3.23,2.973828637,1.03,11.76,3.36,69.2,91,,3.09005,67.5,.252,0.90430655,92.2,502085
David Robertson,2019,p,34,"5' 11""",195,R,R,2008,,-0.0941461623,5.40,6.064009748,2.10,8.10,8.10,6.2,6,,6.79942,79.4,.350,1.350000129,91.7,502085
David Robertson,2021,p,36,"5' 11""",195,R,R,2008,,0.0770474011,4.50,3.670034122,1.25,12.00,3.00,12.0,16,,2.97367,65.6,.321,1.5,92.1,502085
David Robertson,2022,p,37,"5' 11""",195,R,R,2008,,0.715181351,2.40,3.583635209,1.16,11.45,4.95,63.2,81,,3.707111465968586,86.0,.237,0.848167573,93.0,502085
Dean Kremer,2020,P,24,"6' 2""",210,R,R,2020,,0.660764933,4.82,2.76284796,1.45,10.61,5.79,18.2,22,,5.13876,63.0,.306,0.0,91.1,665152
Dean Kremer,2021,P,25,"6' 2""",210,R,R,2020,,-0.331896901,7.55,6.98991008,1.64,7.88,4.19,53.2,47,,5.73214,66.0,.297,2.850931812,91.1,665152
Dean Kremer,2022,P,26,"6' 2""",210,R,R,2020,,1.808117732,3.23,3.798601258,1.25,6.25,2.44,125.1,87,,4.42936,77.8,.300,0.789893667,93.1,665152
Dellin Betances,2018,p,30,"6' 8""",265,R,R,2011,1.0,1.707475781,2.70,2.47043147,1.05,15.53,3.51,66.2,115,,1.94776,81.3,.319,0.945000144,97.7,476454
Dellin Betances,2019,p,31,"6' 8""",265,R,R,2011,1.0,0.0567159727,0.00,-2.785996783,0.00,27.00,0.00,0.2,2,,-2.78569,,.---,0.0,94.4,476454
Dellin Betances,2020,p,32,"6' 8""",265,R,R,2011,1.0,-0.031420514,7.71,4.905705403,2.06,8.49,9.26,11.2,11,,6.39323,61.5,.353,0.0,93.6,476454
Dellin Betances,2021,p,33,"6' 8""",265,R,R,2011,1.0,-0.0166581422,9.00,7.170034122,1.00,9.00,9.00,1.0,1,,7.17003,50.0,.000,0.0,91.8,476454
Dennis Santana,2018,P,22,"6' 2""",202,R,R,2018,,0.0467790924,12.27,2.614977539,1.91,9.82,2.45,3.2,4,,3.06542,37.5,.500,0.0,93.0,642701
Dennis Santana,2019,P,23,"6' 2""",202,R,R,2018,,-0.114678942,7.20,7.014009476,2.00,10.80,7.20,5.0,6,,6.00537,75.5,.357,1.8,92.6,642701
Dennis Santana,2020,P,24,"6' 2""",202,R,R,2018,,-0.193140268,5.29,5.720832215,1.29,9.53,3.71,17.0,18,,4.47686,70.7,.262,2.117648009,94.4,642701
Dennis Santana,2021,P,25,"6' 2""",202,R,R,2018,,0.0945273042,4.28,4.359058796,1.46,7.57,5.27,54.2,46,,4.892482073170732,67.2,.291,0.658536742,95.4,642701
Dennis Santana,2022,P,26,"6' 2""",202,R,R,2018,,0.674115933,5.22,3.351067438,1.33,8.28,4.30,58.2,54,,4.1948,54.3,.287,0.306818275,95.3,642701
Deolis Guerra,2019,P,30,"6' 5""",245,R,R,2015,,-0.0718464926,54.00,22.71402982,6.00,0.00,0.00,0.2,0,,9.18133,0.0,.600,13.50001408,91.9,500610
Deolis Guerra,2020,P,31,"6' 5""",245,R,R,2015,,-0.237391263,8.59,7.964150209,1.64,9.82,2.45,7.1,8,,4.74955,51.0,.333,3.681820975,91.8,500610
Deolis Guerra,2021,P,32,"6' 5""",245,R,R,2015,,0.396128178,4.11,3.961912418,1.11,8.50,2.74,65.2,62,,4.79632,65.3,.259,1.09644687,90.7,500610
Derek Holland,2018,p,31,"6' 2""",223,S,L,2009,1.0,2.354164332,3.57,3.872493893,1.29,8.88,3.52,171.1,169,,4.06962,76.1,.294,0.99805456,91.5,502706
Derek Holland,2019,p,32,"6' 2""",223,S,L,2009,1.0,-0.96979877,6.08,6.095432346,1.51,8.75,4.80,84.1,82,,5.25323233201581,68.0,.284,2.134387312,92.3,502706
Derek Holland,2020,p,33,"6' 2""",223,S,L,2009,1.0,-0.250713378,6.86,6.142238757,1.40,9.96,3.32,40.2,45,,4.48734,62.5,.288,2.655737497,92.3,502706
Derek Holland,2021,p,34,"6' 2""",223,S,L,2009,1.0,0.323581433,5.07,3.955269152,1.57,9.24,3.62,49.2,51,,4.12548,70.8,.354,1.087248503,93.0,502706
Derek Law,2018,p,27,"6' 3""",225,R,R,2016,,-0.121090606,7.43,5.335432094,1.80,8.10,5.40,13.1,12,,5.61512,54.1,.326,1.350000322,93.7,571882
Derek Law,2019,p,28,"6' 3""",225,R,R,2016,,0.00367474556,4.90,4.845878195,1.66,9.94,5.93,60.2,67,,4.80384,73.3,.321,1.186813614,94.0,571882
Derek Law,2021,p,30,"6' 3""",225,R,R,2016,,-0.0321785025,4.20,4.636701069,1.60,8.40,4.80,15.0,14,,4.55011,80.2,.326,1.200000229,93.4,571882
Derek Law,2022,p,31,"6' 3""",225,R,R,2016,,-0.0733035877,4.12,4.892092421,1.58,7.78,3.66,19.2,17,,4.339227796610169,69.4,.328,1.372881667,92.0,571882
Devin Williams,2019,p,24,"6' 2""",193,R,R,2019,17000000.0,-0.0267738961,3.95,4.823765311,1.76,9.22,3.95,13.2,14,,5.25015,73.3,.381,1.317072956,96.0,642207
Devin Williams,2020,p,25,"6' 2""",193,R,R,2019,17000000.0,1.383928537,0.33,0.858085652,0.63,17.67,3.00,27.0,53,,1.09078,84.3,.200,0.33333338,96.5,642207
Devin Williams,2021,p,26,"6' 2""",193,R,R,2019,17000000.0,1.377736926,2.50,2.818182246,1.19,14.50,4.67,54.0,87,,2.92141,83.1,.301,0.833333392,95.4,642207
Devin Williams,2022,p,27,"6' 2""",193,R,R,2019,17000000.0,2.215371132,1.93,2.008035282,1.01,14.24,4.45,60.2,96,,2.36032,76.8,.266,0.296703328,93.8,642207
Diego Castillo,2018,P,24,"6' 3""",268,R,R,2018,,1.093743384,3.18,3.301608019,0.95,10.32,2.86,56.2,65,,3.38244,73.5,.229,0.952940995,93.6,650895
Diego Castillo,2019,P,25,"6' 3""",268,R,R,2018,,0.979143444,3.41,3.723718332,1.24,10.62,3.41,68.2,81,,3.71554,73.6,.302,1.048543932,93.3,650895
Diego Castillo,2020,P,26,"6' 3""",268,R,R,2018,,-0.0464023426,1.66,4.529880775,1.06,9.55,4.57,21.2,23,,4.06484,101.0,.176,1.246153773,96.1,650895
Diego Castillo,2021,P,27,"6' 3""",268,R,R,2018,,0.677197628,2.78,3.735748476,0.98,11.57,2.62,58.1,75,,3.151608914285714,78.9,.248,1.388571595,94.7,650895
Diego Castillo,2022,P,28,"6' 3""",268,R,R,2018,,0.303935349,3.64,3.682983202,1.14,8.78,3.64,54.1,53,,3.84897,64.9,.250,0.828220936,95.2,650895
Dillon Peters,2018,P,25,"5' 11""",195,L,L,2017,,-0.168513747,7.16,5.54597347,1.77,5.53,4.88,27.2,17,,5.33797,63.1,.330,1.30120467,90.8,596071
Dillon Peters,2019,P,26,"5' 11""",195,L,L,2017,,-0.369591609,5.38,6.227898524,1.54,6.88,3.25,72.0,55,,5.51966,72.7,.302,2.250000119,91.0,596071
Dillon Peters,2020,P,27,"5' 11""",195,L,L,2017,,-0.143501326,16.20,16.39139319,1.80,10.80,0.00,1.2,2,,6.5762,-500.0,.200,10.79997863,90.6,596071
Dillon Peters,2021,P,28,"5' 11""",195,L,L,2017,,0.531318545,3.71,3.657534134,1.35,7.76,3.38,26.2,23,,4.53511,73.1,.296,0.675000016,90.8,596071
Dillon Peters,2022,P,29,"5' 11""",195,L,L,2017,,-0.104244575,4.58,4.739549974,1.32,5.95,3.89,39.1,26,,4.89356,71.1,.259,1.144068028,92.7,596071
Dillon Tate,2019,P,25,"6' 2""",190,R,R,2019,,0.00899873208,6.43,5.16639096,1.29,8.57,3.86,21.0,20,,4.82483,61.2,.268,1.285714636,93.6,622253
Dillon Tate,2020,P,26,"6' 2""",190,R,R,2019,,0.278514594,3.24,3.551419494,0.84,7.56,2.70,16.2,14,,4.04408,61.6,.190,0.540000268,94.4,622253
Dillon Tate,2021,P,27,"6' 2""",190,R,R,2019,,0.411636055,4.39,4.39663543,1.24,6.52,3.06,67.2,49,,4.40767,69.0,.271,0.931034728,95.5,622253
Dillon Tate,2022,P,28,"6' 2""",190,R,R,2019,,0.502048314,3.05,3.478946927,0.99,7.33,1.95,73.2,60,,3.4048,71.2,.251,0.733031851,94.0,622253
Dinelson Lamet,2019,P,26,"6' 3""",228,R,R,2017,,1.271955729,4.07,3.912639613,1.26,12.95,3.70,73.0,105,,3.43787,73.6,.314,1.479452055,95.9,659275
Dinelson Lamet,2020,P,27,"6' 3""",228,R,R,2017,,2.459145784,2.09,2.481274466,0.86,12.13,2.61,69.0,93,,3.29985,80.4,.234,0.652173841,97.0,659275
Dinelson Lamet,2021,P,28,"6' 3""",228,R,R,2017,,0.6341497,4.40,3.935991631,1.49,10.91,4.21,47.0,57,,4.19094,75.5,.347,1.148936263,95.3,659275
Dinelson Lamet,2022,P,29,"6' 3""",228,R,R,2017,,0.187702477,6.12,4.071194067,1.52,12.53,5.29,32.1,45,,3.9280528865979374,63.3,.338,1.11340227,95.4,659275
Domingo Germán,2018,P,25,"6' 2""",181,R,R,2017,,0.801437736,5.57,4.386112273,1.33,10.72,3.47,85.2,102,,3.94141,65.3,.300,1.575875182,94.6,593334
Domingo Germán,2019,P,26,"6' 2""",181,R,R,2017,,1.942628205,4.03,4.724498966,1.15,9.63,2.45,143.0,153,,4.22291,78.7,.260,1.888111863,93.5,593334
Domingo Germán,2021,P,28,"6' 2""",181,R,R,2017,,1.271942228,4.58,4.309017177,1.18,8.97,2.47,98.1,98,,4.26851,70.1,.271,1.555932208,93.5,593334
Domingo Germán,2022,P,29,"6' 2""",181,R,R,2017,,0.714798087,3.61,4.43962,1.16,7.22,2.36,72.1,58,,4.32506,78.5,.262,1.368663655,92.7,593334
Dominic Leone,2018,p,26,"5' 10""",215,R,R,2014,,0.170463562,4.50,3.618765237,1.46,9.75,3.00,24.0,26,,3.78301,74.7,.353,1.125000805,93.8,608678
Dominic Leone,2019,p,27,"5' 10""",215,R,R,2014,,-0.306199729,5.53,5.451714324,1.50,10.18,4.87,40.2,46,,4.77583,68.2,.294,1.991803216,92.2,608678
Dominic Leone,2020,p,28,"5' 10""",215,R,R,2014,,-0.0784807801,8.38,5.467281534,1.97,14.90,4.66,9.2,16,,3.02862,67.6,.478,2.793103632,92.9,608678
Dominic Leone,2021,p,29,"5' 10""",215,R,R,2014,,0.899651527,1.51,3.076866411,1.10,8.39,3.69,53.2,50,,4.36771,78.7,.250,0.33540376,93.7,608678
Dominic Leone,2022,p,30,"5' 10""",215,R,R,2014,,0.0181778036,4.01,4.044863602,1.60,9.49,4.38,49.1,52,,4.11419,77.9,.353,1.094594792,93.8,608678
Doug Fister,2018,p,34,"6' 8""",210,L,R,2009,,0.39473182,4.50,5.251340667,1.39,5.45,2.59,66.0,40,,4.56112,70.2,.291,1.5,,450729
Drew Hutchison,2018,P,27,"6' 3""",215,L,R,2012,,-0.522831142,6.75,6.418243833,1.78,6.54,5.48,42.2,31,,5.727675,70.3,.320,1.898437359,90.2,571800
Drew Hutchison,2021,P,30,"6' 3""",215,L,R,2012,,0.127441801,2.11,4.38878425,1.45,4.22,4.64,21.1,10,,5.92973,67.6,.279,0.421875044,92.4,571800
Drew Hutchison,2022,P,31,"6' 3""",215,L,R,2012,,0.0707171932,4.53,4.925722196,1.48,5.81,3.59,105.1,68,,4.9296,73.0,.295,1.281645608,92.5,571800
Drew Pomeranz,2018,p,29,"6' 5""",246,R,L,2011,4000000.0,-0.361335496,6.08,5.430701905,1.77,8.03,5.35,74.0,66,,5.309,69.4,.344,1.459459497,89.5,519141
Drew Pomeranz,2019,p,30,"6' 5""",246,R,L,2011,4000000.0,0.707242813,4.85,4.589009551,1.43,11.86,3.81,104.0,137,,3.87670391025641,76.9,.340,1.817307792,92.2,519141
Drew Pomeranz,2020,p,31,"6' 5""",246,R,L,2011,4000000.0,0.766888797,1.45,2.387847695,1.02,13.98,4.82,18.2,29,,3.34423,90.9,.242,0.482142972,94.6,519141
Drew Pomeranz,2021,p,32,"6' 5""",246,R,L,2011,4000000.0,0.45752576,1.75,3.014189951,1.13,10.52,3.51,25.2,30,,3.10107,87.8,.283,0.701298771,93.9,519141
Drew Rasmussen,2020,P,24,"6' 1""",240,R,R,2020,,-0.0330456235,5.87,4.756637226,1.70,12.33,5.28,15.1,21,,3.34498,73.4,.368,1.760870149,97.2,656876
Drew Rasmussen,2021,P,25,"6' 1""",240,R,R,2020,,1.44814422,2.84,3.09108675,1.08,8.64,2.96,76.0,73,,3.6751696052631577,73.3,.256,0.592105293,96.8,656876
Drew Rasmussen,2022,P,26,"6' 1""",240,R,R,2020,,2.969187737,2.84,3.256266618,1.04,7.71,1.91,146.0,125,,3.55882,76.0,.264,0.801369863,93.1,656876
Drew Smith,2018,p,24,"6' 2""",190,R,R,2018,,0.274178624,3.54,3.660431644,1.43,5.79,1.93,28.0,18,,4.91435,79.1,.348,0.64285723,96.3,622098
Drew Smith,2020,p,26,"6' 2""",190,R,R,2018,,-0.0815201923,6.43,5.762847186,1.14,9.00,2.57,7.0,7,,5.07872,38.5,.222,2.571427871,92.8,622098
Drew Smith,2021,p,27,"6' 2""",190,R,R,2018,,0.0706196129,2.40,4.694227858,1.06,8.93,3.48,41.1,41,,4.54155,91.2,.212,1.524193736,95.0,622098
Drew Smith,2022,p,28,"6' 2""",190,R,R,2018,,-0.015297465,3.33,4.329822508,1.15,10.37,2.93,46.0,53,,3.71726,89.1,.264,1.760869857,95.7,622098
Drew Smyly,2019,p,30,"6' 2""",188,L,L,2012,,-0.265086144,6.24,6.257869125,1.59,9.47,4.34,114.0,120,,5.208673450292397,72.4,.310,2.526315789,91.2,592767
Drew Smyly,2020,p,31,"6' 2""",188,L,L,2012,,0.948368073,3.42,2.014203983,1.10,14.35,3.08,26.1,42,,2.56461,68.7,.310,0.683544386,92.5,592767
Drew Smyly,2021,p,32,"6' 2""",188,L,L,2012,,0.328047,4.48,5.112139439,1.37,8.31,2.91,126.2,117,,4.38868,77.4,.300,1.918421106,92.1,592767
Drew Smyly,2022,p,33,"6' 2""",188,L,L,2012,,1.21536231,3.47,4.231553312,1.19,7.70,2.20,106.1,91,,4.18275,78.5,.275,1.35423204,92.6,592767
Drew VerHagen,2018,p,27,"6' 6""",230,R,R,2014,,0.656970561,4.63,3.834987778,1.15,8.47,3.04,56.1,53,,4.32676,65.4,.263,0.958579867,94.0,572403
Drew VerHagen,2019,p,28,"6' 6""",230,R,R,2014,,0.205097873,5.90,4.869182271,1.60,7.91,3.57,58.0,51,,4.66966,67.5,.357,1.396552046,93.1,572403
Drew VerHagen,2022,p,31,"6' 6""",230,R,R,2014,,-0.596152008,6.65,6.527816319,1.89,7.48,5.82,21.2,18,,5.50923,68.6,.324,2.076923504,93.4,572403
Duane Underwood Jr.,2018,P,23,"6' 2""",225,R,R,2018,,-0.0735741258,2.25,7.160431576,1.25,6.75,6.75,4.0,3,,5.56205,111.1,.111,2.25,92.3,621249
Duane Underwood Jr.,2019,P,24,"6' 2""",225,R,R,2018,,0.0325951502,5.40,4.242581213,1.37,10.03,2.31,11.2,13,,3.54854,70.4,.344,1.542857605,94.8,621249
Duane Underwood Jr.,2020,P,25,"6' 2""",225,R,R,2018,,-0.040949706,5.66,4.739806746,1.50,11.76,2.61,20.2,27,,3.64733,76.0,.408,2.177419824,94.5,621249
Duane Underwood Jr.,2021,P,26,"6' 2""",225,R,R,2018,,0.131242231,4.33,4.270951592,1.43,8.05,3.34,72.2,65,,4.33619,71.3,.316,1.114678938,93.9,621249
Duane Underwood Jr.,2022,P,27,"6' 2""",225,R,R,2018,,0.924238965,4.40,2.920570507,1.43,8.95,3.92,57.1,57,,3.90739,60.7,.327,0.156976769,94.2,621249
Dustin May,2019,p,21,"6' 6""",180,R,R,2019,12500000.0,0.964306593,3.63,2.896701839,1.10,8.31,1.30,34.2,32,,3.69599,63.8,.316,0.519230679,94.1,669160
Dustin May,2020,p,22,"6' 6""",180,R,R,2019,12500000.0,0.494439575,2.57,4.619990987,1.09,7.07,2.57,56.0,44,,3.97692,89.1,.235,1.446428818,95.1,669160
Dustin May,2021,p,23,"6' 6""",180,R,R,2019,12500000.0,0.511112452,2.74,3.300468905,0.96,13.70,2.35,23.0,35,,1.80671,86.2,.255,1.565217391,94.5,669160
Dustin May,2022,p,24,"6' 6""",180,R,R,2019,12500000.0,0.27620548,4.50,4.379097668,1.17,8.70,4.20,30.0,29,,4.21405,64.2,.237,0.9,93.5,669160
Dylan Bundy,2018,p,25,"6' 1""",225,S,R,2012,,0.984314859,5.45,5.170140433,1.41,9.65,2.83,171.2,184,,4.27813,69.3,.318,2.14951469,91.6,605164
Dylan Bundy,2019,p,26,"6' 1""",225,S,R,2012,,2.604786396,4.79,4.729473203,1.35,9.02,3.23,161.2,162,,4.57539,70.5,.297,1.614432787,91.1,605164
Dylan Bundy,2020,p,27,"6' 1""",225,S,R,2012,,2.059401989,3.29,2.947764512,1.04,9.87,2.33,65.2,72,,3.74916,69.2,.274,0.685279135,90.1,605164
Dylan Bundy,2021,p,28,"6' 1""",225,S,R,2012,,0.03286428,6.06,5.508269507,1.36,8.34,3.38,90.2,84,,4.66445,64.4,.275,1.985294194,90.7,605164
Dylan Bundy,2022,p,29,"6' 1""",225,S,R,2012,,0.754767478,4.89,4.662431002,1.28,6.04,1.80,140.0,94,,4.69671,69.4,.285,1.542857143,89.1,605164
Dylan Cease,2019,p,23,"6' 2""",200,R,R,2019,30000000.0,0.72605598,5.79,5.186612215,1.55,9.99,4.32,73.0,81,,4.42284,68.1,.326,1.849315068,96.5,656302
Dylan Cease,2020,p,24,"6' 2""",200,R,R,2019,30000000.0,-0.32379359,4.01,6.362848163,1.44,6.79,5.25,58.1,44,,5.87028,81.7,.239,1.851428733,97.5,656302
Dylan Cease,2021,p,25,"6' 2""",200,R,R,2019,30000000.0,4.485837936,3.91,3.405446612,1.25,12.28,3.69,165.2,226,,3.72109,73.9,.310,1.086519181,96.6,656302
Dylan Cease,2022,p,26,"6' 2""",200,R,R,2019,30000000.0,4.373884678,2.20,3.096126654,1.11,11.10,3.82,184.0,227,,3.50238,82.3,.261,0.782608696,96.8,656302
Dylan Floro,2018,P,27,"6' 2""",212,L,R,2016,,1.021011263,2.25,3.082306578,1.25,8.16,3.23,64.0,58,,3.73744796875,83.3,.295,0.421874987,93.2,571670
Dylan Floro,2019,P,28,"6' 2""",212,L,R,2016,,0.642439485,4.24,3.556866777,1.29,8.10,2.70,46.2,42,,4.10499,65.6,.307,0.771428929,93.8,571670
Dylan Floro,2020,P,29,"6' 2""",212,L,R,2016,,0.562315285,2.59,2.657172586,1.11,7.03,1.48,24.1,19,,3.31159,78.1,.297,0.36986312,91.2,571670
Dylan Floro,2021,P,30,"6' 2""",212,L,R,2016,,1.528393149,2.81,2.810659101,1.22,8.72,3.52,64.0,62,,3.94823,70.5,.282,0.281250017,93.5,571670
Dylan Floro,2022,P,31,"6' 2""",212,L,R,2016,,0.730738461,3.02,3.131064544,1.17,8.05,2.52,53.2,48,,3.59652,69.7,.288,0.670807533,92.5,571670
Edinson Volquez,2019,p,35,"6' 0""",220,R,R,2005,,-0.158855505,6.75,6.651509066,2.00,5.63,6.75,16.0,10,,6.20322,71.9,.340,1.687499799,93.4,450172
Edinson Volquez,2020,p,36,"6' 0""",220,R,R,2005,,0.113367125,6.35,3.720831139,1.41,4.76,3.18,5.2,3,,5.42224,55.6,.300,0.0,94.3,450172
Eduardo Rodriguez,2018,p,25,"6' 2""",231,L,L,2015,20000000.0,2.093277566,3.82,3.646292675,1.26,10.13,3.12,129.2,146,,3.90184,76.9,.301,1.110539655,93.3,593958
Eduardo Rodriguez,2019,p,26,"6' 2""",231,L,L,2015,20000000.0,3.703545332,3.81,3.863189771,1.33,9.43,3.32,203.1,213,,4.09948,77.6,.318,1.062295029,92.0,593958
Eduardo Rodriguez,2021,p,28,"6' 2""",231,L,L,2015,20000000.0,3.923144259,4.74,3.322254005,1.39,10.56,2.68,157.2,185,,3.43423,68.9,.364,1.084566666,91.4,593958
Eduardo Rodriguez,2022,p,29,"6' 2""",231,L,L,2015,20000000.0,0.636550248,4.05,4.431112431,1.33,7.12,3.36,91.0,72,,4.40868,69.7,.279,1.186813286,91.7,593958
Edwin Díaz,2018,p,24,"6' 3""",165,R,R,2016,23000000.0,3.471158028,1.96,1.605885852,0.79,15.22,2.09,73.1,124,,1.77806,82.5,.281,0.61363647,97.3,621242
Edwin Díaz,2019,p,25,"6' 3""",165,R,R,2016,23000000.0,0.0212399606,5.59,4.507113094,1.38,15.36,3.41,58.0,99,,3.06566,76.2,.381,2.327586513,94.7,621242
Edwin Díaz,2020,p,26,"6' 3""",165,R,R,2016,23000000.0,0.870334566,1.75,2.178432127,1.25,17.53,4.91,25.2,50,,2.29236,89.7,.381,0.701298823,94.7,621242
Edwin Díaz,2021,p,27,"6' 3""",165,R,R,2016,23000000.0,2.057719231,3.45,2.48386384,1.05,12.78,3.30,62.2,89,,3.46634,67.8,.308,0.430851108,95.7,621242
Edwin Díaz,2022,p,28,"6' 3""",165,R,R,2016,23000000.0,2.999274731,1.31,0.90275331,0.84,17.13,2.61,62.0,118,,1.03778,90.4,.330,0.435483925,94.3,621242
Edwin Jackson,2018,p,34,"6' 2""",215,R,R,2003,,0.729730606,3.33,4.649562134,1.22,6.65,3.62,92.0,68,,4.87481,79.2,.242,1.173913141,92.2,429719
Edwin Jackson,2019,p,35,"6' 2""",215,R,R,2003,,-1.100165352,9.58,7.647507929,2.02,6.92,4.26,67.2,52,,5.903924926108375,54.7,.363,3.059113933,92.7,429719
Elieser Hernández,2018,P,23,"6' 1""",214,R,R,2018,,-0.470088959,5.21,5.292411478,1.45,6.17,3.70,65.2,45,,5.75565,72.3,.291,1.507614359,90.6,622694
Elieser Hernández,2019,P,24,"6' 1""",214,R,R,2018,,0.117051661,5.03,5.5824304,1.24,9.29,2.84,82.1,85,,5.1305,74.7,.267,2.1862347,90.6,622694
Elieser Hernández,2020,P,25,"6' 1""",214,R,R,2018,,0.496322304,3.16,3.89271819,1.01,11.92,1.75,25.2,34,,3.53896,85.7,.267,1.753247188,91.3,622694
Elieser Hernández,2021,P,26,"6' 1""",214,R,R,2018,,0.0392235965,4.18,5.376485844,1.32,9.23,2.44,51.2,53,,4.3252,85.2,.293,2.26451624,90.9,622694
Elieser Hernández,2022,P,27,"6' 1""",214,R,R,2018,,-0.833305687,6.35,6.401201223,1.43,8.66,3.18,62.1,60,,5.05105,67.8,.277,2.743315648,91.6,622694
Emilio Pagán,2018,p,27,"6' 2""",208,L,R,2017,10000000.0,-0.166634142,4.35,4.918496416,1.19,9.15,2.76,62.0,63,,4.75003,79.9,.256,1.887097123,93.8,641941
Emilio Pagán,2019,p,28,"6' 2""",208,L,R,2017,10000000.0,1.476193309,2.31,3.299723789,0.83,12.34,1.67,70.0,96,,3.14561,94.8,.228,1.542857647,95.5,641941
Emilio Pagán,2020,p,29,"6' 2""",208,L,R,2017,10000000.0,0.0394305624,4.50,4.691419836,1.05,9.41,3.68,22.0,23,,4.86961,69.0,.196,1.636364204,94.5,641941
Emilio Pagán,2021,p,30,"6' 2""",208,L,R,2017,10000000.0,-0.403811336,4.83,5.22266599,1.17,9.81,2.56,63.1,69,,4.89144,76.5,.253,2.27368453,94.9,641941
Emilio Pagán,2022,p,31,"6' 2""",208,L,R,2017,10000000.0,-0.0676352233,4.43,4.207669163,1.37,12.00,3.71,63.0,84,,3.25884,72.6,.320,1.714285818,95.6,641941
Emmanuel Clase,2019,P,21,"6' 2""",206,R,R,2019,,0.40531395,2.31,3.428295114,1.11,8.10,2.31,23.1,21,,3.42228,78.5,.281,0.771428298,97.4,661403
Emmanuel Clase,2021,P,23,"6' 2""",206,R,R,2019,,2.155059099,1.29,2.107833127,0.96,9.56,2.07,69.2,74,,2.5957,76.3,.263,0.258373215,97.7,661403
Emmanuel Clase,2022,P,24,"6' 2""",206,R,R,2019,,2.343382835,1.36,1.983990595,0.73,9.54,1.24,72.2,77,,2.18069,72.3,.223,0.371559646,96.6,661403
Enyel De Los Santos,2018,P,22,"6' 3""",235,R,R,2018,,0.0607149145,4.74,4.370958499,1.42,7.11,3.79,19.0,15,,4.30644,71.4,.315,0.947368897,90.3,660853
Enyel De Los Santos,2019,P,23,"6' 3""",235,R,R,2018,,-0.190823175,7.36,7.66855493,1.64,7.36,4.09,11.0,9,,4.93049,72.6,.321,3.272727273,93.3,660853
Enyel De Los Santos,2021,P,25,"6' 3""",235,R,R,2018,,-0.106843481,6.37,5.264374103,1.73,12.23,4.58,35.1,48,,4.268435849056604,61.3,.380,2.037736197,94.8,660853
Enyel De Los Santos,2022,P,26,"6' 3""",235,R,R,2018,,0.971767902,3.04,2.624930885,1.07,10.29,2.87,53.1,61,,3.1705,74.8,.280,0.506250121,95.3,660853
Erasmo Ramírez,2018,p,28,"6' 0""",220,R,R,2012,1000000.0,-0.613726497,6.50,6.685978628,1.40,6.50,2.36,45.2,33,,4.90675,67.5,.271,2.75912378,89.8,541640
Erasmo Ramírez,2019,p,29,"6' 0""",220,R,R,2012,1000000.0,-0.136347234,12.00,13.21400948,1.67,3.00,3.00,3.0,1,,7.19962,62.5,.222,6.0,90.4,541640
Erasmo Ramírez,2020,p,30,"6' 0""",220,R,R,2012,1000000.0,0.127737701,0.63,3.679791517,0.84,5.65,2.51,14.1,9,,5.19438,103.8,.179,0.627907116,89.3,541640
Erasmo Ramírez,2021,p,31,"6' 0""",220,R,R,2012,1000000.0,0.0435733497,5.74,4.29503423,1.09,6.75,1.69,26.2,20,,4.92541,53.3,.253,1.350000129,90.7,541640
Erasmo Ramírez,2022,p,32,"6' 0""",220,R,R,2012,1000000.0,0.316147119,2.92,4.050654995,1.08,6.36,1.46,86.1,61,,3.93753,81.3,.268,1.146718214,91.1,541640
Eric Lauer,2018,P,23,"6' 3""",209,R,L,2018,,0.822901428,4.34,4.508645861,1.54,8.04,3.70,112.0,100,,4.50767,74.7,.336,1.205357143,91.2,641778
Eric Lauer,2019,P,24,"6' 3""",209,R,L,2018,,2.254429623,4.45,4.22959963,1.40,8.30,3.07,149.2,138,,4.76515,71.0,.318,1.202672551,91.8,641778
Eric Lauer,2020,P,25,"6' 3""",209,R,L,2018,,-0.158344537,13.09,6.373234601,2.36,9.82,7.36,11.0,12,,6.98967,47.6,.417,1.636362147,91.5,641778
Eric Lauer,2021,P,26,"6' 3""",209,R,L,2018,,1.687289022,3.19,4.038011669,1.14,8.87,3.11,118.2,117,,4.26268,79.4,.254,1.213483172,91.9,641778
Eric Lauer,2022,P,27,"6' 3""",209,R,L,2018,,1.082569838,3.69,4.498985712,1.22,8.91,3.35,158.2,157,,4.07817,79.0,.262,1.531512703,92.2,641778
Erick Fedde,2018,P,25,"6' 4""",205,R,R,2017,,0.28089869,5.54,4.710100607,1.53,8.23,3.93,50.1,46,,3.82516,69.9,.336,1.430463721,93.7,607200
Erick Fedde,2019,P,26,"6' 4""",205,R,R,2017,,0.14608977,4.50,5.342214344,1.46,4.73,3.81,78.0,41,,5.26856,76.5,.288,1.269230614,92.3,607200
Erick Fedde,2020,P,27,"6' 4""",205,R,R,2017,,-0.271360751,4.29,6.151684403,1.37,5.01,3.93,50.1,28,,5.21624,81.0,.234,1.788079583,92.3,607200
Erick Fedde,2021,P,28,"6' 4""",205,R,R,2017,,1.179939788,5.47,4.662534243,1.44,8.64,3.24,133.1,128,,4.06089,64.7,.320,1.552500126,92.3,607200
Erick Fedde,2022,P,29,"6' 4""",205,R,R,2017,,0.295668125,5.81,5.151801203,1.63,6.66,4.11,127.0,94,,4.73901,69.3,.321,1.488189066,91.2,607200
Erik Swanson,2019,P,25,"6' 3""",225,R,R,2019,,-0.305238124,5.74,5.955388335,1.17,8.07,1.86,58.0,52,,4.683,62.8,.241,2.637930601,92.7,657024
Erik Swanson,2020,P,26,"6' 3""",225,R,R,2019,,-0.270545304,12.91,7.49576964,1.70,10.57,2.35,7.2,9,,4.92395,27.8,.381,3.521741175,94.2,657024
Erik Swanson,2021,P,27,"6' 3""",225,R,R,2019,,0.42362852,3.31,3.962487024,1.08,8.92,2.55,35.1,35,,4.71947,65.6,.247,1.27358502,94.7,657024
Erik Swanson,2022,P,28,"6' 3""",225,R,R,2019,,1.717456218,1.68,1.845350106,0.91,11.74,1.68,53.2,70,,2.71854,85.2,.300,0.50310565,93.6,657024
Ervin Santana,2018,p,35,"6' 2""",175,R,R,2005,,-0.497270286,8.03,7.944216593,1.62,5.84,3.28,24.2,16,,6.68275,68.0,.282,3.28378463,89.2,429722
Ervin Santana,2019,p,36,"6' 2""",175,R,R,2005,,-0.390038311,9.45,9.6640064,1.88,3.38,4.05,13.1,5,,8.28974,66.3,.277,4.049998069,90.0,429722
Ervin Santana,2021,p,38,"6' 2""",175,R,R,2005,,0.096558094,4.68,4.471054556,1.33,7.16,3.03,65.1,52,,4.89469,70.7,.292,1.239795942,93.4,429722
Evan Marshall,2018,P,28,"6' 2""",235,R,R,2014,,0.119966067,7.71,2.731859768,2.29,11.57,5.14,7.0,9,,3.4397,64.7,.522,0.0,93.4,605359
Evan Marshall,2019,P,29,"6' 2""",235,R,R,2014,,0.522803545,2.49,4.299536418,1.30,7.28,4.26,50.2,41,,4.66559,84.7,.266,0.888158407,93.6,605359
Evan Marshall,2020,P,30,"6' 2""",235,R,R,2014,,0.870281756,2.38,2.044359398,1.06,11.91,2.78,22.2,30,,2.57676,79.6,.291,0.397059202,89.9,605359
Evan Marshall,2021,P,31,"6' 2""",235,R,R,2014,,0.112739012,5.60,4.633449029,1.35,8.56,2.96,27.1,26,,4.321,66.7,.319,1.64634177,90.8,605359
Evan Phillips,2018,P,23,"6' 2""",215,R,R,2018,,-0.452441081,13.11,10.18900683,1.97,6.17,7.71,11.2,8,,7.448935714285715,29.4,.229,3.857144959,94.0,623465
Evan Phillips,2019,P,24,"6' 2""",215,R,R,2018,,0.348526657,6.43,3.964009169,1.86,12.86,6.43,28.0,40,,4.59839,68.3,.417,0.64285688,94.1,623465
Evan Phillips,2020,P,25,"6' 2""",215,R,R,2018,,0.166759178,5.02,4.028628859,1.67,12.56,6.28,14.1,20,,4.6015,74.2,.371,0.627907158,94.5,623465
Evan Phillips,2021,P,26,"6' 2""",215,R,R,2018,,0.126076583,3.38,3.845034187,1.20,7.43,3.38,13.1,11,,4.06098375,70.5,.250,0.675000064,95.4,623465
Evan Phillips,2022,P,27,"6' 2""",215,R,R,2018,,2.188802958,1.14,1.937827685,0.76,11.00,2.14,63.0,77,,2.72352,83.0,.228,0.28571432,94.7,623465
Fernando Abad,2019,p,33,"6' 2""",235,L,L,2010,1.0,-0.0586666949,4.15,4.521702743,0.92,6.23,2.08,13.0,9,,3.89884,65.2,.200,1.3846164,93.2,472551
Fernando Abad,2021,p,35,"6' 2""",235,L,L,2010,1.0,0.145603582,5.60,3.962487152,1.70,5.09,3.57,17.2,10,,5.22403,62.9,.344,0.509434091,92.3,472551
Fernando Rodney,2018,p,41,"5' 11""",240,R,R,2002,,0.481763199,3.36,4.030898069,1.46,9.79,4.48,64.1,70,,4.0797352849740935,80.3,.318,0.979274805,94.1,407845
Fernando Rodney,2019,p,42,"5' 11""",240,R,R,2002,,0.355637327,5.66,4.28393971,1.62,9.25,5.29,47.2,49,,4.506106433566433,65.7,.344,0.944056089,93.8,407845
Fernando Salas,2018,p,33,"6' 2""",200,R,R,2010,,-0.125992104,4.50,4.3354318,1.33,6.75,2.92,40.0,30,,4.60979,72.3,.297,1.125000215,90.5,477569
Fernando Salas,2019,p,34,"6' 2""",200,R,R,2010,,-0.00965437479,6.75,5.839010102,3.00,10.13,0.00,2.2,3,,3.20187,90.9,.636,3.375000805,89.9,477569
Framber Valdez,2018,p,24,"5' 11""",230,R,L,2018,38333333.0,0.0487264208,2.19,4.646918445,1.24,8.27,5.84,37.0,34,,4.26244,87.3,.213,0.729729918,88.2,664285
Framber Valdez,2019,p,25,"5' 11""",230,R,L,2018,38333333.0,0.113325549,5.86,4.982877464,1.67,8.66,5.60,70.2,68,,4.31244,64.9,.319,1.146226456,92.6,664285
Framber Valdez,2020,p,26,"5' 11""",230,R,L,2018,38333333.0,2.011889577,3.57,2.851796634,1.12,9.68,2.04,70.2,76,,2.9416,67.5,.314,0.636792527,88.5,664285
Framber Valdez,2021,p,27,"5' 11""",230,R,L,2018,38333333.0,1.815606833,3.14,4.009143097,1.25,8.35,3.88,134.2,125,,3.58442,78.3,.268,0.801980259,91.6,664285
Framber Valdez,2022,p,28,"5' 11""",230,R,L,2018,38333333.0,4.39162159,2.82,3.057795239,1.16,8.67,3.00,201.1,194,,2.99458,75.7,.286,0.491721867,93.9,664285
Francisco Liriano,2018,p,34,"6' 3""",220,L,L,2005,,0.460814866,4.58,5.113050178,1.50,7.41,4.92,133.2,110,,4.71085,67.8,.285,1.279301843,92.0,434538
Francisco Liriano,2019,p,35,"6' 3""",220,L,L,2005,,0.274053872,3.47,4.528295333,1.36,8.10,4.50,70.0,63,,4.91812,76.0,.274,1.028571541,93.0,434538
Frankie Montas,2018,p,25,"6' 2""",255,R,R,2015,17000000.0,0.889188174,3.88,3.89889306,1.46,5.95,2.91,65.0,43,,4.60133,70.0,.329,0.692307642,95.7,593423
Frankie Montas,2019,p,26,"6' 2""",255,R,R,2015,17000000.0,2.957664013,2.63,2.995259476,1.11,9.66,2.16,96.0,103,,3.46599,76.2,.297,0.75,94.0,593423
Frankie Montas,2020,p,27,"6' 2""",255,R,R,2015,17000000.0,0.435919225,5.60,4.738589127,1.51,10.19,3.91,53.0,60,,4.35957,68.7,.329,1.698113208,95.7,593423
Frankie Montas,2021,p,28,"6' 2""",255,R,R,2015,17000000.0,4.010596752,3.37,3.373242679,1.18,9.96,2.74,187.0,207,,3.64344,74.5,.298,0.962566845,95.6,593423
Frankie Montas,2022,p,29,"6' 2""",255,R,R,2015,17000000.0,2.023764431,4.05,3.784486453,1.25,8.85,2.68,144.1,142,,3.609422540415705,70.9,.301,1.122401887,95.0,593423
Freddy Peralta,2018,P,22,"6' 0""",198,R,R,2018,,1.160318851,4.25,3.722133644,1.14,11.03,4.60,78.1,96,,4.33424,68.5,.238,0.919148839,90.7,642547
Freddy Peralta,2019,P,23,"6' 0""",198,R,R,2018,,0.914386362,5.29,4.178715618,1.46,12.18,3.92,85.0,115,,4.15463,64.8,.343,1.588235722,93.5,642547
Freddy Peralta,2020,P,24,"6' 0""",198,R,R,2018,,0.849117272,3.99,2.407328576,1.16,14.42,3.68,29.1,47,,3.23012,67.3,.333,0.613636231,93.0,642547
Freddy Peralta,2021,P,25,"6' 0""",198,R,R,2018,,3.981984757,2.81,3.121535275,0.97,12.16,3.49,144.1,195,,3.65753,79.1,.232,0.872979246,93.4,642547
Freddy Peralta,2022,P,26,"6' 0""",198,R,R,2018,,1.964112066,3.58,3.061148947,1.04,9.92,3.12,78.0,86,,3.65539,70.1,.247,0.692307743,92.6,642547
Félix Hernández,2018,p,32,"6' 3""",220,R,R,2005,,0.251672752,5.55,5.177562156,1.40,7.23,3.41,155.2,125,,4.65217,64.0,.288,1.561027805,89.3,433587
Félix Hernández,2019,p,33,"6' 3""",220,R,R,2005,,-0.143163905,6.40,6.004707546,1.53,7.16,3.14,71.2,57,,5.16925,62.9,.311,2.134884024,89.5,433587
Félix Peña,2018,P,28,"6' 2""",220,R,R,2016,,1.434548438,4.18,4.045323705,1.24,8.26,2.72,92.2,85,,3.96596,72.4,.290,1.165467682,92.4,570240
Félix Peña,2019,P,29,"6' 2""",220,R,R,2016,,0.662865028,4.58,4.521967712,1.18,9.44,3.18,96.1,101,,4.28317,65.6,.256,1.494809412,91.5,570240
Félix Peña,2020,P,30,"6' 2""",220,R,R,2016,,0.581295252,4.05,3.00391923,1.31,9.79,2.70,26.2,29,,3.61975,72.3,.333,0.675000306,94.4,570240
Félix Peña,2021,P,31,"6' 2""",220,R,R,2016,,-0.039324306,37.80,7.970035954,6.60,10.80,21.60,1.2,2,,11.1457,36.4,.700,0.0,92.5,570240
Gabe Speier,2019,P,24,"5' 11""",200,L,L,2019,,-0.102437153,7.36,6.486738593,1.50,12.27,7.36,7.1,10,,5.9251,61.0,.200,2.454546838,94.3,642100
Gabe Speier,2020,P,25,"5' 11""",200,L,L,2019,,-0.0423210077,7.94,5.485538571,2.29,9.53,6.35,5.2,6,,4.55255,69.0,.421,1.588236408,92.0,642100
Gabe Speier,2021,P,26,"5' 11""",200,L,L,2019,,0.178175256,1.17,2.256990341,1.30,5.87,0.00,7.2,5,,4.09806,72.7,.370,0.0,93.9,642100
Gabe Speier,2022,P,27,"5' 11""",200,L,L,2019,,0.126445848,2.33,3.784844972,1.09,6.52,2.33,19.1,14,,4.20115,87.9,.250,0.931034728,93.7,642100
Garrett Cleavinger,2020,P,26,"6' 1""",225,R,L,2020,,-0.0768556297,13.50,19.69143653,3.00,13.50,0.00,0.2,1,,3.08385,166.7,.500,13.50001408,94.4,664076
Garrett Cleavinger,2021,P,27,"6' 1""",225,R,L,2020,,-0.271964118,3.00,5.892257499,1.78,10.50,6.00,18.0,21,,4.66971,80.3,.356,2.000000848,95.8,664076
Garrett Cleavinger,2022,P,28,"6' 1""",225,R,L,2020,,0.405950893,3.91,2.503735249,0.91,12.52,2.74,23.0,32,,2.724945652173913,52.1,.245,0.782608825,95.7,664076
Garrett Richards,2018,p,30,"6' 2""",210,R,R,2011,5500000.0,1.030240059,3.66,4.129863955,1.28,10.26,4.01,76.1,87,,3.61963,67.0,.279,1.296943318,92.9,572070
Garrett Richards,2019,p,31,"6' 2""",210,R,R,2011,5500000.0,-0.0355842225,8.31,5.752470083,1.85,11.42,6.23,8.2,11,,4.35913,60.6,.381,2.076922315,93.0,572070
Garrett Richards,2020,p,32,"6' 2""",210,R,R,2011,5500000.0,0.720910786,4.03,4.282328352,1.25,8.06,2.98,51.1,46,,4.46293,76.5,.284,1.227272666,92.4,572070
Garrett Richards,2021,p,33,"6' 2""",210,R,R,2011,5500000.0,1.077460468,4.87,4.721253728,1.60,7.57,3.95,136.2,115,,4.70842,69.8,.333,1.251219588,92.1,572070
Garrett Richards,2022,p,34,"6' 2""",210,R,R,2011,5500000.0,0.25916744,5.27,3.463993523,1.34,7.59,2.74,42.2,36,,3.93778,57.3,.315,0.632812538,90.6,572070
Geoff Hartlieb,2019,P,25,"6' 5""",240,R,R,2019,,-0.239900038,9.00,5.556867385,2.00,9.77,4.63,35.0,38,,4.51781,59.5,.415,2.05714353,93.0,664129
Geoff Hartlieb,2020,P,26,"6' 5""",240,R,R,2019,,-0.102282099,3.63,5.027242197,1.57,7.66,7.66,22.1,19,,5.48125,73.8,.254,0.402985511,93.5,664129
Geoff Hartlieb,2021,P,27,"6' 5""",240,R,R,2019,,-0.0748720188,11.00,5.836701072,2.33,9.00,11.00,9.0,9,,7.601066666666667,54.2,.370,0.0,94.2,664129
George Kontos,2018,P,33,"6' 3""",225,R,R,2011,,-0.445028052,4.39,5.597931361,1.28,5.06,2.36,26.2,15,,4.894623625,76.7,.259,1.687499852,89.6,502004
Germán Márquez,2018,p,23,"6' 1""",230,R,R,2016,1750000.0,4.089283466,3.77,3.400227475,1.20,10.56,2.62,196.0,230,,3.09766,73.2,.314,1.102040731,95.2,608566
Germán Márquez,2019,p,24,"6' 1""",230,R,R,2016,1750000.0,3.33464694,4.76,4.058837062,1.20,9.05,1.81,174.0,175,,3.53841,68.1,.308,1.5,95.4,608566
Germán Márquez,2020,p,25,"6' 1""",230,R,R,2016,1750000.0,2.320170403,3.75,3.277133596,1.26,8.04,2.76,81.2,73,,3.83317,65.5,.300,0.661224449,93.7,608566
Germán Márquez,2021,p,26,"6' 1""",230,R,R,2016,1750000.0,3.444948912,4.40,3.864478567,1.27,8.80,3.20,180.0,176,,3.64168,69.3,.297,1.05,94.7,608566
Germán Márquez,2022,p,27,"6' 1""",230,R,R,2016,1750000.0,1.299904346,4.95,4.714265954,1.37,7.43,3.12,181.2,150,,4.01797,68.1,.292,1.486238615,95.4,608566
Gerrit Cole,2018,p,27,"6' 4""",220,R,R,2013,36000000.0,5.905994415,2.88,2.70119699,1.03,12.40,2.88,200.1,276,,3.03468,77.9,.288,0.853577328,96.5,543037
Gerrit Cole,2019,p,28,"6' 4""",220,R,R,2013,36000000.0,7.473671913,2.50,2.639441173,0.89,13.82,2.03,212.1,326,,2.47528,83.3,.276,1.229199402,94.2,543037
Gerrit Cole,2020,p,29,"6' 4""",220,R,R,2013,36000000.0,1.407531738,2.84,3.890049379,0.96,11.59,2.10,73.0,94,,3.37801,85.9,.242,1.726027217,93.8,543037
Gerrit Cole,2021,p,30,"6' 4""",220,R,R,2013,36000000.0,5.189885616,3.23,2.921872351,1.06,12.06,2.03,181.1,243,,2.93321,77.9,.305,1.191176504,95.9,543037
Gerrit Cole,2022,p,31,"6' 4""",220,R,R,2013,36000000.0,3.423335314,3.50,3.466251618,1.02,11.53,2.24,200.2,257,,2.77432,78.2,.269,1.48006652,96.2,543037
Gio Gonzalez,2018,p,32,"6' 0""",205,R,L,2008,,2.16267997,4.21,4.160431509,1.44,7.79,4.21,171.0,148,,4.442376296296296,73.3,.302,0.894736782,89.7,461829
Gio Gonzalez,2019,p,33,"6' 0""",205,R,L,2008,,1.389688849,3.50,4.038436987,1.29,8.04,3.81,87.1,78,,4.45258,76.7,.282,0.92748095,89.2,461829
Gio Gonzalez,2020,p,34,"6' 0""",205,R,L,2008,,-0.0454811007,4.83,5.496682103,1.86,9.66,5.40,31.2,34,,4.79942,79.8,.374,1.705262884,89.8,461829
Giovanny Gallegos,2018,P,26,"6' 2""",205,R,R,2017,,0.00366101973,3.97,4.131019838,1.24,9.53,2.38,11.1,12,,3.5856723529411765,80.4,.333,1.588235339,94.3,606149
Giovanny Gallegos,2019,P,27,"6' 2""",205,R,R,2017,,1.585051417,2.31,3.051847297,0.81,11.31,1.95,74.0,93,,3.59438,87.3,.222,1.094594707,93.7,606149
Giovanny Gallegos,2020,P,28,"6' 2""",205,R,R,2017,,0.56449765,3.60,2.058085478,0.87,12.60,2.40,15.0,21,,2.73404,60.3,.258,0.600000267,93.7,606149
Giovanny Gallegos,2021,P,29,"6' 2""",205,R,R,2017,,2.271319151,3.02,2.746797541,0.88,10.64,2.24,80.1,95,,3.68663,71.4,.247,0.672199277,94.4,606149
Giovanny Gallegos,2022,P,30,"6' 2""",205,R,R,2017,,1.353029847,3.05,2.875142851,1.02,11.14,2.75,59.0,73,,3.51021,71.7,.263,0.915254296,94.3,606149
Greg Holland,2018,p,32,"5' 10""",210,R,R,2010,1.0,0.368918045,4.66,3.829496453,1.62,9.13,6.22,46.1,47,,4.87243273381295,62.8,.318,0.388489283,92.9,518813
Greg Holland,2019,p,33,"5' 10""",210,R,R,2010,1.0,-0.162609816,4.54,4.75606566,1.37,10.35,6.06,35.2,41,,4.77411,73.8,.244,1.261682333,91.6,518813
Greg Holland,2020,p,34,"5' 10""",210,R,R,2010,1.0,0.759656966,1.91,2.520830915,0.95,9.85,2.22,28.1,31,,3.4912,76.9,.275,0.317647137,92.9,518813
Greg Holland,2021,p,35,"5' 10""",210,R,R,2010,1.0,-0.150972784,4.85,4.822729035,1.35,8.57,4.20,55.2,53,,4.65433,69.4,.261,1.455090086,92.8,518813
Greg Holland,2022,p,36,"5' 10""",210,R,R,2010,1.0,-0.353435993,7.71,9.969574793,1.50,9.64,1.93,4.2,5,,2.88132,71.4,.273,5.785715074,93.6,518813
Gregory Soto,2019,p,24,"6' 1""",247,L,L,2019,7750000.0,-0.0870713815,5.77,5.398980526,1.86,7.02,5.15,57.2,45,,5.64674,72.0,.344,1.404624246,94.8,642397
Gregory Soto,2020,p,25,"6' 1""",247,L,L,2019,7750000.0,0.204736516,4.30,3.756636847,1.26,11.35,5.09,23.0,29,,3.79994,70.9,.269,0.78260889,97.3,642397
Gregory Soto,2021,p,26,"6' 1""",247,L,L,2019,7750000.0,0.404805392,3.39,4.143856268,1.35,10.74,5.65,63.2,76,,4.32186,73.8,.258,0.989528954,98.2,642397
Gregory Soto,2022,p,27,"6' 1""",247,L,L,2019,7750000.0,0.560763061,3.28,3.593094026,1.38,8.95,5.07,60.1,60,,4.58527,66.5,.296,0.298342567,96.4,642397
Griffin Canning,2019,p,23,"6' 2""",180,R,R,2019,2500000.0,1.385423213,4.58,4.365301151,1.22,9.56,2.99,90.1,96,,4.7508,73.2,.281,1.394834145,91.4,656288
Griffin Canning,2020,p,24,"6' 2""",180,R,R,2019,2500000.0,0.880931854,3.99,4.327513631,1.37,8.95,3.67,56.1,56,,4.80899,73.4,.307,1.278106105,90.7,656288
Griffin Canning,2021,p,25,"6' 2""",180,R,R,2019,2500000.0,0.129342608,5.60,5.483864109,1.48,8.90,4.02,62.2,62,,4.71937,71.2,.298,2.010638471,92.0,656288
Génesis Cabrera,2019,P,22,"6' 2""",180,L,L,2019,,0.0737529099,4.87,4.541877788,1.67,8.41,4.87,20.1,19,,5.70894,60.2,.328,0.885245542,94.5,650893
Génesis Cabrera,2020,P,23,"6' 2""",180,L,L,2019,,-0.0577073097,2.42,4.758584521,1.16,12.90,6.45,22.1,32,,4.56645,81.4,.171,1.208956015,94.7,650893
Génesis Cabrera,2021,P,24,"6' 2""",180,L,L,2019,,1.182850003,3.73,3.284319862,1.26,9.90,4.63,70.0,77,,4.39072,69.8,.287,0.38571437,96.0,650893
Génesis Cabrera,2022,P,25,"6' 2""",180,L,L,2019,,-0.777067721,4.63,5.619894259,1.32,6.45,4.03,44.2,32,,4.88238,75.3,.238,1.611940666,94.5,650893
Hansel Robles,2018,p,27,"6' 0""",220,R,R,2015,1.0,-0.121414602,3.70,4.589003053,1.39,9.48,4.02,56.0,59,,4.357785357142857,80.1,.303,1.446428621,95.6,570663
Hansel Robles,2019,p,28,"6' 0""",220,R,R,2015,1.0,1.910143372,2.48,2.883734165,1.02,9.29,1.98,72.2,75,,3.89079,82.3,.283,0.743119448,93.7,570663
Hansel Robles,2020,p,29,"6' 0""",220,R,R,2015,1.0,-0.145589218,10.26,5.891419727,1.74,10.80,5.40,16.2,20,,5.20105,41.0,.341,2.16000033,92.0,570663
Hansel Robles,2021,p,30,"6' 0""",220,R,R,2015,1.0,0.0919657052,4.43,4.300469061,1.38,9.91,4.83,69.0,76,,4.55758536231884,68.7,.294,1.043478405,93.6,570663
Hansel Robles,2022,p,31,"6' 0""",220,R,R,2015,1.0,-0.64572823,5.84,5.747566816,1.58,7.66,5.11,24.2,21,,4.85286,62.5,.282,1.824324795,92.6,570663
Heath Hembree,2018,p,29,"6' 4""",220,R,R,2013,2125000.0,0.101087257,4.20,4.193765435,1.33,11.40,4.05,60.0,76,,3.78882,76.1,.295,1.500000763,94.5,592390
Heath Hembree,2019,p,30,"6' 4""",220,R,R,2013,2125000.0,0.0627368912,3.86,4.777034936,1.31,10.44,4.08,39.2,46,,5.69239,77.4,.273,1.588235549,93.6,592390
Heath Hembree,2020,p,31,"6' 4""",220,R,R,2013,2125000.0,-0.790618772,9.00,8.823001937,1.79,9.47,3.79,19.0,20,,5.811248421052632,72.6,.333,4.263160677,93.9,592390
Heath Hembree,2021,p,32,"6' 4""",220,R,R,2013,2125000.0,0.316080786,5.59,4.342448108,1.19,12.88,3.72,58.0,83,,3.843038275862069,59.0,.270,1.862069272,95.3,592390
Heath Hembree,2022,p,33,"6' 4""",220,R,R,2013,2125000.0,-0.695967423,7.36,7.430613943,1.95,6.95,6.95,22.0,17,,6.173006060606061,69.4,.299,2.454546093,94.2,592390
Hector Noesí,2019,P,32,"6' 4""",220,R,R,2011,,-0.28191375,8.46,6.394732879,1.59,7.81,4.55,27.2,24,,6.05343,54.0,.299,2.2771088,93.0,456051
Hoby Milner,2018,p,27,"6' 3""",187,L,L,2017,3750000.0,-0.414964423,7.36,8.75134509,1.91,9.82,6.14,7.1,8,,6.135776363636364,64.8,.286,3.681821095,89.5,571948
Hoby Milner,2019,p,28,"6' 3""",187,L,L,2017,3750000.0,0.087309368,7.36,3.214009476,1.36,7.36,2.45,3.2,3,,5.38403,50.0,.333,0.0,,571948
Hoby Milner,2020,p,29,"6' 3""",187,L,L,2017,3750000.0,-0.371076405,8.10,7.691421676,1.43,8.78,4.05,13.1,13,,5.41961,61.5,.235,3.37500177,87.9,571948
Hoby Milner,2021,p,30,"6' 3""",187,L,L,2017,3750000.0,-0.247011393,5.40,5.893111365,1.52,12.46,1.25,21.2,30,,3.12891,84.0,.400,3.323077313,89.1,571948
Hoby Milner,2022,p,31,"6' 3""",187,L,L,2017,3750000.0,0.722564399,3.76,3.158822767,1.18,8.91,2.09,64.2,64,,3.36696,71.1,.315,0.69587648,88.9,571948
Homer Bailey,2018,p,32,"6' 4""",223,R,R,2007,7000000.0,-0.0432040207,6.09,5.549146252,1.64,6.35,2.79,106.1,75,,4.64772,65.4,.331,1.946708417,93.0,456701
Homer Bailey,2019,p,33,"6' 4""",223,R,R,2007,7000000.0,2.873825192,4.57,4.107886971,1.32,8.21,2.92,163.1,149,,4.433783673469388,71.2,.302,1.157142785,93.0,456701
Homer Bailey,2020,p,34,"6' 4""",223,R,R,2007,7000000.0,0.0983301252,3.38,4.566419315,1.13,7.88,3.38,8.0,7,,4.38763,81.4,.238,1.125,91.3,456701
Hunter Harvey,2019,p,24,"6' 3""",233,R,R,2019,6000000.0,0.104453392,1.42,3.68769371,1.11,15.63,5.68,6.1,11,,2.57731,107.1,.200,1.421052703,96.7,640451
Hunter Harvey,2020,p,25,"6' 3""",233,R,R,2019,6000000.0,-0.0978680253,4.15,5.845268,1.15,6.23,2.08,8.2,6,,5.0702,61.0,.231,2.076925058,96.7,640451
Hunter Harvey,2021,p,26,"6' 3""",233,R,R,2019,6000000.0,0.0797378272,4.15,4.323880488,1.27,6.23,3.12,8.2,6,,4.45252,72.9,.269,1.038461729,96.3,640451
Hunter Harvey,2022,p,27,"6' 3""",233,R,R,2019,6000000.0,0.987676442,2.52,2.070057986,1.14,10.30,2.75,39.1,45,,3.39556,75.7,.323,0.228813589,98.3,640451
Hunter Strickland,2018,p,29,"6' 3""",225,R,R,2014,,-0.147745207,3.97,4.417784658,1.41,7.35,4.17,45.1,37,,4.98776,69.0,.281,0.99264717,94.8,519326
Hunter Strickland,2019,p,30,"6' 3""",225,R,R,2014,,-0.370118082,5.55,6.29620178,1.23,6.66,2.96,24.1,18,,6.033662739726028,73.2,.229,2.219178459,95.4,519326
Hunter Strickland,2020,p,31,"6' 3""",225,R,R,2014,,0.0995303243,8.10,1.691419172,1.80,10.80,2.70,3.1,4,,2.84838,33.3,.455,0.0,95.2,519326
Hunter Strickland,2021,p,32,"6' 3""",225,R,R,2014,,0.346430212,2.61,4.192761539,1.16,8.90,3.38,58.2,58,,4.705690170454545,83.3,.252,1.2272729,94.6,519326
Hunter Strickland,2022,p,33,"6' 3""",225,R,R,2014,,0.0489380173,4.91,4.780880336,1.51,8.66,4.76,62.1,60,,4.96487,71.3,.301,1.155080308,94.6,519326
Hyun Jin Ryu,2018,p,31,"6' 3""",250,R,L,2013,,1.941042542,1.97,3.002536858,1.01,9.73,1.64,82.1,89,,3.10605,85.4,.282,0.983805546,90.2,547943
Hyun Jin Ryu,2019,p,32,"6' 3""",250,R,L,2013,,4.94658041,2.32,3.099045985,1.01,8.03,1.18,182.2,163,,3.31576,82.2,.282,0.837591148,90.5,547943
Hyun Jin Ryu,2020,p,33,"6' 3""",250,R,L,2013,,1.895050883,2.69,3.012314838,1.15,9.67,2.28,67.0,72,,3.31593,80.5,.303,0.805970149,89.6,547943
Hyun Jin Ryu,2021,p,34,"6' 3""",250,R,L,2013,,2.454495668,4.37,4.016187969,1.22,7.62,1.97,169.0,143,,3.94484,70.7,.296,1.278106509,89.8,547943
Hyun Jin Ryu,2022,p,35,"6' 3""",250,R,L,2013,,0.054978013,5.67,4.779097668,1.33,5.33,1.33,27.0,16,,4.23586,65.5,.307,1.666666667,89.3,547943
Héctor Neris,2018,p,29,"6' 2""",227,R,R,2014,,0.216737241,5.10,4.041550574,1.30,14.35,3.02,47.2,76,,2.70472,75.6,.361,2.076923354,94.6,593576
Héctor Neris,2019,p,30,"6' 2""",227,R,R,2014,,0.982077718,2.93,3.834699154,1.02,11.84,3.19,67.2,89,,3.53036,83.6,.241,1.330049311,94.5,593576
Héctor Neris,2020,p,31,"6' 2""",227,R,R,2014,,0.701412559,4.57,2.499111176,1.71,11.22,5.40,21.2,27,,4.10107,59.5,.381,0.0,93.9,593576
Héctor Neris,2021,p,32,"6' 2""",227,R,R,2014,,0.539331496,3.63,4.084832485,1.17,11.87,3.87,74.1,98,,3.64768,76.8,.264,1.452915047,94.4,593576
Héctor Neris,2022,p,33,"6' 2""",227,R,R,2014,,1.631950736,3.72,2.34712482,1.01,10.88,2.34,65.1,79,,3.29098,63.4,.293,0.413265338,94.4,593576
Héctor Rondón,2018,p,30,"6' 3""",225,R,R,2013,,1.256237507,3.20,2.787550099,1.32,10.22,3.05,59.0,67,,3.38985,77.3,.340,0.610169689,96.8,444468
Héctor Rondón,2019,p,31,"6' 3""",225,R,R,2013,,-0.205146797,3.71,4.961262463,1.25,7.12,2.97,60.2,48,,4.85133,83.3,.264,1.483516687,96.3,444468
Héctor Rondón,2020,p,32,"6' 3""",225,R,R,2013,,-0.434580714,7.65,6.591420612,1.80,10.35,4.95,20.0,23,,5.10177,66.4,.339,2.70000103,95.2,444468
Héctor Santiago,2018,p,30,"6' 0""",215,R,L,2011,,-0.0790199935,4.41,5.091804558,1.58,9.09,5.29,102.0,103,,5.38428,78.0,.309,1.411765023,90.7,502327
Héctor Santiago,2019,p,31,"6' 0""",215,R,L,2011,,-0.0498447157,6.68,5.887275944,1.90,10.69,5.88,33.2,40,,5.516094257425743,72.0,.366,2.138613175,91.8,502327
Héctor Santiago,2021,p,33,"6' 0""",215,R,L,2011,,0.33902254,3.42,3.132059437,1.44,10.25,3.76,26.1,30,,4.08775,79.5,.338,0.683544337,90.8,502327
Ian Gibaut,2019,P,25,"6' 3""",250,R,R,2019,,0.0733549031,5.65,4.190753293,1.53,10.05,6.28,14.1,16,,4.810378139534884,64.8,.306,0.62790674,91.5,664139
Ian Gibaut,2020,P,26,"6' 3""",250,R,R,2019,,-0.055606883,6.57,5.461690522,1.62,10.22,6.57,12.1,14,,4.91706,60.4,.281,1.459460061,95.2,664139
Ian Gibaut,2021,P,27,"6' 3""",250,R,R,2019,,-0.118881017,2.70,7.220034509,1.35,5.40,2.70,6.2,4,,5.1726,111.1,.263,2.700000257,92.4,664139
Ian Gibaut,2022,P,28,"6' 3""",250,R,R,2019,,0.613334312,4.50,3.112431002,1.58,12.00,4.50,36.0,48,,3.509468148148148,74.3,.400,0.750000139,94.6,664139
Ian Hamilton,2018,P,23,"6' 1""",200,R,R,2018,,-0.190514162,4.50,6.285433625,1.00,5.63,2.25,8.0,5,,4.68705,64.5,.174,2.250001475,94.3,641656
Ian Hamilton,2020,P,25,"6' 1""",200,R,R,2018,,-0.00898798183,4.50,4.941418064,2.25,9.00,11.25,4.0,4,,6.38763,77.8,.364,0.0,94.3,641656
Ian Hamilton,2022,P,27,"6' 1""",200,R,R,2018,,-0.115079693,6.75,9.112432432,1.50,0.00,3.38,2.2,0,,5.90281,76.9,.222,3.375000805,93.9,641656
Ian Kennedy,2018,p,33,"6' 0""",210,R,R,2007,,1.087641001,4.66,4.606113966,1.38,7.90,3.01,119.2,105,,4.6417,72.5,.302,1.504178209,91.9,453178
Ian Kennedy,2019,p,34,"6' 0""",210,R,R,2007,,1.457870603,3.41,2.992956826,1.28,10.37,2.42,63.1,73,,3.77152,78.8,.349,0.852631647,93.8,453178
Ian Kennedy,2020,p,35,"6' 0""",210,R,R,2007,,-0.584399804,9.00,8.83427838,1.79,9.64,3.21,14.0,15,,5.36443,55.6,.325,4.500001533,92.1,453178
Ian Kennedy,2021,p,36,"6' 0""",210,R,R,2007,,0.0604536533,3.20,4.749915868,1.10,9.91,2.72,56.1,62,,4.454969940828402,91.1,.246,1.917159871,94.1,453178
Ian Kennedy,2022,p,37,"6' 0""",210,R,R,2007,,-0.952323735,5.36,5.57600741,1.57,7.87,3.93,50.1,44,,5.05844,72.8,.301,1.966887616,93.4,453178
Ian Krol,2018,P,27,"6' 1""",210,L,L,2013,,0.025164254,0.00,2.660431576,1.00,9.00,4.50,2.0,2,,3.48624,100.0,.200,0.0,92.4,571871
Ian Krol,2021,P,30,"6' 1""",210,L,L,2013,,0.0751733929,4.34,3.920034301,1.66,8.68,3.86,18.2,18,,4.22852,74.5,.368,0.964285944,93.8,571871
Iván Nova,2018,p,31,"6' 5""",250,R,R,2010,,1.239500523,4.19,4.57036933,1.28,6.37,1.96,161.0,114,,4.27648,73.7,.290,1.453416011,92.8,467100
Iván Nova,2019,p,32,"6' 5""",250,R,R,2010,,2.101307631,4.72,4.978715358,1.45,5.49,2.26,187.0,114,,4.91427,72.8,.323,1.443850267,92.4,467100
Iván Nova,2020,p,33,"6' 5""",250,R,R,2010,,-0.161367312,8.53,6.401945631,1.63,4.26,4.26,19.0,9,,5.69487,51.2,.273,1.894736842,92.2,467100
J.A. Happ,2018,p,35,"6' 5""",205,L,L,2007,,2.972305,3.65,3.976566654,1.13,9.78,2.58,177.2,193,,3.878778217636023,74.9,.273,1.367729821,91.9,457918
J.A. Happ,2019,p,36,"6' 5""",205,L,L,2007,,1.223937064,4.91,5.222274192,1.30,7.81,2.73,161.1,140,,4.77595,75.7,.281,1.896694454,91.4,457918
J.A. Happ,2020,p,37,"6' 5""",205,L,L,2007,,0.571775496,3.47,4.569797836,1.05,7.66,2.74,49.1,42,,4.33786,81.3,.227,1.45945961,90.8,457918
J.A. Happ,2021,p,38,"6' 5""",205,L,L,2007,,0.461322043,5.79,5.132835063,1.48,7.21,2.84,152.1,122,,5.109172625820569,68.8,.315,1.772428943,90.5,457918
J.B. Wendelken,2018,P,25,"6' 1""",242,R,R,2016,,0.190351769,0.54,3.160431576,0.78,7.56,2.70,16.2,14,,4.56056,103.4,.167,0.540000144,94.6,605525
J.B. Wendelken,2019,P,26,"6' 1""",242,R,R,2016,,0.622218311,3.58,2.938499154,0.92,9.37,2.48,32.2,34,,4.57834,61.6,.229,0.551020644,94.7,605525
J.B. Wendelken,2020,P,27,"6' 1""",242,R,R,2016,,0.414768428,1.80,3.071419279,1.12,11.16,3.96,25.0,31,,3.9597,79.4,.246,0.72000022,94.4,605525
J.B. Wendelken,2021,P,28,"6' 1""",242,R,R,2016,,0.200749081,4.33,4.08606479,1.51,8.04,4.53,43.2,39,,4.673052900763359,69.5,.310,0.824427601,94.1,605525
J.B. Wendelken,2022,P,29,"6' 1""",242,R,R,2016,,-0.295277208,5.28,5.008983225,1.34,6.52,4.34,29.0,21,,4.54311,64.0,.256,1.241379637,94.9,605525
J.J. Hoover,2018,P,30,"6' 3""",240,R,R,2012,,-0.240202352,20.25,17.41043497,4.50,0.00,13.50,1.1,0,,10.138,65.2,.429,6.750001609,90.3,543331
Jack Flaherty,2018,p,22,"6' 4""",225,R,R,2017,17500000.0,2.27910924,3.34,3.862418331,1.11,10.85,3.52,151.0,182,,3.58436,79.3,.258,1.19205298,92.6,656427
Jack Flaherty,2019,p,23,"6' 4""",225,R,R,2017,17500000.0,4.661951542,2.75,3.463585015,0.97,10.59,2.52,196.1,231,,3.64209,83.3,.244,1.146010127,93.8,656427
Jack Flaherty,2020,p,24,"6' 4""",225,R,R,2017,17500000.0,0.58696413,4.91,4.108774543,1.21,10.93,3.57,40.1,49,,3.41792,68.8,.284,1.338842764,93.6,656427
Jack Flaherty,2021,p,25,"6' 4""",225,R,R,2017,17500000.0,0.931571007,3.22,4.216842701,1.06,9.77,2.99,78.1,85,,3.95968,74.8,.236,1.378723494,93.3,656427
Jack Flaherty,2022,p,26,"6' 4""",225,R,R,2017,17500000.0,0.0130487923,4.25,4.973542113,1.61,8.25,5.50,36.0,33,,4.92722,78.4,.314,1.0,93.1,656427
Jacob Barnes,2018,p,28,"6' 2""",231,R,R,2016,,0.299276829,3.33,3.715226212,1.52,8.69,4.25,48.2,47,,4.00422,73.1,.331,0.739726182,92.7,606930
Jacob Barnes,2019,p,29,"6' 2""",231,R,R,2016,,-0.462346599,7.44,6.060948556,1.78,8.82,6.06,32.2,32,,5.223839387755102,58.1,.293,1.928571635,93.6,606930
Jacob Barnes,2020,p,30,"6' 2""",231,R,R,2016,,0.431262195,5.50,2.246974371,1.28,12.00,2.00,18.0,24,,3.23878,50.8,.391,0.500000265,92.1,606930
Jacob Barnes,2021,p,31,"6' 2""",231,R,R,2016,,-0.300697461,6.28,5.29794143,1.47,10.36,3.45,28.2,33,,4.093041860465116,69.3,.320,2.19767476,92.3,606930
Jacob Barnes,2022,p,32,"6' 2""",231,R,R,2016,,-0.278860878,5.64,5.261685222,1.43,4.84,3.63,22.1,12,,5.039976268656717,67.1,.286,1.208955499,92.3,606930
Jacob deGrom,2018,p,30,"6' 4""",180,L,R,2014,37000000.0,9.040757179,1.70,1.985316368,0.91,11.16,1.91,217.0,269,,2.60402,82.0,.283,0.414746544,94.4,594798
Jacob deGrom,2019,p,31,"6' 4""",180,L,R,2014,37000000.0,6.939486027,2.43,2.674793789,0.97,11.25,1.94,204.0,255,,3.11193,81.8,.285,0.838235294,94.4,594798
Jacob deGrom,2020,p,32,"6' 4""",180,L,R,2014,37000000.0,2.602190971,2.38,2.264948727,0.96,13.76,2.38,68.0,104,,2.458,79.7,.288,0.926470588,95.1,594798
Jacob deGrom,2021,p,33,"6' 4""",180,L,R,2014,37000000.0,4.893188953,1.08,1.235251514,0.55,14.28,1.08,92.0,146,,1.61481,87.2,.213,0.586956522,96.0,594798
Jacob deGrom,2022,p,34,"6' 4""",180,L,R,2014,37000000.0,2.231793642,3.08,2.133156313,0.75,14.27,1.12,64.1,102,,1.53408,73.4,.261,1.259067457,95.7,594798
Jacob Turner,2018,P,27,"6' 5""",215,R,R,2011,,-0.288669713,20.25,8.860432119,3.75,4.05,8.10,6.2,3,,8.6765335,36.0,.486,2.700000257,93.4,545363
Jacob Webb,2019,P,25,"6' 2""",210,R,R,2019,,0.188798279,1.39,4.296483873,1.11,7.79,3.34,32.1,28,,5.14911,86.0,.235,1.113402237,95.1,657097
Jacob Webb,2020,P,26,"6' 2""",210,R,R,2019,,0.130076066,0.00,2.691419125,1.20,9.00,4.50,10.0,10,,4.04122,83.3,.280,0.0,93.6,657097
Jacob Webb,2021,P,27,"6' 2""",210,R,R,2019,,0.0899049416,4.19,4.072946878,1.51,8.65,3.67,34.1,33,,4.61395,65.4,.340,1.048543845,94.1,657097
Jaime Barria,2018,P,21,"6' 1""",210,R,R,2018,,1.434671402,3.41,4.583112044,1.27,6.82,3.27,129.1,98,,4.99421,82.1,.272,1.182989737,91.1,642545
Jaime Barria,2019,P,22,"6' 1""",210,R,R,2018,,-0.458158165,6.42,6.226106065,1.44,8.17,2.94,82.2,75,,5.31541,68.6,.287,2.612903065,91.7,642545
Jaime Barria,2020,P,23,"6' 1""",210,R,R,2018,,0.627045959,3.62,3.655337024,1.11,7.52,2.51,32.1,27,,4.95393,73.2,.261,0.835051875,92.1,642545
Jaime Barria,2021,P,24,"6' 1""",210,R,R,2018,,0.470460456,4.61,4.881798905,1.57,5.56,3.02,56.2,35,,5.0392,77.7,.333,1.270588292,92.9,642545
Jaime Barria,2022,P,25,"6' 1""",210,R,R,2018,,0.045013696,2.61,4.385540419,1.03,6.13,2.16,79.1,54,,4.39305,80.5,.230,1.24789933,91.9,642545
Jaime García,2018,p,31,"6' 2""",215,L,L,2008,,-0.0264220312,5.82,5.160431786,1.54,8.01,4.83,82.0,73,,5.033050691056911,65.0,.295,1.426829418,89.2,448802
Jake Arrieta,2018,p,32,"6' 4""",230,R,R,2010,6000000.0,1.982284069,3.96,4.255026235,1.29,7.19,2.97,172.2,138,,4.08005,68.1,.289,1.094594659,91.9,453562
Jake Arrieta,2019,p,33,"6' 4""",230,R,R,2010,6000000.0,1.105438828,4.64,4.887228086,1.47,7.30,3.38,135.2,110,,4.45849,73.8,.320,1.393120341,92.0,453562
Jake Arrieta,2020,p,34,"6' 4""",230,R,R,2010,6000000.0,0.508525968,5.08,4.657584897,1.51,6.50,3.25,44.1,32,,4.37702,72.1,.333,1.218045253,91.0,453562
Jake Arrieta,2021,p,35,"6' 4""",230,R,R,2010,6000000.0,-0.779819146,7.39,6.170034316,1.77,7.57,4.01,98.2,83,,4.84972125,61.1,.346,2.18918933,90.4,453562
Jake Diekman,2018,p,31,"6' 4""",195,R,L,2012,4000000.0,0.575920075,4.73,3.741681735,1.50,11.14,5.23,53.1,66,,4.129262,65.9,.331,0.675000185,95.0,518617
Jake Diekman,2019,p,32,"6' 4""",195,R,L,2012,4000000.0,1.013899773,4.65,3.552719247,1.42,12.19,5.66,62.0,84,,4.142877580645162,68.6,.319,0.435483992,95.7,518617
Jake Diekman,2020,p,33,"6' 4""",195,R,L,2012,4000000.0,0.492426813,0.42,2.72266912,0.94,13.08,5.06,21.1,31,,3.37873,96.9,.184,0.421875176,95.1,518617
Jake Diekman,2021,p,34,"6' 4""",195,R,L,2012,4000000.0,-0.0760874301,3.86,4.455748624,1.34,12.31,5.04,60.2,83,,4.08695,78.9,.282,1.483516732,95.3,518617
Jake Diekman,2022,p,35,"6' 4""",195,R,L,2012,4000000.0,-0.626322836,4.99,5.002604871,1.63,12.33,6.55,57.2,79,,4.334275028901734,69.4,.328,1.404624618,95.5,518617
Jake McGee,2018,p,31,"6' 4""",229,L,L,2010,2500000.0,-0.258606851,6.49,4.913678763,1.46,8.24,2.81,51.1,47,,4.40819,60.3,.327,1.753247188,93.7,459429
Jake McGee,2019,p,32,"6' 4""",229,L,L,2010,2500000.0,-0.348771274,4.35,5.996268396,1.40,7.62,2.40,41.1,35,,5.37602,78.9,.300,2.395162027,93.4,459429
Jake McGee,2020,p,33,"6' 4""",229,L,L,2010,2500000.0,0.672009647,2.66,1.666829056,0.84,14.61,1.33,20.1,33,,2.09514,77.5,.300,0.885245957,94.9,459429
Jake McGee,2021,p,34,"6' 4""",229,L,L,2010,2500000.0,1.109671354,2.72,3.354391672,0.91,8.75,1.51,59.2,58,,4.04703,67.1,.228,1.055865967,94.9,459429
Jake McGee,2022,p,35,"6' 4""",229,L,L,2010,2500000.0,-0.131226935,6.81,4.842161043,1.43,6.08,2.92,37.0,25,,5.534753513513514,53.8,.294,1.459459723,94.3,459429
Jake Odorizzi,2018,p,28,"6' 2""",190,R,R,2012,,2.537972212,4.49,4.194914366,1.34,8.87,3.83,164.1,162,,4.8741,69.7,.293,1.095334719,91.1,543606
Jake Odorizzi,2019,p,29,"6' 2""",190,R,R,2012,,4.296117783,3.51,3.358663564,1.21,10.08,3.00,159.0,178,,4.32744,75.5,.305,0.905660377,92.9,543606
Jake Odorizzi,2020,p,30,"6' 2""",190,R,R,2012,,-0.0489075072,6.59,6.118247903,1.39,7.90,1.98,13.2,12,,4.71196,69.4,.308,2.634145729,92.0,543606
Jake Odorizzi,2021,p,31,"6' 2""",190,R,R,2012,,1.060665585,4.21,4.478951352,1.25,7.82,2.92,104.2,91,,4.81795,74.4,.276,1.375796212,92.2,543606
Jake Odorizzi,2022,p,32,"6' 2""",190,R,R,2012,,1.231451694,4.40,4.2785753,1.33,7.28,2.96,106.1,86,,4.697036332288401,69.1,.293,1.184953077,92.1,543606
Jake Petricka,2018,P,30,"6' 4""",218,R,R,2013,,-0.0258759446,4.53,4.452402559,1.64,8.08,3.15,45.2,41,,4.04638,72.6,.381,1.182481916,94.8,502593
Jake Petricka,2019,P,31,"6' 4""",218,R,R,2013,,-0.0189326257,3.38,4.714009476,1.50,3.38,6.75,8.0,3,,6.20591,75.0,.222,0.0,93.1,502593
Jake Petricka,2021,P,33,"6' 4""",218,R,R,2013,,-0.195870742,15.00,6.670035235,2.17,12.00,10.50,6.0,8,,5.97367,31.7,.333,1.500000477,90.7,502593
Jake Woodford,2020,P,23,"6' 4""",215,R,R,2020,,-0.312791922,5.57,6.715230759,1.19,6.86,2.14,21.0,16,,4.58565,78.9,.228,3.000001635,92.8,663765
Jake Woodford,2021,P,24,"6' 4""",215,R,R,2020,,0.385052651,3.99,4.500083471,1.34,6.65,3.33,67.2,50,,5.05868,75.1,.291,0.931034544,91.7,663765
Jake Woodford,2022,P,25,"6' 4""",215,R,R,2020,,0.580846041,2.23,3.13312066,1.12,4.47,2.05,48.1,24,,4.18117,78.4,.278,0.186206927,92.0,663765
Jakob Junis,2018,p,25,"6' 3""",238,R,R,2017,4000000.0,1.474478841,4.37,4.640657564,1.27,8.34,2.19,177.0,164,,4.12861,74.8,.300,1.627118644,91.0,596001
Jakob Junis,2019,p,26,"6' 3""",238,R,R,2017,4000000.0,1.536782622,5.24,4.822374541,1.43,8.42,2.98,175.1,164,,4.63412,70.3,.318,1.591254799,91.5,596001
Jakob Junis,2020,p,27,"6' 3""",238,R,R,2017,4000000.0,-0.155837372,6.39,6.230893381,1.62,6.75,2.13,25.1,19,,4.77005,75.3,.350,2.486842417,91.0,596001
Jakob Junis,2021,p,28,"6' 3""",238,R,R,2017,4000000.0,0.517624393,5.26,4.314101984,1.40,9.38,2.75,39.1,41,,3.88452,68.6,.333,1.601695006,90.2,596001
Jakob Junis,2022,p,29,"6' 3""",238,R,R,2017,4000000.0,1.335643649,4.42,3.648145287,1.29,7.88,2.01,112.0,98,,3.67246,70.3,.318,1.044642857,91.9,596001
Jalen Beeks,2018,p,24,"5' 11""",215,L,L,2018,,-0.067312208,5.51,4.640694982,1.50,7.46,4.26,50.2,42,,4.66591125,68.0,.313,1.065789653,91.8,656222
Jalen Beeks,2019,p,25,"5' 11""",215,L,L,2018,,0.30401279,4.31,4.412092557,1.49,7.68,3.45,104.1,89,,4.78534,73.4,.329,1.035143783,92.0,656222
Jalen Beeks,2020,p,26,"5' 11""",215,L,L,2018,,0.725480497,3.26,1.794867086,1.29,12.10,1.86,19.1,26,,2.61853,67.8,.408,0.46551741,90.5,656222
Jalen Beeks,2022,p,28,"5' 11""",215,L,L,2018,,0.599601656,2.80,3.489480217,1.16,10.33,3.25,61.0,70,,3.25963,80.7,.284,1.032786982,92.6,656222
James Hoyt,2018,P,31,"6' 6""",230,R,R,2016,,-0.0156334825,0.00,12.16044096,6.00,0.00,27.00,0.1,0,,12.1613,100.0,.500,0.0,92.8,624586
James Hoyt,2019,P,32,"6' 6""",230,R,R,2016,,0.00710479636,2.16,4.654009036,0.96,10.80,2.16,8.1,10,,3.20494,115.4,.222,2.159999341,92.8,624586
James Hoyt,2020,P,33,"6' 6""",230,R,R,2016,,0.309939176,1.23,3.191419315,1.16,12.27,4.91,14.2,20,,4.14569,96.4,.250,0.613636829,88.9,624586
James Hoyt,2021,P,34,"6' 6""",230,R,R,2016,,0.0404632501,6.75,3.795034271,2.38,12.38,7.88,8.0,11,,6.22103,52.4,.462,0.0,91.3,624586
James Paxton,2018,p,29,"6' 4""",212,L,L,2013,,3.705121756,3.76,3.235275646,1.10,11.68,2.36,160.1,208,,3.01859,76.0,.301,1.291060209,95.4,572020
James Paxton,2019,p,30,"6' 4""",212,L,L,2013,,3.472290993,3.82,3.864451866,1.28,11.11,3.29,150.2,186,,4.03198,76.2,.315,1.37389362,95.4,572020
James Paxton,2020,p,31,"6' 4""",212,L,L,2013,,0.297272205,6.64,4.371747369,1.48,11.51,3.10,20.1,26,,4.46971,55.1,.365,1.77049208,92.1,572020
James Paxton,2021,p,32,"6' 4""",212,L,L,2013,,0.0445130579,6.75,2.420033944,0.75,13.50,6.75,1.1,2,,2.42002,0.0,.000,0.0,94.1,572020
James Pazos,2018,P,27,"6' 2""",252,R,L,2015,,0.508500993,2.88,3.600431609,1.24,8.10,2.70,50.0,45,,4.14598,78.2,.303,0.720000055,93.7,572021
James Pazos,2019,P,28,"6' 2""",252,R,L,2015,,0.11755079,1.74,3.697880548,1.06,8.71,3.48,10.1,10,,3.40234,93.8,.250,0.870967929,94.2,572021
James Pazos,2020,P,29,"6' 2""",252,R,L,2015,,-0.21863766,16.88,12.94142164,2.81,1.69,8.44,5.1,1,,8.88293,46.3,.350,5.062501207,92.1,572021
James Shields,2018,p,36,"6' 3""",210,R,R,2006,,1.221941493,4.53,5.090398865,1.31,6.77,3.43,204.2,154,,5.09349,70.6,.263,1.4951139,89.3,448306
Jameson Taillon,2018,p,26,"6' 5""",230,R,R,2016,17000000.0,3.881178379,3.20,3.464096473,1.18,8.43,2.17,191.0,179,,3.58151,79.8,.300,0.942408302,93.9,592791
Jameson Taillon,2019,p,27,"6' 5""",230,R,R,2016,17000000.0,0.75258112,4.10,3.80329527,1.13,7.23,1.93,37.1,30,,4.06219,52.1,.263,0.964285846,92.3,592791
Jameson Taillon,2021,p,29,"6' 5""",230,R,R,2016,17000000.0,1.935982943,4.30,4.431004144,1.21,8.73,2.74,144.1,140,,4.68974,73.1,.273,1.49653585,93.9,592791
Jameson Taillon,2022,p,30,"6' 5""",230,R,R,2016,17000000.0,2.407186508,3.91,3.941378394,1.13,7.66,1.62,177.1,151,,3.78843,75.3,.278,1.31954891,93.3,592791
Jared Hughes,2018,p,32,"6' 7""",240,R,R,2011,,1.281958818,1.94,3.274838348,1.02,6.75,2.63,78.2,59,,3.39064,85.1,.254,0.457627089,91.7,453172
Jared Hughes,2019,p,33,"6' 7""",240,R,R,2011,,-0.475075256,4.04,5.288776534,1.18,6.81,3.41,71.1,54,,4.174490794392524,72.3,.233,1.640187471,91.2,453172
Jared Hughes,2020,p,34,"6' 7""",240,R,R,2011,,-0.145578071,4.84,5.60933052,1.66,8.46,5.64,22.1,21,,5.50354,66.1,.303,1.208955602,91.4,453172
Jarlín García,2018,p,25,"6' 3""",240,L,L,2017,,-1.346467972,4.91,6.372553345,1.32,5.45,3.82,66.0,40,,5.17295,77.4,.223,2.18181856,92.1,606424
Jarlín García,2019,p,26,"6' 3""",240,L,L,2017,,0.471623302,3.02,3.766641249,1.11,6.93,2.84,50.2,39,,4.74262,78.2,.250,0.710526565,93.3,606424
Jarlín García,2020,p,27,"6' 3""",240,L,L,2017,,0.306712955,0.49,3.136873851,0.98,6.87,3.44,18.1,14,,5.0301,70.0,.220,0.0,93.7,606424
Jarlín García,2021,p,28,"6' 3""",240,L,L,2017,,0.415010422,2.62,3.76712159,0.96,8.91,2.36,68.2,68,,3.75908,75.8,.231,1.179611825,93.1,606424
Jarlín García,2022,p,29,"6' 3""",240,L,L,2017,,-0.0820618495,3.74,4.266277291,1.20,7.75,2.49,65.0,56,,4.24769,69.2,.273,1.384615547,93.8,606424
Jason Adam,2018,P,26,"6' 3""",229,R,R,2018,,-0.329356313,6.12,6.160432756,1.39,10.30,4.18,32.1,37,,5.04484,73.4,.269,2.505155624,94.1,592094
Jason Adam,2019,P,27,"6' 3""",229,R,R,2018,,0.273567289,2.91,3.952471101,1.15,7.48,4.15,21.2,18,,6.19856,75.2,.237,0.415384664,93.6,592094
Jason Adam,2020,P,28,"6' 3""",229,R,R,2018,,0.100038603,3.29,3.776785237,1.24,13.83,5.27,13.2,21,,3.70856,70.4,.259,1.317073324,93.6,592094
Jason Adam,2021,P,29,"6' 3""",229,R,R,2018,,0.118252799,5.91,3.357534134,1.50,16.03,5.06,10.2,19,,3.95828,68.2,.429,0.84375005,93.8,592094
Jason Adam,2022,P,30,"6' 3""",229,R,R,2018,,1.294878006,1.56,2.859799387,0.76,10.66,2.42,63.1,75,,3.16582,89.4,.195,0.710526416,92.4,592094
Jason Hammel,2018,p,35,"6' 6""",225,R,R,2006,,0.955612302,6.02,4.546258285,1.63,6.52,2.76,127.0,92,,4.97959,64.4,.350,1.275590494,91.8,434628
Jason Vargas,2018,p,35,"6' 0""",215,L,L,2005,,0.207312271,5.77,5.019127382,1.41,8.22,2.93,92.0,84,,4.4145,68.3,.313,1.760869711,,450306
Jason Vargas,2019,p,36,"6' 0""",215,L,L,2005,,1.726361953,4.51,4.764120861,1.36,7.46,3.79,149.2,124,,5.438760979955457,69.8,.280,1.262806258,,450306
Javy Guerra,2018,P,32,"6' 1""",215,R,R,2011,,-0.0102425106,5.55,4.197815271,1.51,7.57,3.03,35.2,30,,4.45323,58.4,.342,1.009346298,93.3,457915
Javy Guerra,2019,P,33,"6' 1""",215,R,R,2011,,0.407451436,4.66,4.248492332,1.24,7.58,2.26,67.2,57,,5.208226551724138,69.0,.284,1.330049386,92.7,457915
Javy Guerra,2020,P,34,"6' 1""",215,R,R,2011,,0.0496995971,4.02,4.531845636,1.66,7.47,4.02,15.2,13,,5.82623,81.9,.354,1.148936846,91.8,457915
Javy Guerra,2021,P,35,"6' 1""",215,R,R,2011,,-0.308595896,16.50,11.33670209,2.50,6.00,4.50,6.0,4,,7.48324,36.2,.409,4.500000715,90.2,457915
Jay Jackson,2019,p,31,"6' 1""",195,R,R,2015,1500000.0,-0.0334637463,4.45,4.664559352,1.32,13.95,5.34,30.1,47,,3.60143,80.4,.276,1.780220303,94.4,543351
Jay Jackson,2021,p,33,"6' 1""",195,R,R,2015,1500000.0,0.0604577661,3.74,4.046957419,1.25,11.63,4.98,21.2,28,,4.36419,78.9,.261,1.246154159,94.7,543351
Jay Jackson,2022,p,34,"6' 1""",195,R,R,2015,1500000.0,0.0468175113,0.00,1.612430644,0.75,6.75,0.00,1.1,1,,3.833,100.0,.250,0.0,92.5,543351
JC Ramírez,2018,P,29,"6' 3""",175,R,R,2013,,-0.349753439,9.45,10.96042786,2.10,5.40,9.45,6.2,4,,7.09235,61.2,.211,4.049998069,92.6,500724
JC Ramírez,2019,P,30,"6' 3""",175,R,R,2013,,0.00592868868,4.50,4.589009476,1.13,4.50,1.12,8.0,4,,4.70456,69.8,.259,1.125,91.0,500724
Jeanmar Gómez,2018,p,30,"6' 3""",215,R,R,2010,,0.27419582,4.68,3.880431741,1.56,9.72,3.60,25.0,27,,4.23631,69.8,.361,1.080000247,91.9,491646
Jeanmar Gómez,2019,p,31,"6' 3""",215,R,R,2010,,0.0103974948,8.22,4.974879296,1.89,5.87,3.52,15.1,10,,4.70627,55.1,.389,1.173913214,91.1,491646
Jeff Beliveau,2018,P,31,"6' 1""",190,L,L,2012,,-0.336557776,11.57,11.73185606,2.57,3.86,9.64,4.2,2,,8.63782,68.6,.313,3.857141018,88.9,542924
Jeff Brigham,2018,P,26,"6' 0""",195,R,R,2018,,-0.219532207,6.06,6.037983156,1.78,6.61,7.16,16.1,12,,7.37861,70.9,.292,1.102041031,92.9,656257
Jeff Brigham,2019,P,27,"6' 0""",195,R,R,2018,,-0.146181732,4.46,5.066183635,1.30,9.16,3.29,38.1,39,,4.89587,77.9,.283,1.878261119,96.6,656257
Jeff Brigham,2020,P,28,"6' 0""",195,R,R,2018,,0.0733956397,9.00,3.191419315,2.00,0.00,0.00,1.0,0,,10.9045,50.0,.400,0.0,94.2,656257
Jeff Brigham,2022,P,30,"6' 0""",195,R,R,2018,,0.237477571,3.38,3.654097754,1.33,10.50,3.75,24.0,28,,3.87956,79.1,.322,1.125000179,94.5,656257
Jeff Hoffman,2018,p,25,"6' 5""",235,R,R,2016,11000000.0,0.02977065,9.35,4.429662613,2.54,5.19,7.27,8.2,5,,5.19194,59.1,.469,0.0,92.7,656546
Jeff Hoffman,2019,p,26,"6' 5""",235,R,R,2016,11000000.0,-0.477503806,6.56,6.799723761,1.59,8.74,4.37,70.0,68,,5.42886,74.8,.303,2.7,93.7,656546
Jeff Hoffman,2020,p,27,"6' 5""",235,R,R,2016,11000000.0,0.118171975,9.28,4.691419002,1.92,8.44,3.80,21.1,20,,5.39417,51.5,.414,1.265624736,94.4,656546
Jeff Hoffman,2021,p,28,"6' 5""",235,R,R,2016,11000000.0,0.204333115,4.56,5.197431489,1.58,9.74,5.55,73.0,79,,4.96982,76.6,.301,1.479452132,94.3,656546
Jeff Hoffman,2022,p,29,"6' 5""",235,R,R,2016,11000000.0,0.225421228,3.83,4.298998385,1.41,9.07,4.63,44.2,45,,5.06433,74.6,.289,1.007462873,94.3,656546
Jeff Samardzija,2018,p,33,"6' 4""",233,R,R,2008,18000000.0,-0.11204841,6.25,5.444013015,1.63,6.04,5.24,44.2,30,,6.17517,64.6,.289,1.20895488,91.9,502188
Jeff Samardzija,2019,p,34,"6' 4""",233,R,R,2008,18000000.0,1.541144848,3.52,4.587171394,1.11,6.95,2.43,181.1,140,,5.01513,76.9,.242,1.389706038,90.8,502188
Jeff Samardzija,2020,p,35,"6' 4""",233,R,R,2008,18000000.0,-0.478263915,9.72,9.011418205,1.50,3.24,2.16,16.2,6,,8.17929,46.5,.241,3.779999279,89.4,502188
Jeffrey Springs,2018,P,25,"6' 3""",218,L,L,2018,,0.234540896,3.38,4.254181511,1.44,8.72,3.94,32.0,31,,4.74531,79.7,.311,1.124999933,91.3,605488
Jeffrey Springs,2019,P,26,"6' 3""",218,L,L,2018,,0.0912138894,6.40,4.976896559,1.89,8.91,6.40,32.1,32,,6.13713,68.6,.358,1.113402368,92.1,605488
Jeffrey Springs,2020,P,27,"6' 3""",218,L,L,2018,,-0.0532693341,7.08,4.814370541,1.82,12.39,3.10,20.1,28,,3.70399,64.5,.431,2.213115308,92.1,605488
Jeffrey Springs,2021,P,28,"6' 3""",218,L,L,2018,,0.239946097,3.43,3.908840261,1.10,12.69,2.82,44.2,63,,2.94846,76.9,.283,1.813433249,93.4,605488
Jeffrey Springs,2022,P,29,"6' 3""",218,L,L,2018,,3.051784694,2.46,3.038539371,1.07,9.58,2.06,135.1,144,,3.29076,82.3,.280,0.931034551,91.4,605488
Jerad Eickhoff,2018,P,27,"6' 4""",246,R,R,2015,,0.165177971,6.75,1.472930495,1.88,18.56,0.00,5.1,11,,0.893484,69.8,.643,1.687501081,91.1,595191
Jerad Eickhoff,2019,P,28,"6' 4""",246,R,R,2015,,-0.374700025,5.71,6.505438334,1.30,7.87,2.78,58.1,51,,5.15386,77.7,.261,2.777143099,89.4,595191
Jerad Eickhoff,2021,P,30,"6' 4""",246,R,R,2015,,-0.711249843,8.69,9.780203828,2.03,5.95,4.58,19.2,13,,6.70187,62.5,.304,4.118644201,90.0,595191
Jerad Eickhoff,2022,P,31,"6' 4""",246,R,R,2015,,-0.180287063,20.77,10.03550843,2.54,8.31,2.08,4.1,4,,6.4269,35.7,.471,4.153846459,88.8,595191
Jeremy Hellickson,2018,p,31,"6' 1""",190,R,R,2010,,1.294352293,3.45,4.222475253,1.07,6.41,1.97,91.1,65,,4.2662,71.7,.254,1.083941485,89.9,476451
Jeremy Hellickson,2019,p,32,"6' 1""",190,R,R,2010,,-0.0790648721,6.23,6.290932553,1.72,6.92,4.62,39.0,30,,5.99421,66.8,.311,2.076923077,88.7,476451
Jeremy Jeffress,2018,p,30,"6' 0""",205,R,R,2010,,1.708624601,1.29,2.782170505,0.99,10.45,3.17,76.2,89,,2.86069,92.9,.250,0.586956833,94.2,502026
Jeremy Jeffress,2019,p,31,"6' 0""",205,R,R,2010,,0.335652441,5.02,3.964009641,1.37,7.96,2.94,52.0,46,,4.39718,63.8,.327,0.865384806,93.4,502026
Jeremy Jeffress,2020,p,32,"6' 0""",205,R,R,2010,,0.180257648,1.54,4.091419512,0.94,6.56,4.63,23.1,17,,4.69125,84.1,.161,0.38571437,91.2,502026
Jerry Blevins,2018,p,34,"6' 4""",182,L,L,2007,,-0.102803901,4.85,4.965119829,1.36,8.65,4.64,42.2,41,,5.76925,71.4,.263,1.265625528,88.7,460283
Jerry Blevins,2019,p,35,"6' 4""",182,L,L,2007,,-0.012352529,3.90,4.605762765,1.27,10.30,4.45,32.1,37,,4.93328,77.8,.247,1.391753289,88.8,460283
Jesse Chavez,2018,p,34,"6' 1""",180,R,R,2008,,1.330800533,2.55,3.538053943,1.06,8.69,1.60,95.1,92,,3.411165,88.2,.278,1.227272695,92.2,445926
Jesse Chavez,2019,p,35,"6' 1""",180,R,R,2008,,0.939251453,4.85,4.406317168,1.33,8.31,2.54,78.0,72,,4.47203,66.2,.311,1.384615385,91.2,445926
Jesse Chavez,2020,p,36,"6' 1""",180,R,R,2008,,-0.544209182,6.88,7.662008052,1.59,6.88,3.71,17.0,13,,5.5692,76.5,.280,3.176470945,90.2,445926
Jesse Chavez,2021,p,37,"6' 1""",180,R,R,2008,,0.959663779,2.14,2.011618095,1.01,9.62,2.94,33.2,36,,3.68864,73.5,.267,0.0,89.9,445926
Jesse Chavez,2022,p,38,"6' 1""",180,R,R,2008,,0.720371608,3.76,3.386469502,1.31,9.61,2.60,69.1,74,,3.317020240384615,71.8,.335,1.038461686,89.8,445926
Jesse Hahn,2019,p,29,"6' 5""",205,R,R,2014,,-0.0953754336,13.50,6.856867859,2.79,13.50,11.57,4.2,7,,6.62868,51.7,.462,1.928572085,95.1,534910
Jesse Hahn,2020,p,30,"6' 5""",205,R,R,2014,,0.464254051,0.52,2.556803675,0.69,9.87,4.15,17.1,19,,4.22551,92.3,.108,0.0,94.9,534910
Jesse Hahn,2021,p,31,"6' 5""",205,R,R,2014,,-0.345318168,13.50,13.67003512,2.70,8.10,10.80,3.1,3,,7.458,69.4,.333,5.400000515,94.5,534910
Jesus Tinoco,2019,P,24,"6' 4""",258,R,R,2019,,-1.027466893,4.75,7.908454418,1.61,7.00,5.50,36.0,28,,5.84061,85.3,.245,3.000000318,93.9,622786
Jesus Tinoco,2020,P,25,"6' 4""",258,R,R,2019,,0.0269850264,1.04,4.229881644,1.15,6.23,7.27,8.2,6,,4.89735423076923,90.0,.158,0.0,93.1,622786
Jesus Tinoco,2021,P,26,"6' 4""",258,R,R,2019,,-0.338114262,33.75,36.92004217,4.50,0.00,6.75,1.1,0,,11.6401,71.4,.400,20.25000483,93.4,622786
Jesus Tinoco,2022,P,27,"6' 4""",258,R,R,2019,,0.0196334124,2.18,4.225334467,1.06,7.84,4.35,20.2,18,,4.75804,89.1,.189,0.870967929,95.9,622786
Jesús Luzardo,2019,P,21,"6' 0""",218,L,L,2019,,0.322426945,1.50,2.630676142,0.67,12.00,2.25,12.0,16,,3.37078,92.1,.160,0.75,93.4,666200
Jesús Luzardo,2020,P,22,"6' 0""",218,L,L,2019,,0.788901292,4.12,4.191419154,1.27,9.00,2.59,59.0,59,,3.87519,78.0,.308,1.372881134,90.9,666200
Jesús Luzardo,2021,P,23,"6' 0""",218,L,L,2019,,-0.165075064,6.61,5.477726623,1.62,9.25,4.53,95.1,98,,4.841781258741259,65.4,.325,1.888112046,92.9,666200
Jesús Luzardo,2022,P,24,"6' 0""",218,L,L,2019,,2.259614944,3.32,3.12239778,1.04,10.76,3.14,100.1,120,,3.11036,71.7,.254,0.897010012,96.0,666200
Jeurys Familia,2018,p,28,"6' 3""",240,R,R,2012,6000000.0,1.840443313,3.13,2.6465427,1.22,10.38,3.50,72.0,83,,3.5270975925925927,74.6,.306,0.37499999,95.9,544727
Jeurys Familia,2019,p,29,"6' 3""",240,R,R,2012,6000000.0,-0.218484998,5.70,4.88067646,1.73,9.45,6.30,60.0,63,,4.98853,70.0,.350,1.0500002,95.5,544727
Jeurys Familia,2020,p,30,"6' 3""",240,R,R,2012,6000000.0,-0.112631001,3.71,4.916419727,1.46,7.76,6.41,26.2,23,,5.31532,79.1,.247,0.675000161,94.0,544727
Jeurys Familia,2021,p,31,"6' 3""",240,R,R,2012,6000000.0,0.037294358,3.94,4.400371386,1.42,10.92,4.10,59.1,72,,3.48803,76.4,.318,1.51685416,94.7,544727
Jeurys Familia,2022,p,32,"6' 3""",240,R,R,2012,6000000.0,-0.320841789,6.09,4.93949892,1.80,8.32,4.47,44.1,41,,4.289324360902255,66.5,.386,1.421052825,94.8,544727
Jhoulys Chacín,2018,p,30,"6' 3""",215,R,R,2009,1250000.0,2.269423723,3.50,4.03240394,1.16,7.29,3.32,192.2,156,,4.47234,72.4,.254,0.840830494,90.1,468504
Jhoulys Chacín,2019,p,31,"6' 3""",215,R,R,2009,1250000.0,-0.117329117,6.01,5.884977127,1.56,8.80,4.01,103.1,101,,5.030608258064516,71.0,.311,2.177419281,89.9,468504
Jhoulys Chacín,2020,p,32,"6' 3""",215,R,R,2009,1250000.0,-0.0956105962,7.20,6.391419315,1.80,5.40,5.40,5.0,3,,7.26233,65.8,.294,1.8,91.1,468504
Jhoulys Chacín,2021,p,33,"6' 3""",215,R,R,2009,1250000.0,0.16696249,4.34,4.631174134,1.26,6.58,3.92,64.1,47,,4.68754,70.2,.243,1.119171073,91.3,468504
Jhoulys Chacín,2022,p,34,"6' 3""",215,R,R,2009,1250000.0,-0.243447676,7.61,4.929332752,1.61,7.04,3.99,47.1,37,,4.88332,49.9,.316,1.330986166,92.9,468504
Jim Johnson,2018,p,35,"6' 6""",250,R,R,2006,,-0.194377491,3.84,4.676221494,1.36,6.39,3.13,63.1,45,,4.31531,65.9,.291,1.278947743,92.8,462382
Jimmy Herget,2019,P,25,"6' 3""",170,R,R,2019,,-0.126990646,4.26,8.740326375,1.74,0.00,4.26,6.1,0,,7.77594,97.6,.286,2.842105834,93.4,623474
Jimmy Herget,2020,P,26,"6' 3""",170,R,R,2019,,-0.0423200624,3.20,5.225318475,1.37,7.78,6.41,19.2,17,,6.15839,84.0,.216,0.915254622,93.0,623474
Jimmy Herget,2021,P,27,"6' 3""",170,R,R,2019,,0.292830937,5.30,2.848605491,1.29,9.64,1.93,18.2,20,,3.664491428571429,58.6,.380,0.482142947,91.0,623474
Jimmy Herget,2022,P,28,"6' 3""",170,R,R,2019,,1.574538618,2.48,2.822575897,0.91,8.22,1.96,69.0,63,,3.48496,76.2,.246,0.521739188,90.5,623474
Jimmy Nelson,2019,p,30,"6' 6""",250,R,R,2013,,-0.135779515,6.95,5.80491823,1.91,10.64,6.95,22.0,26,,5.34007,67.7,.375,1.636363424,92.7,519076
Jimmy Nelson,2021,p,32,"6' 6""",250,R,R,2013,,0.960088477,1.86,1.894171886,0.93,13.66,4.03,29.0,44,,3.41517,74.2,.259,0.0,93.8,519076
Jimmy Yacabonis,2018,P,26,"6' 3""",225,R,R,2017,,-0.0716466233,5.40,5.835431576,1.45,7.43,4.05,40.0,33,,5.21737,73.4,.286,1.8,93.5,642231
Jimmy Yacabonis,2019,P,27,"6' 3""",225,R,R,2017,,-0.249743991,6.80,6.360351964,1.83,7.24,5.27,41.0,33,,6.27217,69.9,.336,1.975610399,93.6,642231
Jimmy Yacabonis,2020,P,28,"6' 3""",225,R,R,2017,,-0.0527579803,3.86,7.477139659,2.14,3.86,11.57,2.1,1,,10.7829,83.3,.250,0.0,92.9,642231
Jimmy Yacabonis,2022,P,30,"6' 3""",225,R,R,2017,,-0.288244236,8.36,6.398145735,2.14,13.50,6.43,14.0,21,,4.798663333333334,64.4,.444,2.571428922,93.7,642231
Joakim Soria,2018,p,34,"6' 3""",205,R,R,2007,,1.873135775,3.12,2.435156706,1.14,11.13,2.37,60.2,75,,3.347604945054945,71.9,.312,0.593406712,92.3,465657
Joakim Soria,2019,p,35,"6' 3""",205,R,R,2007,,0.953374229,4.30,3.619806577,1.03,10.30,2.61,69.0,79,,3.91336,66.8,.253,1.173913043,92.2,465657
Joakim Soria,2020,p,36,"6' 3""",205,R,R,2007,,0.518329322,2.82,2.967538744,1.25,9.67,4.03,22.1,24,,5.14836,75.2,.279,0.402985029,92.4,465657
Joakim Soria,2021,p,37,"6' 3""",205,R,R,2007,,0.0965661779,5.06,4.16110561,1.37,9.64,2.89,37.1,40,,4.151250714285714,71.1,.330,1.446428658,92.8,465657
Joe Biagini,2018,P,28,"6' 4""",230,R,R,2016,,-0.606437817,6.00,5.465987681,1.67,6.63,3.00,72.0,53,,4.70452,71.4,.355,1.750000417,94.2,607352
Joe Biagini,2019,P,29,"6' 4""",230,R,R,2016,,-0.222852916,4.59,5.425350649,1.50,8.35,3.62,64.2,60,,4.179726082474227,80.4,.318,1.948454461,94.0,607352
Joe Biagini,2020,P,30,"6' 4""",230,R,R,2016,,-0.0854032189,20.77,7.114494799,3.23,8.31,8.31,4.1,4,,5.89447,31.7,.500,2.076922315,92.3,607352
Joe Biagini,2021,P,31,"6' 4""",230,R,R,2016,,0.0460706018,0.00,3.836700789,1.00,6.00,3.00,3.0,2,,6.7773,100.0,.250,0.0,92.6,607352
Joe Jiménez,2018,P,23,"6' 3""",277,R,R,2017,,1.417142272,4.31,2.90511237,1.20,11.20,3.16,62.2,78,,3.81819,62.0,.304,0.718085267,94.6,641729
Joe Jiménez,2019,P,24,"6' 3""",277,R,R,2017,,0.277603805,4.37,4.655350319,1.32,12.37,3.47,59.2,82,,4.18999,77.2,.319,1.960893938,94.6,641729
Joe Jiménez,2020,P,25,"6' 3""",277,R,R,2017,,-0.567954957,7.15,6.720831179,1.37,8.74,2.38,22.2,22,,5.17319,64.9,.295,2.779411843,93.7,641729
Joe Jiménez,2021,P,26,"6' 3""",277,R,R,2017,,-0.191553265,5.96,5.221505113,1.52,11.32,6.95,45.1,57,,5.75826,64.1,.269,1.191176704,93.8,641729
Joe Jiménez,2022,P,27,"6' 3""",277,R,R,2017,,1.428777218,3.49,2.000666171,1.09,12.23,2.06,56.2,77,,2.70272,67.4,.328,0.635294189,95.3,641729
Joe Kelly,2018,p,30,"6' 1""",174,R,R,2012,,0.622710288,4.39,3.5715992,1.36,9.32,4.39,65.2,68,,4.0373,67.9,.301,0.548223499,98.1,523260
Joe Kelly,2019,p,31,"6' 1""",174,R,R,2012,,0.456629723,4.56,3.778944639,1.38,10.87,3.86,51.1,62,,3.18948,65.5,.323,1.051948234,97.9,523260
Joe Kelly,2020,p,32,"6' 1""",174,R,R,2012,,0.117852486,1.80,3.491419344,1.50,8.10,6.30,10.0,9,,4.45556,80.0,.308,0.0,96.6,523260
Joe Kelly,2021,p,33,"6' 1""",174,R,R,2012,,0.719156802,2.86,3.079125008,0.98,10.23,3.07,44.0,50,,3.15514,72.4,.227,0.613636523,97.7,523260
Joe Kelly,2022,p,34,"6' 1""",174,R,R,2012,,0.494496744,6.08,3.058376942,1.59,12.89,5.59,37.0,53,,3.15587,60.8,.382,0.486486537,97.9,523260
Joe Mantiply,2019,P,28,"6' 4""",219,R,L,2016,,-0.0784848481,9.00,8.214009476,1.67,6.00,6.00,3.0,2,,5.86988,55.6,.222,3.0,89.1,573009
Joe Mantiply,2020,P,29,"6' 4""",219,R,L,2016,,-0.0419188775,15.43,6.619992612,3.00,7.71,15.43,2.1,2,,9.09929,42.9,.333,0.0,91.0,573009
Joe Mantiply,2021,P,30,"6' 4""",219,R,L,2016,,0.658719718,3.40,2.943143286,1.56,8.62,3.86,39.2,38,,4.03876,63.3,.370,0.226890836,91.1,573009
Joe Mantiply,2022,P,31,"6' 4""",219,R,L,2016,,1.116291881,2.85,2.829097596,1.08,9.15,0.90,60.0,61,,2.51601,77.2,.319,0.900000229,90.4,573009
Joe Musgrove,2018,P,25,"6' 5""",230,R,R,2016,,2.234004736,4.06,3.585287086,1.18,7.80,1.79,115.1,100,,3.92249,69.2,.297,0.936416226,93.0,605397
Joe Musgrove,2019,P,26,"6' 5""",230,R,R,2016,,3.294097126,4.44,3.818706167,1.22,8.30,2.06,170.1,157,,4.30638,63.2,.300,1.109589074,91.9,605397
Joe Musgrove,2020,P,27,"6' 5""",230,R,R,2016,,1.028350234,3.86,3.418310064,1.24,12.48,3.63,39.2,55,,3.18941,77.3,.318,1.134453745,91.9,605397
Joe Musgrove,2021,P,28,"6' 5""",230,R,R,2016,,3.284721062,3.18,3.699445902,1.08,10.08,2.68,181.1,203,,3.64984,79.7,.268,1.091911795,92.2,605397
Joe Musgrove,2022,P,29,"6' 5""",230,R,R,2016,,3.418801069,2.93,3.587569123,1.08,9.15,2.09,181.0,184,,3.47147,79.8,.277,1.093922652,91.7,605397
Joe Ross,2018,p,25,"6' 4""",243,R,R,2015,4000000.0,-0.0823869333,5.06,5.847931576,1.31,3.94,2.25,16.0,7,,5.78463,69.1,.269,1.6875,93.1,605452
Joe Ross,2019,p,26,"6' 4""",243,R,R,2015,4000000.0,0.676925927,5.48,4.589009517,1.67,8.02,4.64,64.0,57,,5.09418,69.2,.351,0.984375029,94.0,605452
Joe Ross,2021,p,28,"6' 4""",243,R,R,2015,4000000.0,1.331022233,4.17,4.364478567,1.22,9.08,2.83,108.0,109,,4.11522,71.4,.280,1.416666667,93.0,605452
Joe Smith,2018,p,34,"6' 2""",211,R,R,2007,2500000.0,0.185705706,3.74,4.058242145,1.01,9.07,2.36,45.2,46,,3.69304,73.3,.239,1.379562582,,501925
Joe Smith,2019,p,35,"6' 2""",211,R,R,2007,2500000.0,0.451912582,1.80,3.094009448,0.96,7.92,1.80,25.0,22,,3.72494,84.9,.254,0.720000165,87.9,501925
Joe Smith,2021,p,37,"6' 2""",211,R,R,2007,2500000.0,0.343474843,4.99,3.926336874,1.39,7.71,1.82,39.2,34,,3.9779085714285713,68.6,.347,1.134454127,87.4,501925
Joe Smith,2022,p,38,"6' 2""",211,R,R,2007,2500000.0,-0.837238252,4.61,6.295358867,1.54,5.60,2.96,27.1,17,,4.37425,75.3,.295,2.304878799,,501925
Joel Payamps,2019,P,25,"6' 3""",214,R,R,2019,,0.00970745273,4.50,3.964009476,1.75,6.75,6.75,4.0,3,,6.45052,71.4,.400,0.0,93.1,606303
Joel Payamps,2020,P,26,"6' 3""",214,R,R,2019,,-0.0111747272,3.00,4.858085982,1.67,6.00,9.00,3.0,2,,6.14361,60.0,.250,0.0,94.1,606303
Joel Payamps,2021,P,27,"6' 3""",214,R,R,2019,,0.381957289,3.40,4.10380914,1.15,6.79,2.50,50.1,38,,4.727460662251656,73.1,.260,1.072847892,94.7,606303
Joel Payamps,2022,P,28,"6' 3""",214,R,R,2019,,0.17658928,3.23,4.244167677,1.37,6.63,2.59,55.2,41,,4.0720774251497005,79.2,.305,1.131736676,93.4,606303
Joely Rodríguez,2020,p,28,"6' 1""",223,L,L,2016,,0.384373039,2.13,1.691418337,1.03,12.08,3.55,12.2,17,,2.75705,76.9,.276,0.0,92.8,570257
Joely Rodríguez,2021,p,29,"6' 1""",223,L,L,2016,,0.637987494,4.66,3.429026999,1.53,9.13,3.50,46.1,47,,3.4110380575539567,67.3,.366,0.77697863,91.8,570257
Joely Rodríguez,2022,p,30,"6' 1""",223,L,L,2016,,0.412194341,4.47,3.23163633,1.35,10.19,4.65,50.1,57,,3.45679,63.3,.307,0.536423977,92.7,570257
Joey Lucchesi,2018,P,25,"6' 5""",228,L,L,2018,,1.005577922,4.08,4.314277594,1.29,10.04,2.98,130.0,145,,3.44991,78.0,.310,1.592307505,86.4,664192
Joey Lucchesi,2019,P,26,"6' 5""",228,L,L,2018,,2.09034133,4.18,4.173276338,1.22,8.69,3.08,163.2,158,,4.36396,73.0,.274,1.264765863,90.2,664192
Joey Lucchesi,2020,P,27,"6' 5""",228,L,L,2018,,0.156517056,7.94,3.014948929,2.65,7.94,3.18,5.2,5,,5.05665,68.8,.542,0.0,89.9,664192
Joey Lucchesi,2021,P,28,"6' 5""",228,L,L,2018,,0.749935538,4.46,3.404816745,1.17,9.63,2.58,38.1,41,,4.02745,65.2,.313,0.939130489,91.0,664192
John Axford,2018,p,35,"6' 5""",234,R,R,2009,,0.203551495,5.27,3.983602547,1.35,8.89,3.62,54.2,54,,3.855907804878049,61.2,.311,0.987805165,95.0,446099
John Axford,2021,p,38,"6' 5""",234,R,R,2009,,-0.0327325463,54.00,21.1700529,9.00,0.00,27.00,0.1,0,,26.4655,50.0,.667,0.0,94.4,446099
John Brebbia,2018,p,28,"6' 1""",205,L,R,2017,2750000.0,0.655593514,3.20,3.022273664,1.16,10.66,2.84,50.2,60,,3.79303,78.8,.299,0.888158006,94.6,605154
John Brebbia,2019,p,29,"6' 1""",205,L,R,2017,2750000.0,1.251350522,3.59,3.131440648,1.18,10.78,3.34,72.2,87,,4.63124,72.0,.293,0.743119448,93.5,605154
John Brebbia,2021,p,31,"6' 1""",205,L,R,2017,2750000.0,-0.0505684875,5.89,4.588216187,1.58,10.80,1.96,18.1,22,,4.25404,70.9,.389,1.963636704,92.9,605154
John Brebbia,2022,p,32,"6' 1""",205,L,R,2017,2750000.0,0.903286576,3.18,3.318313401,1.31,7.15,2.38,68.0,54,,4.4959,75.9,.317,0.661764854,94.4,605154
John Curtiss,2018,P,25,"6' 5""",220,R,R,2017,,0.0792189986,5.68,2.844642039,1.89,9.95,5.68,6.1,7,,5.19168,66.7,.421,0.0,93.8,595928
John Curtiss,2019,P,26,"6' 5""",220,R,R,2017,,-0.00669931713,3.86,6.214013869,2.14,3.86,11.57,2.1,1,,8.77164,80.0,.250,0.0,92.1,595928
John Curtiss,2020,P,27,"6' 5""",220,R,R,2017,,0.38309025,1.80,3.351419341,0.96,9.00,1.08,25.0,25,,3.56544,87.2,.273,1.080000175,94.0,595928
John Curtiss,2021,P,28,"6' 5""",220,R,R,2017,,0.261828665,3.45,3.824169606,1.22,8.93,2.44,44.1,44,,3.935264962406015,73.0,.293,1.218045384,94.9,595928
John Gant,2018,P,25,"6' 4""",200,R,R,2016,,1.121145424,3.47,4.072712415,1.30,7.50,4.50,114.0,95,,4.65455,69.9,.255,0.710526423,93.2,607231
John Gant,2019,P,26,"6' 4""",200,R,R,2016,,0.892928302,3.66,3.726572447,1.28,8.14,4.61,66.1,60,,4.35209,70.5,.275,0.542713734,94.9,607231
John Gant,2020,P,27,"6' 4""",200,R,R,2016,,0.460530788,2.40,2.191418743,1.07,10.80,4.20,15.0,18,,3.09128,62.5,.250,0.0,93.9,607231
John Gant,2021,P,28,"6' 4""",200,R,R,2016,,0.545059785,4.09,4.779125157,1.51,7.53,5.81,110.0,92,,5.072956606060606,73.4,.275,0.818181882,91.7,607231
John King,2020,P,25,"6' 2""",215,L,L,2020,,-0.0714086369,6.10,5.707546799,1.65,7.84,3.48,10.1,9,,4.8709,67.9,.324,1.741934412,90.6,667463
John King,2021,P,26,"6' 2""",215,L,L,2020,,0.627539217,3.52,3.322208061,1.15,7.83,2.35,46.0,40,,3.47163,62.5,.286,0.586956619,91.7,667463
John King,2022,P,27,"6' 2""",215,L,L,2020,,-0.0308436565,4.03,4.086457145,1.46,5.26,2.45,51.1,30,,3.65654,71.0,.327,0.876623529,92.4,667463
John Means,2018,p,25,"6' 4""",230,L,L,2018,,0.0136350943,13.50,4.660433114,1.80,10.80,0.00,3.1,4,,2.74237,21.7,.455,2.700002768,90.1,607644
John Means,2019,p,26,"6' 4""",230,L,L,2018,,3.151257083,3.60,4.41400945,1.14,7.03,2.21,155.0,121,,5.4752,75.9,.256,1.335483842,91.8,607644
John Means,2020,p,27,"6' 4""",230,L,L,2018,,0.307488918,4.53,5.595999608,0.98,8.66,1.44,43.2,42,,4.45223,82.8,.216,2.473282587,93.8,607644
John Means,2021,p,28,"6' 4""",230,L,L,2018,,2.472393036,3.62,4.615488768,1.03,8.22,1.60,146.2,134,,4.36235,80.5,.241,1.840909219,92.8,607644
John Means,2022,p,29,"6' 4""",230,L,L,2018,,0.335112095,3.38,2.112431002,1.25,7.88,2.25,8.0,7,,3.77785,70.0,.320,0.0,91.7,607644
John Schreiber,2019,P,25,"6' 2""",224,R,R,2019,,0.034109287,6.23,4.444778706,1.54,13.15,2.77,13.0,19,,3.12795,71.4,.406,2.076923077,91.2,670167
John Schreiber,2020,P,26,"6' 2""",224,R,R,2019,,0.115611419,6.32,4.021207745,1.47,8.04,2.30,15.2,14,,4.82326,61.3,.347,1.148937825,88.8,670167
John Schreiber,2021,P,27,"6' 2""",224,R,R,2019,,0.104240701,3.00,0.836700789,1.67,15.00,3.00,3.0,5,,1.42482,80.0,.571,0.0,92.1,670167
John Schreiber,2022,P,28,"6' 2""",224,R,R,2019,,1.750921249,2.22,2.497046242,0.98,10.25,2.63,65.0,74,,3.01302,76.8,.269,0.415384713,89.1,670167
Johnny Cueto,2018,p,32,"5' 11""",229,R,R,2008,,0.261452526,3.23,4.707601387,1.11,6.45,2.21,53.0,38,,4.5216,85.2,.259,1.358490566,89.5,456501
Johnny Cueto,2019,p,33,"5' 11""",229,R,R,2008,,-0.03634087,5.06,5.714009476,1.25,7.31,5.06,16.0,13,,4.89274,69.6,.200,1.6875,91.2,456501
Johnny Cueto,2020,p,34,"5' 11""",229,R,R,2008,,0.509025156,5.40,4.644050748,1.37,7.96,3.69,63.1,56,,4.77571,63.3,.284,1.27894724,91.3,456501
Johnny Cueto,2021,p,35,"5' 11""",229,R,R,2008,,1.518094078,4.08,4.050848117,1.37,7.69,2.35,114.2,98,,4.27363,74.3,.336,1.177325637,91.7,456501
Johnny Cueto,2022,p,36,"5' 11""",229,R,R,2008,,2.386407495,3.35,3.794536287,1.23,5.80,1.88,158.1,102,,4.3768,74.9,.296,0.852631606,91.4,456501
JoJo Romero,2020,P,23,"5' 11""",215,L,L,2020,,0.176599488,7.59,3.66016993,1.41,8.44,1.69,10.2,10,,3.52608,44.9,.387,0.843751106,90.5,668941
JoJo Romero,2021,P,24,"5' 11""",215,L,L,2020,,-0.446236581,7.00,8.83670199,1.78,8.00,4.00,9.0,8,,4.62724,78.9,.296,4.000000848,94.5,668941
JoJo Romero,2022,P,25,"5' 11""",215,L,L,2020,,-0.161855951,4.96,5.255288436,1.41,9.37,5.51,16.1,17,,3.683250408163265,74.5,.278,1.65306145,90.2,668941
Jon Gray,2018,p,26,"6' 4""",225,R,R,2015,,2.445081234,5.12,4.083062164,1.35,9.56,2.72,172.1,183,,3.4743,67.9,.326,1.410058069,94.7,592351
Jon Gray,2019,p,27,"6' 4""",225,R,R,2015,,2.847762465,3.84,4.06067603,1.35,9.00,3.36,150.0,150,,3.88602,75.9,.319,1.139999848,93.0,592351
Jon Gray,2020,p,28,"6' 4""",225,R,R,2015,,0.456439078,6.69,5.063213638,1.44,5.08,2.54,39.0,22,,5.6837,54.4,.293,1.384614978,94.0,592351
Jon Gray,2021,p,29,"6' 4""",225,R,R,2015,,2.287401438,4.59,4.223725398,1.33,9.48,3.50,149.0,157,,4.03746,69.6,.299,1.268456376,94.9,592351
Jon Gray,2022,p,30,"6' 4""",225,R,R,2015,,1.81751132,3.96,3.803530506,1.13,9.47,2.76,127.1,134,,3.46304,70.5,.271,1.201570729,94.8,592351
Jon Lester,2018,p,34,"6' 4""",249,L,L,2006,,1.839944363,3.32,4.393459064,1.31,7.38,3.17,181.2,149,,4.43068,80.3,.294,1.188990792,90.9,452657
Jon Lester,2019,p,35,"6' 4""",249,L,L,2006,,2.751466513,4.46,4.256727891,1.50,8.65,2.73,171.2,165,,4.35039,71.4,.350,1.363106756,90.3,452657
Jon Lester,2020,p,36,"6' 4""",249,L,L,2006,,0.221360564,5.16,5.142238987,1.33,6.20,2.51,61.0,42,,5.10559,71.4,.277,1.62295082,89.1,452657
Jon Lester,2021,p,37,"6' 4""",249,L,L,2006,,0.0781172533,4.71,5.412958731,1.51,5.79,3.50,141.1,91,,5.085853066037736,73.1,.300,1.591981189,88.7,452657
Jonathan Loáisiga,2018,p,23,"5' 11""",195,R,R,2018,,0.427479811,5.11,3.525296492,1.54,12.04,4.38,24.2,33,,2.94858,62.1,.383,1.09459475,95.9,642528
Jonathan Loáisiga,2019,p,24,"5' 11""",195,R,R,2018,,0.0871960055,4.55,4.950851197,1.48,10.52,4.55,31.2,37,,4.43502,80.8,.316,1.705262781,95.5,642528
Jonathan Loáisiga,2020,p,25,"5' 11""",195,R,R,2018,,0.115948506,3.52,4.40881062,1.22,8.61,2.74,23.0,22,,4.13841,75.5,.290,1.173913043,95.2,642528
Jonathan Loáisiga,2021,p,26,"5' 11""",195,R,R,2018,,2.365932941,2.17,2.575694414,1.02,8.79,2.04,70.2,69,,3.14734,79.1,.279,0.382075527,96.1,642528
Jonathan Loáisiga,2022,p,27,"5' 11""",195,R,R,2018,,0.446318328,4.13,3.570764444,1.29,6.94,3.56,48.0,37,,3.77602,64.0,.278,0.562500134,96.6,642528
Jordan Hicks,2018,p,21,"6' 2""",217,R,R,2018,11000000.0,0.460147709,3.59,3.739830964,1.34,8.11,5.21,77.2,70,,4.25568,72.3,.266,0.231759755,97.4,663855
Jordan Hicks,2019,p,22,"6' 2""",217,R,R,2018,11000000.0,0.453294218,3.14,3.214009476,0.94,9.73,3.45,28.2,31,,3.07033,71.4,.215,0.627907325,95.7,663855
Jordan Hicks,2021,p,24,"6' 2""",217,R,R,2018,11000000.0,0.0174566973,5.40,4.170034313,1.50,9.00,9.00,10.0,10,,4.87578,60.0,.208,0.0,98.8,663855
Jordan Hicks,2022,p,25,"6' 2""",217,R,R,2018,11000000.0,0.319513753,4.84,4.172213764,1.32,9.24,5.14,61.1,63,,4.02962,67.9,.268,0.733695759,99.1,663855
Jordan Lyles,2018,p,27,"6' 5""",230,R,R,2011,8500000.0,0.607374519,4.11,4.084385814,1.27,8.62,2.87,87.2,84,,4.0758531178707225,74.1,.295,1.231938985,92.8,543475
Jordan Lyles,2019,p,28,"6' 5""",230,R,R,2011,8500000.0,1.594582617,4.15,4.639541352,1.32,9.32,3.51,141.0,146,,4.6059405200945625,75.7,.286,1.595744638,92.6,543475
Jordan Lyles,2020,p,29,"6' 5""",230,R,R,2011,8500000.0,-0.138859868,7.02,5.948645053,1.56,5.62,3.59,57.2,36,,5.91851,57.2,.286,1.872832576,92.3,543475
Jordan Lyles,2021,p,30,"6' 5""",230,R,R,2011,8500000.0,0.187651228,5.15,5.342256345,1.39,7.30,2.80,180.0,146,,4.73465,75.1,.300,1.9,92.7,543475
Jordan Lyles,2022,p,31,"6' 5""",230,R,R,2011,8500000.0,1.500674248,4.42,4.397347203,1.39,7.24,2.61,179.0,144,,4.39469,73.8,.313,1.30726257,91.4,543475
Jordan Montgomery,2018,p,25,"6' 6""",228,L,L,2017,1250000.0,0.443942189,3.62,4.221407309,1.35,7.57,3.95,27.1,23,,4.66775,79.3,.282,0.987804993,85.4,656756
Jordan Montgomery,2019,p,26,"6' 6""",228,L,L,2017,1250000.0,0.0637131706,6.75,3.964009476,1.75,11.25,0.00,4.0,5,,3.20052,71.4,.462,2.25,91.6,656756
Jordan Montgomery,2020,p,27,"6' 6""",228,L,L,2017,1250000.0,0.881350398,5.11,3.873237438,1.30,9.61,1.84,44.0,47,,3.64569,65.0,.323,1.431818058,92.2,656756
Jordan Montgomery,2021,p,28,"6' 6""",228,L,L,2017,1250000.0,3.238016844,3.83,3.69122058,1.28,9.27,2.92,157.1,162,,3.92679,73.7,.308,1.086864442,92.4,656756
Jordan Montgomery,2022,p,29,"6' 6""",228,L,L,2017,1250000.0,2.799929976,3.48,3.611496436,1.09,7.97,1.82,178.1,158,,3.4254435887850465,75.5,.277,1.059813114,93.0,656756
Jordan Romano,2019,p,26,"6' 5""",210,R,R,2019,2000000.0,-0.193194896,7.63,6.409660921,1.70,12.33,5.28,15.1,21,,4.4454,65.6,.351,2.347825552,94.6,605447
Jordan Romano,2020,p,27,"6' 5""",210,R,R,2019,2000000.0,0.393513083,1.23,3.123237476,0.89,12.89,3.07,14.2,21,,2.4023,98.0,.207,1.2272731,92.1,605447
Jordan Romano,2021,p,28,"6' 5""",210,R,R,2019,2000000.0,1.172636151,2.14,3.154161106,1.05,12.14,3.57,63.0,85,,3.27804,87.4,.254,1.000000061,94.2,605447
Jordan Romano,2022,p,29,"6' 5""",210,R,R,2019,2000000.0,1.521573305,2.11,2.815555984,1.02,10.27,2.95,64.0,73,,3.43716,80.4,.258,0.562500034,96.9,605447
Jordan Weems,2020,P,27,"6' 4""",211,L,R,2020,,0.129489556,3.21,3.048562172,1.21,11.57,4.50,14.0,18,,3.91054,76.9,.281,0.642857143,95.3,607179
Jordan Weems,2021,P,28,"6' 4""",211,L,R,2020,,-0.232630432,15.88,8.993564188,2.12,11.12,9.53,5.2,7,,5.9621635294117645,29.4,.286,3.176470945,94.7,607179
Jordan Weems,2022,P,29,"6' 4""",211,L,R,2020,,0.0857873708,5.22,4.246884965,1.18,9.30,2.72,39.2,41,,3.96806,61.8,.267,1.588235549,96.8,607179
Jordan Zimmermann,2018,p,32,"6' 2""",225,R,R,2009,,0.982558846,4.52,4.881243825,1.26,7.61,1.78,131.1,111,,4.34815,71.4,.289,1.9187818,91.2,519455
Jordan Zimmermann,2019,p,33,"6' 2""",225,R,R,2009,,1.264757991,6.91,4.785438154,1.52,6.59,2.01,112.0,82,,4.87122,58.2,.341,1.526785818,90.4,519455
Jordan Zimmermann,2020,p,34,"6' 2""",225,R,R,2009,,0.179033291,7.94,2.132596402,2.29,9.53,3.18,5.2,6,,3.15345,53.8,.550,0.0,89.3,519455
Jordan Zimmermann,2021,p,35,"6' 2""",225,R,R,2009,,-0.0784876868,7.94,7.052387499,1.76,0.00,3.18,5.2,0,,6.93775,62.5,.318,1.588235472,89.4,519455
Jorge Alcala,2019,P,23,"6' 3""",205,R,R,2019,,0.00805260986,0.00,3.814009705,1.20,5.40,5.40,1.2,1,,7.3945,100.0,.200,0.0,94.0,660896
Jorge Alcala,2020,P,24,"6' 3""",205,R,R,2019,,0.274175823,2.63,3.566419405,1.21,10.13,3.00,24.0,27,,3.78936,84.7,.321,1.125000268,92.5,660896
Jorge Alcala,2021,P,25,"6' 3""",205,R,R,2019,,0.246039554,3.92,4.05830243,0.97,9.20,1.96,59.2,61,,3.53547,67.4,.246,1.508380145,93.1,660896
Jorge Alcala,2022,P,26,"6' 3""",205,R,R,2019,,-4.66204e-05,0.00,3.969573976,1.71,7.71,7.71,2.1,2,,5.23849,100.0,.333,0.0,94.4,660896
Jorge De La Rosa,2018,p,37,"6' 1""",215,L,L,2004,,-0.0775757432,3.38,4.374717455,1.39,7.55,4.34,56.0,47,,4.427025,76.5,.283,0.964285846,92.3,407822
Jorge López,2018,p,25,"6' 3""",200,R,R,2015,3000000.0,0.239295969,5.03,4.483413052,1.47,6.37,3.69,53.2,38,,4.722646086956522,69.8,.305,1.006211264,93.7,605347
Jorge López,2019,p,26,"6' 3""",200,R,R,2015,3000000.0,-0.229844242,6.33,5.550936964,1.47,7.93,3.06,123.2,109,,4.81983,63.6,.314,1.964959791,93.5,605347
Jorge López,2020,p,27,"6' 3""",200,R,R,2015,3000000.0,0.317666075,6.69,5.242701069,1.49,6.46,2.77,39.0,28,,4.887090598290598,56.6,.317,1.615384381,93.7,605347
Jorge López,2021,p,28,"6' 3""",200,R,R,2015,3000000.0,0.790914075,6.07,5.200171231,1.63,8.28,4.14,121.2,112,,4.479,70.0,.341,1.553424751,94.0,605347
Jorge López,2022,p,29,"6' 3""",200,R,R,2015,3000000.0,0.850958712,2.54,3.42229019,1.18,9.13,3.93,71.0,72,,3.6907102816901407,76.1,.268,0.507042308,96.0,605347
Jose Alvarez,2018,p,29,"5' 11""",195,L,L,2013,,1.245559335,2.71,3.049320411,1.16,8.43,3.14,63.0,59,,3.97702,77.7,.277,0.428571636,91.6,501625
Jose Alvarez,2019,p,30,"5' 11""",195,L,L,2013,,0.387398595,3.36,4.214009928,1.42,7.78,2.75,59.0,51,,4.13707,81.3,.330,1.220339535,91.4,501625
Jose Alvarez,2020,p,31,"5' 11""",195,L,L,2013,,0.13111034,1.42,2.717734938,1.58,8.53,4.26,6.1,6,,3.63113,90.0,.389,0.0,91.6,501625
Jose Alvarez,2021,p,32,"5' 11""",195,L,L,2013,,1.025379267,2.37,3.154570201,1.11,5.85,2.64,64.2,42,,4.36226,70.8,.254,0.278350584,91.2,501625
Jose Alvarez,2022,p,33,"5' 11""",195,L,L,2013,,-0.387689203,5.28,5.851562345,1.70,8.80,5.28,15.1,15,,4.85282,75.6,.311,1.760870149,90.8,501625
Jose Quintana,2018,p,29,"6' 2""",224,R,L,2012,6000000.0,1.570405841,4.03,4.433854175,1.32,8.16,3.51,174.1,158,,4.18017,76.8,.287,1.290631013,91.5,500779
Jose Quintana,2019,p,30,"6' 2""",224,R,L,2012,6000000.0,3.487223357,4.68,3.798804797,1.39,8.00,2.42,171.0,152,,4.19775,65.9,.329,1.052631579,91.4,500779
Jose Quintana,2020,p,31,"6' 2""",224,R,L,2012,6000000.0,0.166091852,4.50,2.991419315,1.30,10.80,2.70,10.0,12,,2.84839,69.0,.360,0.9,91.3,500779
Jose Quintana,2021,p,32,"6' 2""",224,R,L,2012,6000000.0,0.336344615,6.43,4.662097818,1.73,12.14,5.00,63.0,85,,3.754229523809524,64.4,.378,1.714285948,91.5,500779
Jose Quintana,2022,p,33,"6' 2""",224,R,L,2012,6000000.0,3.966515899,2.93,2.991706654,1.21,7.44,2.55,165.2,137,,3.7221857746478872,74.2,.303,0.434607653,91.3,500779
Josh Fields,2018,P,32,"6' 0""",191,R,R,2013,,0.3294366,2.20,3.623846339,0.95,7.24,2.41,41.0,33,,4.61142,86.8,.226,0.878049026,94.6,451661
Josh Hader,2018,p,24,"6' 3""",188,L,L,2017,19000000.0,2.607710838,2.43,2.226005288,0.81,15.82,3.32,81.1,143,,2.0465,80.9,.221,0.995901702,94.5,623352
Josh Hader,2019,p,25,"6' 3""",188,L,L,2017,19000000.0,2.261475563,2.62,3.095066728,0.81,16.41,2.38,75.2,138,,2.35821,93.2,.232,1.784141209,95.5,623352
Josh Hader,2020,p,26,"6' 3""",188,L,L,2017,19000000.0,0.285113275,3.79,4.033524748,0.95,14.68,4.74,19.0,31,,4.01066,77.4,.161,1.421052917,94.5,623352
Josh Hader,2021,p,27,"6' 3""",188,L,L,2017,19000000.0,2.592908621,1.23,1.687079513,0.84,15.65,3.68,58.2,102,,2.34558,91.9,.237,0.460227293,96.4,623352
Josh Hader,2022,p,28,"6' 3""",188,L,L,2017,19000000.0,0.758850589,5.22,3.452431021,1.28,14.58,3.78,50.0,81,,2.9416212,66.9,.333,1.440000082,97.4,623352
Josh Lindblom,2020,p,33,"6' 4""",240,R,R,2011,,0.82120578,5.16,3.875242921,1.28,10.32,3.18,45.1,52,,4.2389,66.5,.316,1.191176604,90.1,458676
Josh Lindblom,2021,p,34,"6' 4""",240,R,R,2011,,-0.318816423,9.72,7.370034283,1.98,9.18,5.40,16.2,17,,6.22243,62.1,.360,2.700000103,90.3,458676
Josh Osich,2018,P,29,"6' 2""",235,L,L,2015,,-0.233911067,8.25,5.910429609,2.25,7.50,5.25,12.0,10,,5.25775,68.7,.450,1.499998927,93.4,592612
Josh Osich,2019,P,30,"6' 2""",235,L,L,2015,,0.0433544219,4.66,4.957852299,1.14,8.11,2.00,67.2,61,,4.16327,69.6,.260,1.995074416,90.3,592612
Josh Osich,2020,P,31,"6' 2""",235,L,L,2015,,-0.191406161,6.38,5.97323845,1.42,11.78,2.45,18.1,24,,3.2963798181818182,61.2,.306,2.945455554,92.4,592612
Josh Osich,2021,P,32,"6' 2""",235,L,L,2015,,-0.353383362,5.02,6.588640442,1.40,5.65,3.14,14.1,9,,4.56097,76.4,.262,2.511629132,93.7,592612
Josh Sborz,2019,P,25,"6' 3""",215,R,R,2019,,-0.080887869,8.00,5.880676142,1.56,7.00,4.00,9.0,7,,5.20202,53.6,.296,2.0,95.3,622250
Josh Sborz,2020,P,26,"6' 3""",215,R,R,2019,,-0.0385759212,2.08,5.960652116,0.69,4.15,2.08,4.1,2,,6.07559,125.0,.083,2.076924601,95.8,622250
Josh Sborz,2021,P,27,"6' 3""",215,R,R,2019,,0.346242517,3.97,4.000542758,1.42,10.53,4.88,59.0,69,,4.19263,74.1,.302,1.067796817,96.7,622250
Josh Sborz,2022,P,28,"6' 3""",215,R,R,2019,,0.0691324677,6.45,4.052729563,1.61,12.90,4.43,22.1,32,,3.24893,65.8,.396,1.61194039,97.0,622250
Josh Staumont,2019,P,25,"6' 3""",200,R,R,2019,,-0.199185997,3.72,6.058836407,1.60,6.98,4.66,19.1,15,,6.04433,72.0,.293,1.862068537,95.8,622251
Josh Staumont,2020,P,26,"6' 3""",200,R,R,2019,,0.372998685,2.45,3.542068701,1.40,12.97,5.61,25.2,37,,4.70779,85.6,.333,0.701298771,98.1,622251
Josh Staumont,2021,P,27,"6' 3""",200,R,R,2019,,1.013092518,2.88,3.489831126,1.07,9.87,3.70,65.2,72,,4.26341,75.5,.236,0.822335153,96.6,622251
Josh Staumont,2022,P,28,"6' 3""",200,R,R,2019,,0.0812046528,6.45,4.254024115,1.75,10.27,6.93,37.2,43,,4.98721,62.1,.343,0.71681428,96.3,622251
Josh Tomlin,2018,p,33,"6' 1""",190,R,R,2010,,-1.376238465,6.14,7.155692095,1.48,5.89,1.54,70.1,46,,5.28231,76.7,.286,3.199052017,,458708
Josh Tomlin,2019,p,34,"6' 1""",190,R,R,2010,,0.179662023,3.74,4.487118923,1.12,5.79,0.79,79.1,51,,4.95114,77.8,.279,1.588235549,89.2,458708
Josh Tomlin,2020,p,35,"6' 1""",190,R,R,2010,,0.435146533,4.76,4.023352422,1.21,8.17,1.82,39.2,36,,4.39035,66.5,.306,1.361345083,88.3,458708
Josh Tomlin,2021,p,36,"6' 1""",190,R,R,2010,,-0.093728222,6.57,4.670034277,1.50,6.75,0.91,49.1,37,,4.71721,63.9,.358,1.824324512,88.9,458708
José Alvarado,2018,P,23,"6' 2""",245,L,L,2017,,2.075573206,2.39,2.269805992,1.11,11.25,4.08,64.0,80,,3.15055,72.2,.273,0.140625092,97.3,621237
José Alvarado,2019,P,24,"6' 2""",245,L,L,2017,,0.133095637,4.80,4.180676543,1.87,11.70,8.10,30.0,39,,4.83907,71.4,.360,0.600000249,97.1,621237
José Alvarado,2020,P,25,"6' 2""",245,L,L,2017,,-0.0965593457,6.00,5.858086547,1.67,13.00,6.00,9.0,13,,4.68323,70.4,.318,2.000000424,96.1,621237
José Alvarado,2021,P,26,"6' 2""",245,L,L,2017,,-0.264489651,4.20,4.80476496,1.60,10.99,7.60,55.2,68,,4.52456,74.2,.298,0.808383381,98.5,621237
José Alvarado,2022,P,27,"6' 2""",245,L,L,2017,,1.654210925,3.18,1.916352302,1.22,14.29,4.24,51.0,81,,2.16125,69.8,.343,0.352941256,97.1,621237
José Berríos,2018,P,24,"6' 0""",205,R,R,2016,,3.075144053,3.84,3.903932462,1.14,9.45,2.85,192.1,202,,3.88867,75.8,.271,1.169844052,93.1,621244
José Berríos,2019,P,25,"6' 0""",205,R,R,2016,,4.35360384,3.68,3.852944551,1.22,8.76,2.29,200.1,195,,4.32045,73.5,.301,1.168053185,92.7,621244
José Berríos,2020,P,26,"6' 0""",205,R,R,2016,,1.055370927,4.00,4.064435188,1.32,9.71,3.71,63.0,68,,4.28071,77.5,.295,1.142857143,94.3,621244
José Berríos,2021,P,27,"6' 0""",205,R,R,2016,,4.007076144,3.52,3.472117468,1.06,9.56,2.11,192.0,204,,3.590679045138889,72.3,.278,1.031250041,93.9,621244
José Berríos,2022,P,28,"6' 0""",205,R,R,2016,,0.883487046,5.23,4.548477513,1.42,7.80,2.35,172.0,149,,4.20708,70.9,.329,1.51744186,94.0,621244
José Cisnero,2019,p,30,"6' 3""",258,R,R,2013,1750000.0,0.165259317,4.33,4.65740591,1.53,10.19,4.84,35.1,40,,5.12601,72.0,.323,1.273585089,95.6,542585
José Cisnero,2020,p,31,"6' 3""",258,R,R,2013,1750000.0,0.801730037,3.03,2.652093322,1.11,10.31,3.03,29.2,34,,4.22884,75.1,.293,0.303370871,95.6,542585
José Cisnero,2021,p,32,"6' 3""",258,R,R,2013,1750000.0,0.544483304,3.65,4.126790978,1.33,9.05,4.52,61.2,62,,4.43555,67.0,.281,0.875675766,94.9,542585
José Cisnero,2022,p,33,"6' 3""",258,R,R,2013,1750000.0,0.109170057,1.08,3.672431087,1.36,8.28,6.84,25.0,23,,5.09359,88.6,.242,0.0,94.8,542585
José De León,2019,P,26,"6' 0""",220,R,R,2016,,0.0259628259,2.25,3.464009476,1.50,15.75,6.75,4.0,7,,4.45861,75.0,.333,0.0,92.2,592254
José De León,2020,P,27,"6' 0""",220,R,R,2016,,-0.0999480188,18.00,7.524748516,2.83,15.00,16.50,6.0,10,,6.64361,32.1,.385,1.499998569,95.0,592254
José De León,2021,P,28,"6' 0""",220,R,R,2016,,0.156491645,8.35,4.533670652,1.80,16.20,5.40,18.1,33,,3.52583,61.2,.439,1.963636602,93.0,592254
José Leclerc,2018,p,24,"6' 0""",195,R,R,2016,,2.608777046,1.56,1.894535566,0.85,13.27,3.90,57.2,85,,3.10114,71.1,.219,0.156069371,95.3,600917
José Leclerc,2019,p,25,"6' 0""",195,R,R,2016,,1.362264775,4.33,3.592650319,1.33,13.11,5.11,68.2,100,,4.20833,72.2,.313,0.91747589,95.4,600917
José Leclerc,2020,p,26,"6' 0""",195,R,R,2016,,0.0716157183,4.50,3.191419315,2.00,13.50,9.00,2.0,3,,5.1197,75.0,.400,0.0,94.5,600917
José Leclerc,2022,p,28,"6' 0""",195,R,R,2016,,0.552459717,2.83,3.720822643,1.13,10.20,3.97,47.2,54,,4.37587,80.0,.243,0.944055994,93.5,600917
José Quijada,2019,P,23,"5' 11""",215,L,L,2019,,-1.102161884,5.76,7.663448918,1.79,13.35,7.89,29.2,44,,5.22593,86.0,.288,3.03370871,93.3,650671
José Quijada,2020,P,24,"5' 11""",215,L,L,2019,,-0.0680255964,7.36,5.918693402,2.18,14.73,4.91,3.2,6,,3.95092,65.8,.500,2.454546678,93.4,650671
José Quijada,2021,P,25,"5' 11""",215,L,L,2019,,0.485724449,4.56,3.092112014,1.36,13.32,5.26,25.2,38,,3.52269,66.3,.333,0.701298979,93.6,650671
José Quijada,2022,P,26,"5' 11""",215,L,L,2019,,0.434483558,3.98,3.850136104,1.13,11.51,4.65,40.2,52,,4.14471,70.7,.225,1.106557654,94.5,650671
José Ruiz,2018,P,23,"6' 1""",245,R,R,2017,,-0.0243916884,4.15,5.468126084,1.85,12.46,6.23,4.1,6,,3.9927,90.9,.364,2.076925058,96.2,614179
José Ruiz,2019,P,24,"6' 1""",245,R,R,2017,,0.0623120265,5.63,5.364010187,2.00,7.88,5.40,40.0,35,,6.09944,74.7,.391,1.350000447,96.4,614179
José Ruiz,2020,P,25,"6' 1""",245,R,R,2017,,0.0328797773,2.25,3.941419315,0.50,11.25,0.00,4.0,5,,3.10177,166.7,.125,2.25,94.7,614179
José Ruiz,2021,P,26,"6' 1""",245,R,R,2017,,0.530201375,3.05,3.985418834,1.17,8.72,3.46,65.0,63,,4.25836,77.2,.247,1.107692438,96.6,614179
José Ruiz,2022,P,27,"6' 1""",245,R,R,2017,,-0.144192457,4.60,4.431112541,1.42,10.09,4.90,60.2,68,,4.13745,73.6,.284,1.335165059,94.6,614179
José Suarez,2019,P,21,"5' 10""",225,L,L,2019,,-0.622604609,7.11,6.720182315,1.64,8.00,3.67,81.0,72,,5.70566,68.6,.326,2.555555556,91.7,660761
José Suarez,2020,P,22,"5' 10""",225,L,L,2019,,-0.202765986,38.57,14.76286365,6.43,7.71,19.29,2.1,2,,10.8443,41.1,.643,3.857148112,93.2,660761
José Suarez,2021,P,23,"5' 10""",225,L,L,2019,,1.268437505,3.75,4.115796847,1.23,7.78,3.29,98.1,85,,4.33023,73.0,.269,1.006779674,92.7,660761
José Suarez,2022,P,24,"5' 10""",225,L,L,2019,,1.588385567,3.96,3.910596181,1.25,8.50,2.72,109.0,103,,3.85705,75.6,.290,1.155963363,92.5,660761
José Ureña,2018,p,26,"6' 2""",208,R,R,2015,,1.653355598,3.98,4.171925829,1.18,6.72,2.64,174.0,130,,4.31857,73.1,.275,0.982758621,94.3,570632
José Ureña,2019,p,27,"6' 2""",208,R,R,2015,,0.552139089,5.21,4.73763138,1.48,6.59,2.76,84.2,62,,4.59764,68.0,.325,1.381889634,95.0,570632
José Ureña,2020,p,28,"6' 2""",208,R,R,2015,,-0.059588559,5.40,6.062848278,1.50,5.79,5.01,23.1,15,,5.98294,70.1,.257,1.542857353,94.9,570632
José Ureña,2021,p,29,"6' 2""",208,R,R,2015,,0.332089439,5.81,5.017716428,1.60,5.99,3.75,100.2,67,,4.87481,65.3,.319,1.251655756,93.2,570632
José Ureña,2022,p,30,"6' 2""",208,R,R,2015,,0.713094853,5.01,4.648513567,1.57,5.85,3.99,97.0,63,,4.608873470790378,66.1,.312,1.020618617,94.5,570632
José Urquidy,2019,p,24,"6' 0""",225,R,R,2019,1500000.0,0.890014067,3.95,3.67742411,1.10,8.78,1.54,41.0,40,,4.29788,73.8,.286,1.317073171,89.9,664353
José Urquidy,2020,p,25,"6' 0""",225,R,R,2019,1500000.0,0.326766938,2.73,4.708273085,1.01,5.16,2.43,29.2,17,,5.3604,86.6,.209,1.213483016,90.7,664353
José Urquidy,2021,p,26,"6' 0""",225,R,R,2019,1500000.0,1.769962668,3.62,4.141996739,0.99,7.57,1.60,107.0,90,,4.38509,77.2,.239,1.429906542,92.5,664353
José Urquidy,2022,p,27,"6' 0""",225,R,R,2019,1500000.0,1.009259835,3.94,4.597218066,1.17,7.34,2.08,164.1,134,,4.32097,78.9,.264,1.588235343,93.5,664353
JT Chargois,2018,P,27,"6' 3""",200,S,R,2016,,0.0642968267,3.34,3.871772146,1.27,11.13,4.18,32.1,40,,2.97866,80.2,.301,1.113402631,95.1,608638
JT Chargois,2019,P,28,"6' 3""",200,S,R,2016,,0.0993275046,6.33,4.010884594,1.22,11.81,2.11,21.1,28,,2.8788,53.6,.347,1.687500251,96.0,608638
JT Chargois,2021,P,30,"6' 3""",200,S,R,2016,,0.330857456,2.52,3.859475222,1.08,8.89,3.35,53.2,53,,4.3249824844720495,84.2,.250,0.838509446,96.2,608638
JT Chargois,2022,P,31,"6' 3""",200,S,R,2016,,-0.0397093673,2.42,4.276610272,0.94,6.85,2.01,22.1,17,,3.85605,85.1,.220,1.208955396,96.4,608638
Juan Minaya,2018,P,27,"6' 4""",210,R,R,2016,,0.76763016,3.28,3.567574655,1.46,11.19,5.59,46.2,58,,4.32449,77.8,.310,0.578571744,93.5,573668
Juan Minaya,2019,P,28,"6' 4""",210,R,R,2016,,0.170147568,3.90,4.65979294,1.55,8.78,3.90,27.2,27,,5.65623,81.2,.333,1.301205118,93.4,573668
Juan Minaya,2021,P,30,"6' 4""",210,R,R,2016,,0.195174783,2.48,3.970034122,1.18,9.68,4.50,40.0,43,,4.08152,85.3,.237,0.9,92.3,573668
Juan Minaya,2022,P,31,"6' 4""",210,R,R,2016,,0.074210979,5.59,3.319327567,1.34,10.24,4.66,9.2,11,,4.54446,62.5,.308,0.0,93.9,573668
Juan Nicasio,2018,p,31,"6' 4""",250,R,R,2011,,0.761564374,6.00,2.993764924,1.38,11.36,1.07,42.0,53,,3.18148,58.1,.402,1.285714169,93.9,504379
Juan Nicasio,2019,p,32,"6' 4""",250,R,R,2011,,0.465430707,4.75,3.868939124,1.65,8.56,3.99,47.1,45,,4.36732,71.2,.368,0.760563462,93.6,504379
Juan Nicasio,2020,p,33,"6' 4""",250,R,R,2011,,-0.0973721668,40.50,15.94142236,5.25,6.75,13.50,1.1,1,,11.9765,17.9,.571,6.750001609,93.5,504379
Julian Merryweather,2020,P,28,"6' 4""",215,R,R,2020,,0.541557059,4.15,2.268342121,1.31,10.38,4.15,13.0,15,,3.30665,64.7,.324,0.0,96.7,657240
Julian Merryweather,2021,P,29,"6' 4""",215,R,R,2020,,-0.31294743,4.85,6.477726915,1.31,8.31,2.77,13.0,12,,4.64925,88.7,.265,2.769231176,97.5,657240
Julian Merryweather,2022,P,30,"6' 4""",215,R,R,2020,,0.0782678612,6.75,4.349931208,1.43,7.76,2.36,26.2,23,,4.2874,58.1,.333,1.350000225,97.3,657240
Julio Teheran,2018,p,27,"6' 2""",205,R,R,2011,,0.742717206,3.94,4.828363216,1.17,8.30,4.30,175.2,162,,4.71885,75.6,.218,1.332068273,89.7,527054
Julio Teheran,2019,p,28,"6' 2""",205,R,R,2011,,1.616234422,3.81,4.662482716,1.32,8.35,4.28,174.2,162,,5.25724,76.6,.270,1.133587753,89.6,527054
Julio Teheran,2020,p,29,"6' 2""",205,R,R,2011,,-0.809068177,10.05,8.616950129,1.76,5.74,4.60,31.1,20,,6.34603,54.7,.273,3.446807811,89.0,527054
Julio Teheran,2021,p,30,"6' 2""",205,R,R,2011,,-0.02925108,1.80,6.370034122,1.40,5.40,5.40,5.0,3,,5.88727,107.1,.231,1.8,90.1,527054
Julio Urías,2018,p,21,"6' 0""",225,L,L,2016,,0.10541331,0.00,-0.339568424,0.25,15.75,0.00,4.0,7,,0.486239,100.0,.167,0.0,93.0,628711
Julio Urías,2019,p,22,"6' 0""",225,L,L,2016,,1.503801584,2.49,3.427398573,1.08,9.60,3.05,79.2,85,,4.28267,77.6,.257,0.790794891,95.1,628711
Julio Urías,2020,p,23,"6' 0""",225,L,L,2016,,1.284957543,3.27,3.718692043,1.15,7.36,2.95,55.0,45,,5.06117,76.8,.256,0.818181818,94.2,628711
Julio Urías,2021,p,24,"6' 0""",225,L,L,2016,,5.042324543,2.96,3.126946149,1.02,9.45,1.84,185.2,195,,3.72568,76.2,.276,0.921005436,94.1,628711
Julio Urías,2022,p,25,"6' 0""",225,L,L,2016,,3.226326942,2.16,3.712431002,0.96,8.54,2.11,175.0,166,,3.80568,86.6,.229,1.182857143,93.1,628711
Junichi Tazawa,2018,p,32,"5' 11""",200,R,R,2009,,-0.458080802,7.07,6.124718552,1.82,9.00,5.14,28.0,28,,5.29315,65.5,.341,2.250000958,91.5,547749
Junior Guerra,2018,P,33,"6' 0""",235,R,R,2015,,1.508939266,4.09,4.23844591,1.40,8.68,3.51,141.0,136,,4.232,73.0,.317,1.212766126,93.2,448855
Junior Guerra,2019,P,34,"6' 0""",235,R,R,2015,,0.247358844,3.55,4.51679836,1.12,8.28,3.87,83.2,77,,4.82854,76.3,.221,1.183266968,94.7,448855
Junior Guerra,2020,P,35,"6' 0""",235,R,R,2015,,0.0797987059,3.04,4.120997255,1.35,7.99,5.70,23.2,21,,4.71237,73.6,.258,0.380281884,94.0,448855
Junior Guerra,2021,P,36,"6' 0""",235,R,R,2015,,-0.0248222034,6.06,4.746565042,1.73,8.40,6.34,65.1,61,,5.28104,66.0,.319,0.826530773,92.8,448855
Justin Grimm,2018,P,29,"6' 3""",210,R,R,2012,,-0.503589433,10.38,6.564277417,1.90,5.71,7.27,17.1,11,,6.886972307692307,45.1,.302,1.557692165,93.2,518748
Justin Grimm,2020,P,31,"6' 3""",210,R,R,2012,,-0.23953113,17.36,14.33427798,2.79,11.57,7.71,4.2,6,,6.91022,54.1,.385,7.714286765,93.3,518748
Justin Grimm,2022,P,33,"6' 3""",210,R,R,2012,,-0.0390410647,4.11,4.286344289,1.63,6.46,4.11,15.1,11,,5.27289,74.2,.340,0.586956643,92.6,518748
Justin Miller,2018,P,31,"6' 3""",225,R,R,2014,,-0.0306337476,3.61,4.440686477,1.13,10.32,2.92,52.1,60,,4.2289,83.0,.256,1.71974539,93.8,502522
Justin Miller,2019,P,32,"6' 3""",225,R,R,2014,,-0.330685169,4.02,7.107627366,1.28,6.32,2.30,15.2,11,,6.51386,93.3,.262,2.872341067,92.1,502522
Justin Miller,2021,P,34,"6' 3""",225,R,R,2014,,-0.389208101,6.16,6.485824636,1.37,6.16,2.84,19.0,13,,5.572018421052632,71.4,.273,2.368421796,92.9,502522
Justin Topa,2020,P,29,"6' 4""",200,R,R,2020,,0.191275775,2.35,1.756636052,0.91,14.09,0.00,7.2,12,,1.06705,71.4,.353,1.173913579,97.5,623437
Justin Topa,2021,P,30,"6' 4""",200,R,R,2020,,-0.173958197,29.70,11.27003721,3.90,2.70,2.70,3.1,1,,8.23386,19.6,.526,5.40000206,95.7,623437
Justin Topa,2022,P,31,"6' 4""",200,R,R,2020,,0.031113442,4.91,3.657885784,1.77,4.91,4.91,7.1,4,,4.2635,53.8,.333,0.0,95.5,623437
Justin Verlander,2018,p,35,"6' 5""",240,R,R,2005,13000000.0,6.576925278,2.52,2.78192693,0.90,12.20,1.56,214.0,290,,3.0336,85.3,.274,1.177570009,95.0,434378
Justin Verlander,2019,p,36,"6' 5""",240,R,R,2005,13000000.0,6.424880981,2.58,3.267821139,0.80,12.11,1.70,223.0,300,,3.17621,88.4,.219,1.452914898,94.6,434378
Justin Verlander,2020,p,37,"6' 5""",240,R,R,2005,13000000.0,-0.009154642,3.00,5.691419315,0.67,10.50,1.50,6.0,7,,2.96499,166.7,.091,3.0,94.9,434378
Justin Verlander,2022,p,39,"6' 5""",240,R,R,2005,13000000.0,6.054431915,1.75,2.489573859,0.83,9.51,1.49,175.0,185,,3.23078,80.5,.240,0.617142857,95.0,434378
Justin Wilson,2018,p,30,"6' 2""",205,L,L,2012,,0.566982865,3.46,3.63604152,1.43,11.36,5.43,54.2,69,,4.04828,78.9,.310,0.823171057,94.1,458677
Justin Wilson,2019,p,31,"6' 2""",205,L,L,2012,,0.282420218,2.54,3.906317371,1.33,10.15,4.38,39.0,44,,3.95013,86.8,.299,0.923077194,92.9,458677
Justin Wilson,2020,p,32,"6' 2""",205,L,L,2012,,0.48927182,3.66,3.038876864,1.37,10.53,4.12,19.2,23,,4.14273,67.7,.333,0.457627355,93.3,458677
Justin Wilson,2021,p,33,"6' 2""",205,L,L,2012,,-0.22728312,5.29,5.258269944,1.41,7.68,4.24,34.0,29,,5.143661176470588,66.5,.271,1.588235695,92.1,458677
Justin Wilson,2022,p,34,"6' 2""",205,L,L,2012,,0.203672156,2.45,-0.70575272,0.82,17.18,0.00,3.2,7,,0.101751,66.7,.500,0.0,93.3,458677
Keegan Akin,2020,P,25,"6' 0""",235,L,L,2020,,0.814061873,4.56,3.269341415,1.44,12.27,3.51,25.2,35,,3.85344,62.1,.358,1.051948352,88.6,669211
Keegan Akin,2021,P,26,"6' 0""",235,L,L,2020,,0.607167423,6.63,5.096349951,1.58,7.77,3.79,95.0,82,,5.18442,64.0,.326,1.610526348,92.0,669211
Keegan Akin,2022,P,27,"6' 0""",235,L,L,2020,,0.495232351,3.20,3.589982098,1.09,8.49,2.20,81.2,77,,3.33954,72.4,.269,1.102040992,89.3,669211
Kelvin Herrera,2018,p,28,"5' 10""",220,R,R,2011,9000000.0,0.463200241,2.44,3.949905283,1.20,7.71,2.03,44.1,38,,4.314007894736842,92.1,.291,1.218045148,96.5,516969
Kelvin Herrera,2019,p,29,"5' 10""",220,R,R,2011,9000000.0,0.391754746,6.14,4.577646076,1.62,9.29,4.03,51.1,53,,4.83797,65.9,.349,1.402597646,93.7,516969
Kelvin Herrera,2020,p,30,"5' 10""",220,R,R,2011,9000000.0,-0.088490881,15.43,13.04856352,1.71,11.57,3.86,2.1,3,,4.38494,0.0,.200,7.714286765,94.0,516969
Ken Giles,2018,p,27,"6' 3""",197,R,R,2014,3500000.0,0.757140867,4.65,3.080961372,1.21,9.48,1.25,50.1,53,,3.270409536423841,63.4,.333,1.07284775,97.3,571704
Ken Giles,2019,p,28,"6' 3""",197,R,R,2014,3500000.0,1.84267652,1.87,2.270613046,1.00,14.09,2.89,53.0,83,,2.73315,91.3,.301,0.849056787,96.9,571704
Ken Giles,2020,p,29,"6' 3""",197,R,R,2014,3500000.0,-0.209177166,9.82,10.28232964,2.18,14.73,9.82,3.2,6,,5.29498,76.9,.286,4.90909176,94.3,571704
Ken Giles,2022,p,31,"6' 3""",197,R,R,2014,3500000.0,0.0294232313,0.00,3.112431002,1.15,12.46,8.31,4.1,6,,4.13731,100.0,.125,0.0,94.8,571704
Kendall Graveman,2018,p,27,"6' 2""",215,R,R,2014,1350000.0,-0.356301129,7.60,6.218684456,1.66,7.08,3.41,34.1,27,,4.39839,57.3,.324,2.35922365,93.0,608665
Kendall Graveman,2020,p,29,"6' 2""",215,R,R,2014,1350000.0,0.262169396,5.79,4.262847923,1.23,7.23,3.86,18.2,15,,4.8327,49.5,.250,0.964285747,93.4,608665
Kendall Graveman,2021,p,30,"6' 2""",215,R,R,2014,1350000.0,1.064962804,1.77,3.187891268,0.98,9.80,3.21,56.0,61,,3.468163035714286,81.6,.246,0.482142923,96.0,608665
Kendall Graveman,2022,p,31,"6' 2""",215,R,R,2014,1350000.0,0.671652377,3.18,3.420123345,1.40,9.14,3.60,65.0,66,,3.44499,74.7,.324,0.692307774,93.4,608665
Kenley Jansen,2018,p,30,"6' 5""",265,S,R,2010,11000000.0,0.3346982,3.01,4.025547886,0.99,10.30,2.13,71.2,82,,3.55716,82.1,.234,1.632558197,92.3,445276
Kenley Jansen,2019,p,31,"6' 5""",265,S,R,2010,11000000.0,1.25607872,3.71,3.483850778,1.06,11.43,2.29,63.0,80,,3.77379,73.6,.273,1.285714441,91.9,445276
Kenley Jansen,2020,p,32,"6' 5""",265,S,R,2010,11000000.0,0.553739607,3.33,3.027035719,1.15,12.21,3.33,24.1,33,,4.17739,70.9,.309,0.739726182,91.3,445276
Kenley Jansen,2021,p,33,"6' 5""",265,S,R,2010,11000000.0,1.841271162,2.22,3.083077591,1.04,11.22,4.70,69.0,86,,4.04268,77.5,.216,0.521739188,92.9,445276
Kenley Jansen,2022,p,34,"6' 5""",265,S,R,2010,11000000.0,1.051151037,3.38,3.206181007,1.05,11.95,3.09,64.0,85,,3.45477,76.1,.259,1.125000067,92.6,445276
Kenta Maeda,2018,p,30,"6' 1""",185,R,R,2016,12000000.0,2.46392107,3.81,3.216282637,1.26,10.99,3.09,125.1,153,,3.37015,72.5,.323,0.933510591,91.9,628317
Kenta Maeda,2019,p,31,"6' 1""",185,R,R,2016,12000000.0,2.654368341,4.04,3.949367342,1.07,9.90,2.99,153.2,169,,4.04288,71.6,.245,1.288503163,92.1,628317
Kenta Maeda,2020,p,32,"6' 1""",185,R,R,2016,12000000.0,2.054799318,2.70,2.99641933,0.75,10.80,1.35,66.2,80,,2.62978,80.2,.208,1.214999907,91.4,628317
Kenta Maeda,2021,p,33,"6' 1""",185,R,R,2016,12000000.0,1.601807833,4.66,4.10106865,1.30,9.56,2.71,106.1,113,,3.98675,69.3,.318,1.35423204,90.5,628317
Keone Kela,2018,p,25,"6' 1""",220,R,R,2015,1.0,1.411192507,3.29,2.968123887,1.10,11.42,3.29,52.0,66,,3.3062183333333333,76.0,.273,0.8653846,96.7,605309
Keone Kela,2019,p,26,"6' 1""",220,R,R,2015,1.0,0.441334814,2.12,3.517380269,1.01,10.01,3.34,29.2,33,,4.28138,89.6,.225,0.910112379,95.9,605309
Keone Kela,2020,p,27,"6' 1""",220,R,R,2015,1.0,-0.0773608834,4.50,8.191419315,2.00,13.50,4.50,2.0,3,,4.58384,115.4,.400,4.5,96.2,605309
Keone Kela,2021,p,28,"6' 1""",220,R,R,2015,1.0,-0.0904530287,5.06,5.232534245,1.31,10.97,2.53,10.2,13,,3.7266,61.2,.276,2.531250151,94.7,605309
Kevin Gausman,2018,p,27,"6' 2""",205,L,R,2013,22000000.0,2.340659022,3.92,4.320141114,1.30,7.25,2.45,183.2,148,,4.1884189473684215,76.8,.299,1.274047099,93.6,592332
Kevin Gausman,2019,p,28,"6' 2""",205,L,R,2013,22000000.0,1.606320873,5.72,3.976224412,1.42,10.03,2.81,102.1,114,,4.053416058631922,61.2,.353,1.319218159,93.9,592332
Kevin Gausman,2020,p,29,"6' 2""",205,L,R,2013,22000000.0,1.577816308,3.62,3.090860645,1.11,11.92,2.41,59.2,79,,3.06068,73.0,.298,1.206704039,95.1,592332
Kevin Gausman,2021,p,30,"6' 2""",205,L,R,2013,22000000.0,4.80470705,2.81,3.003367456,1.04,10.64,2.34,192.0,227,,3.27572,78.4,.275,0.9375,94.6,592332
Kevin Gausman,2022,p,31,"6' 2""",205,L,R,2013,22000000.0,5.544435024,3.35,2.379606532,1.24,10.56,1.44,174.2,205,,2.75486,74.0,.364,0.772900808,95.0,592332
Kevin Ginkel,2019,P,25,"6' 4""",235,L,R,2019,,0.473360658,1.48,3.090721788,0.99,10.36,3.33,24.1,28,,3.98419,80.2,.232,0.739726124,93.5,656464
Kevin Ginkel,2020,P,26,"6' 4""",235,L,R,2019,,-0.245088041,6.75,5.816420723,2.13,10.13,7.31,16.0,18,,6.15082,70.5,.400,1.687500905,95.5,656464
Kevin Ginkel,2021,P,27,"6' 4""",235,L,R,2019,,-0.43994686,6.35,5.887681669,1.55,9.85,4.45,28.1,31,,4.66861,60.8,.311,2.223529811,94.6,656464
Kevin Ginkel,2022,P,28,"6' 4""",235,L,R,2019,,0.528433383,3.38,2.737430937,1.30,9.20,3.38,29.1,30,,3.6064,66.5,.321,0.306818235,96.4,656464
Kevin Jepsen,2018,p,33,"6' 3""",235,R,R,2008,,-0.584762156,5.94,7.480432235,1.56,4.32,5.94,16.2,8,,6.04507,65.4,.212,2.16000033,92.0,448178
Kevin Quackenbush,2018,P,29,"6' 4""",235,R,R,2014,,-0.284338623,11.00,7.938208847,2.11,7.00,6.00,9.0,7,,5.80703,54.1,.345,2.999999682,90.1,534812
Kevin Quackenbush,2021,P,32,"6' 4""",235,R,R,2014,,0.0143103525,27.00,-2.829972136,9.00,27.00,0.00,0.1,1,,-2.83057,66.7,1.000,0.0,,534812
Keynan Middleton,2018,p,24,"6' 3""",230,R,R,2017,,0.208242312,2.04,3.783073242,1.30,8.15,4.58,17.2,16,,4.82349,88.5,.295,0.509434091,96.0,641871
Keynan Middleton,2019,p,25,"6' 3""",230,R,R,2017,,0.0609364919,1.17,4.387922909,1.43,7.04,8.22,7.2,6,,6.72306,90.9,.200,0.0,94.1,641871
Keynan Middleton,2020,p,26,"6' 3""",230,R,R,2017,,-0.021073401,5.25,5.024753814,1.50,8.25,4.50,12.0,11,,5.75051,65.8,.294,1.500000954,95.0,641871
Keynan Middleton,2021,p,27,"6' 3""",230,R,R,2017,,-0.00429687463,4.94,4.49261493,1.58,6.97,5.52,31.0,24,,6.15816,64.3,.301,0.580645233,95.4,641871
Keynan Middleton,2022,p,28,"6' 3""",230,R,R,2017,,-0.328735769,5.29,5.877137504,1.12,7.94,1.59,17.0,15,,4.23062,53.8,.250,2.647059418,95.1,641871
Kirby Yates,2018,p,31,"5' 10""",205,L,R,2014,5000000.0,1.770703316,2.14,2.541383844,0.92,12.86,2.43,63.0,90,,2.64031,87.7,.263,0.857143013,93.9,489446
Kirby Yates,2019,p,32,"5' 10""",205,L,R,2014,5000000.0,3.421272755,1.19,1.301921483,0.89,14.98,1.93,60.2,101,,2.25049,80.8,.328,0.296703309,93.5,489446
Kirby Yates,2020,p,33,"5' 10""",205,L,R,2014,5000000.0,-0.03193672,12.46,5.268343002,2.54,16.62,8.31,4.1,8,,4.0483,52.1,.500,2.076923686,93.6,489446
Kirby Yates,2022,p,35,"5' 10""",205,L,R,2014,5000000.0,-0.202504724,5.14,7.255288709,1.57,7.71,6.43,7.0,6,,6.50174,85.4,.200,2.571428922,93.4,489446
Kolby Allard,2018,P,20,"6' 1""",195,L,L,2018,,-0.277287722,12.38,9.160431576,2.88,3.38,4.50,8.0,3,,7.38221,60.6,.457,3.375,84.9,663465
Kolby Allard,2019,P,21,"6' 1""",195,L,L,2018,,1.055363774,4.96,4.008127212,1.57,6.55,3.77,45.1,33,,5.07853,68.3,.327,0.595588302,90.4,663465
Kolby Allard,2020,P,22,"6' 1""",195,L,L,2018,,0.341121141,7.75,4.706270829,1.51,8.55,5.35,33.2,32,,5.85367,49.6,.284,1.069306951,91.5,663465
Kolby Allard,2021,P,23,"6' 1""",195,L,L,2018,,-0.172632335,5.41,5.367895197,1.28,7.51,2.24,124.2,104,,4.63656,67.8,.270,2.093582994,91.4,663465
Kolby Allard,2022,P,24,"6' 1""",195,L,L,2018,,-0.730781853,7.29,7.874336196,1.29,8.14,2.57,21.0,19,,4.27673,71.4,.231,3.857143207,91.1,663465
Kris Bubic,2020,P,22,"6' 3""",220,L,L,2020,,0.505117297,4.32,4.751419672,1.48,8.82,3.96,50.0,49,,4.484,72.5,.312,1.44000033,91.4,663460
Kris Bubic,2021,P,23,"6' 3""",220,L,L,2020,,0.360026122,4.43,5.139264978,1.38,7.89,4.08,130.0,114,,4.56791,76.8,.280,1.52307699,90.9,663460
Kris Bubic,2022,P,24,"6' 3""",220,L,L,2020,,0.589424886,5.58,4.779097767,1.70,7.67,4.40,129.0,110,,4.51437,68.8,.353,1.255814028,91.9,663460
Kris Medlen,2018,p,32,"5' 10""",190,S,R,2009,,0.0507426262,15.75,4.160431576,3.25,9.00,9.00,4.0,4,,6.22495,46.2,.529,0.0,89.5,450665
Kyle Barraclough,2018,P,28,"6' 3""",229,R,R,2015,,-0.621216893,4.20,4.97480304,1.33,9.70,5.50,55.2,60,,4.56036,76.7,.235,1.293413321,93.6,607457
Kyle Barraclough,2019,P,29,"6' 3""",229,R,R,2015,,-0.754806697,5.61,6.362524922,1.75,10.69,5.61,33.2,40,,5.250686732673267,76.4,.319,2.405941048,93.4,607457
Kyle Barraclough,2021,P,31,"6' 3""",229,R,R,2015,,-0.311069131,5.54,6.70849644,1.54,12.46,5.54,13.0,18,,4.88002,85.4,.286,2.769231379,93.1,607457
Kyle Barraclough,2022,P,32,"6' 3""",229,R,R,2015,,0.192207217,3.00,2.445764264,1.22,9.00,4.00,9.0,9,,4.25511,72.7,.292,0.0,92.4,607457
Kyle Crick,2018,P,25,"6' 4""",225,L,R,2017,,1.008584738,2.39,3.143856985,1.13,9.70,3.43,60.1,65,,4.00306,80.5,.269,0.447513963,95.9,605195
Kyle Crick,2019,P,26,"6' 4""",225,L,R,2017,,-0.74332422,4.96,5.948703779,1.55,11.20,6.43,49.0,61,,5.32544,76.8,.274,1.83673498,95.2,605195
Kyle Crick,2020,P,27,"6' 4""",225,L,R,2017,,0.147304967,1.59,2.83847804,1.94,11.12,6.35,5.2,7,,4.5399,45.5,.389,0.0,90.9,605195
Kyle Crick,2021,P,28,"6' 4""",225,L,R,2017,,0.0296684355,4.44,4.402911092,1.36,7.77,7.03,24.1,21,,6.0706,63.2,.230,0.0,92.6,605195
Kyle Crick,2022,P,29,"6' 4""",225,L,R,2017,,0.135785908,4.02,3.176260799,1.34,10.91,6.32,15.2,19,,4.12117,69.6,.294,0.0,92.1,605195
Kyle Finnegan,2020,p,28,"6' 2""",198,R,R,2020,9500000.0,0.335963011,2.92,3.75898681,1.38,9.85,4.74,24.2,27,,4.11206,77.6,.297,0.729729636,95.0,640448
Kyle Finnegan,2021,p,29,"6' 2""",198,R,R,2020,9500000.0,0.123001948,3.55,4.518519127,1.48,9.27,4.64,66.0,68,,4.48342,69.8,.309,1.227272869,95.6,640448
Kyle Finnegan,2022,p,30,"6' 2""",198,R,R,2020,9500000.0,0.588038266,3.51,3.7574311,1.14,9.45,2.97,66.2,70,,3.22374,75.7,.269,1.215000185,97.0,640448
Kyle Freeland,2018,P,25,"6' 4""",204,L,L,2017,,4.071618557,2.85,3.669492582,1.25,7.70,3.11,202.1,173,,4.21797,82.8,.288,0.756178,91.5,607536
Kyle Freeland,2019,P,26,"6' 4""",204,L,L,2017,,0.0801026747,6.73,5.99356192,1.58,6.81,3.36,104.1,79,,5.07112,62.1,.310,2.156549311,91.9,607536
Kyle Freeland,2020,P,27,"6' 4""",204,L,L,2017,,0.993764758,4.33,4.648966695,1.42,5.86,2.93,70.2,46,,4.54866,76.3,.305,1.14622658,91.9,607536
Kyle Freeland,2021,P,28,"6' 4""",204,L,L,2017,,1.51858139,4.33,4.628597689,1.42,7.83,2.83,120.2,105,,4.25776,78.9,.328,1.491712739,91.4,607536
Kyle Freeland,2022,P,29,"6' 4""",204,L,L,2017,,2.482419729,4.53,4.211667707,1.41,6.75,2.73,174.2,131,,4.48415,70.5,.319,0.979007691,90.0,607536
Kyle Gibson,2018,p,30,"6' 6""",200,R,R,2013,5250000.0,2.575366735,3.62,4.126533321,1.30,8.19,3.62,196.2,179,,3.90789,75.5,.286,1.052542427,93.0,502043
Kyle Gibson,2019,p,31,"6' 6""",200,R,R,2013,5250000.0,2.557106283,4.84,4.264009344,1.44,9.00,3.15,160.0,160,,3.80014,67.5,.333,1.293749838,93.3,502043
Kyle Gibson,2020,p,32,"6' 6""",200,R,R,2013,5250000.0,0.198684469,5.35,5.389439283,1.53,7.75,4.01,67.1,58,,4.36131,70.5,.313,1.603960517,92.2,502043
Kyle Gibson,2021,p,33,"6' 6""",200,R,R,2013,5250000.0,3.061919898,3.71,3.867836331,1.22,7.66,3.16,182.0,155,,4.13677478021978,73.7,.278,0.840659354,91.7,502043
Kyle Gibson,2022,p,34,"6' 6""",200,R,R,2013,5250000.0,1.843836784,5.05,4.275452941,1.34,7.73,2.58,167.2,144,,3.94208,67.7,.309,1.288270456,91.0,502043
Kyle Hendricks,2018,p,28,"6' 3""",190,R,R,2014,,3.397296429,3.44,3.778521981,1.15,7.28,1.99,199.0,161,,3.86846,75.2,.285,0.994974798,,543294
Kyle Hendricks,2019,p,29,"6' 3""",190,R,R,2014,,4.104111671,3.46,3.609489702,1.13,7.63,1.63,177.0,150,,4.25941,71.8,.292,0.966101695,,543294
Kyle Hendricks,2020,p,30,"6' 3""",190,R,R,2014,,1.887644768,2.88,3.547976715,1.00,7.08,0.89,81.1,64,,3.77516,82.4,.272,1.106557446,,543294
Kyle Hendricks,2021,p,31,"6' 3""",190,R,R,2014,,1.142193794,4.77,4.893791029,1.35,6.51,2.19,181.0,131,,4.6071,73.0,.302,1.541436464,,543294
Kyle Hendricks,2022,p,32,"6' 3""",190,R,R,2014,,0.301191449,4.80,4.819940986,1.29,7.04,2.56,84.1,66,,4.45616,73.6,.285,1.60079061,,543294
Kyle Nelson,2020,P,23,"6' 1""",175,L,L,2020,,-0.0742563307,54.00,27.19144435,6.00,0.00,13.50,0.2,0,,10.5835,0.0,.500,13.50001408,84.9,669459
Kyle Nelson,2021,P,24,"6' 1""",175,L,L,2020,,-0.0238700267,9.31,4.618310366,1.86,7.45,7.45,9.2,8,,6.62602,50.0,.323,0.0,90.1,669459
Kyle Nelson,2022,P,25,"6' 1""",175,L,L,2020,,0.364628509,2.19,3.220539143,1.08,7.30,3.41,37.0,30,,4.38957,79.3,.243,0.243243318,87.0,669459
Kyle Ryan,2019,P,27,"6' 5""",215,L,L,2014,,0.639460683,3.54,3.853354058,1.38,8.56,4.28,61.0,58,,4.1574,75.6,.301,0.737705287,89.4,594986
Kyle Ryan,2020,P,28,"6' 5""",215,L,L,2014,,-0.359806448,5.17,7.085037206,1.40,6.32,3.45,15.2,11,,5.02849,86.7,.250,2.872341067,89.0,594986
Kyle Ryan,2021,P,29,"6' 5""",215,L,L,2014,,-0.253797919,6.75,6.245034856,1.73,5.40,4.05,13.1,8,,4.37865,69.1,.318,2.025000483,88.7,594986
Kyle Wright,2018,P,22,"6' 4""",215,R,R,2018,,-0.204883218,4.50,8.827098242,1.67,7.50,9.00,6.0,5,,6.42065,97.2,.133,3.0,88.3,657140
Kyle Wright,2019,P,23,"6' 4""",215,R,R,2018,,-0.215487413,8.69,6.163161541,1.88,8.24,5.95,19.2,18,,5.44087,58.6,.351,1.830508179,94.6,657140
Kyle Wright,2020,P,24,"6' 4""",215,R,R,2018,,-0.154622361,5.21,5.901945631,1.55,7.11,5.68,38.0,30,,5.334,73.2,.262,1.657894737,91.5,657140
Kyle Wright,2021,P,25,"6' 4""",215,R,R,2018,,-0.26807341,9.95,9.643718658,1.89,8.53,7.11,6.1,6,,8.32432,68.2,.294,2.842105406,93.0,657140
Kyle Wright,2022,P,26,"6' 4""",215,R,R,2018,,2.811367989,3.19,3.583780368,1.16,8.68,2.65,180.1,174,,3.29769,78.9,.284,0.948244019,94.1,657140
Lance Lynn,2018,p,31,"6' 5""",280,S,R,2011,,2.758462042,4.77,3.837027257,1.53,9.25,4.37,156.2,161,,3.982556978723404,70.1,.336,0.804255244,93.1,458681
Lance Lynn,2019,p,32,"6' 5""",280,S,R,2011,,6.752039909,3.67,3.127609474,1.22,10.63,2.55,208.1,246,,3.85097,74.4,.322,0.907200022,93.2,458681
Lance Lynn,2020,p,33,"6' 5""",280,S,R,2011,,1.441192508,3.32,4.191419315,1.06,9.54,2.68,84.0,89,,4.33735,79.4,.243,1.392857143,92.5,458681
Lance Lynn,2021,p,34,"6' 5""",280,S,R,2011,,4.25729847,2.69,3.316530938,1.07,10.09,2.58,157.0,176,,3.81521,81.5,.265,1.031847134,91.9,458681
Lance Lynn,2022,p,35,"6' 5""",280,S,R,2011,,1.833971858,3.99,3.819280332,1.13,9.17,1.41,121.2,124,,3.44391,68.4,.294,1.405479481,91.4,458681
Lance McCullers Jr.,2018,P,24,"6' 1""",200,L,R,2015,,2.452949867,3.86,3.495496534,1.17,9.96,3.51,128.1,142,,3.42532,69.2,.279,0.8415585,94.2,621121
Lance McCullers Jr.,2020,P,26,"6' 1""",200,L,R,2015,,1.136521816,3.93,3.700510119,1.16,9.16,3.27,55.0,56,,3.67566,64.5,.279,0.818181648,93.7,621121
Lance McCullers Jr.,2021,P,27,"6' 1""",200,L,R,2015,,3.182334185,3.16,3.521163497,1.22,10.26,4.21,162.1,185,,3.68653,78.5,.273,0.720739242,93.7,621121
Lance McCullers Jr.,2022,P,28,"6' 1""",200,L,R,2015,,0.803788364,2.27,3.490053399,1.24,9.44,4.15,47.2,50,,3.5793,88.0,.277,0.755244796,93.1,621121
Liam Hendriks,2018,p,29,"6' 0""",235,R,R,2011,5000000.0,0.0685608536,4.13,4.327098242,1.46,8.25,3.75,24.0,22,,4.56017,78.6,.324,1.125,94.3,521230
Liam Hendriks,2019,p,30,"6' 0""",235,R,R,2011,5000000.0,3.851616148,1.80,1.872833005,0.96,13.13,2.22,85.0,124,,3.21435,85.7,.315,0.529411765,96.5,521230
Liam Hendriks,2020,p,31,"6' 0""",235,R,R,2011,5000000.0,1.399844289,1.78,1.138787479,0.67,13.14,1.07,25.1,37,,2.07184,70.5,.260,0.355263202,96.0,521230
Liam Hendriks,2021,p,32,"6' 0""",235,R,R,2011,5000000.0,2.726494551,2.54,2.339048118,0.73,14.32,0.89,71.0,113,,2.13903,79.8,.254,1.394366347,95.6,521230
Liam Hendriks,2022,p,33,"6' 0""",235,R,R,2011,5000000.0,1.58330369,2.81,2.678904971,1.04,13.27,2.50,57.2,85,,2.64114,76.6,.303,1.092485597,97.6,521230
Logan Webb,2019,P,22,"6' 2""",221,R,R,2019,,0.50377202,5.22,4.12157221,1.46,8.39,3.18,39.2,37,,3.88706,65.4,.333,1.134453418,92.9,657277
Logan Webb,2020,P,23,"6' 2""",221,R,R,2019,,0.655222979,5.47,4.166879615,1.56,7.62,3.98,54.1,46,,4.52295,62.5,.350,0.662576807,92.5,657277
Logan Webb,2021,P,24,"6' 2""",221,R,R,2019,,4.088901911,3.03,2.718348714,1.11,9.59,2.18,148.1,158,,2.78599,74.7,.312,0.546067434,92.8,657277
Logan Webb,2022,P,25,"6' 2""",221,R,R,2019,,4.240403175,2.90,3.034441398,1.16,7.63,2.29,192.1,163,,3.31463,71.8,.294,0.514731383,91.9,657277
Lou Trivino,2018,p,26,"6' 5""",232,R,R,2018,,0.629742905,2.92,3.687458603,1.14,9.97,3.77,74.0,82,,3.53192,82.9,.257,0.972972973,95.4,642152
Lou Trivino,2019,p,27,"6' 5""",232,R,R,2018,,0.265978456,5.25,4.530676561,1.53,8.55,4.65,60.0,57,,5.26844,64.6,.320,1.050000334,95.3,642152
Lou Trivino,2020,p,28,"6' 5""",232,R,R,2018,,0.144240081,3.86,3.919990903,1.11,10.03,3.86,23.1,26,,4.06666,73.4,.241,1.157143109,94.0,642152
Lou Trivino,2021,p,29,"6' 5""",232,R,R,2018,,0.603926122,3.18,3.780893935,1.25,8.19,4.15,73.2,67,,4.47928,71.9,.269,0.610859813,95.1,642152
Lou Trivino,2022,p,30,"6' 5""",232,R,R,2018,,0.256008165,4.53,3.634170287,1.64,11.24,4.02,53.2,67,,3.339302857142857,73.0,.389,1.006211478,94.9,642152
Louis Coleman,2018,P,32,"6' 4""",205,R,R,2011,,0.117464423,3.51,4.582510061,1.31,7.19,4.21,51.1,41,,4.89282,78.8,.271,0.876623724,89.6,488786
Lucas Giolito,2018,p,23,"6' 6""",245,R,R,2016,,0.0580677763,6.13,5.560431857,1.48,6.49,4.67,173.1,125,,5.4602,63.5,.269,1.401923241,92.4,608337
Lucas Giolito,2019,p,24,"6' 6""",245,R,R,2016,,5.161978722,3.41,3.434764186,1.06,11.62,2.90,176.2,228,,3.66169,77.7,.274,1.222641474,94.2,608337
Lucas Giolito,2020,p,25,"6' 6""",245,R,R,2016,,2.034806252,3.48,3.191419315,1.04,12.07,3.48,72.1,97,,3.35313,69.9,.255,0.995391565,94.0,608337
Lucas Giolito,2021,p,26,"6' 6""",245,R,R,2016,,4.143494606,3.53,3.791302815,1.10,10.13,2.62,178.2,201,,3.75241,77.5,.270,1.360074704,93.8,608337
Lucas Giolito,2022,p,27,"6' 6""",245,R,R,2016,,1.756715655,4.90,4.058822814,1.44,9.85,3.40,161.2,177,,3.65813,71.1,.340,1.336082558,92.6,608337
Lucas Luetge,2021,P,34,"6' 4""",205,L,L,2012,,1.443414405,2.74,2.838236829,1.13,9.71,1.87,72.1,78,,3.66248,71.8,.308,0.74654391,88.2,476595
Lucas Luetge,2022,P,35,"6' 4""",205,L,L,2012,,0.898818552,2.67,3.02522168,1.40,9.42,2.67,57.1,60,,3.95149,82.9,.355,0.627907116,,476595
Lucas Sims,2018,p,24,"6' 2""",213,R,R,2017,3000000.0,-0.275656223,7.47,6.479579232,1.79,9.19,7.47,15.2,16,,5.993252340425532,65.9,.279,1.723403591,92.4,608371
Lucas Sims,2019,p,25,"6' 2""",213,R,R,2017,3000000.0,0.39049577,4.60,4.446567943,1.16,11.93,3.98,43.0,57,,4.5723,73.5,.256,1.67441905,93.5,608371
Lucas Sims,2020,p,26,"6' 2""",213,R,R,2017,3000000.0,0.442731827,2.45,3.69791291,0.94,11.92,3.86,25.2,34,,4.05663,74.6,.192,1.051948234,93.9,608371
Lucas Sims,2021,p,27,"6' 2""",213,R,R,2017,3000000.0,1.306571126,4.40,2.999821329,1.11,14.55,3.45,47.0,76,,3.02953,63.0,.308,1.148936357,95.1,608371
Lucas Sims,2022,p,28,"6' 2""",213,R,R,2017,3000000.0,-0.0322295949,9.45,4.762431395,1.65,6.75,8.10,6.2,5,,5.87269,41.7,.263,0.0,93.5,608371
Luis Avilán,2018,p,28,"6' 2""",235,L,L,2012,1.0,0.92261412,3.77,3.094255064,1.37,10.13,3.57,45.1,51,,4.01916125,70.2,.336,0.595588603,90.5,501593
Luis Avilán,2019,p,29,"6' 2""",235,L,L,2012,1.0,-0.131248534,5.06,4.964010414,1.47,8.44,3.94,32.0,30,,4.61115,74.4,.315,1.406250754,90.4,501593
Luis Avilán,2020,p,30,"6' 2""",235,L,L,2012,1.0,-0.105827823,4.32,5.951421947,1.68,9.72,5.40,8.1,9,,4.91397,89.3,.304,2.16000206,90.7,501593
Luis Avilán,2021,p,31,"6' 2""",235,L,L,2012,1.0,-0.0572997332,12.60,6.570034122,2.00,7.20,5.40,5.0,4,,6.08727,41.7,.333,1.8,89.3,501593
Luis Castillo,2018,2b,25,"6' 2""",200,R,R,2017,6250000.0,2.1721313,4.30,4.315637828,1.22,8.75,2.60,169.2,165,,3.68883,71.2,.284,1.485265181,95.7,622491
Luis Castillo,2019,2b,26,"6' 2""",200,R,R,2017,6250000.0,4.203364849,3.40,3.696526907,1.14,10.67,3.73,190.2,226,,3.47977,76.7,.265,1.038461428,96.4,622491
Luis Castillo,2020,2b,27,"6' 2""",200,R,R,2017,6250000.0,2.444332361,3.21,2.648562172,1.23,11.44,3.09,70.0,89,,2.82187,70.0,.329,0.642857143,94.1,622491
Luis Castillo,2021,2b,28,"6' 2""",200,R,R,2017,6250000.0,3.850286245,3.98,3.750851205,1.36,9.21,3.60,187.2,192,,3.62869,71.5,.323,0.911190103,97.2,622491
Luis Castillo,2022,2b,29,"6' 2""",200,R,R,2017,6250000.0,3.696687818,2.99,3.072519692,1.08,10.00,2.69,150.1,167,,3.228495964523282,75.3,.276,0.778270536,97.0,622491
Luis Cessa,2018,P,26,"6' 0""",222,R,R,2016,,0.395080559,5.24,3.742521186,1.43,7.86,2.62,44.2,39,,3.84031,64.9,.336,1.007462787,94.8,570666
Luis Cessa,2019,P,27,"6' 0""",222,R,R,2016,,0.0532748029,4.11,4.868330619,1.31,8.33,3.44,81.0,75,,4.51239,74.9,.277,1.555555702,94.5,570666
Luis Cessa,2020,P,28,"6' 0""",222,R,R,2016,,0.200084746,3.32,3.791419439,1.25,7.06,2.91,21.2,17,,4.99435,70.2,.273,0.830769401,93.6,570666
Luis Cessa,2021,P,29,"6' 0""",222,R,R,2016,,0.897752553,2.51,3.386529002,1.14,7.52,2.64,64.2,54,,3.8274248969072167,74.6,.276,0.695876398,92.0,570666
Luis Cessa,2022,P,30,"6' 0""",222,R,R,2016,,0.0526121855,4.57,5.021522061,1.29,6.58,3.12,80.2,59,,4.28851,71.8,.266,1.561983594,93.5,570666
Luis García,2018,p,31,"6' 2""",240,R,R,2013,1750000.0,0.624344289,6.07,3.508257836,1.46,9.98,3.52,46.0,51,,3.63449,61.2,.354,0.782609085,97.2,472610
Luis García,2019,p,32,"6' 2""",240,R,R,2013,1750000.0,-0.543087952,4.35,5.939816766,1.52,8.27,4.79,62.0,57,,5.10696,79.2,.284,1.887097355,96.9,472610
Luis García,2020,p,33,"6' 2""",240,R,R,2013,1750000.0,-0.0349951386,7.56,5.351420757,2.28,11.88,9.72,8.1,11,,5.64258,56.8,.375,1.080000721,96.6,472610
Luis García,2021,p,34,"6' 2""",240,R,R,2013,1750000.0,0.704902947,3.24,2.720034054,0.99,9.18,2.16,33.1,34,,3.52796,70.5,.256,0.540000082,96.7,472610
Luis García,2022,p,35,"6' 2""",240,R,R,2013,1750000.0,1.57604897,3.39,2.604234217,1.21,10.03,2.51,61.0,68,,3.1055,68.2,.327,0.442623006,96.8,472610
Luis Perdomo,2018,P,25,"6' 2""",218,R,R,2016,,0.425394561,7.05,4.257446657,1.88,7.86,4.43,44.2,39,,4.64628,61.4,.392,0.805970264,93.3,606131
Luis Perdomo,2019,P,26,"6' 2""",218,R,R,2016,,0.731805518,4.00,3.602898356,1.21,6.88,2.25,72.0,55,,4.17724,68.2,.296,0.749999983,93.2,606131
Luis Perdomo,2020,P,27,"6' 2""",218,R,R,2016,,-0.07817809,5.71,5.326035091,1.33,8.31,5.19,17.1,16,,4.411,58.5,.222,1.557692593,92.0,606131
Luis Perdomo,2022,P,29,"6' 2""",218,R,R,2016,,-0.151891217,3.80,4.802572028,1.14,4.56,1.14,23.2,12,,3.79385,80.4,.263,1.521126924,93.8,606131
Luis Severino,2018,p,24,"6' 2""",218,R,R,2015,22333333.0,5.3891716,3.39,2.951372353,1.14,10.35,2.16,191.1,220,,3.102,75.0,.315,0.893728175,97.6,622663
Luis Severino,2019,p,25,"6' 2""",218,R,R,2015,22333333.0,0.525550783,1.50,2.130676142,1.00,12.75,4.50,12.0,17,,3.95411,84.6,.250,0.0,96.1,622663
Luis Severino,2021,p,27,"6' 2""",218,R,R,2015,22333333.0,0.169567004,0.00,1.503367456,0.50,12.00,1.50,6.0,8,,2.97367,100.0,.167,0.0,95.2,622663
Luis Severino,2022,p,28,"6' 2""",218,R,R,2015,22333333.0,1.470651746,3.18,3.700666296,1.00,9.88,2.65,102.0,112,,3.38221,79.9,.239,1.235294118,95.5,622663
Luke Farrell,2018,P,27,"6' 6""",200,L,R,2017,,-0.21487527,5.17,5.20298485,1.47,11.20,4.60,31.1,39,,4.40718,67.2,.295,2.010638379,92.4,608652
Luke Farrell,2019,P,28,"6' 6""",200,L,R,2017,,0.0445285486,2.70,5.014010034,0.68,8.10,2.02,13.1,12,,5.3712,104.2,.100,2.025000628,91.6,608652
Luke Farrell,2020,P,29,"6' 6""",200,L,R,2017,,-0.0213328693,8.44,6.003920992,1.88,13.50,8.44,5.1,8,,5.73575,62.5,.364,1.687501006,91.4,608652
Luke Farrell,2021,P,30,"6' 6""",200,L,R,2017,,-0.136581466,4.74,4.832196456,1.66,9.12,4.74,24.2,25,,4.65535,79.1,.338,1.45945961,91.4,608652
Luke Farrell,2022,P,31,"6' 6""",200,L,R,2017,,-0.0519940201,5.40,5.245764471,1.67,8.40,4.20,15.0,14,,4.6195873333333335,72.1,.326,1.800000114,91.1,608652
Luke Gregerson,2018,p,34,"6' 3""",205,L,R,2009,5500000.0,-0.091237098,7.11,4.739380093,1.58,8.53,4.26,12.2,12,,3.72987,58.1,.324,1.421053666,,502381
Luke Gregerson,2019,p,35,"6' 3""",205,L,R,2009,5500000.0,0.0740469173,7.94,3.037538749,2.12,3.18,1.59,5.2,2,,4.79271,58.3,.458,0.0,,502381
Luke Jackson,2018,p,26,"6' 2""",210,R,R,2015,,0.319611549,4.43,3.553874297,1.52,10.18,4.65,40.2,46,,3.9351,70.2,.342,0.663934592,94.2,592426
Luke Jackson,2019,p,27,"6' 2""",210,R,R,2015,,1.260049224,3.84,3.241532415,1.40,13.13,3.22,72.2,106,,2.52014,77.8,.388,1.238532283,96.1,592426
Luke Jackson,2020,p,28,"6' 2""",210,R,R,2015,,0.0807945654,6.84,4.368634903,1.97,6.84,4.44,26.1,20,,4.69936,60.5,.389,0.683544535,94.2,592426
Luke Jackson,2021,p,29,"6' 2""",210,R,R,2015,,0.626401663,1.98,3.656945195,1.16,9.90,4.10,63.2,70,,3.76201,90.2,.255,0.848167675,95.8,592426
Luke Weaver,2018,p,24,"6' 2""",180,R,R,2016,11000000.0,1.301631182,4.95,4.451385101,1.50,7.99,3.56,136.1,121,,4.45683,68.7,.325,1.25427871,93.7,596133
Luke Weaver,2019,p,25,"6' 2""",180,R,R,2016,11000000.0,1.782435894,2.94,3.074113075,1.07,9.65,1.96,64.1,69,,3.8715,78.6,.292,0.839378404,93.8,596133
Luke Weaver,2020,p,26,"6' 2""",180,R,R,2016,11000000.0,0.455742568,6.58,4.672188872,1.56,9.52,3.12,52.0,55,,5.06461,63.2,.349,1.730769612,93.4,596133
Luke Weaver,2021,p,27,"6' 2""",180,R,R,2016,11000000.0,0.58906728,4.25,4.418765135,1.19,8.50,2.74,65.2,62,,4.25623,70.8,.266,1.507614272,93.6,596133
Luke Weaver,2022,p,28,"6' 2""",180,R,R,2016,11000000.0,0.464051746,6.56,2.691870224,1.82,9.59,3.28,35.2,38,,3.821588504672897,58.6,.429,0.252336467,94.9,596133
Madison Bumgarner,2018,p,28,"6' 4""",240,R,L,2009,17000000.0,1.496877313,3.26,3.993336525,1.24,7.57,2.98,129.2,109,,4.32202,78.6,.277,0.971722441,90.8,518516
Madison Bumgarner,2019,p,29,"6' 4""",240,R,L,2009,17000000.0,3.272519112,3.90,3.90261299,1.13,8.80,1.86,207.2,203,,4.31395,71.8,.292,1.300160482,91.4,518516
Madison Bumgarner,2020,p,30,"6' 4""",240,R,L,2009,17000000.0,-0.561058342,6.48,7.175419923,1.44,6.48,2.81,41.2,30,,5.84986,73.2,.266,2.808000428,88.4,518516
Madison Bumgarner,2021,p,31,"6' 4""",240,R,L,2009,17000000.0,1.391590238,4.67,4.632448752,1.18,7.63,2.40,146.1,124,,4.85147,67.8,.267,1.476082056,90.3,518516
Madison Bumgarner,2022,p,32,"6' 4""",240,R,L,2009,17000000.0,0.363733888,4.88,4.84562439,1.44,6.35,2.78,158.2,112,,4.83126,69.3,.307,1.418067318,91.2,518516
Marc Rzepczynski,2018,p,32,"6' 2""",220,L,L,2009,5500000.0,-0.280359963,6.97,6.450755928,2.52,9.58,8.71,10.1,11,,4.893619032258065,64.7,.412,1.741936422,91.9,519240
Marco Estrada,2018,p,34,"6' 0""",180,R,R,2008,4000000.0,0.394661814,5.64,5.436533583,1.43,6.45,3.13,143.2,103,,5.78991,69.7,.286,1.816705272,,462136
Marco Estrada,2019,p,35,"6' 0""",180,R,R,2008,4000000.0,-0.168135166,6.85,7.523869788,1.31,4.18,3.04,23.2,11,,8.30159,62.0,.208,2.661972546,87.3,462136
Marco Gonzales,2018,p,26,"6' 1""",205,L,L,2014,,3.48201108,4.00,3.430431592,1.22,7.83,1.73,166.2,145,,3.59089,72.0,.320,0.918000056,90.1,594835
Marco Gonzales,2019,p,27,"6' 1""",205,L,L,2014,,3.606925488,3.99,4.154896175,1.31,6.52,2.48,203.0,147,,5.11215,69.2,.295,1.019704433,88.9,594835
Marco Gonzales,2020,p,28,"6' 1""",205,L,L,2014,,1.950460911,3.10,3.320605937,0.95,8.27,0.90,69.2,64,,4.12511,73.1,.263,1.033492974,88.2,594835
Marco Gonzales,2021,p,29,"6' 1""",205,L,L,2014,,0.534256518,3.96,5.277010941,1.17,6.78,2.64,143.1,108,,5.15792,82.2,.240,1.820930297,88.4,594835
Marco Gonzales,2022,p,30,"6' 1""",205,L,L,2014,,-0.0729827732,4.13,5.052321712,1.33,5.07,2.46,183.0,103,,4.895,73.7,.278,1.475409836,,594835
Marcus Stroman,2018,p,27,"5' 7""",180,R,R,2014,18500000.0,1.40761137,5.54,3.912874498,1.48,6.77,3.17,102.1,77,,3.83476,60.5,.328,0.791530866,91.9,573186
Marcus Stroman,2019,p,28,"5' 7""",180,R,R,2014,18500000.0,3.84527421,3.22,3.718530275,1.31,7.76,2.83,184.1,159,,3.992253634719711,76.1,.308,0.878842682,91.9,573186
Marcus Stroman,2021,p,30,"5' 7""",180,R,R,2014,18500000.0,3.467393875,3.02,3.494056469,1.15,7.94,2.21,179.0,158,,3.57037,75.5,.289,0.854748603,91.4,573186
Marcus Stroman,2022,p,31,"5' 7""",180,R,R,2014,18500000.0,1.954119205,3.50,3.761469511,1.15,7.72,2.34,138.2,119,,3.48918,72.5,.272,1.038461615,91.7,573186
Mark Leiter Jr.,2018,P,27,"6' 0""",210,R,R,2017,,-0.540411413,7.71,6.97471781,2.01,8.49,4.63,23.1,22,,5.056648571428571,53.6,.350,2.700000368,91.3,643410
Mark Leiter Jr.,2022,P,31,"6' 0""",210,R,R,2017,,0.215259403,3.99,4.294697106,1.14,9.71,3.33,67.2,73,,3.62053,74.3,.251,1.330049367,91.0,643410
Mark Melancon,2018,p,33,"6' 1""",215,R,R,2009,,0.353464305,3.23,3.391200829,1.59,7.15,3.23,39.0,31,,3.91031,74.8,.365,0.461538507,91.3,453343
Mark Melancon,2019,p,34,"6' 1""",215,R,R,2009,,1.259127676,3.61,2.857573775,1.32,9.09,2.41,67.1,68,,3.060201534653465,73.8,.349,0.534653551,91.8,453343
Mark Melancon,2020,p,35,"6' 1""",215,R,R,2009,,0.266107261,2.78,3.720831095,1.28,5.56,2.78,22.2,14,,4.42337,77.7,.300,0.397058835,91.9,453343
Mark Melancon,2021,p,36,"6' 1""",215,R,R,2009,,1.072769523,2.23,3.35560114,1.22,8.21,3.48,64.2,59,,3.45185,79.3,.284,0.556701053,92.0,453343
Mark Melancon,2022,p,37,"6' 1""",215,R,R,2009,,0.086621061,4.66,4.20171679,1.50,5.63,3.38,56.0,35,,4.62711,61.5,.315,0.803571483,90.9,453343
Martín Pérez,2018,p,27,"6' 0""",210,L,L,2012,,-0.0503196791,6.22,5.715119228,1.78,5.48,3.80,85.1,52,,4.98085,65.3,.345,1.687500101,92.6,527048
Martín Pérez,2019,p,28,"6' 0""",210,L,L,2012,,1.85345988,5.12,4.659573803,1.52,7.35,3.65,165.1,135,,4.69192,67.6,.318,1.252015965,94.0,527048
Martín Pérez,2020,p,29,"6' 0""",210,L,L,2012,,0.448661864,4.50,4.884967494,1.34,6.68,4.06,62.0,46,,5.19803,70.9,.267,1.16129018,90.4,527048
Martín Pérez,2021,p,30,"6' 0""",210,L,L,2012,,0.663508706,4.74,4.819157067,1.51,7.66,2.84,114.0,97,,4.47876,71.2,.337,1.500000125,91.5,527048
Martín Pérez,2022,p,31,"6' 0""",210,L,L,2012,,3.871520042,2.89,3.265232364,1.26,7.75,3.16,196.1,169,,3.80361,77.0,.298,0.504244495,91.7,527048
Masahiro Tanaka,2018,p,29,"6' 2""",214,R,R,2014,,2.431517601,3.75,4.012995762,1.13,9.17,2.02,156.0,159,,3.42247,77.7,.286,1.442307833,91.2,547888
Masahiro Tanaka,2019,p,30,"6' 2""",214,R,R,2014,,3.225414872,4.45,4.268954531,1.24,7.37,1.98,182.0,149,,4.29095,70.4,.293,1.384615385,91.3,547888
Masahiro Tanaka,2020,p,31,"6' 2""",214,R,R,2014,,0.790341616,3.56,4.420585982,1.17,8.25,1.50,48.0,44,,4.19258,72.7,.291,1.6875,92.1,547888
Matt Albers,2018,p,35,"6' 1""",225,L,R,2006,,-0.881910443,7.34,6.30606276,1.66,8.39,3.15,34.1,32,,4.20334,66.7,.347,2.62135932,91.6,458006
Matt Albers,2019,p,36,"6' 1""",225,L,R,2006,,-0.0439662486,5.13,4.655350688,1.37,8.60,4.37,59.2,57,,4.54593,69.1,.283,1.206704271,92.8,458006
Matt Andriese,2018,P,28,"6' 2""",215,R,R,2015,,-0.0256025568,5.26,4.685855169,1.39,8.92,2.86,78.2,78,,3.697694915254237,66.7,.315,1.716101542,92.2,542882
Matt Andriese,2019,P,29,"6' 2""",215,R,R,2015,,0.706213832,4.71,3.723443566,1.40,10.06,3.44,70.2,79,,3.8844,71.6,.335,1.018868181,92.5,542882
Matt Andriese,2020,P,30,"6' 2""",215,R,R,2015,,0.329611748,4.50,4.28516892,1.00,9.28,3.09,32.0,33,,4.06168,61.5,.211,1.406249492,91.7,542882
Matt Andriese,2021,P,31,"6' 2""",215,R,R,2015,,0.0998550057,5.21,4.038999731,1.61,9.31,2.42,48.1,50,,4.017949586206896,65.1,.395,1.303448413,91.8,542882
Matt Barnes,2018,p,28,"6' 4""",208,R,R,2014,,1.23296535,3.65,2.706377419,1.26,14.01,4.52,61.2,96,,2.83077,75.3,.321,0.729729895,96.0,598264
Matt Barnes,2019,p,29,"6' 4""",208,R,R,2014,,1.283283114,3.78,3.276185661,1.38,15.39,5.32,64.1,110,,2.92734,77.7,.341,1.119171338,96.6,598264
Matt Barnes,2020,p,30,"6' 4""",208,R,R,2014,,-0.0782943368,4.30,4.843593091,1.39,12.13,5.48,23.0,31,,4.00798,73.9,.280,1.565217262,95.1,598264
Matt Barnes,2021,p,31,"6' 4""",208,R,R,2014,,1.307235837,3.79,3.206619493,1.12,13.83,3.29,54.2,84,,3.01475,73.4,.306,1.317073324,95.8,598264
Matt Barnes,2022,p,32,"6' 4""",208,R,R,2014,,0.11718674,4.31,3.868733644,1.44,7.71,4.76,39.2,34,,4.96732,66.4,.296,0.453781585,94.9,598264
Matt Belisle,2018,p,38,"6' 3""",230,R,R,2003,,-0.214874679,7.86,5.199266829,1.75,6.55,2.88,34.1,25,,4.755420194174757,56.8,.371,1.572815767,90.5,279571
Matt Bowman,2018,P,27,"6' 0""",185,R,R,2016,,-0.123517573,6.26,4.725649097,1.74,10.17,4.30,23.0,26,,3.82916,70.6,.385,1.565217521,91.5,621199
Matt Bowman,2019,P,28,"6' 0""",185,R,R,2016,,0.336134344,3.66,3.682759587,1.25,7.03,3.66,32.0,25,,4.54865,67.2,.258,0.562500134,92.7,621199
Matt Bush,2018,P,32,"5' 10""",193,R,R,2016,,-0.104110539,4.70,5.290866535,1.61,7.43,5.48,23.0,19,,5.24683,74.7,.286,1.173913141,95.5,456713
Matt Bush,2021,P,35,"5' 10""",193,R,R,2016,,-0.229298323,6.75,11.17003412,1.25,11.25,2.25,4.0,5,,4.94876,250.0,.125,6.75,95.0,456713
Matt Bush,2022,P,36,"5' 10""",193,R,R,2016,,0.0954016708,3.47,4.084498129,1.02,11.16,2.72,59.2,74,,3.2757308938547487,67.9,.235,1.659218028,96.2,456713
Matt Festa,2018,P,25,"6' 1""",195,R,R,2018,,0.0925611053,2.16,3.280431656,1.80,4.32,2.16,8.1,4,,5.46057,87.5,.394,0.0,89.6,670036
Matt Festa,2019,P,26,"6' 1""",195,R,R,2018,,-0.261112183,5.64,6.124457403,1.43,8.46,4.84,22.1,21,,5.61887,70.4,.254,2.014925488,89.8,670036
Matt Festa,2022,P,29,"6' 1""",195,R,R,2018,,-0.163370103,4.17,4.260579312,1.13,10.67,3.00,54.0,64,,3.47061,75.5,.268,1.666666902,87.1,670036
Matt Grace,2018,P,29,"6' 4""",215,L,L,2015,,0.627898633,2.87,3.395068487,1.14,7.24,1.96,59.2,48,,3.88348,76.2,.281,0.754190073,91.2,594840
Matt Grace,2019,P,30,"6' 4""",215,L,L,2015,,-0.374399588,6.36,5.549724843,1.52,6.75,1.93,46.2,35,,4.36097,67.7,.340,2.121429554,91.1,594840
Matt Grace,2020,P,31,"6' 4""",215,L,L,2015,,-0.108547673,54.00,18.19141932,7.00,18.00,18.00,1.0,2,,10.9763,17.9,.800,9.0,88.9,594840
Matt Harvey,2018,p,29,"6' 4""",220,R,R,2012,1.0,1.651302554,4.94,4.566883189,1.30,7.61,2.15,155.0,131,,4.209716,71.1,.303,1.567741935,92.4,518774
Matt Harvey,2019,p,30,"6' 4""",220,R,R,2012,1.0,-0.204905406,7.09,6.348087421,1.54,5.88,4.37,59.2,39,,5.44933,61.2,.276,1.960893688,93.2,518774
Matt Harvey,2020,p,31,"6' 4""",220,R,R,2012,1.0,-0.445504017,11.57,9.448564559,2.74,7.71,3.86,11.2,10,,5.40734,72.0,.477,4.628573194,94.1,518774
Matt Harvey,2021,p,32,"6' 4""",220,R,R,2012,1.0,1.860275269,6.27,4.603454602,1.54,6.70,2.61,127.2,95,,4.81084,60.4,.333,1.339425694,91.6,518774
Matt Koch,2018,P,27,"6' 3""",215,L,R,2016,,-0.826450497,4.15,5.825816328,1.27,5.19,2.28,86.2,50,,4.74813,81.7,.264,1.973077024,90.7,571863
Matt Koch,2019,P,28,"6' 3""",215,L,R,2016,,-0.534369469,9.15,8.681755112,1.60,3.92,1.74,20.2,9,,6.92205,63.4,.300,3.483873326,91.1,571863
Matt Koch,2022,P,31,"6' 3""",215,L,R,2016,,-0.159986705,8.31,8.420123699,1.38,6.23,2.08,4.1,3,,5.15313,62.5,.231,4.153846459,90.9,571863
Matt Moore,2018,p,29,"6' 3""",210,L,L,2011,,0.188084647,6.79,5.24866726,1.66,7.59,3.62,102.0,86,,5.06164,62.4,.342,1.676470902,92.0,519043
Matt Moore,2019,p,30,"6' 3""",210,L,L,2011,,0.451881468,0.00,1.714009476,0.40,8.10,0.90,10.0,9,,3.10645,100.0,.130,0.0,91.9,519043
Matt Moore,2021,p,32,"6' 3""",210,L,L,2011,,-0.173961356,6.29,5.759075286,1.59,7.77,4.68,73.0,63,,5.26308,66.0,.303,1.849315117,92.0,519043
Matt Moore,2022,p,33,"6' 3""",210,L,L,2011,,1.348307848,1.95,2.977295853,1.18,10.09,4.62,74.0,83,,3.87062,81.1,.257,0.364864902,93.9,519043
Matt Shoemaker,2018,p,31,"6' 2""",225,R,R,2013,2000000.0,0.65359211,4.94,3.353979903,1.26,9.58,2.90,31.0,33,,3.64097,64.2,.313,0.870967474,91.2,533167
Matt Shoemaker,2019,p,32,"6' 2""",225,R,R,2013,2000000.0,0.598682106,1.57,3.946567534,0.87,7.53,2.83,28.2,24,,4.45966,87.2,.183,0.941860361,90.4,533167
Matt Shoemaker,2020,p,33,"6' 2""",225,R,R,2013,2000000.0,-0.0622490011,4.71,5.947232963,1.08,8.16,2.83,28.2,26,,4.1355,75.8,.197,2.511627628,92.0,533167
Matt Shoemaker,2021,p,34,"6' 2""",225,R,R,2013,2000000.0,-0.756701767,8.06,6.567824357,1.66,5.97,4.03,60.1,40,,5.44132,57.3,.296,2.237569179,91.6,533167
Matt Strahm,2018,p,26,"6' 2""",190,R,L,2016,7500000.0,0.88842985,2.05,3.356083784,0.98,10.13,3.08,61.1,69,,3.8347,86.1,.228,0.880434938,93.4,621381
Matt Strahm,2019,p,27,"6' 2""",190,R,L,2016,7500000.0,1.126757503,4.71,4.408777063,1.25,9.26,1.73,114.2,118,,4.27388,74.7,.315,1.726744397,91.4,621381
Matt Strahm,2020,p,28,"6' 2""",190,R,L,2016,7500000.0,0.00402381597,2.61,4.933355335,0.87,6.53,1.74,20.2,15,,5.00564,90.4,.196,1.306452015,92.9,621381
Matt Strahm,2021,p,29,"6' 2""",190,R,L,2016,7500000.0,0.129686557,8.10,2.420033944,2.40,5.40,1.35,6.2,4,,4.00796,62.5,.500,0.0,93.1,621381
Matt Strahm,2022,p,30,"6' 2""",190,R,L,2016,7500000.0,0.324865043,3.83,3.716908803,1.23,10.48,3.43,44.2,52,,4.01824,67.9,.289,1.007463002,94.1,621381
Matt Wisler,2018,P,25,"6' 3""",215,R,R,2015,,0.12087319,4.28,4.685431976,1.20,7.20,1.57,40.0,32,,4.521563333333333,76.1,.280,1.800000472,92.2,605538
Matt Wisler,2019,P,26,"6' 3""",215,R,R,2015,,0.418687358,5.61,4.226996683,1.40,11.05,2.81,51.1,63,,3.825819155844156,65.5,.343,1.75324709,92.8,605538
Matt Wisler,2020,P,27,"6' 3""",215,R,R,2015,,0.577438384,1.07,3.34931406,1.14,12.43,4.97,25.1,35,,4.98707,99.3,.241,0.710526351,91.9,605538
Matt Wisler,2021,P,28,"6' 3""",215,R,R,2015,,1.099319244,3.70,2.964554619,1.07,11.47,2.03,48.2,62,,3.537058356164384,65.0,.304,1.109589317,91.5,605538
Matt Wisler,2022,P,29,"6' 3""",215,R,R,2015,,0.198481508,2.25,4.248794786,1.00,7.16,2.86,44.0,35,,4.89849,73.0,.202,1.227272887,89.7,605538
Matthew Boyd,2018,P,27,"6' 3""",223,L,L,2015,,2.179098606,4.39,4.4461459,1.16,8.40,2.69,170.1,159,,4.72231,71.1,.259,1.426614524,90.4,571510
Matthew Boyd,2019,P,28,"6' 3""",223,L,L,2015,,3.185492992,4.56,4.320124614,1.23,11.56,2.43,185.1,238,,3.8814,74.4,.310,1.893884944,92.0,571510
Matthew Boyd,2020,P,29,"6' 3""",223,L,L,2015,,-0.0601575263,6.71,5.777054402,1.48,8.95,3.28,60.1,60,,4.97401,65.8,.310,2.237568825,91.6,571510
Matthew Boyd,2021,P,30,"6' 3""",223,L,L,2015,,1.369502902,3.89,4.098000254,1.27,7.67,2.63,78.2,67,,4.78626,74.2,.296,1.02966105,91.9,571510
Matthew Boyd,2022,P,31,"6' 3""",223,L,L,2015,,0.102149546,1.35,3.187431009,0.98,8.78,5.40,13.1,13,,4.40874,85.7,.167,0.0,92.0,571510
Max Fried,2018,p,24,"6' 4""",190,L,L,2017,27250000.0,0.396293275,2.94,3.665382023,1.37,11.76,5.35,33.2,44,,3.24283,82.2,.324,0.801980122,93.0,608331
Max Fried,2019,p,25,"6' 4""",190,L,L,2017,27250000.0,2.997020483,4.02,3.715015566,1.33,9.40,2.55,165.2,173,,3.31589,74.3,.338,1.140845193,93.8,608331
Max Fried,2020,p,26,"6' 4""",190,L,L,2017,27250000.0,1.516851902,2.25,3.102133601,1.09,8.04,3.05,56.0,50,,4.04963,82.0,.268,0.321428571,93.0,608331
Max Fried,2021,p,27,"6' 4""",190,L,L,2017,27250000.0,3.744220972,3.04,3.308867116,1.09,8.58,2.23,165.2,158,,3.45241,75.9,.281,0.814889311,93.9,608331
Max Fried,2022,p,28,"6' 4""",190,L,L,2017,27250000.0,4.910667419,2.48,2.702359048,1.01,8.26,1.55,185.1,170,,3.09072,78.2,.280,0.582733829,93.9,608331
Max Scherzer,2018,p,33,"6' 3""",208,R,R,2008,3000000.0,7.47443819,2.53,2.652878682,0.91,12.24,2.08,220.2,300,,3.06427,81.3,.267,0.938066509,93.5,453286
Max Scherzer,2019,p,34,"6' 3""",208,R,R,2008,3000000.0,6.472187042,2.92,2.448052006,1.03,12.69,1.72,172.1,243,,2.87935,78.7,.322,0.940038712,94.2,453286
Max Scherzer,2020,p,35,"6' 3""",208,R,R,2008,3000000.0,1.835896015,3.74,3.458746068,1.38,12.30,3.07,67.1,92,,3.5327,80.0,.355,1.336633764,94.1,453286
Max Scherzer,2021,p,36,"6' 3""",208,R,R,2008,3000000.0,5.36945653,2.46,2.974866831,0.86,11.84,1.81,179.1,236,,3.235917063197026,84.3,.249,1.154275126,93.6,453286
Max Scherzer,2022,p,37,"6' 3""",208,R,R,2008,3000000.0,4.480373859,2.29,2.61701814,0.91,10.71,1.49,145.1,173,,3.22654,83.3,.279,0.8050459,93.2,453286
Merrill Kelly,2019,p,30,"6' 2""",202,R,R,2019,20000000.0,1.878558755,4.42,4.512191222,1.31,7.76,2.80,183.1,158,,4.58247,73.1,.294,1.423636285,91.3,518876
Merrill Kelly,2020,p,31,"6' 2""",202,R,R,2019,20000000.0,0.584856093,2.59,3.989291494,0.99,8.33,1.44,31.1,29,,3.94567,92.0,.247,1.436169921,90.8,518876
Merrill Kelly,2021,p,32,"6' 2""",202,R,R,2019,20000000.0,2.22349596,4.44,4.106742983,1.29,7.41,2.34,158.0,130,,4.24376,70.5,.305,1.196202532,90.6,518876
Merrill Kelly,2022,p,33,"6' 2""",202,R,R,2019,20000000.0,3.178252459,3.37,3.651532513,1.14,7.95,2.74,200.1,177,,3.85538,76.3,.269,0.943427645,92.1,518876
Michael Feliz,2018,P,25,"6' 4""",250,R,R,2015,,0.186704308,5.66,4.125466824,1.51,10.38,4.34,47.2,55,,4.32551,63.1,.331,1.132867465,94.7,593140
Michael Feliz,2019,P,26,"6' 4""",250,R,R,2015,,0.0440309495,3.99,4.705134351,1.26,11.66,4.31,56.1,73,,4.28535,79.9,.264,1.757397175,95.1,593140
Michael Feliz,2020,P,27,"6' 4""",250,R,R,2015,,-0.100358389,32.40,13.99142344,3.60,10.80,10.80,1.2,2,,8.50525,17.9,.500,5.40000206,93.9,593140
Michael Feliz,2021,P,28,"6' 4""",250,R,R,2015,,0.0054112561,7.20,4.620034332,1.65,9.90,3.15,20.0,22,,4.578378833333334,58.4,.386,1.80000026,93.8,593140
Michael Feliz,2022,P,29,"6' 4""",250,R,R,2015,,-0.0560852289,2.70,6.412431316,0.90,10.80,5.40,3.1,4,,2.95654,62.5,.000,2.700000257,93.9,593140
Michael Fulmer,2018,p,25,"6' 2""",221,R,R,2016,,1.455943108,4.69,4.520632983,1.31,7.48,3.13,132.1,110,,4.28911,68.2,.289,1.292191336,95.8,605242
Michael Fulmer,2020,p,27,"6' 2""",221,R,R,2016,,-0.315276444,8.78,6.914310454,2.06,6.51,3.90,27.2,20,,5.66436,66.2,.394,2.60240934,91.6,605242
Michael Fulmer,2021,p,28,"6' 2""",221,R,R,2016,,1.520421371,2.97,3.457115481,1.28,9.43,2.58,69.2,73,,3.87305,79.6,.323,0.904306278,92.9,605242
Michael Fulmer,2022,p,29,"6' 2""",221,R,R,2016,,0.679194041,3.39,3.567928443,1.37,8.62,3.96,63.2,61,,4.448562146596859,75.2,.309,0.5654451,91.5,605242
Michael King,2019,p,24,"6' 3""",210,R,R,2019,25000000.0,0.0298538394,0.00,2.214009476,1.00,4.50,0.00,2.0,1,,6.19242,50.0,.250,0.0,91.4,650633
Michael King,2020,p,25,"6' 3""",210,R,R,2019,25000000.0,0.0648545921,7.76,5.141418595,1.54,8.78,3.71,26.2,26,,5.09017,55.6,.325,1.687499376,93.1,650633
Michael King,2021,p,26,"6' 3""",210,R,R,2019,25000000.0,0.683571965,3.55,3.86477102,1.28,8.81,3.41,63.1,62,,4.19326,73.8,.291,0.852631647,94.1,650633
Michael King,2022,p,27,"6' 3""",210,R,R,2019,25000000.0,1.702275634,2.29,2.230077928,1.00,11.65,2.82,51.0,66,,2.42326,76.9,.281,0.529411844,95.8,650633
Michael Kopech,2018,p,22,"6' 3""",220,R,R,2018,,-0.0507588983,5.02,6.160432241,1.53,9.42,1.26,14.1,15,,4.95234,88.8,.381,2.511628464,95.4,656629
Michael Kopech,2021,p,25,"6' 3""",220,R,R,2018,,1.724986672,3.50,2.968111031,1.13,13.37,3.12,69.1,103,,2.9856,78.3,.304,1.168269316,97.0,656629
Michael Kopech,2022,p,26,"6' 3""",220,R,R,2018,,1.012346029,3.54,4.495112625,1.19,7.92,4.30,119.1,105,,4.83348,74.2,.223,1.131284964,94.9,656629
Michael Lorenzen,2018,p,26,"6' 1""",217,R,R,2015,8000000.0,0.461595193,3.11,4.160431788,1.38,6.00,3.78,81.0,54,,4.46167,77.9,.294,0.666666808,93.7,547179
Michael Lorenzen,2019,p,27,"6' 1""",217,R,R,2015,8000000.0,1.251107335,2.92,3.658009665,1.15,9.18,3.02,83.1,85,,3.97268,80.8,.274,0.972000415,95.6,547179
Michael Lorenzen,2020,p,28,"6' 1""",217,R,R,2015,8000000.0,0.523189576,4.28,3.874587684,1.40,9.36,4.54,33.2,35,,4.54899,70.8,.300,0.801980259,95.4,547179
Michael Lorenzen,2021,p,29,"6' 1""",217,R,R,2015,8000000.0,0.234694541,5.59,4.170034254,1.38,6.52,4.34,29.0,21,,4.91616,60.2,.279,0.620689737,94.4,547179
Michael Lorenzen,2022,p,30,"6' 1""",217,R,R,2015,8000000.0,0.993107378,4.24,4.310383251,1.28,7.83,4.05,97.2,85,,4.19522,71.3,.262,1.013651904,93.5,547179
Michael Pineda,2019,p,30,"6' 7""",280,R,R,2011,5500000.0,2.616966963,4.01,4.022228654,1.16,8.63,1.73,146.0,140,,4.30411,74.8,.294,1.417808219,91.3,501381
Michael Pineda,2020,p,31,"6' 7""",280,R,R,2011,5500000.0,1.090206027,3.38,2.216419432,1.20,8.44,2.36,26.2,25,,4.45805,69.7,.321,0.0,92.1,501381
Michael Pineda,2021,p,32,"6' 7""",280,R,R,2011,5500000.0,1.318794638,3.62,4.212717098,1.23,7.24,1.73,109.1,88,,4.28925,77.7,.297,1.399390309,90.6,501381
Michael Pineda,2022,p,33,"6' 7""",280,R,R,2011,5500000.0,-0.439427257,5.79,6.133859738,1.41,5.01,1.54,46.2,26,,4.79643,73.2,.294,2.507142994,89.9,501381
Michael Soroka,2018,p,20,"6' 5""",250,R,R,2018,7500000.0,0.622343123,3.51,2.848743303,1.44,7.36,2.45,25.2,21,,3.62922,64.6,.349,0.350649307,92.6,647336
Michael Soroka,2019,p,21,"6' 5""",250,R,R,2018,7500000.0,4.010925293,2.68,3.454467463,1.11,7.32,2.11,174.2,142,,3.84744,79.9,.282,0.721373962,92.5,647336
Michael Soroka,2020,p,22,"6' 5""",250,R,R,2018,7500000.0,0.255547374,3.95,3.776785441,1.32,5.27,4.61,13.2,8,,4.62334,63.2,.268,0.0,92.1,647336
Michael Wacha,2018,p,26,"6' 6""",215,R,R,2013,16000000.0,0.80432862,3.20,4.215767321,1.23,7.58,3.84,84.1,71,,4.12098,74.9,.253,0.960474106,92.3,608379
Michael Wacha,2019,p,27,"6' 6""",215,R,R,2013,16000000.0,-0.282030303,4.76,5.614008982,1.56,7.39,3.91,126.2,104,,4.79869,79.0,.318,1.847368041,92.2,608379
Michael Wacha,2020,p,28,"6' 6""",215,R,R,2013,16000000.0,0.0427949643,6.62,5.250242845,1.56,9.79,1.85,34.0,37,,4.30449,68.4,.366,2.382352941,91.3,608379
Michael Wacha,2021,p,29,"6' 6""",215,R,R,2013,16000000.0,1.08742249,5.05,4.469499429,1.31,8.74,2.24,124.2,121,,3.91095,69.7,.313,1.660427892,92.0,608379
Michael Wacha,2022,p,30,"6' 6""",215,R,R,2013,16000000.0,1.53104043,3.32,4.141226854,1.12,7.35,2.19,127.1,104,,3.98929,80.3,.260,1.27225136,91.8,608379
Miguel Castro,2018,p,23,"6' 7""",201,R,R,2015,,-0.234196201,3.96,5.106377674,1.45,5.94,5.21,86.1,57,,5.37727,75.8,.259,0.938224012,95.4,612434
Miguel Castro,2019,p,24,"6' 7""",201,R,R,2015,,0.467684627,4.66,4.727645944,1.42,8.71,5.03,73.1,71,,4.85371,68.9,.269,1.227272812,95.3,612434
Miguel Castro,2020,p,25,"6' 7""",201,R,R,2015,,0.291223601,4.01,3.921149459,1.66,13.86,4.74,24.2,38,,3.2983406756756755,82.4,.407,1.459460287,96.5,612434
Miguel Castro,2021,p,26,"6' 7""",201,R,R,2015,,0.104607899,3.45,4.364347135,1.29,9.85,5.50,70.1,77,,4.47531,76.8,.241,0.895734759,96.0,612434
Miguel Castro,2022,p,27,"6' 7""",201,R,R,2015,,0.0895357579,4.03,3.836569123,1.45,9.62,4.66,29.0,31,,4.2162,69.4,.321,0.620689818,96.0,612434
Miguel Díaz,2018,P,23,"6' 0""",221,R,R,2017,,0.165822774,4.82,3.267574415,1.50,14.46,5.79,18.2,30,,3.55582,67.5,.341,0.96428555,95.6,622766
Miguel Díaz,2019,P,24,"6' 0""",221,R,R,2017,,-0.050229691,7.11,5.424538399,1.58,5.68,1.42,6.1,4,,5.8846,66.0,.381,1.421054308,92.9,622766
Miguel Díaz,2021,P,26,"6' 0""",221,R,R,2017,,-0.0816308856,3.64,4.812891265,1.19,9.86,4.07,42.0,46,,3.84901,79.9,.235,1.714285714,94.4,622766
Miguel Díaz,2022,P,27,"6' 0""",221,R,R,2017,,0.0380572826,2.45,3.112431002,0.82,7.36,4.91,3.2,3,,4.72736,66.7,.111,0.0,95.6,622766
Miguel González,2018,p,34,"6' 1""",180,R,R,2012,,-0.300701797,12.41,8.025297695,2.43,3.65,4.38,12.1,5,,6.21955,49.2,.392,2.918919671,89.8,456068
Mike Clevinger,2018,p,27,"6' 4""",215,R,R,2016,,4.179400921,3.02,3.520431548,1.16,9.32,3.02,200.0,207,,3.8566,79.8,.280,0.944999928,93.6,605182
Mike Clevinger,2019,p,28,"6' 4""",215,R,R,2016,,4.484679699,2.71,2.491787297,1.06,12.07,2.64,126.0,169,,3.08614,80.2,.306,0.714285671,95.4,605182
Mike Clevinger,2020,p,29,"6' 4""",215,R,R,2016,,0.72234023,3.02,4.151419242,1.15,8.64,3.02,41.2,40,,4.1768504,85.9,.277,1.295999901,94.0,605182
Mike Clevinger,2022,p,31,"6' 4""",215,R,R,2016,,0.409073986,4.33,4.975404845,1.20,7.16,2.76,114.1,91,,4.76006,76.5,.250,1.574344093,93.4,605182
Mike Dunn,2018,p,33,"6' 0""",212,L,L,2009,6333333.0,-0.18311885,9.00,5.689843908,2.35,6.35,9.53,17.0,12,,6.86821,59.6,.404,0.529411884,92.0,445197
Mike Dunn,2019,p,34,"6' 0""",212,L,L,2009,6333333.0,-0.0511798188,7.13,5.478161967,1.30,7.64,3.06,17.2,15,,5.34967,51.7,.260,2.037737242,91.4,445197
Mike Fiers,2018,P,33,"6' 2""",211,R,R,2011,,1.444390476,3.56,4.747640863,1.18,7.27,1.94,172.0,139,,4.508784418604651,84.2,.270,1.674418588,89.4,571666
Mike Fiers,2019,P,34,"6' 2""",211,R,R,2011,,1.713758588,3.90,4.968521918,1.19,6.14,2.58,184.2,126,,5.1941,78.5,.256,1.462093702,90.3,571666
Mike Fiers,2020,P,35,"6' 2""",211,R,R,2011,,0.603393912,4.58,4.937182027,1.37,5.64,2.44,59.0,37,,5.73216,74.6,.293,1.372881356,88.1,571666
Mike Fiers,2021,P,36,"6' 2""",211,R,R,2011,,-0.297727287,7.71,8.955748605,2.04,4.82,3.86,9.1,5,,6.21991,82.1,.344,3.857142989,,571666
Mike Foltynewicz,2018,P,26,"6' 4""",195,R,R,2014,,3.826817036,2.85,3.373546312,1.08,9.93,3.34,183.0,202,,3.77239,77.1,.252,0.836065504,96.4,592314
Mike Foltynewicz,2019,P,27,"6' 4""",195,R,R,2014,,0.796030998,4.54,4.974693122,1.25,8.08,2.85,117.0,105,,4.73138,71.7,.270,1.769230654,94.9,592314
Mike Foltynewicz,2020,P,28,"6' 4""",195,R,R,2014,,-0.283068836,16.20,16.69143316,2.40,8.10,10.80,3.1,3,,7.88389,52.6,.167,8.100008304,90.4,592314
Mike Foltynewicz,2021,P,29,"6' 4""",195,R,R,2014,,-0.6717538,5.44,6.018954986,1.26,6.28,2.33,139.0,97,,5.05575,72.6,.256,2.26618705,93.5,592314
Mike Leake,2018,p,30,"5' 10""",165,R,R,2010,,2.297271729,4.36,4.135296979,1.30,5.77,1.65,185.2,119,,4.15278,69.4,.307,1.114901318,88.8,502190
Mike Leake,2019,p,31,"5' 10""",165,R,R,2010,,0.877401024,4.29,5.193704984,1.29,5.80,1.23,197.0,127,,4.760059340101523,72.6,.296,1.873096519,88.4,502190
Mike Mayers,2018,P,26,"6' 2""",220,R,R,2016,,0.2663894,4.70,3.953980119,1.43,8.54,2.61,51.2,49,,3.95086,72.1,.344,1.219355079,96.0,594577
Mike Mayers,2019,P,27,"6' 2""",220,R,R,2016,,-0.0930296034,6.63,5.477169188,1.68,7.58,5.21,19.0,16,,6.356,66.0,.316,1.421053773,94.6,594577
Mike Mayers,2020,P,28,"6' 2""",220,R,R,2016,,0.979561985,2.10,2.191419061,0.90,12.90,2.70,30.0,43,,3.38159,71.4,.242,0.600000153,92.6,594577
Mike Mayers,2021,P,29,"6' 2""",220,R,R,2016,,0.740606941,3.84,3.836700908,1.29,10.80,3.12,75.0,90,,3.81202,80.4,.326,1.320000235,93.0,594577
Mike Mayers,2022,P,30,"6' 2""",220,R,R,2016,,-0.885625115,5.68,6.369010235,1.38,7.99,3.20,50.2,45,,4.62401,72.5,.259,2.664473918,93.5,594577
Mike Minor,2018,p,30,"6' 4""",210,R,L,2010,,2.510859728,4.18,4.427947499,1.12,7.57,2.18,157.0,132,,4.52497,72.5,.259,1.433121019,92.8,501985
Mike Minor,2019,p,31,"6' 4""",210,R,L,2010,,4.148629189,3.59,4.246009425,1.24,8.64,2.94,208.1,200,,4.59874,80.3,.288,1.295999937,92.5,501985
Mike Minor,2020,p,32,"6' 4""",210,R,L,2010,,0.843308106,5.56,4.638478058,1.24,9.85,3.18,56.2,62,,4.496944588235294,62.9,.269,1.747058726,90.6,501985
Mike Minor,2021,p,33,"6' 4""",210,R,L,2010,,2.336037636,5.05,4.291882934,1.24,8.45,2.33,158.2,149,,4.3189,66.4,.291,1.474790011,90.9,501985
Mike Minor,2022,p,34,"6' 4""",210,R,L,2010,,-0.355788022,6.06,6.183859573,1.63,6.98,3.67,98.0,76,,5.20563,71.2,.312,2.204081633,90.4,501985
Mike Montgomery,2018,P,28,"6' 5""",220,L,L,2015,,1.467876233,3.99,3.934625255,1.37,6.24,2.83,124.0,86,,4.28478,73.0,.311,0.725806574,91.4,543557
Mike Montgomery,2019,P,29,"6' 5""",220,L,L,2015,,-0.210420668,4.95,5.521702122,1.62,6.82,3.36,91.0,69,,4.611589010989011,76.3,.348,1.780220041,92.1,543557
Mike Montgomery,2020,P,30,"6' 5""",220,L,L,2015,,-0.0138991885,5.06,4.691420276,1.31,6.75,1.69,5.1,4,,4.06169,35.7,.294,1.687501081,89.6,543557
Mike Morin,2018,P,27,"6' 4""",220,R,R,2014,,0.138026774,6.75,0.910431576,1.75,13.50,2.25,4.0,6,,2.14914,57.1,.545,0.0,91.2,573046
Mike Morin,2019,P,28,"6' 4""",220,R,R,2014,,0.18582347,4.62,4.556114958,1.11,4.62,1.78,50.2,26,,5.411538157894737,60.1,.247,1.065789648,91.2,573046
Mike Morin,2020,P,29,"6' 4""",220,R,R,2014,,0.11348974,0.00,2.941419494,0.50,4.50,2.25,4.0,2,,4.8697,100.0,.111,0.0,92.0,573046
Mike Wright Jr.,2018,P,28,"6' 6""",240,R,R,2015,,0.0692439652,5.55,4.78493786,1.62,7.90,3.84,84.1,74,,4.79565,70.0,.345,1.280632691,93.2,605541
Mike Wright Jr.,2019,P,29,"6' 6""",240,R,R,2015,,-0.133567005,7.98,5.259464309,1.91,9.20,3.68,29.1,30,,5.041676363636364,56.5,.392,1.84090935,91.3,605541
Mike Wright Jr.,2021,P,31,"6' 6""",240,R,R,2015,,0.00442440249,5.50,4.836700966,1.56,5.50,5.50,18.0,11,,5.97686,62.9,.286,0.500000053,91.2,605541
Mike Zagurski,2018,P,35,"6' 0""",240,L,L,2007,,-0.0227249321,63.00,5.160431576,7.00,18.00,18.00,1.0,2,,6.81205,0.0,.833,0.0,93.6,489448
Miles Mikolas,2018,p,29,"6' 4""",230,R,R,2012,2250000.0,4.253452301,2.83,3.280032893,1.07,6.55,1.30,200.2,146,,3.66739,76.2,.282,0.717607901,93.8,571945
Miles Mikolas,2019,p,30,"6' 4""",230,R,R,2012,2250000.0,2.418492556,4.16,4.273792084,1.22,7.04,1.57,184.0,144,,4.18242,73.8,.304,1.320652174,93.6,571945
Miles Mikolas,2021,p,32,"6' 4""",230,R,R,2012,2250000.0,0.522109091,4.23,4.401377476,1.21,6.25,2.22,44.2,31,,4.27463,67.2,.276,1.208955293,93.0,571945
Miles Mikolas,2022,p,33,"6' 4""",230,R,R,2012,2250000.0,2.822269019,3.29,3.873551284,1.03,6.81,1.73,202.1,153,,3.80375,74.4,.250,1.112026387,93.2,571945
Mitch Keller,2019,P,23,"6' 3""",213,R,R,2019,,1.253592849,7.13,3.193176142,1.83,12.19,3.00,48.0,65,,3.4745,59.6,.478,1.125,95.1,656605
Mitch Keller,2020,P,24,"6' 3""",213,R,R,2019,,-0.228652745,2.91,6.745264948,1.25,6.65,7.48,21.2,16,,6.5702,93.8,.104,1.661538218,93.6,656605
Mitch Keller,2021,P,25,"6' 3""",213,R,R,2019,,1.121745944,6.17,4.302484482,1.79,8.23,4.38,100.2,92,,4.90399,68.2,.392,0.894039758,93.5,656605
Mitch Keller,2022,P,26,"6' 3""",213,R,R,2019,,2.090541445,3.91,3.879726604,1.40,7.81,3.40,159.0,138,,3.99199,73.2,.321,0.792452835,94.7,656605
Mychal Givens,2018,p,28,"6' 0""",250,R,R,2015,5000000.0,1.836665869,3.99,3.069127216,1.19,9.27,3.52,76.2,79,,4.11429,64.5,.285,0.46956528,95.1,571710
Mychal Givens,2019,p,29,"6' 0""",250,R,R,2015,5000000.0,0.612147272,4.57,4.499724073,1.19,12.29,3.71,63.0,86,,3.61694,71.4,.271,1.857143307,95.3,571710
Mychal Givens,2020,p,30,"6' 0""",250,R,R,2015,5000000.0,-0.0856182277,3.63,5.47500329,1.16,10.07,4.03,22.1,25,,5.413811791044776,85.7,.216,2.014927037,94.7,571710
Mychal Givens,2021,p,31,"6' 0""",250,R,R,2015,5000000.0,0.164863992,3.35,4.542583296,1.37,9.53,4.76,51.0,54,,4.453441241830065,80.4,.286,1.235294256,94.7,571710
Mychal Givens,2022,p,32,"6' 0""",250,R,R,2015,5000000.0,0.166826544,3.38,3.960257238,1.32,10.42,3.67,61.1,71,,3.66452152173913,78.9,.318,1.17391325,93.4,571710
Nabil Crismatt,2020,P,25,"6' 1""",220,R,R,2020,,-0.0153180696,3.24,4.75141991,0.84,8.64,1.08,8.1,8,,3.25118,95.2,.200,2.160000824,89.5,622503
Nabil Crismatt,2021,P,26,"6' 1""",220,R,R,2020,,0.1820319,3.76,4.202821072,1.36,7.86,2.66,81.1,71,,4.31821,75.2,.326,1.106557446,89.9,622503
Nabil Crismatt,2022,P,27,"6' 1""",220,R,R,2020,,0.773376953,2.94,3.216391406,1.17,8.69,2.94,67.1,65,,3.46026,70.3,.280,0.668316882,90.5,622503
Nate Jones,2018,p,32,"6' 5""",230,R,R,2012,,0.110470697,3.00,4.560432377,1.43,9.60,4.50,30.0,32,,4.69893,79.2,.293,1.200000687,94.4,518858
Nate Jones,2019,p,33,"6' 5""",230,R,R,2012,,-0.12004976,3.48,6.117236979,1.65,8.71,6.10,10.1,10,,5.52615,92.1,.296,1.741936502,94.6,518858
Nate Jones,2020,p,34,"6' 5""",230,R,R,2012,,-0.127563626,6.27,5.494991293,1.66,11.09,2.89,18.2,23,,4.38876,76.9,.400,2.41071486,92.2,518858
Nate Jones,2021,p,35,"6' 5""",230,R,R,2012,,-0.860595226,5.68,8.538456792,1.47,6.63,5.68,19.0,14,,6.349100350877193,72.9,.170,3.315790472,92.5,518858
Nate Karns,2019,P,31,"6' 3""",225,R,R,2013,,0.12145815,0.00,3.589009498,1.88,8.44,5.06,5.1,5,,4.33497,90.9,.438,0.0,90.7,501992
Nathan Eovaldi,2018,p,28,"6' 2""",217,R,R,2011,25000000.0,2.1856004,3.81,3.601873024,1.13,8.19,1.62,111.0,101,,3.673365675675676,67.3,.288,1.135135152,95.2,543135
Nathan Eovaldi,2019,p,29,"6' 2""",217,R,R,2011,25000000.0,-0.256554604,5.99,5.903664901,1.58,9.31,4.66,67.2,70,,4.88757,73.1,.316,2.128079018,96.0,543135
Nathan Eovaldi,2020,p,30,"6' 2""",217,R,R,2011,25000000.0,0.884891272,3.72,3.874178008,1.20,9.68,1.30,48.1,52,,3.31827,82.7,.339,1.489655329,94.5,543135
Nathan Eovaldi,2021,p,31,"6' 2""",217,R,R,2011,25000000.0,5.731126308,3.75,2.791606324,1.19,9.63,1.73,182.1,195,,3.48327,70.4,.327,0.740402214,95.8,543135
Nathan Eovaldi,2022,p,32,"6' 2""",217,R,R,2011,25000000.0,1.032570481,3.87,4.301455447,1.23,8.48,1.65,109.1,103,,3.45638,76.0,.300,1.728658617,94.6,543135
Neftalí Feliz,2021,p,33,"6' 3""",235,R,R,2009,5350000.0,-0.174906623,9.00,6.420034994,1.50,6.75,2.25,4.0,3,,5.3754875,53.6,.308,2.250000603,93.8,491703
Neil Ramírez,2018,P,29,"6' 4""",215,R,R,2014,,-0.23018311,4.54,5.032432033,1.30,11.02,3.89,41.2,51,,4.20637,81.1,.276,1.944000475,95.3,519166
Neil Ramírez,2019,P,30,"6' 4""",215,R,R,2014,,-0.357214337,5.40,6.734011624,1.64,8.64,5.40,25.0,24,,6.435876666666666,80.1,.288,2.520001538,94.4,519166
Nestor Cortes,2018,p,23,"5' 10""",225,R,L,2018,,-0.25552085,7.71,10.01757957,3.00,5.79,7.71,4.2,3,,6.92354,89.3,.471,3.857145747,,641482
Nestor Cortes,2019,p,24,"5' 10""",225,R,L,2018,,-0.270730324,5.67,5.569010315,1.55,9.32,3.78,66.2,69,,5.04492,73.5,.321,2.16000077,89.5,641482
Nestor Cortes,2020,p,25,"5' 10""",225,R,L,2018,,-0.591704309,15.26,14.40881578,2.35,9.39,7.04,7.2,8,,7.25306,51.7,.286,7.043481501,88.2,641482
Nestor Cortes,2021,p,26,"5' 10""",225,R,L,2018,,1.638952911,2.90,3.782937399,1.08,9.97,2.42,93.0,103,,4.17843,85.0,.266,1.354838821,90.6,641482
Nestor Cortes,2022,p,27,"5' 10""",225,R,L,2018,,3.742773533,2.44,3.125062581,0.92,9.27,2.16,158.1,163,,3.63457,82.8,.232,0.909473713,91.8,641482
Nick Anderson,2019,P,28,"6' 4""",205,R,R,2019,,2.058786035,3.32,2.352470812,1.08,15.23,2.49,65.0,110,,2.4356460512820512,78.9,.349,1.107692568,96.0,623433
Nick Anderson,2020,P,29,"6' 4""",205,R,R,2019,,0.951553345,0.55,1.354683835,0.49,14.33,1.65,16.1,26,,3.03799,90.9,.143,0.551020644,95.2,623433
Nick Anderson,2021,P,30,"6' 4""",205,R,R,2019,,-0.206724226,4.50,8.170034122,1.00,1.50,3.00,6.0,1,,7.95355,93.8,.105,3.0,93.0,623433
Nick Burdi,2018,P,25,"6' 3""",225,R,R,2018,,-0.0760625526,20.25,14.41043426,3.75,13.50,13.50,1.1,2,,8.3767,27.8,.400,6.750001609,96.3,595897
Nick Burdi,2019,P,26,"6' 3""",225,R,R,2018,,0.330258608,9.35,1.829393837,1.62,17.65,3.12,8.2,17,,2.62463,39.7,.526,1.038461729,96.9,595897
Nick Burdi,2020,P,27,"6' 3""",225,R,R,2018,,0.0676082894,3.86,2.334276341,1.71,15.43,7.71,2.1,4,,4.81352,75.0,.500,0.0,98.1,595897
Nick Goody,2018,P,26,"5' 11""",200,R,R,2015,,-0.377859116,6.94,7.103290223,1.71,9.26,3.86,11.2,12,,5.47748,77.9,.306,3.085715463,91.1,580792
Nick Goody,2019,P,27,"5' 11""",200,R,R,2015,,0.220626608,3.54,4.615649171,1.28,11.07,4.87,40.2,50,,5.01935,80.6,.245,1.549180715,92.6,580792
Nick Goody,2020,P,28,"5' 11""",200,R,R,2015,,-0.183783479,9.00,6.555057137,2.00,10.64,6.55,11.0,13,,5.46378,56.2,.355,2.454546519,91.6,580792
Nick Martinez,2022,p,31,"6' 1""",200,L,R,2014,13000000.0,0.420030509,3.47,4.429045532,1.29,8.04,3.47,106.1,95,,4.04307,80.8,.276,1.269592583,93.3,607259
Nick Mears,2020,P,23,"6' 3""",217,R,R,2020,,-0.0804833993,5.40,7.191419315,2.20,12.60,12.60,5.0,7,,6.13404,83.3,.273,1.8,95.7,683232
Nick Mears,2021,P,24,"6' 3""",217,R,R,2020,,-0.316043943,5.01,5.655749153,1.63,8.87,5.01,23.1,23,,4.98727,77.4,.303,1.928572007,95.6,683232
Nick Mears,2022,P,25,"6' 3""",217,R,R,2020,,0.0259951539,0.00,2.612430763,1.00,9.00,4.50,2.0,2,,4.0928,100.0,.200,0.0,90.1,683232
Nick Pivetta,2018,p,25,"6' 5""",210,R,R,2017,13750000.0,2.841741335,4.77,3.794577858,1.30,10.32,2.80,164.0,188,,3.4229,69.0,.333,1.317073048,94.8,601713
Nick Pivetta,2019,p,26,"6' 5""",210,R,R,2017,13750000.0,0.0487190287,5.38,5.46667853,1.52,8.55,3.75,93.2,89,,4.58098,69.5,.313,1.921708198,94.5,601713
Nick Pivetta,2020,p,27,"6' 5""",210,R,R,2017,13750000.0,0.0544819087,6.89,5.680781649,1.53,9.77,3.45,15.2,17,,5.192507659574468,67.0,.326,2.297872923,92.7,601713
Nick Pivetta,2021,p,28,"6' 5""",210,R,R,2017,13750000.0,2.276004255,4.53,4.279711542,1.30,10.16,3.77,155.0,175,,4.2816,73.2,.290,1.393548387,94.8,601713
Nick Pivetta,2022,p,29,"6' 5""",210,R,R,2017,13750000.0,1.508248925,4.56,4.420408812,1.38,8.77,3.66,179.2,175,,4.26301,75.3,.300,1.352504715,93.4,601713
Nick Tropeano,2018,P,27,"6' 4""",205,R,R,2014,,-0.0389538668,4.74,5.51569497,1.30,7.58,3.67,76.0,64,,4.71298,76.3,.256,1.894737032,90.3,607374
Nick Tropeano,2019,P,28,"6' 4""",205,R,R,2014,,-0.377437826,9.88,9.21400808,1.76,6.59,3.95,13.2,10,,6.85437,62.5,.286,3.951218593,90.7,607374
Nick Tropeano,2020,P,29,"6' 4""",205,R,R,2014,,0.301391065,1.15,2.553121573,1.15,10.91,2.30,15.2,19,,3.93881,96.6,.325,0.574467969,90.9,607374
Nick Tropeano,2021,P,30,"6' 4""",205,R,R,2014,,-0.0236854982,2.25,5.420034122,1.38,2.25,3.38,8.0,2,,6.2210375,83.3,.259,1.125,89.8,607374
Nick Vincent,2018,p,31,"5' 10""",185,R,R,2012,,0.633058723,3.99,3.746230604,1.15,8.95,2.40,56.1,56,,4.50565,68.7,.274,1.118343599,89.3,543883
Nick Vincent,2019,p,32,"5' 10""",185,R,R,2012,,0.112414733,4.43,4.512517234,1.32,9.47,2.42,44.2,47,,4.188207164179104,77.2,.317,1.611940666,88.9,543883
Nick Vincent,2020,p,33,"5' 10""",185,R,R,2012,,-0.231995195,4.43,5.519777259,1.30,6.85,2.42,22.1,17,,4.94054,82.6,.286,2.014925144,89.1,543883
Nick Vincent,2021,p,34,"5' 10""",185,R,R,2012,,0.130737662,0.71,4.196349963,0.87,6.39,3.55,12.2,9,,5.81657,103.8,.161,0.710526351,89.0,543883
Nick Wittgren,2018,P,27,"6' 2""",215,R,R,2016,,0.362197995,2.94,3.130728603,1.31,8.29,4.01,33.2,31,,4.55973,73.4,.283,0.267326753,92.1,621295
Nick Wittgren,2019,P,28,"6' 2""",215,R,R,2016,,0.40492776,2.81,4.167767185,1.08,9.36,2.34,57.2,60,,3.98312,83.3,.253,1.560694433,92.3,621295
Nick Wittgren,2020,P,29,"6' 2""",215,R,R,2016,,0.058301501,3.42,4.416771461,1.01,10.65,2.28,23.2,28,,4.09355,85.5,.259,1.521126801,92.9,621295
Nick Wittgren,2021,P,30,"6' 2""",215,R,R,2016,,-0.343101703,5.05,4.838483611,1.25,8.81,2.45,62.1,61,,3.62743,68.0,.294,1.877005675,92.5,621295
Nick Wittgren,2022,P,31,"6' 2""",215,R,R,2016,,0.0883399397,5.90,3.836569076,1.55,5.28,3.10,29.0,17,,5.1239,63.0,.337,0.310344889,91.3,621295
Noah Syndergaard,2018,p,25,"6' 6""",242,L,R,2015,13000000.0,4.165504456,3.03,2.804060074,1.21,9.04,2.27,154.1,155,,3.28735,76.6,.323,0.52483803,94.9,592789
Noah Syndergaard,2019,p,26,"6' 6""",242,L,R,2015,13000000.0,4.306643486,4.28,3.598495132,1.23,9.20,2.28,197.2,202,,3.8315,68.9,.315,1.092748707,95.0,592789
Noah Syndergaard,2021,p,28,"6' 6""",242,L,R,2015,13000000.0,-0.0324636735,9.00,7.670034122,1.50,9.00,0.00,2.0,2,,3.81658,62.5,.400,4.5,92.0,592789
Noah Syndergaard,2022,p,29,"6' 6""",242,L,R,2015,13000000.0,2.217990048,3.94,3.832728086,1.25,6.35,2.07,134.2,95,,4.284065544554456,72.4,.296,0.935643635,93.8,592789
Noé Ramirez,2018,P,28,"6' 3""",205,R,R,2015,,-0.0527963713,4.54,4.516431907,1.26,10.26,3.24,83.1,95,,3.82144,75.6,.290,1.620000396,90.0,598287
Noé Ramirez,2019,P,29,"6' 3""",205,R,R,2015,,0.971072167,3.99,3.716472535,1.17,10.51,2.66,67.2,79,,4.0746,75.6,.299,1.197044346,89.1,598287
Noé Ramirez,2020,P,30,"6' 3""",205,R,R,2015,,0.116263427,3.00,4.524753375,1.14,6.00,3.86,21.0,14,,5.49041,81.1,.220,0.857143324,88.7,598287
Noé Ramirez,2021,P,31,"6' 3""",205,R,R,2015,,0.51734326,3.00,3.892256402,0.97,7.25,3.00,36.0,29,,5.406460925925926,71.0,.202,0.75000006,89.1,598287
Noé Ramirez,2022,P,32,"6' 3""",205,R,R,2015,,-0.685102046,5.22,5.15243178,1.42,9.18,4.68,50.0,51,,4.44084,68.4,.288,1.620000618,89.7,598287
Odrisamer Despaigne,2018,P,31,"6' 0""",200,R,R,2014,,0.150949064,6.69,4.314277871,1.82,8.08,4.38,39.0,35,,4.463162991452991,57.9,.378,0.923077036,92.5,628333
Odrisamer Despaigne,2019,P,32,"6' 0""",200,R,R,2014,,-0.0989658087,9.45,6.889010352,2.33,4.73,4.72,13.1,7,,7.09702,64.7,.420,2.025000483,92.9,628333
Oliver Drake,2018,P,31,"6' 4""",220,R,R,2015,,0.482454157,5.29,3.244347702,1.45,9.63,3.21,47.2,51,,3.5047603496503497,63.7,.356,0.755245136,92.5,543118
Oliver Drake,2019,P,32,"6' 4""",220,R,R,2015,,0.472286433,3.21,3.874723716,0.98,11.25,3.05,56.0,70,,3.2063,82.9,.225,1.446428473,93.5,543118
Oliver Drake,2020,P,33,"6' 4""",220,R,R,2015,,-0.12581569,5.73,5.91869157,1.18,5.73,4.91,11.0,7,,5.48334,49.0,.172,1.636363353,91.2,543118
Oliver Pérez,2018,p,36,"6' 3""",225,L,L,2002,,1.034055829,1.39,1.737749933,0.74,11.97,1.95,32.1,43,,2.56163,81.3,.239,0.278350756,91.7,424144
Oliver Pérez,2019,p,37,"6' 3""",225,L,L,2002,,0.571326017,3.98,3.558271954,1.23,10.62,2.66,40.2,48,,3.81868,71.7,.314,1.106557965,91.7,424144
Oliver Pérez,2020,p,38,"6' 3""",225,L,L,2002,,0.365686357,2.00,3.135863724,1.06,7.00,3.00,18.0,14,,5.06415,77.3,.265,0.0,89.9,424144
Oliver Pérez,2021,p,39,"6' 3""",225,L,L,2002,,0.0797206983,0.00,1.806397522,1.64,9.82,2.45,3.2,4,,3.73115,83.3,.385,0.0,89.1,424144
Oliver Pérez,2022,p,40,"6' 3""",225,L,L,2002,,-0.127328649,15.75,7.362434295,2.25,2.25,2.25,4.0,1,,7.44326,11.6,.368,2.250001743,88.3,424144
Pablo López,2018,P,22,"6' 4""",225,L,R,2018,,0.389670849,4.14,4.489976915,1.26,7.06,2.76,58.2,46,,4.15303,74.9,.282,1.227272621,92.3,641154
Pablo López,2019,P,23,"6' 4""",225,L,R,2018,,1.566894174,5.09,4.2828718,1.24,7.68,2.18,111.1,95,,4.37169,66.4,.303,1.212574906,93.5,641154
Pablo López,2020,P,24,"6' 4""",225,L,R,2018,,1.642348886,3.61,3.08676815,1.19,9.26,2.83,57.1,59,,3.7269,66.8,.293,0.627906991,93.3,641154
Pablo López,2021,P,25,"6' 4""",225,L,R,2018,,2.338048935,3.07,3.286917242,1.12,10.08,2.28,102.2,115,,3.32044,79.7,.302,0.964285738,93.4,641154
Pablo López,2022,P,26,"6' 4""",225,L,R,2018,,2.993499756,3.75,3.712431002,1.17,8.70,2.65,180.0,174,,3.56099,74.2,.283,1.05,93.5,641154
Paolo Espino,2020,P,33,"5' 10""",212,R,R,2017,,0.0808919724,4.50,4.024752649,1.67,10.50,3.00,6.0,7,,3.46499,81.4,.412,1.5,90.3,502179
Paolo Espino,2021,P,34,"5' 10""",212,R,R,2017,,1.139937252,4.27,4.455748438,1.21,7.55,2.05,109.2,92,,4.45585,75.4,.283,1.559270553,89.0,502179
Paolo Espino,2022,P,35,"5' 10""",212,R,R,2017,,-0.17147392,4.84,4.930078142,1.37,7.31,1.91,113.1,92,,4.13645,75.4,.310,1.905882438,88.5,502179
Pat Neshek,2018,p,37,"6' 3""",220,S,R,2006,,0.336939365,2.59,3.612486465,1.15,5.55,1.85,24.1,15,,4.98748,75.4,.269,0.739726182,89.0,450212
Pat Neshek,2019,p,38,"6' 3""",220,S,R,2006,,-0.261708587,5.00,6.158454544,1.39,4.50,1.00,18.0,9,,5.53115,77.8,.286,2.50000053,88.5,450212
Patrick Corbin,2018,p,28,"6' 4""",225,L,L,2012,,5.760283947,3.15,2.470431523,1.05,11.07,2.16,200.0,246,,2.61027,74.7,.304,0.675000051,90.8,571578
Patrick Corbin,2019,p,29,"6' 4""",225,L,L,2012,,4.68988657,3.25,3.486286703,1.18,10.60,3.12,202.0,238,,3.58627,77.3,.295,1.069306931,91.8,571578
Patrick Corbin,2020,p,30,"6' 4""",225,L,L,2012,,1.19436717,4.66,4.166038756,1.57,8.22,2.47,65.2,60,,4.12441,76.4,.362,1.370558588,90.1,571578
Patrick Corbin,2021,p,31,"6' 4""",225,L,L,2012,,0.163158551,5.82,5.406927459,1.47,7.50,3.15,171.2,143,,4.29055,69.4,.312,1.93980594,92.4,571578
Patrick Corbin,2022,p,32,"6' 4""",225,L,L,2012,,0.716939569,6.31,4.83513854,1.70,7.55,2.89,152.2,128,,4.21355,64.4,.365,1.591703163,92.6,571578
Patrick Sandoval,2019,P,22,"6' 3""",190,L,L,2019,,0.349205196,5.03,4.586891275,1.37,9.61,4.35,39.1,42,,4.01989,70.8,.293,1.3728818,89.0,663776
Patrick Sandoval,2020,P,23,"6' 3""",190,L,L,2019,,-0.17815695,5.65,5.918691806,1.34,8.10,2.95,36.2,33,,4.00351,65.7,.260,2.454545242,92.8,663776
Patrick Sandoval,2021,P,24,"6' 3""",190,L,L,2019,,1.514279768,3.62,4.032103116,1.21,9.72,3.72,87.0,94,,3.78775,75.9,.266,1.137931072,93.2,663776
Patrick Sandoval,2022,P,25,"6' 3""",190,L,L,2019,,3.706060886,2.91,3.092251628,1.34,9.14,3.63,148.2,151,,3.66728,76.8,.320,0.484304966,93.2,663776
Paul Blackburn,2018,p,24,"6' 1""",196,R,R,2017,2000000.0,0.52804482,7.16,3.594166615,1.41,6.18,1.95,27.2,19,,4.38562,47.1,.344,0.650602559,89.6,621112
Paul Blackburn,2019,p,25,"6' 1""",196,R,R,2017,2000000.0,-0.200065881,10.64,6.66855493,2.09,6.55,3.27,11.0,8,,4.75063,50.5,.400,2.454545455,90.5,621112
Paul Blackburn,2020,p,26,"6' 1""",196,R,R,2017,2000000.0,0.0308879633,27.00,4.048563428,3.00,7.71,7.71,2.1,2,,7.35425,0.0,.500,0.0,89.9,621112
Paul Blackburn,2021,p,27,"6' 1""",196,R,R,2017,2000000.0,-0.0550094172,5.87,5.465686373,1.62,6.10,2.35,38.1,26,,4.54769,72.0,.341,1.878260932,91.1,621112
Paul Blackburn,2022,p,28,"6' 1""",196,R,R,2017,2000000.0,0.784858108,4.28,4.208239435,1.26,7.19,2.43,111.1,89,,3.89279,74.2,.291,1.212574906,91.6,621112
Paul Sewald,2018,p,28,"6' 3""",219,R,R,2017,1500000.0,0.108810179,6.07,4.225520574,1.51,9.27,3.67,56.1,58,,4.66622,62.8,.335,1.278106797,90.3,623149
Paul Sewald,2019,p,29,"6' 3""",219,R,R,2017,1500000.0,0.260151953,4.58,3.56994176,1.07,10.07,1.37,19.2,22,,4.92471,67.4,.300,1.372881667,91.0,623149
Paul Sewald,2020,p,30,"6' 3""",219,R,R,2017,1500000.0,-0.134848148,13.50,7.191418044,2.67,3.00,6.00,6.0,2,,7.5958,51.3,.407,1.499999523,91.7,623149
Paul Sewald,2021,p,31,"6' 3""",219,R,R,2017,1500000.0,1.426746368,3.06,3.077250614,1.02,14.47,3.34,64.2,104,,3.0041,80.8,.256,1.391752632,92.3,623149
Paul Sewald,2022,p,32,"6' 3""",219,R,R,2017,1500000.0,0.432679862,2.67,3.878056093,0.77,10.13,2.39,64.0,72,,3.58161,82.1,.159,1.406250168,92.5,623149
Pedro Báez,2018,p,30,"6' 0""",232,R,R,2014,6250000.0,0.787489951,2.88,3.160431576,1.22,9.91,3.67,56.1,62,,4.11375,79.2,.290,0.639053529,96.0,520980
Pedro Báez,2019,p,31,"6' 0""",232,R,R,2014,6250000.0,1.396936417,3.10,3.515444992,0.95,8.91,2.97,69.2,69,,4.82285,64.9,.215,0.7751199,95.8,520980
Pedro Báez,2020,p,32,"6' 0""",232,R,R,2014,6250000.0,0.118324474,3.18,4.426713987,1.00,6.88,3.71,17.0,13,,5.73301,63.4,.167,1.058824005,94.4,520980
Pedro Báez,2021,p,33,"6' 0""",232,R,R,2014,6250000.0,0.00565756299,2.08,4.554649609,0.69,10.38,2.08,4.1,5,,3.18329,125.0,.125,2.076923229,90.4,520980
Pedro Báez,2022,p,34,"6' 0""",232,R,R,2014,6250000.0,-0.0186288115,11.57,5.255289312,3.43,7.71,11.57,2.1,2,,7.79313,25.0,.455,0.0,89.7,520980
Pedro Strop,2018,p,33,"6' 1""",220,R,R,2009,1825000.0,0.878555894,2.26,3.428588029,0.99,8.60,3.17,59.2,57,,4.07952,83.9,.224,0.60335202,92.1,467008
Pedro Strop,2019,p,34,"6' 1""",220,R,R,2009,1825000.0,0.0372044742,4.97,4.534009677,1.27,10.58,4.32,41.2,49,,4.18972,68.5,.276,1.296000198,91.5,467008
Pedro Strop,2020,p,35,"6' 1""",220,R,R,2009,1825000.0,-0.0705888644,3.86,8.334279261,3.00,11.57,23.14,2.1,3,,10.8136,57.1,.167,0.0,91.7,467008
Pedro Strop,2021,p,36,"6' 1""",220,R,R,2009,1825000.0,0.0230664909,0.00,3.170034122,2.00,13.50,9.00,2.0,3,,3.17003,100.0,.400,0.0,91.9,467008
Pete Fairbanks,2019,p,25,"6' 6""",235,R,R,2019,13000000.0,0.0367381573,6.86,5.071152164,1.67,12.00,4.29,21.0,28,,3.68094746031746,53.6,.357,2.142856948,93.2,664126
Pete Fairbanks,2020,p,26,"6' 6""",235,R,R,2019,13000000.0,0.562965438,2.70,3.041419258,1.39,13.16,4.72,26.2,39,,3.58494,82.9,.350,0.675000257,97.3,664126
Pete Fairbanks,2021,p,27,"6' 6""",235,R,R,2019,13000000.0,0.971585453,3.59,2.701284095,1.43,11.81,4.43,42.2,56,,3.78735,67.6,.349,0.421875025,92.3,664126
Pete Fairbanks,2022,p,28,"6' 6""",235,R,R,2019,13000000.0,1.231882691,1.13,0.862430823,0.67,14.25,1.12,24.0,38,,1.12263,89.0,.273,0.37500003,99.0,664126
Peter Moylan,2018,p,39,"6' 3""",220,R,R,2006,,-0.42572239,4.45,5.489844856,1.76,7.31,5.72,28.1,23,,4.70381,81.9,.350,1.270589062,89.4,493247
Phil Hughes,2018,p,32,"6' 5""",240,R,R,2007,8000000.0,-0.543706439,6.34,6.589003071,1.65,8.82,2.76,32.2,32,,4.7899975510204085,80.8,.337,3.030612304,90.5,461833
Phil Maton,2018,p,25,"6' 2""",206,R,R,2017,7250000.0,0.571023762,4.37,3.2449386,1.54,10.46,4.37,47.1,55,,4.30523,70.6,.364,0.570422413,86.2,664208
Phil Maton,2019,p,26,"6' 2""",206,R,R,2017,7250000.0,-0.163150545,6.14,5.041282662,1.36,8.10,2.95,36.2,33,,4.458252454545455,59.2,.290,1.71818225,89.7,664208
Phil Maton,2020,p,27,"6' 2""",206,R,R,2017,7250000.0,0.661069214,4.57,2.222188347,1.34,13.29,2.49,21.2,32,,3.04615,60.1,.415,0.415384701,93.5,664208
Phil Maton,2021,p,28,"6' 2""",206,R,R,2017,7250000.0,0.642674357,4.73,3.500034187,1.46,11.48,4.32,66.2,85,,4.156151,70.8,.351,0.810000158,91.1,664208
Phil Maton,2022,p,29,"6' 2""",206,R,R,2017,7250000.0,-0.0883989111,3.84,4.330705302,1.25,10.01,3.29,65.2,73,,3.81635,73.7,.291,1.370558588,90.9,664208
Pierce Johnson,2018,p,27,"6' 2""",202,R,R,2017,6500000.0,-0.0850468874,5.56,4.511577047,1.37,7.42,4.53,43.2,36,,5.06548,62.3,.270,1.030534681,92.4,572955
Pierce Johnson,2020,p,29,"6' 2""",202,R,R,2017,6500000.0,0.307277054,2.70,3.141419291,1.20,12.15,4.05,20.0,27,,3.57687,80.2,.310,0.900000429,96.3,572955
Pierce Johnson,2021,p,30,"6' 2""",202,R,R,2017,6500000.0,0.828237712,3.22,3.306397774,1.26,11.81,4.14,58.2,77,,3.78131,81.1,.308,0.920454645,95.5,572955
Pierce Johnson,2022,p,31,"6' 2""",202,R,R,2017,6500000.0,0.293058336,5.02,2.763593738,1.53,13.19,5.02,14.1,21,,2.78615,68.0,.382,0.627907074,94.8,572955
Rafael Montero,2019,p,28,"6' 0""",193,R,R,2014,,0.376232386,2.48,3.834699131,0.97,10.55,1.55,29.0,34,,3.44534,95.7,.269,1.551724138,93.1,606160
Rafael Montero,2020,p,29,"6' 0""",193,R,R,2014,,0.261282176,4.08,3.700853461,1.02,9.68,3.06,17.2,19,,4.8487,49.4,.238,1.018868291,94.0,606160
Rafael Montero,2021,p,30,"6' 0""",193,R,R,2014,,0.384176433,6.39,3.859223396,1.54,7.66,3.10,49.1,42,,4.414557972972973,54.4,.353,0.729729819,94.1,606160
Rafael Montero,2022,p,31,"6' 0""",193,R,R,2014,,1.494173765,2.37,2.644138284,1.02,9.61,3.03,68.1,73,,3.2216,73.7,.262,0.395121981,95.1,606160
Raisel Iglesias,2018,p,28,"6' 2""",190,R,R,2015,16000000.0,0.379071355,2.38,4.229876474,1.07,10.00,3.12,72.0,80,,3.53131,91.6,.234,1.500000636,95.2,628452
Raisel Iglesias,2019,p,29,"6' 2""",190,R,R,2015,16000000.0,1.20977366,4.16,3.915502173,1.22,11.96,2.82,67.0,89,,3.7248,78.9,.318,1.611940666,93.4,628452
Raisel Iglesias,2020,p,30,"6' 2""",190,R,R,2015,16000000.0,1.139826417,2.74,1.843592111,0.91,12.13,1.96,23.0,31,,2.8713,53.4,.288,0.391304672,94.0,628452
Raisel Iglesias,2021,p,31,"6' 2""",190,R,R,2015,16000000.0,2.01207757,2.57,2.827176942,0.93,13.24,1.54,70.0,103,,2.29663,81.0,.290,1.414285868,93.9,628452
Raisel Iglesias,2022,p,32,"6' 2""",190,R,R,2015,16000000.0,1.536667109,2.47,2.467269612,0.97,11.32,2.03,62.0,78,,2.9947610752688174,76.8,.285,0.725806563,94.9,628452
Randall Delgado,2018,p,28,"6' 4""",220,R,R,2011,,-0.304653496,4.76,7.307489818,1.50,3.97,4.76,11.1,5,,7.21813,85.9,.216,2.382352607,91.9,517414
Ranger Suárez,2018,p,22,"6' 1""",217,L,L,2018,26000000.0,-0.0891334796,5.40,5.493764909,1.80,6.60,3.60,15.0,11,,4.65549,57.0,.375,1.8,91.8,624133
Ranger Suárez,2019,p,23,"6' 1""",217,L,L,2018,26000000.0,0.413846999,3.14,3.892092022,1.32,7.77,2.22,48.2,42,,3.6382,83.0,.326,1.109589621,92.3,624133
Ranger Suárez,2020,p,24,"6' 1""",217,L,L,2018,26000000.0,-0.134981185,20.25,9.691414666,3.50,2.25,9.00,4.0,1,,9.81591,44.1,.474,2.249998391,91.2,624133
Ranger Suárez,2021,p,25,"6' 1""",217,L,L,2018,26000000.0,3.005791306,1.36,2.717203901,1.00,9.08,2.80,106.0,107,,3.37514,86.3,.259,0.339622666,93.2,624133
Ranger Suárez,2022,p,26,"6' 1""",217,L,L,2018,26000000.0,2.329841375,3.65,3.86564991,1.33,7.47,3.36,155.1,129,,3.82063,71.8,.294,0.869098741,92.7,624133
Rex Brothers,2018,P,30,"6' 0""",205,L,L,2011,,0.0,-.--,9.160431576,-.--,-.--,-.--,0.0,0,,,50.0,.---,0.0,96.6,571521
Rex Brothers,2020,P,32,"6' 0""",205,L,L,2011,,-0.0936726853,8.10,8.891424751,1.50,21.60,8.10,3.1,8,,2.24838,90.9,.000,5.40000515,95.2,571521
Rex Brothers,2021,P,33,"6' 0""",205,L,L,2011,,-0.24894169,5.26,4.868147697,1.43,12.74,5.94,53.0,75,,4.42496,73.5,.288,1.528302217,94.5,571521
Reyes Moronta,2018,P,25,"5' 10""",265,R,R,2017,,1.117795706,2.49,3.237354671,1.09,10.94,5.12,65.0,79,,3.98733,78.0,.213,0.553846284,96.8,606625
Reyes Moronta,2019,P,26,"5' 10""",265,R,R,2017,,0.720484257,2.86,3.566950739,1.31,11.12,5.24,56.2,70,,4.82573,81.2,.274,0.635294274,96.4,606625
Reyes Moronta,2021,P,28,"5' 10""",265,R,R,2017,,-0.0423396751,2.25,5.420034122,0.25,4.50,0.00,4.0,2,,4.37549,,.000,2.25,93.9,606625
Reyes Moronta,2022,P,29,"5' 10""",265,R,R,2017,,0.127961211,4.30,4.413316111,1.27,9.08,4.30,37.2,38,,4.80994796460177,69.8,.255,1.194690407,94.3,606625
Reynaldo López,2018,p,24,"6' 1""",225,R,R,2016,10000000.0,2.338585615,3.91,4.633929888,1.27,7.20,3.58,188.2,151,,5.22241,75.3,.260,1.19257957,95.5,625643
Reynaldo López,2019,p,25,"6' 1""",225,R,R,2016,10000000.0,2.399760008,5.38,5.040096584,1.46,8.27,3.18,184.0,169,,5.27,69.2,.317,1.711956664,95.4,625643
Reynaldo López,2020,p,26,"6' 1""",225,R,R,2016,10000000.0,-0.430463076,6.49,7.63445847,1.63,8.20,5.13,26.1,24,,6.19368,73.2,.268,3.075950184,94.2,625643
Reynaldo López,2021,p,27,"6' 1""",225,R,R,2016,10000000.0,0.719941854,3.43,4.193155555,0.95,8.58,2.03,57.2,55,,3.77457,68.3,.222,1.56069371,95.8,625643
Reynaldo López,2022,p,28,"6' 1""",225,R,R,2016,10000000.0,2.021745183,2.76,1.933859413,0.95,8.68,1.52,65.1,63,,3.27567,63.3,.287,0.137755121,97.1,625643
Rich Hill,2018,p,38,"6' 5""",220,L,L,2005,,1.741208605,3.66,3.966964208,1.12,10.18,2.78,132.2,150,,3.70028,77.5,.272,1.356783868,89.4,448179
Rich Hill,2019,p,39,"6' 5""",220,L,L,2005,,0.943049669,2.45,4.10037315,1.13,11.05,2.76,58.2,72,,3.41028,89.3,.284,1.534090976,90.3,448179
Rich Hill,2020,p,40,"6' 5""",220,L,L,2005,,0.691580832,3.03,3.993143348,1.16,7.22,3.96,38.2,31,,4.92943,78.9,.240,0.69827577,,448179
Rich Hill,2021,p,41,"6' 5""",220,L,L,2005,,1.712209132,3.86,4.342303077,1.21,8.51,3.12,158.2,150,,4.701138655462185,77.3,.279,1.191176518,88.1,448179
Rich Hill,2022,p,42,"6' 5""",220,L,L,2005,,1.785651326,4.27,3.916720579,1.30,7.89,2.68,124.1,109,,4.12242,68.3,.305,1.085790929,88.5,448179
Richard Bleier,2018,P,31,"6' 3""",238,L,L,2016,,0.829778731,1.93,2.701247652,1.22,4.13,1.10,32.2,15,,4.0158,82.9,.319,0.0,,542947
Richard Bleier,2019,P,32,"6' 3""",238,L,L,2016,,0.602818787,5.37,4.18991318,1.32,4.88,1.30,55.1,30,,4.18231,62.7,.317,0.975903704,89.0,542947
Richard Bleier,2020,P,33,"6' 3""",238,L,L,2016,,0.331565373,2.16,2.771419035,1.08,5.94,2.16,16.2,11,,3.1185102,68.4,.275,0.0,88.6,542947
Richard Bleier,2021,P,34,"6' 3""",238,L,L,2016,,1.032554626,2.95,3.014861668,0.98,6.83,0.93,58.0,44,,2.87881,73.5,.281,0.620689818,90.0,542947
Richard Bleier,2022,P,35,"6' 3""",238,L,L,2016,,0.498534985,3.55,3.27032577,1.44,5.68,1.78,50.2,32,,3.75695,74.5,.343,0.532894844,89.9,542947
Richard Lovelady,2019,P,23,"6' 0""",185,L,L,2019,,0.113523535,7.65,4.164009657,1.90,7.65,3.60,20.0,17,,4.75376,60.8,.418,0.900000172,91.1,663992
Richard Lovelady,2020,P,24,"6' 0""",185,L,L,2019,,-0.079894498,9.00,19.19141932,2.00,0.00,9.00,1.0,0,,10.048,166.7,.000,9.0,91.5,663992
Richard Lovelady,2021,P,25,"6' 0""",185,L,L,2019,,0.197060615,3.48,3.847453686,1.06,10.02,2.61,20.2,23,,3.24094,74.5,.255,1.306452015,89.9,663992
Rick Porcello,2018,p,29,"6' 5""",205,R,R,2009,,2.443759918,4.28,4.012347907,1.18,8.94,2.26,191.1,190,,3.86975,70.9,.286,1.270034776,90.4,519144
Rick Porcello,2019,p,30,"6' 5""",205,R,R,2009,,1.781666994,5.52,4.76276642,1.39,7.38,2.32,174.1,143,,5.14395,65.7,.310,1.600382176,90.3,519144
Rick Porcello,2020,p,31,"6' 5""",205,R,R,2009,,1.638316274,5.64,3.327012536,1.51,8.24,2.29,59.0,54,,4.38238,59.5,.373,0.762711864,90.4,519144
Rob Scahill,2018,P,31,"6' 2""",220,L,R,2012,,-0.00955041219,5.40,4.960431919,1.60,5.40,5.40,5.0,3,,6.61205,60.0,.294,0.0,92.3,543746
Rob Zastryzny,2018,P,26,"6' 3""",231,R,L,2016,,-0.0461292341,4.76,4.748667048,1.76,4.76,6.35,5.2,3,,5.9145,72.7,.333,0.0,88.8,642239
Rob Zastryzny,2022,P,30,"6' 3""",231,R,L,2016,,0.062339304,6.75,2.362430599,1.00,6.75,2.25,4.0,3,,4.21289,0.0,.250,0.0,92.3,642239
Robbie Erlin,2018,P,27,"5' 11""",200,R,L,2013,,1.642833829,4.21,3.307220567,1.14,7.27,0.99,109.0,88,,3.40642,62.5,.309,0.990825688,90.3,572362
Robbie Erlin,2019,P,28,"5' 11""",200,R,L,2013,,0.534092203,5.37,3.611599901,1.57,8.46,2.44,55.1,52,,4.14324,65.3,.375,0.975903771,90.6,572362
Robbie Erlin,2020,P,29,"5' 11""",200,R,L,2013,,-0.27104605,8.10,6.228918953,1.50,8.44,2.36,26.2,25,,5.43828375,58.4,.313,2.699999678,89.3,572362
Robbie Erlin,2022,P,31,"5' 11""",200,R,L,2013,,-0.071609579,9.00,10.112431,1.50,4.50,4.50,2.0,1,,5.83298,62.5,.167,4.5,88.9,572362
Robbie Ray,2018,p,26,"6' 2""",220,L,L,2014,23000000.0,0.847775221,3.93,4.30867979,1.35,12.01,5.09,123.2,165,,3.76711,80.5,.293,1.38274961,93.6,592662
Robbie Ray,2019,p,27,"6' 2""",220,L,L,2014,23000000.0,2.283538103,4.34,4.286667251,1.34,12.13,4.34,174.1,235,,3.76113,75.1,.315,1.548757215,92.4,592662
Robbie Ray,2020,p,28,"6' 2""",220,L,L,2014,23000000.0,-0.434275752,6.62,6.501096546,1.90,11.85,7.84,51.2,68,,5.842636,73.0,.323,2.264516,93.6,592662
Robbie Ray,2021,p,29,"6' 2""",220,L,L,2014,23000000.0,3.911744595,2.84,3.692447929,1.04,11.54,2.42,193.1,248,,3.36257,90.1,.269,1.536206937,92.7,592662
Robbie Ray,2022,p,30,"6' 2""",220,L,L,2014,23000000.0,1.629643559,3.71,4.165341055,1.19,10.10,2.95,189.0,212,,3.57781,81.2,.284,1.523809524,93.4,592662
Robert Gsellman,2018,P,24,"6' 4""",237,R,R,2016,,0.365646601,4.28,3.947931651,1.30,7.88,3.15,80.0,70,,4.21697,66.5,.294,0.900000086,94.1,607229
Robert Gsellman,2019,P,25,"6' 4""",237,R,R,2016,,0.385389745,4.66,4.125004659,1.37,8.48,3.25,63.2,60,,4.66406,68.5,.317,0.98952925,93.7,607229
Robert Gsellman,2020,P,26,"6' 4""",237,R,R,2016,,-0.350425646,9.64,7.548559204,2.14,5.79,5.14,14.0,9,,6.45123,63.0,.367,2.57142682,92.5,607229
Robert Gsellman,2021,P,27,"6' 4""",237,R,R,2016,,0.073186703,3.77,4.286313291,1.19,5.34,2.20,28.2,17,,4.46453,69.2,.270,0.941860549,92.9,607229
Robert Gsellman,2022,P,28,"6' 4""",237,R,R,2016,,-0.0190288965,4.70,4.221126815,1.30,5.28,1.76,15.1,9,,4.2633,58.1,.300,1.173913214,91.6,607229
Robert Stephenson,2018,p,25,"6' 3""",205,R,R,2016,11000000.0,-0.0891399831,9.26,6.58900207,2.49,8.49,9.26,11.2,11,,6.62549,64.9,.395,1.542856722,93.2,596112
Robert Stephenson,2019,p,26,"6' 3""",205,R,R,2016,11000000.0,0.926107287,3.76,3.631535315,1.04,11.27,3.34,64.2,81,,4.00628,68.0,.231,1.252577517,94.9,596112
Robert Stephenson,2020,p,27,"6' 3""",205,R,R,2016,11000000.0,-0.562336624,9.90,12.19142618,1.40,11.70,2.70,10.0,13,,4.87667,105.3,.167,7.200005493,94.7,596112
Robert Stephenson,2021,p,28,"6' 3""",205,R,R,2016,11000000.0,0.521615207,3.13,3.626555937,1.30,10.17,3.52,46.0,52,,4.01623,76.4,.311,0.978261032,96.5,596112
Robert Stephenson,2022,p,29,"6' 3""",205,R,R,2016,11000000.0,0.21516653,5.43,4.233120804,1.33,8.53,2.17,58.0,55,,4.110197471264367,60.9,.319,1.551724342,96.8,596112
Roberto Osuna,2018,P,23,"6' 2""",217,R,R,2015,,1.121764779,2.37,2.449905189,0.97,7.58,0.95,38.0,32,,3.71594947368421,78.3,.294,0.236842129,93.9,532077
Roberto Osuna,2019,P,24,"6' 2""",217,R,R,2015,,1.640338421,2.63,3.214009476,0.88,10.11,1.66,65.0,73,,3.60322,81.6,.236,1.107692308,95.7,532077
Roberto Osuna,2020,P,25,"6' 2""",217,R,R,2015,,0.174862534,2.08,1.806803829,0.69,6.23,0.00,4.1,3,,2.25178,66.7,.231,0.0,92.2,532077
Roenis Elías,2018,P,29,"6' 1""",205,L,L,2014,,0.931993514,2.65,3.082000203,1.22,6.00,2.82,51.0,34,,4.96448,74.7,.285,0.176470588,94.1,606273
Roenis Elías,2019,P,30,"6' 1""",205,L,L,2014,,-0.069178313,3.96,5.074009697,1.28,8.46,3.24,50.0,47,,4.7814892,64.7,.259,1.800000215,93.9,606273
Roenis Elías,2022,P,33,"6' 1""",205,L,L,2014,,-0.0349256881,3.52,4.416778936,1.30,7.04,3.52,7.2,6,,4.65204,81.4,.261,1.173913141,93.4,606273
Ross Detwiler,2018,p,32,"6' 5""",210,R,L,2007,1.0,-0.0888603777,4.50,5.660431576,1.67,3.00,3.00,6.0,2,,4.31957,81.4,.389,1.5,89.7,446321
Ross Detwiler,2019,p,33,"6' 5""",210,R,L,2007,1.0,-0.548389405,6.59,6.917358944,1.62,5.94,3.49,69.2,46,,5.49811,70.5,.304,2.583732187,90.7,446321
Ross Detwiler,2020,p,34,"6' 5""",210,R,L,2007,1.0,0.16853936,3.20,3.903284228,1.22,6.86,2.29,19.2,15,,4.15002,76.6,.293,0.915254888,91.4,446321
Ross Detwiler,2021,p,35,"6' 5""",210,R,L,2007,1.0,-0.243615627,4.64,4.889779732,1.22,10.66,3.44,52.1,62,,4.32739949044586,75.9,.264,1.719745609,91.6,446321
Ross Detwiler,2022,p,36,"6' 5""",210,R,L,2007,1.0,-0.0873376429,4.44,4.935216296,1.56,9.57,3.42,26.1,28,,3.92849,83.8,.342,1.708861213,92.1,446321
Ross Stripling,2018,p,28,"6' 1""",215,R,R,2016,,2.157975495,3.02,3.414529954,1.19,10.03,1.62,122.0,136,,2.98566,86.1,.324,1.327868946,91.7,548389
Ross Stripling,2019,p,29,"6' 1""",215,R,R,2016,,1.862940729,3.47,3.467685937,1.15,9.23,1.99,90.2,93,,3.57984,72.8,.299,1.091911726,90.4,548389
Ross Stripling,2020,p,30,"6' 1""",215,R,R,2016,,-0.204009034,5.84,6.150879109,1.50,7.30,3.28,49.1,40,,4.9531483108108105,66.9,.295,2.371621889,91.7,548389
Ross Stripling,2021,p,31,"6' 1""",215,R,R,2016,,0.230308622,4.80,5.212797402,1.27,8.35,2.66,101.1,94,,4.59528,76.9,.270,2.04276328,91.9,548389
Ross Stripling,2022,p,32,"6' 1""",215,R,R,2016,,3.003766366,3.01,3.112431002,1.02,7.44,1.34,134.1,111,,3.67028,73.6,.269,0.803970265,91.5,548389
Ryan Borucki,2018,p,24,"6' 4""",210,L,L,2018,,1.681403279,3.87,3.795243879,1.32,6.17,3.04,97.2,67,,4.62222,68.5,.294,0.645051211,91.5,621366
Ryan Borucki,2019,p,25,"6' 4""",210,L,L,2018,,-0.153887004,10.80,8.014007187,3.15,8.10,8.10,6.2,6,,7.69456,60.4,.500,2.699998713,91.9,621366
Ryan Borucki,2020,p,26,"6' 4""",210,L,L,2018,,0.194400609,2.70,3.61141962,1.44,11.34,6.48,16.2,21,,4.91396,84.1,.282,0.540000391,94.8,621366
Ryan Borucki,2021,p,27,"6' 4""",210,L,L,2018,,-0.271783859,4.94,5.66299274,1.23,7.99,4.18,23.2,21,,4.25842,69.6,.220,1.901409115,95.3,621366
Ryan Borucki,2022,p,28,"6' 4""",210,L,L,2018,,-0.636917382,5.68,6.072958023,1.38,7.46,3.91,25.1,21,,4.454905,73.4,.257,2.131579456,95.1,621366
Ryan Brasier,2018,p,30,"6' 0""",223,R,R,2013,,0.664189875,1.60,2.833698841,0.77,7.75,1.87,33.2,29,,3.77845,86.2,.200,0.534653566,96.4,518489
Ryan Brasier,2019,p,31,"6' 0""",223,R,R,2013,,0.302268028,4.85,4.417602593,1.29,9.86,3.40,55.2,61,,4.88867,67.3,.286,1.455090186,96.1,518489
Ryan Brasier,2020,p,32,"6' 0""",223,R,R,2013,,0.524316377,3.96,3.151419297,1.40,10.80,3.96,25.0,30,,4.0397,71.4,.328,0.72000033,96.1,518489
Ryan Brasier,2021,p,33,"6' 0""",223,R,R,2013,,-0.0615429059,1.50,4.836701319,1.33,6.75,3.00,12.0,9,,4.28737,83.3,.286,1.500000477,95.1,518489
Ryan Brasier,2022,p,34,"6' 0""",223,R,R,2013,,0.527864039,5.78,3.609757276,1.30,9.24,1.88,62.1,64,,3.4902,56.2,.335,1.299465426,95.9,518489
Ryan Buchter,2018,P,31,"6' 4""",230,L,L,2014,,0.604467809,2.75,3.541787594,1.19,9.38,3.43,39.1,41,,4.52922,72.5,.275,0.915254444,91.8,488748
Ryan Buchter,2019,P,32,"6' 4""",230,L,L,2014,,-0.065623261,2.98,4.956657463,1.43,9.93,4.57,45.1,50,,5.07591,91.4,.304,1.588236141,91.9,488748
Ryan Buchter,2020,P,33,"6' 4""",230,L,L,2014,,-0.20626159,4.50,7.858088578,1.83,12.00,9.00,6.0,8,,6.0958,85.4,.231,3.000001669,92.5,488748
Ryan Buchter,2021,P,34,"6' 4""",230,L,L,2014,,-0.504543781,6.61,7.945545256,1.78,8.82,7.16,16.1,16,,6.77454,75.0,.262,2.755102577,90.5,488748
Ryan Burr,2018,P,24,"6' 4""",220,R,R,2018,,-0.284805477,7.45,8.125950613,1.86,5.59,5.59,9.2,6,,5.80002,74.3,.333,2.793104459,94.8,621114
Ryan Burr,2019,P,25,"6' 4""",220,R,R,2018,,0.133888401,4.58,4.383500812,1.27,9.15,3.66,19.2,20,,4.42337,57.7,.259,1.372881134,95.0,621114
Ryan Burr,2021,P,27,"6' 4""",220,R,R,2018,,0.25646618,2.45,4.233670671,1.34,8.10,5.15,36.2,33,,4.37301,85.2,.275,0.736363764,94.7,621114
Ryan Burr,2022,P,28,"6' 4""",220,R,R,2018,,-0.324724197,6.00,7.223542113,1.33,7.00,4.00,9.0,7,,4.53506,64.1,.200,3.0,94.3,621114
Ryan Cook,2018,P,31,"6' 1""",227,R,R,2011,,-0.183645591,5.29,5.278079585,1.29,12.18,3.71,17.0,23,,3.48225,77.3,.289,2.117648009,93.9,475857
Ryan Helsley,2019,p,24,"6' 2""",235,R,R,2019,14000000.0,0.115074679,2.95,4.223100455,1.25,7.85,2.95,36.2,32,,5.10867,84.6,.282,1.227272812,94.3,664854
Ryan Helsley,2020,p,25,"6' 2""",235,R,R,2019,14000000.0,-0.366335094,5.25,7.024754172,1.33,7.50,6.00,12.0,10,,6.50648,70.3,.167,2.250000894,90.4,664854
Ryan Helsley,2021,p,26,"6' 2""",235,R,R,2019,14000000.0,0.308688313,4.56,3.993978072,1.42,8.94,5.13,47.1,47,,4.46095,70.0,.283,0.760563646,93.7,664854
Ryan Helsley,2022,p,27,"6' 2""",235,R,R,2019,14000000.0,1.995334029,1.25,2.339235004,0.74,13.08,2.78,64.2,94,,2.59816,93.4,.185,0.835051678,99.5,664854
Ryan Madson,2018,p,37,"6' 6""",234,L,R,2003,,0.233049985,5.47,3.976887548,1.41,9.23,2.73,52.2,54,,3.973828101265823,64.5,.342,1.196202936,95.7,425492
Ryan Pressly,2018,P,29,"6' 2""",207,R,R,2013,,1.795171916,2.54,2.470290601,1.11,12.80,2.79,71.0,101,,2.5813332863849765,82.9,.321,0.760563523,93.5,519151
Ryan Pressly,2019,P,30,"6' 2""",207,R,R,2013,,1.565891743,2.32,2.661862185,0.90,11.93,1.99,54.1,72,,2.21478,83.7,.258,0.993865124,93.1,519151
Ryan Pressly,2020,P,31,"6' 2""",207,R,R,2013,,0.674868584,3.43,2.8104669,1.33,12.43,3.00,21.0,29,,3.04154,72.5,.365,0.857142935,91.6,519151
Ryan Pressly,2021,P,32,"6' 2""",207,R,R,2013,,2.407472849,2.25,2.060659056,0.97,11.39,1.83,64.0,81,,2.43359,76.2,.298,0.562500034,93.1,519151
Ryan Pressly,2022,P,33,"6' 2""",207,R,R,2013,,1.375060678,2.98,2.305534365,0.89,12.10,2.42,48.1,65,,2.20978,69.5,.265,0.744827665,92.0,519151
Ryan Tepera,2018,p,30,"6' 1""",195,R,R,2015,7000000.0,0.32664898,3.62,4.165586492,1.22,9.46,3.34,64.2,68,,4.01644,79.5,.291,1.252577664,94.7,572193
Ryan Tepera,2019,p,31,"6' 1""",195,R,R,2015,7000000.0,-0.233954728,4.98,6.029395413,1.29,5.82,3.32,21.2,14,,5.23282,76.2,.238,2.076924052,93.6,572193
Ryan Tepera,2020,p,32,"6' 1""",195,R,R,2015,7000000.0,0.316553563,3.92,3.336580624,1.40,13.50,5.23,20.2,31,,3.10486,77.2,.349,0.870967849,90.9,572193
Ryan Tepera,2021,p,33,"6' 1""",195,R,R,2015,7000000.0,1.600371182,2.79,2.72981664,0.88,10.86,2.79,61.1,74,,3.636763369565217,74.4,.223,0.586956643,93.3,572193
Ryan Tepera,2022,p,34,"6' 1""",195,R,R,2015,7000000.0,0.0886034295,3.61,4.211268308,1.08,7.38,3.14,57.1,47,,4.25074,68.3,.226,1.098837307,92.7,572193
Ryan Thompson,2020,P,28,"6' 5""",210,R,R,2020,,0.112566382,4.44,4.330660042,1.41,7.86,2.73,26.1,23,,3.74727,70.1,.316,1.367088872,91.4,657044
Ryan Thompson,2021,P,29,"6' 5""",210,R,R,2020,,0.654189408,2.38,3.11121058,1.03,9.79,2.38,34.0,37,,3.46905,79.3,.277,0.794117825,91.0,657044
Ryan Thompson,2022,P,30,"6' 5""",210,R,R,2020,,0.417715728,3.80,3.417118574,1.17,8.23,2.32,42.2,39,,3.55152,60.3,.282,0.843750201,90.4,657044
Ryan Weber,2018,P,27,"6' 1""",175,R,R,2015,,-0.0163080301,5.06,4.472931654,1.31,1.69,3.38,5.1,1,,6.33102,37.5,.238,0.0,88.9,543901
Ryan Weber,2019,P,28,"6' 1""",175,R,R,2015,,0.305057645,5.09,4.19761591,1.38,6.42,1.77,40.2,29,,4.55585,65.4,.319,1.106557239,89.4,543901
Ryan Weber,2020,P,29,"6' 1""",175,R,R,2015,,-0.0455579162,4.40,5.540256837,1.35,5.65,2.93,43.0,27,,5.00509,76.3,.273,1.674418827,88.6,543901
Ryan Weber,2021,P,30,"6' 1""",175,R,R,2015,,-0.306453031,12.10,9.790724213,1.97,7.45,3.72,9.2,8,,4.5267444827586205,53.8,.370,4.65517272,88.7,543901
Ryan Weber,2022,P,31,"6' 1""",175,R,R,2015,,0.0109048523,0.84,4.049931058,0.66,2.53,0.84,10.2,3,,3.80267,107.1,.156,0.84375005,,543901
Ryan Yarbrough,2018,p,26,"6' 5""",205,R,L,2018,2500000.0,0.877116293,3.91,4.192105886,1.29,7.82,3.05,147.1,128,,4.40869,74.1,.288,1.09954762,89.3,642232
Ryan Yarbrough,2019,p,27,"6' 5""",205,R,L,2018,2500000.0,2.632398844,4.13,3.552833048,1.00,7.43,1.27,141.2,117,,4.24046,62.8,.264,0.952941296,88.1,642232
Ryan Yarbrough,2020,p,28,"6' 5""",205,R,L,2018,2500000.0,0.966377497,3.56,3.802197828,1.19,7.11,1.94,55.2,44,,4.33188,77.3,.299,0.808383326,,642232
Ryan Yarbrough,2021,p,29,"6' 5""",205,R,L,2018,2500000.0,1.277263552,5.11,4.45390509,1.23,6.79,1.57,155.0,117,,4.5882,62.8,.293,1.451612903,,642232
Ryan Yarbrough,2022,p,30,"6' 5""",205,R,L,2018,2500000.0,0.0571234822,4.50,4.77493116,1.38,6.86,2.48,80.0,61,,4.74941,73.9,.306,1.350000129,,642232
Ryne Stanek,2018,p,26,"6' 4""",226,R,R,2017,3500000.0,1.195745558,2.98,3.552391337,1.09,10.99,3.66,66.1,81,,3.97645,80.9,.253,1.085427032,97.9,592773
Ryne Stanek,2019,p,27,"6' 4""",226,R,R,2017,3500000.0,0.702695608,3.97,4.278944804,1.30,10.40,4.56,77.0,89,,4.721014935064935,72.1,.266,1.285714604,95.2,592773
Ryne Stanek,2020,p,28,"6' 4""",226,R,R,2017,3500000.0,-0.190978423,7.20,7.291418533,1.90,9.90,7.20,10.0,11,,6.28384,74.3,.308,2.699999485,91.7,592773
Ryne Stanek,2021,p,29,"6' 4""",226,R,R,2017,3500000.0,0.413780153,3.42,4.106619663,1.21,10.93,4.87,68.1,83,,4.54698,72.9,.242,1.053658733,97.6,592773
Ryne Stanek,2022,p,30,"6' 4""",226,R,R,2017,3500000.0,0.925445139,1.15,3.02096757,1.23,10.21,5.10,54.2,62,,3.95351,91.9,.264,0.329268354,98.3,592773
Sam Dyson,2018,P,30,"6' 1""",212,R,R,2012,,0.587253749,2.69,3.473227807,1.08,7.17,2.56,70.1,56,,3.60578,77.8,.271,0.639810473,92.7,473879
Sam Dyson,2019,P,31,"6' 1""",212,R,R,2012,,0.907653913,3.32,3.470693942,1.06,7.94,1.88,62.1,55,,3.751156363636364,71.0,.278,0.866310072,92.3,473879
Sam Freeman,2018,P,31,"5' 11""",180,R,L,2012,,0.282597482,4.29,3.657120594,1.45,10.37,5.72,50.1,58,,3.83388,69.2,.317,0.536424139,95.1,518693
Sam Freeman,2019,P,32,"5' 11""",180,R,L,2012,,-0.0918994918,4.50,12.71400948,2.50,0.00,9.00,2.0,0,,8.20322,111.1,.250,4.5,93.0,518693
Sam Freeman,2020,P,33,"5' 11""",180,R,L,2012,,0.00700770738,1.80,4.991420517,1.80,10.80,12.60,5.0,6,,6.9197,88.9,.167,0.0,93.9,518693
Sam Moll,2021,P,29,"5' 9""",190,L,L,2017,,-0.0555161014,3.48,4.911969821,1.26,6.97,4.35,10.1,8,,5.70285,80.9,.250,0.870967849,93.7,594580
Sam Moll,2022,P,30,"5' 9""",190,L,L,2017,,-0.0419722833,2.91,4.220123732,1.27,9.55,4.57,43.1,46,,4.05246,82.4,.252,1.038461935,93.3,594580
Sam Tuivailala,2018,P,25,"6' 3""",230,R,R,2014,,0.16811882,3.41,3.727999173,1.43,7.30,2.92,37.0,30,,4.102369459459459,78.7,.328,0.729729767,95.1,592815
Sam Tuivailala,2019,P,26,"6' 3""",230,R,R,2014,,0.476639522,2.35,3.127052947,1.04,10.57,4.30,23.0,27,,5.06996,81.3,.226,0.39130438,93.4,592815
Sandy Alcantara,2018,P,22,"6' 5""",200,R,R,2017,,0.146227464,3.44,4.74866687,1.41,7.94,6.09,34.0,30,,5.15607,80.8,.256,0.794117647,94.3,645261
Sandy Alcantara,2019,P,23,"6' 5""",200,R,R,2017,,2.294779301,3.88,4.551847245,1.32,6.89,3.69,197.1,151,,5.1737,73.8,.274,1.048986432,94.3,645261
Sandy Alcantara,2020,P,24,"6' 5""",200,R,R,2017,,0.879499793,3.00,3.715228839,1.19,8.36,3.21,42.0,39,,4.03812,63.9,.277,0.857142857,95.5,645261
Sandy Alcantara,2021,P,25,"6' 5""",200,R,R,2017,,4.289099216,3.19,3.418008203,1.07,8.80,2.19,205.2,201,,3.44606,72.4,.273,0.918962768,94.5,645261
Sandy Alcantara,2022,P,26,"6' 5""",200,R,R,2017,,5.91647768,2.28,2.985608839,0.98,8.15,1.97,228.2,207,,3.29308,78.8,.262,0.629737637,94.5,645261
Santiago Casilla,2018,p,37,"6' 0""",210,R,R,2004,5500000.0,0.0670174211,3.16,4.054048579,1.21,6.32,5.74,31.1,22,,5.84623,73.8,.209,0.0,92.3,433586
Scott Alexander,2018,p,28,"6' 2""",195,L,L,2015,2000000.0,0.367170129,3.68,3.569522663,1.27,7.64,3.68,66.0,56,,3.30716,72.1,.298,0.545454783,93.3,518397
Scott Alexander,2019,p,29,"6' 2""",195,L,L,2015,2000000.0,-0.13130565,3.63,5.060163864,1.38,4.67,3.63,17.1,9,,4.70779,81.1,.263,1.038461843,92.8,518397
Scott Alexander,2020,p,30,"6' 2""",195,L,L,2015,2000000.0,-0.227735937,2.92,6.029257665,1.46,6.57,6.57,12.1,9,,4.39019,78.9,.226,1.459459723,92.2,518397
Scott Alexander,2021,p,31,"6' 2""",195,L,L,2015,2000000.0,-0.0242950525,2.93,4.800469243,1.24,4.70,2.35,15.1,8,,4.48562,81.4,.250,1.173913287,92.2,518397
Scott Alexander,2022,p,32,"6' 2""",195,L,L,2015,2000000.0,0.30948624,1.04,2.881661729,0.75,5.19,0.52,17.1,10,,2.6441,94.8,.216,0.519230864,92.2,518397
Scott Barlow,2018,p,25,"6' 3""",210,R,R,2018,2000000.0,0.233028635,3.60,3.493764994,1.27,9.00,1.80,15.0,15,,3.63226,74.1,.311,1.200000305,90.6,605130
Scott Barlow,2019,p,26,"6' 3""",210,R,R,2018,2000000.0,1.142746329,4.22,3.413061644,1.44,11.77,4.73,70.1,92,,4.11414,74.3,.341,0.767772651,94.0,605130
Scott Barlow,2020,p,27,"6' 3""",210,R,R,2018,2000000.0,0.38728717,4.20,3.424752693,1.20,11.70,2.70,30.0,39,,3.29832,74.1,.324,1.200000229,94.9,605130
Scott Barlow,2021,p,28,"6' 3""",210,R,R,2018,2000000.0,2.169427156,2.42,2.631917438,1.20,11.02,3.39,74.1,91,,3.59387,83.1,.315,0.484305016,95.3,605130
Scott Barlow,2022,p,29,"6' 3""",210,R,R,2018,2000000.0,0.918495476,2.18,3.623641851,1.00,9.32,2.66,74.1,77,,3.42381,83.9,.240,1.089686285,93.6,605130
Scott Kazmir,2021,p,37,"6' 0""",185,L,L,2004,,-0.154552594,6.35,6.434740096,1.85,7.94,4.76,11.1,10,,5.0174,71.4,.343,2.382353008,92.4,431148
Sean Doolittle,2018,p,31,"6' 2""",218,L,L,2012,,1.904450417,1.60,1.893764909,0.60,12.00,1.20,45.0,60,,2.67871,84.7,.196,0.6,93.8,448281
Sean Doolittle,2019,p,32,"6' 2""",218,L,L,2012,,0.723605931,4.05,4.24734294,1.30,9.90,2.25,60.0,66,,5.07989,82.0,.315,1.65000021,93.5,448281
Sean Doolittle,2020,p,33,"6' 2""",218,L,L,2012,,-0.251935363,5.87,8.278378474,1.70,7.04,4.70,7.2,6,,6.96413,79.5,.273,3.521740956,90.7,448281
Sean Doolittle,2021,p,34,"6' 2""",218,L,L,2012,,0.393074036,4.53,4.378088061,1.47,9.60,4.17,49.2,53,,5.281228187919463,73.6,.316,1.268456636,93.1,448281
Sean Doolittle,2022,p,35,"6' 2""",218,L,L,2012,,0.272511214,0.00,0.862430465,0.19,10.13,0.00,5.1,6,,3.08298,100.0,.091,0.0,93.3,448281
Sean Gilmartin,2018,P,28,"6' 2""",205,L,L,2015,,-0.139810756,3.00,5.419690835,1.26,5.00,3.67,27.0,15,,5.39006,88.8,.235,1.333333333,,543219
Sean Gilmartin,2019,P,29,"6' 2""",205,L,L,2015,,-0.170997843,19.29,16.07117116,3.86,3.86,7.71,2.1,1,,11.7486,64.5,.455,7.714297012,89.5,543219
Sean Gilmartin,2020,P,30,"6' 2""",205,L,L,2015,,-0.20871152,8.31,9.652962517,2.54,10.38,8.31,4.1,5,,6.7679,85.4,.385,4.153849201,,543219
Sean Manaea,2018,p,26,"6' 5""",245,R,L,2016,25000000.0,1.779048681,3.59,4.262091187,1.08,6.05,1.79,160.2,108,,4.32076,75.2,.249,1.176348399,90.4,640455
Sean Manaea,2019,p,27,"6' 5""",245,R,L,2016,25000000.0,0.75721103,1.21,3.416256645,0.78,9.10,2.12,29.2,30,,3.9791,101.0,.194,0.910112262,89.8,640455
Sean Manaea,2020,p,28,"6' 5""",245,R,L,2016,25000000.0,1.069343209,4.50,3.709937834,1.20,7.50,1.33,54.0,45,,3.77449,60.5,.311,1.166666667,90.4,640455
Sean Manaea,2021,p,29,"6' 5""",245,R,L,2016,25000000.0,3.256680489,3.91,3.655164248,1.23,9.74,2.06,179.1,194,,3.62366,77.3,.318,1.254646876,92.1,640455
Sean Manaea,2022,p,30,"6' 5""",245,R,L,2016,25000000.0,1.0797043,4.96,4.530152521,1.30,8.89,2.85,158.0,156,,3.96175,67.5,.292,1.651898734,91.2,640455
Sean Newcomb,2018,p,25,"6' 5""",255,L,L,2017,4500000.0,1.922998226,3.90,4.136041366,1.33,8.78,4.45,164.0,160,,4.33061,74.8,.275,0.987804913,88.9,656794
Sean Newcomb,2019,p,26,"6' 5""",255,L,L,2017,4500000.0,0.40442358,3.16,4.23839991,1.32,8.56,3.82,68.1,65,,4.60862,79.5,.282,1.053658733,94.3,656794
Sean Newcomb,2020,p,27,"6' 5""",255,L,L,2017,4500000.0,-0.229766518,11.20,7.508494494,1.90,6.59,3.95,13.2,10,,6.52548,51.3,.340,2.634147567,93.4,656794
Sean Newcomb,2021,p,28,"6' 5""",255,L,L,2017,4500000.0,0.289850831,4.73,3.603023881,1.70,11.97,7.52,32.1,43,,4.61973,71.9,.355,0.278350559,95.4,656794
Sean Newcomb,2022,p,29,"6' 5""",255,L,L,2017,4500000.0,-0.753988329,8.78,6.907612204,1.88,9.11,6.18,27.2,28,,5.0748396385542165,58.8,.316,2.602409967,94.3,656794
Sean Reid-Foley,2018,P,22,"6' 3""",230,R,R,2018,,0.181623906,5.13,4.96043185,1.56,11.34,5.67,33.1,42,,4.20598,67.3,.313,1.620000247,90.0,656887
Sean Reid-Foley,2019,P,23,"6' 3""",230,R,R,2018,,-0.0540134944,4.26,5.677167865,1.71,7.96,5.97,31.2,28,,6.26285,73.5,.298,1.421052917,92.5,656887
Sean Reid-Foley,2020,P,24,"6' 3""",230,R,R,2018,,0.0871466771,1.35,4.091418886,1.35,8.10,8.10,6.2,6,,5.82686,66.7,.167,0.0,94.4,656887
Sean Reid-Foley,2021,P,25,"6' 3""",230,R,R,2018,,0.126180992,5.23,3.847453561,1.50,11.32,3.92,20.2,26,,3.75318,59.7,.352,1.306451774,93.7,656887
Sean Reid-Foley,2022,P,26,"6' 3""",230,R,R,2018,,-0.0728021935,5.40,5.212431402,1.40,7.20,6.30,10.0,8,,5.98495,66.2,.222,0.900000172,95.8,656887
Seranthony Domínguez,2018,p,23,"6' 1""",225,R,R,2018,10000000.0,1.301780343,2.95,2.850086585,0.93,11.48,3.41,58.0,74,,3.03563,74.4,.220,0.620689982,97.4,622554
Seranthony Domínguez,2019,p,24,"6' 1""",225,R,R,2018,10000000.0,0.199450031,4.01,4.024820496,1.46,10.58,4.38,24.2,29,,3.97596,73.2,.328,1.094594877,94.4,622554
Seranthony Domínguez,2021,p,26,"6' 1""",225,R,R,2018,10000000.0,0.0269936137,0.00,1.170034122,0.00,9.00,0.00,1.0,1,,2.9344,,.000,0.0,95.2,622554
Seranthony Domínguez,2022,p,27,"6' 1""",225,R,R,2018,10000000.0,0.993123114,3.00,3.092823154,1.14,10.76,3.88,51.0,61,,3.26332,76.8,.269,0.705882511,97.5,622554
Sergio Romo,2018,p,35,"5' 11""",185,R,R,2008,2000000.0,0.497495085,4.14,4.036669681,1.26,10.02,2.67,67.1,75,,3.89975,78.2,.312,1.470297838,,489265
Sergio Romo,2019,p,36,"5' 11""",185,R,R,2008,2000000.0,0.977297038,3.43,3.67809803,1.11,8.95,2.54,60.1,60,,4.675547900552486,70.9,.264,1.044199247,,489265
Sergio Romo,2020,p,37,"5' 11""",185,R,R,2008,2000000.0,0.133599162,4.05,4.341419425,1.15,10.35,3.15,20.0,23,,4.89819,78.0,.255,1.350000129,,489265
Sergio Romo,2021,p,38,"5' 11""",185,R,R,2008,2000000.0,0.189765021,4.67,4.240304569,1.25,8.76,3.06,61.2,60,,4.57469,69.3,.281,1.31351373,,489265
Sergio Romo,2022,p,39,"5' 11""",185,R,R,2008,2000000.0,-0.785069451,7.50,7.612431955,1.39,7.00,3.00,18.0,14,,5.435372592592593,59.2,.235,3.500000742,,489265
Seth Lugo,2018,p,28,"6' 4""",225,R,R,2016,15000000.0,1.554408401,2.66,3.170299997,1.08,9.15,2.49,101.1,103,,3.48259,76.2,.270,0.799342085,93.8,607625
Seth Lugo,2019,p,29,"6' 4""",225,R,R,2016,15000000.0,2.244745016,2.70,2.701509378,0.90,11.70,1.80,80.0,104,,3.24152,74.5,.267,0.900000172,94.3,607625
Seth Lugo,2020,p,30,"6' 4""",225,R,R,2016,15000000.0,0.351044349,5.15,4.44596502,1.36,11.54,2.45,36.2,47,,3.02952,73.5,.344,1.963636755,92.2,607625
Seth Lugo,2021,p,31,"6' 4""",225,R,R,2016,15000000.0,0.399430126,3.50,3.774350736,1.29,10.68,3.69,46.1,55,,3.61409,81.7,.307,1.165467754,92.6,607625
Seth Lugo,2022,p,32,"6' 4""",225,R,R,2016,15000000.0,0.255102575,3.60,3.758584924,1.17,9.55,2.49,65.0,69,,3.50728,79.8,.283,1.246153992,93.2,607625
Shane Bieber,2018,p,23,"6' 3""",200,R,R,2018,13000000.0,2.651915237,4.55,3.230199016,1.33,9.26,1.81,114.2,118,,3.29755,69.4,.356,1.020348809,88.6,669456
Shane Bieber,2019,p,24,"6' 3""",200,R,R,2018,13000000.0,5.501377355,3.28,3.321318965,1.05,10.88,1.68,214.1,259,,3.23228,77.4,.298,1.301710762,89.9,669456
Shane Bieber,2020,p,25,"6' 3""",200,R,R,2018,13000000.0,3.149900198,1.63,2.066419463,0.87,14.20,2.44,77.1,122,,2.03669,91.1,.267,0.814655065,89.0,669456
Shane Bieber,2021,p,26,"6' 3""",200,R,R,2018,13000000.0,2.56343627,3.17,3.025206532,1.21,12.48,3.07,96.2,134,,2.9148,80.5,.327,1.024137958,89.5,669456
Shane Bieber,2022,p,27,"6' 3""",200,R,R,2018,13000000.0,4.767212391,2.88,2.872431002,1.04,8.91,1.62,200.0,198,,2.98295,75.8,.288,0.81,87.0,669456
Shane Greene,2018,p,29,"6' 4""",200,R,R,2014,,-0.0347995423,5.12,4.613063446,1.37,9.24,2.70,63.1,65,,4.05361,69.7,.311,1.7052635,94.3,572888
Shane Greene,2019,p,30,"6' 4""",200,R,R,2014,,0.892060339,2.30,3.788477584,1.01,9.19,2.44,62.2,64,,3.969976914893617,80.3,.239,1.148936217,92.7,572888
Shane Greene,2020,p,31,"6' 4""",200,R,R,2014,,0.333988488,2.60,3.805877161,1.12,6.83,2.93,27.2,21,,4.74793,79.5,.270,0.650602425,92.0,572888
Shane Greene,2021,p,32,"6' 4""",200,R,R,2014,,-0.392230667,7.23,6.719330851,1.65,9.13,5.32,23.2,24,,5.809168732394366,69.4,.292,2.281690754,92.6,572888
Shane Greene,2022,p,33,"6' 4""",200,R,R,2014,,-0.0524344258,6.00,7.112431002,1.33,6.00,3.00,3.0,2,,5.739833333333333,76.9,.222,3.0,91.3,572888
Shaun Anderson,2019,P,24,"6' 6""",228,R,R,2019,,0.646063328,5.44,4.766092886,1.55,6.56,3.56,96.0,70,,4.95344,67.8,.327,1.218750061,92.6,641312
Shaun Anderson,2020,P,25,"6' 6""",228,R,R,2019,,-0.157526538,3.52,5.734899527,1.43,10.57,7.04,15.1,18,,5.20354,89.9,.206,1.760870916,90.9,641312
Shaun Anderson,2021,P,26,"6' 6""",228,R,R,2019,,-0.040508261,8.49,5.570034351,2.06,7.33,4.63,23.1,19,,6.2148457142857145,45.0,.368,1.54285729,93.2,641312
Shaun Anderson,2022,P,27,"6' 6""",228,R,R,2019,,0.00404534535,18.00,3.112431002,4.00,0.00,0.00,1.0,0,,7.55354,50.0,.571,0.0,92.7,641312
Shawn Armstrong,2018,p,27,"6' 2""",225,R,R,2015,5500000.0,0.189673513,1.23,3.228613401,0.82,9.20,1.84,14.2,15,,4.0314,95.6,.229,0.61363643,92.1,542888
Shawn Armstrong,2019,p,28,"6' 2""",225,R,R,2015,5500000.0,0.621462435,5.74,4.541596321,1.64,9.78,4.50,58.0,63,,5.423628850574713,69.5,.349,1.241379907,92.2,542888
Shawn Armstrong,2020,p,29,"6' 2""",225,R,R,2015,5500000.0,0.280456364,1.80,2.991419366,0.80,8.40,1.80,15.0,14,,4.05303,60.3,.211,0.599999847,91.0,542888
Shawn Armstrong,2021,p,30,"6' 2""",225,R,R,2015,5500000.0,-0.316520005,6.75,5.753367935,1.50,11.00,3.75,36.0,44,,4.494737777777778,66.7,.309,2.500000464,92.1,542888
Shawn Armstrong,2022,p,31,"6' 2""",225,R,R,2015,5500000.0,0.48640357,4.38,3.469187823,1.35,9.63,2.48,61.2,66,,3.4578727027027027,71.2,.339,1.021621806,94.5,542888
Shawn Kelley,2018,p,34,"6' 2""",237,R,R,2009,2750000.0,0.486066509,2.94,3.711452198,0.90,9.18,2.02,49.0,50,,4.146346122448979,82.4,.215,1.285714786,91.1,518875
Shawn Kelley,2019,p,35,"6' 2""",237,R,R,2009,2750000.0,-0.184136227,4.94,5.516827181,1.39,8.18,2.09,47.1,43,,4.99473,80.1,.319,2.281690938,91.9,518875
Shelby Miller,2018,p,27,"6' 3""",225,R,R,2012,1250000.0,-0.281914204,10.69,6.347931576,2.00,10.69,4.50,16.0,19,,3.93705,44.0,.404,2.8125,93.7,571946
Shelby Miller,2019,p,28,"6' 3""",225,R,R,2012,1250000.0,-0.252895147,8.59,6.39582814,1.98,6.14,5.93,44.0,30,,6.78995,55.8,.336,1.636363885,94.0,571946
Shelby Miller,2021,p,30,"6' 3""",225,R,R,2012,1250000.0,-0.392806932,9.24,7.827929093,2.13,5.68,7.82,12.2,8,,7.116936842105263,63.0,.333,2.131579054,92.2,571946
Shelby Miller,2022,p,31,"6' 3""",225,R,R,2012,1250000.0,0.382567167,6.43,0.398144918,1.29,18.00,3.86,7.0,14,,1.66703,44.4,.462,0.0,94.4,571946
Shohei Ohtani,2018,p,23,"6' 4""",210,L,R,2018,70000000.0,1.060225964,3.31,3.566883239,1.16,10.97,3.83,51.2,63,,3.52768,79.8,.269,1.045161419,89.3,660271
Shohei Ohtani,2020,p,25,"6' 4""",210,L,R,2018,70000000.0,-0.138585731,37.80,13.99139794,6.60,16.20,43.20,1.2,3,,15.1481,36.4,.600,0.0,93.8,660271
Shohei Ohtani,2021,p,26,"6' 4""",210,L,R,2018,70000000.0,2.959517241,3.18,3.515302678,1.09,10.77,3.04,130.1,156,,3.54885,79.4,.271,1.035805667,95.6,660271
Shohei Ohtani,2022,p,27,"6' 4""",210,L,R,2018,70000000.0,5.593522072,2.33,2.401587628,1.01,11.87,2.39,166.0,219,,2.6518,83.1,.289,0.759036145,94.3,660271
Silvino Bracho,2018,P,25,"5' 10""",190,R,R,2015,,0.375269711,3.19,3.257205775,1.19,9.87,3.48,31.0,34,,4.17667,75.3,.299,0.580645197,93.2,611093
Silvino Bracho,2020,P,27,"5' 10""",190,R,R,2015,,-0.0732178912,18.00,14.19141932,2.00,9.00,0.00,1.0,1,,3.1197,0.0,.333,9.0,92.0,611093
Silvino Bracho,2022,P,29,"5' 10""",190,R,R,2015,,-0.119064189,6.23,8.650892946,0.92,8.31,2.08,4.1,4,,4.35902,90.9,.100,4.153846459,92.9,611093
Sonny Gray,2018,p,28,"5' 10""",190,R,R,2013,25000000.0,1.523287192,4.90,4.16554669,1.50,8.49,3.94,130.1,123,,4.09971,70.9,.327,0.966751942,93.1,543243
Sonny Gray,2019,p,29,"5' 10""",190,R,R,2013,25000000.0,4.483810425,2.87,3.419332676,1.08,10.52,3.49,175.1,205,,3.64511,79.7,.259,0.872623599,92.9,543243
Sonny Gray,2020,p,30,"5' 10""",190,R,R,2013,25000000.0,1.734596252,3.70,3.048562163,1.21,11.57,4.18,56.0,72,,3.18743,68.3,.290,0.642857187,92.8,543243
Sonny Gray,2021,p,31,"5' 10""",190,R,R,2013,25000000.0,2.461591959,4.19,3.990231198,1.22,10.31,3.33,135.1,155,,3.66438,72.4,.282,1.263546846,92.4,543243
Sonny Gray,2022,p,32,"5' 10""",190,R,R,2013,25000000.0,2.417216539,3.08,3.404910117,1.13,8.80,2.71,119.2,117,,3.6573,77.2,.278,0.827298068,92.1,543243
Spencer Patton,2021,P,33,"6' 1""",200,R,R,2014,,0.675361633,3.83,3.193656173,1.20,10.20,3.19,42.1,48,,3.71578,68.3,.305,0.850393803,93.4,607359
Spencer Patton,2022,P,34,"6' 1""",200,R,R,2014,,-0.105237961,3.86,5.683860274,1.00,6.43,3.86,7.0,5,,5.30709,78.9,.167,1.285714636,92.1,607359
Spencer Turnbull,2018,p,25,"6' 3""",210,R,R,2018,1000000.0,0.482646458,6.06,2.854309067,1.29,8.27,2.20,16.1,15,,3.37294,51.0,.327,0.551020515,94.1,605513
Spencer Turnbull,2019,p,26,"6' 3""",210,R,R,2018,1000000.0,2.784102917,4.61,3.989290321,1.44,8.86,3.58,148.1,146,,4.62637,68.3,.333,0.849438144,93.8,605513
Spencer Turnbull,2020,p,27,"6' 3""",210,R,R,2018,1000000.0,1.309281468,3.97,3.491419288,1.34,8.10,4.61,56.2,51,,4.52985,70.5,.288,0.31764703,94.0,605513
Spencer Turnbull,2021,p,28,"6' 3""",210,R,R,2018,1000000.0,1.498278141,2.88,2.950034122,0.98,7.92,2.16,50.0,44,,3.77095,70.3,.255,0.36,94.2,605513
Stephen Strasburg,2018,p,29,"6' 5""",239,R,R,2010,35000000.0,2.412859917,3.74,3.621969983,1.20,10.80,2.63,130.0,156,,3.28301,75.6,.310,1.2461537,94.5,544931
Stephen Strasburg,2019,p,30,"6' 5""",239,R,R,2010,35000000.0,5.601249695,3.32,3.252286985,1.04,10.81,2.41,209.0,251,,3.16809,76.5,.276,1.033492748,93.8,544931
Stephen Strasburg,2020,p,31,"6' 5""",239,R,R,2010,35000000.0,0.0464410521,10.80,5.591421146,1.80,3.60,1.80,5.0,2,,5.69101,39.5,.368,1.800001373,91.9,544931
Stephen Strasburg,2021,p,32,"6' 5""",239,R,R,2010,35000000.0,-0.026816424,4.57,5.708495735,1.38,8.72,5.82,21.2,21,,5.1,74.8,.218,1.66153851,91.8,544931
Stephen Strasburg,2022,p,33,"6' 5""",239,R,R,2010,35000000.0,0.00260341074,13.50,5.683859923,2.14,9.64,3.86,4.2,5,,4.48425,41.7,.500,1.928571691,90.3,544931
Steve Cishek,2018,p,32,"6' 6""",220,R,R,2010,,0.903569043,2.18,3.444791909,1.04,9.98,3.58,70.1,78,,3.9061,84.0,.241,0.63981075,90.3,518553
Steve Cishek,2019,p,33,"6' 6""",220,R,R,2010,,0.19506602,2.95,4.542134951,1.20,8.02,4.08,64.0,57,,4.95406,83.6,.246,0.984375352,90.5,518553
Steve Cishek,2020,p,34,"6' 6""",220,R,R,2010,,-0.165747136,5.40,5.641419315,1.50,9.45,4.05,20.0,21,,5.83743,77.5,.309,1.8,90.3,518553
Steve Cishek,2021,p,35,"6' 6""",220,R,R,2010,,0.860387623,3.42,3.740766,1.49,8.43,5.40,68.1,64,,5.03857,72.2,.304,0.263414713,90.0,518553
Steve Cishek,2022,p,36,"6' 6""",220,R,R,2010,,-0.338499963,4.21,4.846099676,1.22,10.04,3.66,66.1,74,,4.16325,77.6,.267,1.492462598,89.6,518553
Steven Brault,2018,P,26,"6' 0""",195,L,L,2016,,-0.29039132,4.61,4.916795699,1.54,8.05,5.60,91.2,82,,5.01209,72.6,.292,0.981818454,92.5,643230
Steven Brault,2019,P,27,"6' 0""",195,L,L,2016,,1.059032373,5.16,4.758127114,1.50,7.94,4.21,113.1,100,,5.03845,69.2,.313,1.191176464,91.9,643230
Steven Brault,2020,P,28,"6' 0""",195,L,L,2016,,0.815193892,3.38,3.917981729,1.20,8.02,4.64,42.2,38,,4.8452,73.3,.243,0.42187495,92.1,643230
Steven Brault,2021,P,29,"6' 0""",195,L,L,2016,,0.210664883,5.86,4.615817288,1.63,6.18,3.90,27.2,19,,5.37443,67.0,.330,0.975903637,90.6,643230
Steven Brault,2022,P,30,"6' 0""",195,L,L,2016,,0.0886522308,3.00,3.334653295,1.44,8.00,5.00,9.0,8,,5.30848,71.4,.320,0.0,91.0,643230
Steven Matz,2018,p,27,"6' 2""",205,R,L,2015,7500000.0,0.869864345,3.97,4.621470682,1.25,8.88,3.39,154.0,152,,4.13052,74.9,.270,1.461039106,93.4,571927
Steven Matz,2019,p,28,"6' 2""",205,R,L,2015,7500000.0,1.577030845,4.21,4.598624782,1.34,8.59,2.92,160.1,153,,4.33247,75.5,.304,1.51559243,92.5,571927
Steven Matz,2020,p,29,"6' 2""",205,R,L,2015,7500000.0,-0.669231161,9.68,7.756637653,1.70,10.57,2.93,30.2,36,,4.14837,58.6,.346,4.108696504,94.1,571927
Steven Matz,2021,p,30,"6' 2""",205,R,L,2015,7500000.0,2.745627403,3.82,3.787290801,1.33,8.60,2.57,150.2,144,,3.94391,75.4,.321,1.075221312,93.7,571927
Steven Matz,2022,p,31,"6' 2""",205,R,L,2015,7500000.0,0.668043405,5.25,3.779097708,1.25,10.13,1.88,48.0,54,,3.15448,66.9,.316,1.500000089,94.3,571927
Steven Okert,2018,P,26,"6' 2""",202,L,L,2016,,0.103404835,1.23,2.751340596,0.55,9.82,0.00,7.1,8,,3.23082,115.4,.167,1.22727294,91.6,595345
Steven Okert,2021,P,29,"6' 2""",202,L,L,2016,,0.15807429,2.75,4.336701036,1.03,10.00,3.75,36.0,40,,4.58957,85.3,.221,1.250000265,92.1,595345
Steven Okert,2022,P,30,"6' 2""",202,L,L,2016,,-0.037467517,2.98,4.359184557,1.17,11.05,4.56,51.1,63,,4.14373,83.9,.237,1.227273031,93.7,595345
Steven Wright,2018,P,33,"6' 2""",215,R,R,2013,,0.171554036,2.68,4.371611714,1.25,7.04,4.36,53.2,42,,4.66843,83.9,.243,0.838509327,,453214
Steven Wright,2019,P,34,"6' 2""",215,R,R,2013,,-0.260316491,8.53,10.16137825,2.37,7.11,5.68,6.1,5,,6.51618,84.7,.400,4.263158109,,453214
T.J. McFarland,2018,p,29,"6' 3""",200,L,L,2013,1800000.0,0.279973805,2.00,3.632653848,1.19,5.25,2.75,72.0,42,,3.78212,84.6,.269,0.500000053,90.6,519008
T.J. McFarland,2019,p,30,"6' 3""",200,L,L,2013,1800000.0,-0.0287111886,4.82,4.481866446,1.63,5.63,3.21,56.0,35,,4.33226,68.2,.349,0.964285583,89.4,519008
T.J. McFarland,2020,p,31,"6' 3""",200,L,L,2013,1800000.0,-0.381147802,4.35,6.336581283,1.50,3.92,2.18,20.2,9,,4.87089,88.0,.292,2.177419824,88.5,519008
T.J. McFarland,2021,p,32,"6' 3""",200,L,L,2013,1800000.0,0.279162705,2.56,3.79072388,1.06,4.89,2.09,38.2,21,,3.92285,81.5,.261,0.698275977,88.8,519008
T.J. McFarland,2022,p,33,"6' 3""",200,L,L,2013,1800000.0,-0.333034784,6.61,5.316513063,1.62,4.41,3.03,32.2,16,,4.68624,60.4,.336,1.377551289,89.5,519008
Taijuan Walker,2018,p,25,"6' 4""",235,R,R,2013,18000000.0,0.12654914,3.46,3.929662345,1.54,6.23,3.46,13.0,9,,4.45423,80.6,.341,0.692307692,93.9,592836
Taijuan Walker,2019,p,26,"6' 4""",235,R,R,2013,18000000.0,0.0464756377,0.00,1.214009476,1.00,9.00,0.00,1.0,1,,5.19242,100.0,.333,0.0,91.7,592836
Taijuan Walker,2020,p,27,"6' 4""",235,R,R,2013,18000000.0,0.581672877,2.70,4.560169152,1.16,8.44,3.21,53.1,50,,4.8156399375,78.5,.243,1.349999839,92.0,592836
Taijuan Walker,2021,p,28,"6' 4""",235,R,R,2013,18000000.0,1.477055043,4.47,4.572549896,1.18,8.26,3.11,159.0,146,,4.46635,69.4,.254,1.471698166,93.2,592836
Taijuan Walker,2022,p,29,"6' 4""",235,R,R,2013,18000000.0,2.672042847,3.49,3.646329324,1.19,7.55,2.57,157.1,132,,3.88416,75.7,.284,0.858050875,93.5,592836
Tanner Houck,2020,P,24,"6' 5""",226,R,R,2020,,0.442867726,0.53,3.250242845,0.88,11.12,4.76,17.0,21,,3.73325,95.9,.161,0.529411765,91.8,656557
Tanner Houck,2021,P,25,"6' 5""",226,R,R,2020,,2.256080836,3.52,2.575831191,1.13,11.35,2.74,69.0,87,,3.20301,66.3,.319,0.521739159,94.1,656557
Tanner Houck,2022,P,26,"6' 5""",226,R,R,2020,,0.724123091,3.15,3.295764347,1.18,8.40,3.30,60.0,56,,3.68202,75.5,.289,0.450000029,94.9,656557
Tanner Rainey,2018,P,25,"6' 3""",245,R,R,2018,,-0.514633358,24.43,13.73186303,3.57,9.00,15.43,7.0,7,,9.13463,30.9,.409,5.142858544,95.3,663432
Tanner Rainey,2019,P,26,"6' 3""",245,R,R,2018,,0.167806283,3.91,4.37263047,1.45,13.78,7.08,48.1,74,,3.91121,79.3,.289,1.117241673,94.6,663432
Tanner Rainey,2020,P,27,"6' 3""",245,R,R,2018,,0.263429701,2.66,3.781583397,0.74,14.16,3.10,20.1,32,,2.74154,96.2,.129,1.770492246,96.6,663432
Tanner Rainey,2021,P,28,"6' 3""",245,R,R,2018,,-0.344246656,7.39,5.633192363,1.71,11.94,7.11,31.2,42,,5.90015,61.7,.307,1.705263398,96.3,663432
Tanner Rainey,2022,P,29,"6' 3""",245,R,R,2018,,0.228199974,3.30,4.179097736,1.30,10.80,3.90,30.0,36,,3.98626,71.9,.284,1.500000095,97.0,663432
Tanner Roark,2018,p,31,"6' 2""",238,R,R,2013,12000000.0,2.154583171,4.34,4.269488879,1.28,7.29,2.50,180.1,146,,4.41689,72.8,.298,1.197781888,91.4,543699
Tanner Roark,2019,p,32,"6' 2""",238,R,R,2013,12000000.0,2.036700044,4.35,4.665622357,1.40,8.60,2.78,165.1,158,,4.641711572580645,78.1,.323,1.524193525,92.0,543699
Tanner Roark,2020,p,33,"6' 2""",238,R,R,2013,12000000.0,-0.501586258,6.80,6.862748476,1.74,7.74,4.34,47.2,41,,5.83585,70.3,.329,2.643356996,90.6,543699
Tanner Roark,2021,p,34,"6' 2""",238,R,R,2013,12000000.0,-0.186533123,6.43,8.170034804,1.29,6.43,2.57,7.0,5,,5.11912,41.7,.190,3.857143383,90.6,543699
Tanner Scott,2018,p,23,"6' 0""",235,R,L,2017,18000000.0,0.665955245,5.40,3.404181564,1.56,12.83,4.72,53.1,76,,2.96362,67.5,.383,1.012499952,93.3,656945
Tanner Scott,2019,p,24,"6' 0""",235,R,L,2017,18000000.0,0.0656068325,4.78,4.770971802,1.78,12.65,6.49,26.1,37,,3.92938,73.7,.400,1.367088872,92.9,656945
Tanner Scott,2020,p,25,"6' 0""",235,R,L,2017,18000000.0,0.406868249,1.31,3.481742146,1.06,10.02,4.35,20.2,23,,3.97236,84.7,.224,0.435484246,93.3,656945
Tanner Scott,2021,p,26,"6' 0""",235,R,L,2017,18000000.0,0.363001674,5.17,4.410775214,1.57,11.67,6.17,54.0,70,,4.1099,69.0,.318,1.000000283,92.5,656945
Tanner Scott,2022,p,27,"6' 0""",235,R,L,2017,18000000.0,0.460293949,4.31,3.670941697,1.61,12.93,6.61,62.2,90,,3.53138,72.4,.347,0.718085179,96.9,656945
Tarik Skubal,2020,P,23,"6' 3""",240,R,L,2020,,-0.117054571,5.63,5.753919315,1.22,10.41,3.09,32.0,37,,4.80932,70.4,.253,2.53125,91.0,669373
Tarik Skubal,2021,P,24,"6' 3""",240,R,L,2020,,0.637935415,4.34,5.085212833,1.26,9.88,2.83,149.1,164,,4.05869,81.4,.278,2.109375153,92.1,669373
Tarik Skubal,2022,P,25,"6' 3""",240,R,L,2020,,2.873664618,3.52,2.959456494,1.16,8.95,2.45,117.2,117,,3.39936,67.5,.301,0.688385284,90.1,669373
Taylor Clarke,2019,P,26,"6' 3""",210,R,R,2019,,-0.812769771,5.31,6.414796252,1.37,7.23,3.19,84.2,68,,5.56168,74.6,.261,2.444881412,90.4,664199
Taylor Clarke,2020,P,27,"6' 3""",210,R,R,2019,,0.00526845455,4.36,5.199111328,1.29,8.31,4.36,43.1,40,,4.84606,73.7,.237,1.661538218,92.8,664199
Taylor Clarke,2021,P,28,"6' 3""",210,R,R,2019,,0.490493178,4.98,3.539264935,1.52,8.10,2.91,43.1,39,,4.49722,62.9,.350,0.830769328,92.2,664199
Taylor Clarke,2022,P,29,"6' 3""",210,R,R,2019,,0.713428617,4.04,3.2961045,1.18,8.82,1.47,49.0,48,,3.63781,67.2,.314,1.102040988,95.6,664199
Taylor Rogers,2018,p,27,"6' 3""",190,L,L,2016,2000000.0,1.840464711,2.63,2.3262848,0.95,9.88,2.11,68.1,75,,2.93988,74.8,.282,0.395122157,93.5,573124
Taylor Rogers,2019,p,28,"6' 3""",190,L,L,2016,2000000.0,2.107974768,2.61,2.851690555,1.00,11.74,1.43,69.0,90,,2.84356,86.2,.313,1.043478492,94.8,573124
Taylor Rogers,2020,p,29,"6' 3""",190,L,L,2016,2000000.0,0.524976671,4.05,2.841419249,1.50,10.80,1.80,20.0,24,,3.27687,60.3,.400,0.900000172,94.6,573124
Taylor Rogers,2021,p,30,"6' 3""",190,L,L,2016,2000000.0,1.533552289,3.35,2.128711677,1.14,13.17,1.79,40.1,59,,2.10805,69.3,.366,0.892562096,95.7,573124
Taylor Rogers,2022,p,31,"6' 3""",190,L,L,2016,2000000.0,1.004315436,4.76,3.314503568,1.18,11.75,2.66,64.1,84,,3.257638393782384,63.5,.329,0.979274747,94.3,573124
Tim Collins,2018,p,28,"5' 7""",166,L,L,2011,,-0.33548665,4.37,5.763374358,1.54,8.34,4.76,22.2,21,,4.93595,85.7,.295,1.985295343,91.5,525768
Tim Collins,2019,p,29,"5' 7""",166,L,L,2011,,-0.0152712259,3.12,4.829394921,1.38,4.15,3.12,8.2,4,,5.85415,84.9,.267,1.038462072,90.8,525768
Tim Hill,2018,p,28,"6' 4""",210,R,L,2018,2850000.0,0.538669705,4.53,3.510796676,1.31,8.28,2.76,45.2,42,,3.31245,60.3,.313,0.788321475,88.5,657612
Tim Hill,2019,p,29,"6' 4""",210,R,L,2018,2850000.0,0.515111566,3.63,3.844261617,1.11,8.85,2.95,39.2,39,,3.88733,73.1,.270,0.907563083,90.1,657612
Tim Hill,2020,p,30,"6' 4""",210,R,L,2018,2850000.0,0.0210929848,4.50,4.469197906,1.28,10.00,3.00,18.0,20,,3.8023,76.9,.292,1.500000954,90.6,657612
Tim Hill,2021,p,31,"6' 4""",210,R,L,2018,2850000.0,-0.214492291,3.62,4.711934024,1.24,8.45,3.47,59.2,56,,4.0817,68.2,.264,1.357542304,91.7,657612
Tim Hill,2022,p,32,"6' 4""",210,R,L,2018,2850000.0,0.464585334,3.56,3.466597753,1.23,4.69,2.62,48.0,25,,4.30604,69.8,.284,0.187500045,90.2,657612
Tim Mayza,2018,p,26,"6' 3""",215,L,L,2017,,0.342643499,3.28,3.356693356,1.32,10.09,3.53,35.2,40,,3.97659,80.4,.326,0.757009724,93.9,641835
Tim Mayza,2019,p,27,"6' 3""",215,L,L,2017,,0.012823863,4.91,4.733490597,1.40,9.64,4.73,51.1,55,,4.10254,71.2,.274,1.402597958,94.1,641835
Tim Mayza,2021,p,29,"6' 3""",215,L,L,2017,,0.924334764,3.40,3.094562403,0.98,9.68,2.04,53.0,57,,2.90013,70.8,.265,0.849056848,94.0,641835
Tim Mayza,2022,p,30,"6' 3""",215,L,L,2017,,-0.000622695487,3.14,3.975445016,1.11,8.14,2.22,48.2,44,,2.92688,79.6,.273,1.294521021,93.7,641835
Tommy Hunter,2018,p,31,"6' 3""",250,R,R,2008,,0.668020666,3.80,3.629181743,1.25,7.17,2.11,64.0,51,,4.01043,73.7,.304,0.843750302,94.5,488984
Tommy Hunter,2019,p,32,"6' 3""",250,R,R,2008,,0.15891315,0.00,1.339008358,0.38,8.44,0.00,5.1,5,,2.83091,100.0,.154,0.0,92.8,488984
Tommy Hunter,2020,p,33,"6' 3""",250,R,R,2008,,0.538443267,4.01,3.313040987,1.14,9.12,2.19,24.2,25,,3.74428,70.9,.308,0.729730031,91.7,488984
Tommy Hunter,2021,p,34,"6' 3""",250,R,R,2008,,0.125356417,0.00,3.170034122,0.88,6.75,3.38,8.0,6,,4.49331,100.0,.190,0.0,90.9,488984
Tommy Hunter,2022,p,35,"6' 3""",250,R,R,2008,,-0.010862438,2.42,4.276610272,1.21,8.87,2.42,22.1,22,,3.93681,88.8,.279,1.611940528,92.2,488984
Tommy Kahnle,2018,p,28,"6' 1""",230,R,R,2014,,0.0505810603,6.56,4.189003229,1.63,11.57,5.79,23.1,30,,4.28716,47.3,.339,1.157143109,95.1,592454
Tommy Kahnle,2019,p,29,"6' 1""",230,R,R,2014,,1.139039755,3.67,3.328139934,1.06,12.91,2.93,61.1,88,,2.68541,73.5,.279,1.320652448,92.9,592454
Tommy Kahnle,2020,p,30,"6' 1""",230,R,R,2014,,0.0874719918,0.00,0.191419315,2.00,27.00,9.00,1.0,3,,0.191419,100.0,.500,0.0,92.8,592454
Tommy Kahnle,2022,p,32,"6' 1""",230,R,R,2014,,-0.042152483,2.84,4.37558896,0.63,9.95,2.13,12.2,14,,3.14106,85.4,.125,1.421052703,91.2,592454
Tommy Milone,2018,P,31,"6' 0""",215,L,L,2011,,0.257208124,5.81,5.09714067,1.44,7.86,0.34,26.1,23,,4.46383,75.3,.357,2.392405352,,543548
Tommy Milone,2019,P,32,"6' 0""",215,L,L,2011,,0.0317516029,4.76,4.996099312,1.12,7.58,1.85,111.2,94,,4.83851,70.7,.252,1.934328667,,543548
Tommy Milone,2020,P,33,"6' 0""",215,L,L,2011,,0.522808596,6.69,4.755522262,1.56,9.23,1.38,39.0,40,,4.32656264957265,57.5,.374,2.076923585,,543548
Tommy Milone,2021,P,34,"6' 0""",215,L,L,2011,,0.101717401,6.43,4.170034191,1.64,10.93,1.93,14.0,17,,3.27471,69.1,.405,1.92857156,,543548
Tommy Milone,2022,P,35,"6' 0""",215,L,L,2011,,-0.337559611,5.40,6.892431146,1.20,2.70,3.24,16.2,5,,6.52591,71.4,.189,2.160000082,,543548
Tony Cingrani,2018,p,28,"6' 4""",217,L,L,2012,,0.535467148,4.76,2.322195976,1.10,14.29,2.38,22.2,36,,2.48672,63.5,.354,0.794117937,93.5,571561
Tony Gonsolin,2019,P,25,"6' 3""",205,R,R,2019,,0.651366435,2.93,3.864009476,1.03,8.33,3.38,40.0,37,,4.90133,74.2,.208,0.9,90.6,664062
Tony Gonsolin,2020,P,26,"6' 3""",205,R,R,2019,,1.867391132,2.31,2.291419413,0.84,8.87,1.35,46.2,46,,3.80029,72.6,.252,0.385714244,95.0,664062
Tony Gonsolin,2021,P,27,"6' 3""",205,R,R,2019,,0.52658914,3.23,4.535303716,1.35,10.51,5.50,55.2,65,,4.63214,86.2,.254,1.293413299,91.2,664062
Tony Gonsolin,2022,P,28,"6' 3""",205,R,R,2019,,2.720081568,2.14,3.281228962,0.87,8.22,2.42,130.1,119,,3.6947,83.8,.207,0.759590822,93.1,664062
Tony Sipp,2018,p,34,"6' 0""",190,L,L,2009,1250000.0,0.838427186,1.86,2.410431304,1.03,9.78,3.03,38.2,42,,3.69736,83.3,.277,0.232758705,91.7,448609
Tony Sipp,2019,p,35,"6' 0""",190,L,L,2009,1250000.0,0.319134951,4.71,3.547342991,1.33,7.71,3.86,21.0,18,,5.39112,61.6,.286,0.428571662,90.4,448609
Tony Watson,2018,p,33,"6' 3""",224,L,L,2011,,1.821788907,2.59,2.448310281,1.03,9.82,1.91,66.0,72,,3.08683,78.9,.299,0.545454609,92.5,453265
Tony Watson,2019,p,34,"6' 3""",224,L,L,2011,,-0.228241757,4.17,4.806602293,1.26,6.83,2.00,54.0,41,,4.887,77.8,.290,1.500000212,93.0,453265
Tony Watson,2020,p,35,"6' 3""",224,L,L,2011,,0.0428845882,2.50,4.358086106,0.89,7.50,1.50,18.0,15,,4.1197,70.3,.196,1.500000159,89.8,453265
Tony Watson,2021,p,36,"6' 3""",224,L,L,2011,,0.77381365,3.92,3.483987691,1.01,6.91,2.83,57.1,44,,4.300338546511628,61.1,.226,0.627907137,92.4,453265
Touki Toussaint,2018,P,22,"6' 3""",215,R,R,2018,,0.427668471,4.03,3.781121027,1.34,9.93,6.52,29.0,32,,4.24408,70.7,.258,0.310344726,86.8,657053
Touki Toussaint,2019,P,23,"6' 3""",215,R,R,2018,,-0.156386252,5.62,4.990009996,1.68,9.72,5.62,41.2,45,,5.62609,70.0,.345,1.080000316,93.4,657053
Touki Toussaint,2020,P,24,"6' 3""",215,R,R,2018,,-0.384564988,8.88,7.054432005,1.77,11.10,5.92,24.1,30,,4.97884,52.4,.328,2.589040419,93.8,657053
Touki Toussaint,2021,P,25,"6' 3""",215,R,R,2018,,-0.202780862,4.50,5.790034122,1.30,8.64,3.96,50.0,48,,4.58853,77.3,.252,1.98,92.8,657053
Touki Toussaint,2022,P,26,"6' 3""",215,R,R,2018,,0.0374885127,4.62,4.809799636,1.34,9.24,6.75,25.1,26,,4.77689,71.0,.228,0.710526405,92.0,657053
Trent Thornton,2019,P,25,"6' 0""",190,R,R,2019,,1.898254782,4.84,4.587659493,1.41,8.69,3.56,154.1,149,,4.93764,71.7,.302,1.399567942,91.6,663423
Trent Thornton,2020,P,26,"6' 0""",190,R,R,2019,,0.17342037,11.12,2.662007491,3.18,9.53,4.76,5.2,6,,5.72456,61.1,.625,0.0,91.0,663423
Trent Thornton,2021,P,27,"6' 0""",190,R,R,2019,,-0.363413475,4.78,5.455748898,1.43,9.55,2.94,49.0,52,,4.18047,71.7,.321,2.204082105,92.5,663423
Trent Thornton,2022,P,28,"6' 0""",190,R,R,2019,,-0.109878086,4.11,4.655909519,1.24,7.24,3.33,46.0,37,,4.47984,76.8,.260,1.369565445,93.7,663423
Trevor Bauer,2018,p,27,"6' 1""",205,R,R,2012,34000000.0,5.825963892,2.21,2.436097017,1.09,11.34,2.93,175.1,221,,3.13468,79.5,.299,0.46197716,94.5,545333
Trevor Bauer,2019,p,28,"6' 1""",205,R,R,2012,34000000.0,3.229561985,4.48,4.336075123,1.25,10.69,3.46,213.0,253,,4.334216306729265,70.3,.290,1.436619615,94.5,545333
Trevor Bauer,2020,p,29,"6' 1""",205,R,R,2012,34000000.0,2.562289953,1.73,2.876350789,0.79,12.33,2.10,73.0,100,,3.25472,90.9,.215,1.109589157,93.5,545333
Trevor Bauer,2021,p,30,"6' 1""",205,R,R,2012,34000000.0,1.804444075,2.59,4.033811233,1.00,11.45,3.09,107.2,137,,3.68978,88.9,.222,1.588235332,94.0,545333
Trevor Cahill,2018,p,30,"6' 4""",223,R,R,2009,,1.98135731,3.76,3.542249731,1.19,8.18,3.35,110.0,100,,3.79797,67.3,.281,0.654545409,91.7,502239
Trevor Cahill,2019,p,31,"6' 4""",223,R,R,2009,,-0.687642783,5.98,6.126062172,1.47,7.12,3.43,102.1,81,,5.10784,70.2,.283,2.198697506,91.7,502239
Trevor Cahill,2020,p,32,"6' 4""",223,R,R,2009,,0.407504022,3.24,4.191419353,1.20,11.16,5.04,25.0,31,,4.48257,79.1,.236,1.080000041,90.9,502239
Trevor Cahill,2021,p,33,"6' 4""",223,R,R,2009,,0.535206592,6.57,4.061926083,1.51,7.78,3.41,37.0,32,,4.13477,54.5,.333,0.972973048,89.8,502239
Trevor Gott,2018,p,25,"5' 11""",185,R,R,2015,,-0.323767304,5.68,6.213063461,1.53,7.11,4.74,19.0,15,,4.86705,70.9,.283,1.894737032,94.8,641627
Trevor Gott,2019,p,26,"5' 11""",185,R,R,2015,,0.966313183,4.44,3.119072749,1.10,9.74,2.91,52.2,57,,4.05799,62.5,.278,0.683544436,94.4,641627
Trevor Gott,2020,p,27,"5' 11""",185,R,R,2015,,-1.13109076,10.03,11.93427908,1.80,6.17,6.17,11.2,8,,8.59686,73.8,.182,5.400001619,94.8,641627
Trevor Gott,2022,p,29,"5' 11""",185,R,R,2015,,-0.120640308,4.14,4.448197611,1.03,8.67,2.36,45.2,44,,3.82408,64.4,.227,1.576642555,93.7,641627
Trevor May,2018,p,28,"6' 5""",240,R,R,2014,,0.513693549,3.20,3.08148415,1.03,12.79,1.78,25.1,36,,2.46315,84.1,.309,1.421053666,94.0,543507
Trevor May,2019,p,29,"6' 5""",240,R,R,2014,,0.859921575,2.94,3.726962823,1.07,11.05,3.64,64.1,79,,4.15112,78.9,.233,1.11917094,95.5,543507
Trevor May,2020,p,30,"6' 5""",240,R,R,2014,,0.399105072,3.86,3.619990977,1.16,14.66,2.70,23.1,38,,2.73501,80.0,.326,1.92857248,96.3,543507
Trevor May,2021,p,31,"6' 5""",240,R,R,2014,,0.520882428,3.59,3.744502266,1.26,11.92,3.45,62.2,83,,3.80979,76.9,.302,1.436170358,96.5,543507
Trevor May,2022,p,32,"6' 5""",240,R,R,2014,,0.108326264,5.04,3.87243106,1.44,10.80,3.24,25.0,30,,3.74652,72.4,.338,1.44000011,96.1,543507
Trevor Richards,2018,P,25,"6' 2""",205,R,R,2018,,1.257934809,4.42,4.04697504,1.39,9.26,3.85,126.1,130,,4.29451,72.3,.314,1.068601497,86.9,670950
Trevor Richards,2019,P,26,"6' 2""",205,R,R,2018,,1.505234666,4.06,4.514502117,1.35,8.45,3.72,135.1,127,,5.085246206896552,77.4,.293,1.263546828,89.8,670950
Trevor Richards,2020,P,27,"6' 2""",205,R,R,2018,,0.100926995,5.91,4.972669846,1.72,7.59,3.09,32.0,27,,5.36733,66.5,.362,1.687500503,86.6,670950
Trevor Richards,2021,P,28,"6' 2""",205,R,R,2018,,0.250333581,3.50,4.195941,0.96,10.91,3.08,64.1,78,,3.8005460621761658,79.6,.203,1.678756709,92.7,670950
Trevor Richards,2022,P,29,"6' 2""",205,R,R,2018,,0.130085468,5.34,4.065556215,1.44,11.53,4.92,64.0,82,,3.99537,64.7,.314,1.265625283,88.4,670950
Trevor Rogers,2020,P,22,"6' 5""",230,L,L,2020,,0.406252086,6.11,4.334276458,1.61,12.54,4.18,28.0,39,,3.66566,67.5,.380,1.607142857,89.2,669432
Trevor Rogers,2021,P,23,"6' 5""",230,L,L,2020,,4.255297184,2.64,2.545973972,1.15,10.62,3.11,133.0,157,,3.53815,74.9,.307,0.406015038,94.6,669432
Trevor Rogers,2022,P,24,"6' 5""",230,L,L,2020,,0.891645849,5.47,4.355421744,1.50,8.92,3.79,107.0,106,,4.11021,66.9,.330,1.261682333,89.5,669432
Trevor Rosenthal,2019,p,29,"6' 2""",230,R,R,2012,,-0.295258053,13.50,6.866183692,2.41,9.98,15.26,15.1,17,,8.552694782608695,41.5,.297,0.0,98.0,572096
Trevor Rosenthal,2020,p,30,"6' 2""",230,R,R,2012,,0.781924888,1.90,2.219588029,0.85,14.45,3.04,23.2,38,,2.8320081690140846,82.4,.238,0.760563615,96.9,572096
Trevor Williams,2018,p,26,"6' 3""",231,R,R,2016,7000000.0,2.715185165,3.11,3.863556555,1.18,6.64,2.90,170.2,126,,4.54034,76.6,.265,0.791015601,91.1,592866
Trevor Williams,2019,p,27,"6' 3""",231,R,R,2016,7000000.0,0.946485758,5.38,5.122476228,1.41,6.98,2.72,145.2,113,,5.25286,68.5,.308,1.668192161,91.2,592866
Trevor Williams,2020,p,28,"6' 3""",231,R,R,2016,7000000.0,-0.349805743,6.18,6.299852693,1.57,7.97,3.42,55.1,49,,4.93636,70.0,.315,2.439758756,91.2,592866
Trevor Williams,2021,p,29,"6' 3""",231,R,R,2016,7000000.0,1.153713297,4.35,3.884319867,1.49,8.90,3.07,91.0,90,,3.9609170695970697,71.2,.353,1.087912134,91.0,592866
Trevor Williams,2022,p,30,"6' 3""",231,R,R,2016,7000000.0,0.695763499,3.21,3.881947785,1.23,8.43,2.31,89.2,84,,3.94173,82.3,.302,1.204461052,90.8,592866
Triston McKenzie,2020,P,22,"6' 5""",165,R,R,2020,,0.574281767,3.24,3.911419384,0.90,11.34,2.43,33.1,42,,3.59612,84.1,.217,1.620000154,92.8,663474
Triston McKenzie,2021,P,23,"6' 5""",165,R,R,2020,,1.077742573,4.95,4.703367529,1.18,10.20,4.35,120.0,136,,4.5309,68.3,.227,1.575000075,92.1,663474
Triston McKenzie,2022,P,24,"6' 5""",165,R,R,2020,,3.439767935,2.96,3.593267251,0.95,8.94,2.07,191.1,190,,3.76704,80.3,.238,1.175958219,92.5,663474
Ty Blach,2018,P,27,"6' 1""",215,R,L,2016,,0.980662137,4.25,3.834588959,1.47,5.69,3.11,118.2,75,,4.18298,69.0,.330,0.606741645,90.0,621389
Ty Blach,2019,P,28,"6' 1""",215,R,L,2016,,-0.267758332,12.00,7.473270239,2.33,6.67,5.67,27.0,20,,6.56838975308642,50.2,.404,2.666667609,90.2,621389
Ty Blach,2022,P,31,"6' 1""",215,R,L,2016,,0.301396504,5.89,3.856791989,1.40,5.89,2.23,44.1,29,,4.58719,59.9,.322,0.812030168,91.1,621389
Tyler Alexander,2019,p,24,"6' 1""",214,R,L,2019,1125000.0,0.920294033,4.86,4.145686605,1.40,7.88,1.17,53.2,47,,4.48605,73.0,.347,1.509316949,90.6,641302
Tyler Alexander,2020,p,25,"6' 1""",214,R,L,2019,1125000.0,-0.169442657,3.96,5.255638379,1.32,8.42,2.23,36.1,34,,4.46306,88.2,.320,1.981650301,90.6,641302
Tyler Alexander,2021,p,26,"6' 1""",214,R,L,2019,1125000.0,0.982052471,3.81,4.392604758,1.26,7.36,2.37,106.1,87,,4.85903,78.7,.285,1.354232088,90.3,641302
Tyler Alexander,2022,p,27,"6' 1""",214,R,L,2019,1125000.0,-0.0766770244,4.81,4.993619156,1.32,5.44,2.23,101.0,61,,4.77276,69.9,.281,1.603960426,90.0,641302
Tyler Anderson,2018,p,28,"6' 2""",220,L,L,2016,,1.81823504,4.55,4.569522607,1.27,8.39,3.02,176.0,164,,4.21168,71.9,.282,1.534091042,91.8,542881
Tyler Anderson,2019,p,29,"6' 2""",220,L,L,2016,,-0.304015905,11.76,7.617234605,2.13,10.02,4.79,20.2,23,,4.79877,51.8,.403,3.483870432,91.2,542881
Tyler Anderson,2020,p,30,"6' 2""",220,L,L,2016,,0.780259959,4.37,4.364603385,1.39,6.18,3.77,59.2,41,,5.92526,68.8,.288,0.754189759,90.2,542881
Tyler Anderson,2021,p,31,"6' 2""",220,L,L,2016,,2.057795763,4.53,4.367638968,1.25,7.22,2.05,167.0,134,,4.6007174451097805,71.3,.289,1.455089887,90.2,542881
Tyler Anderson,2022,p,32,"6' 2""",220,L,L,2016,,4.055855751,2.57,3.308326518,1.00,6.95,1.71,178.2,138,,4.10423,77.8,.257,0.705223861,90.7,542881
Tyler Chatwood,2018,p,28,"5' 11""",200,R,R,2011,,-0.441308878,5.30,5.600945791,1.80,7.38,8.25,103.2,85,,5.76282,72.8,.291,0.781350401,91.8,543022
Tyler Chatwood,2019,p,29,"5' 11""",200,R,R,2011,,0.628967315,3.76,4.283574702,1.33,8.69,4.34,76.2,74,,3.9649,77.2,.286,0.939130443,95.2,543022
Tyler Chatwood,2020,p,30,"5' 11""",200,R,R,2011,,0.417788684,5.30,3.352133656,1.66,12.05,4.34,18.2,25,,3.81869,70.9,.400,0.964286043,92.7,543022
Tyler Chatwood,2021,p,31,"5' 11""",200,R,R,2011,,0.156654678,5.63,3.951284262,1.47,10.69,5.91,32.0,38,,4.076105,60.2,.300,0.562500101,92.9,543022
Tyler Clippard,2018,p,33,"6' 3""",200,R,R,2007,1.0,0.487242453,3.67,4.238101638,1.17,11.14,3.01,68.2,85,,4.27841,83.1,.275,1.703883748,90.9,461325
Tyler Clippard,2019,p,34,"6' 3""",200,R,R,2007,1.0,0.693971284,2.90,3.89142906,0.85,9.29,2.18,62.0,64,,4.94115,82.0,.207,1.161290716,90.0,461325
Tyler Clippard,2020,p,35,"6' 3""",200,R,R,2007,1.0,0.757387634,2.77,2.652957737,0.88,9.00,1.38,26.0,26,,4.17456,69.3,.258,0.692307743,89.1,461325
Tyler Clippard,2021,p,36,"6' 3""",200,R,R,2007,1.0,-0.125097245,3.20,4.709507884,1.30,7.46,3.91,25.1,21,,5.95587,75.5,.264,1.065789527,88.8,461325
Tyler Clippard,2022,p,37,"6' 3""",200,R,R,2007,1.0,-0.138572901,7.20,8.312431002,2.00,7.20,7.20,5.0,4,,8.3771,77.6,.313,1.8,,461325
Tyler Duffey,2018,p,27,"6' 3""",220,R,R,2015,,-0.260067411,7.20,5.360432751,1.20,6.84,1.44,25.0,19,,4.28843,39.8,.260,2.160001154,93.0,608648
Tyler Duffey,2019,p,28,"6' 3""",220,R,R,2015,,1.19369638,2.50,3.057940063,1.01,12.80,2.18,57.2,82,,2.94472,76.3,.277,1.248555299,93.9,608648
Tyler Duffey,2020,p,29,"6' 3""",220,R,R,2015,,0.700699627,1.88,2.566419117,0.79,11.63,2.25,24.0,31,,2.44723,81.4,.212,0.750000238,92.6,608648
Tyler Duffey,2021,p,30,"6' 3""",220,R,R,2015,,0.705404103,3.18,3.490889803,1.22,8.81,4.04,62.1,61,,4.18515,73.2,.278,0.577540225,92.5,608648
Tyler Duffey,2022,p,31,"6' 3""",220,R,R,2015,,-0.423901349,4.91,4.794249329,1.36,7.98,3.07,44.0,39,,3.57453,74.3,.303,1.636363778,92.3,608648
Tyler Glasnow,2018,P,24,"6' 8""",225,L,R,2016,,0.821243733,4.27,4.00222264,1.27,10.96,4.27,111.2,136,,3.468783970149253,72.8,.285,1.208955251,96.5,607192
Tyler Glasnow,2019,P,25,"6' 8""",225,L,R,2016,,2.286138058,1.78,2.257965419,0.89,11.27,2.08,60.2,76,,2.94191,84.7,.265,0.593406656,96.7,607192
Tyler Glasnow,2020,P,26,"6' 8""",225,L,R,2016,,1.139603138,4.08,3.662349496,1.13,14.28,3.45,57.1,91,,2.74891,78.6,.281,1.726743995,96.5,607192
Tyler Glasnow,2021,P,27,"6' 8""",225,L,R,2016,,2.561439037,2.66,2.77230685,0.93,12.58,2.76,88.0,123,,2.6985,82.4,.250,1.022727273,96.7,607192
Tyler Glasnow,2022,P,28,"6' 8""",225,L,R,2016,,0.134898037,1.35,2.962430987,0.90,13.50,2.70,6.2,10,,2.56682,108.7,.231,1.350000129,95.2,607192
Tyler Kinley,2018,p,27,"6' 4""",220,R,R,2018,4250000.0,-0.0266729817,12.27,5.614977243,2.09,10.64,6.55,11.0,13,,5.053110909090909,42.5,.394,1.636363778,93.6,641755
Tyler Kinley,2019,p,28,"6' 4""",220,R,R,2018,4250000.0,-0.157999009,3.65,4.916712749,1.60,8.39,6.57,49.1,46,,5.77652,82.2,.288,0.912162468,91.2,641755
Tyler Kinley,2020,p,29,"6' 4""",220,R,R,2018,4250000.0,0.224105686,5.32,3.994236303,1.06,9.89,4.56,23.2,26,,4.60665,51.6,.212,0.760563462,91.5,641755
Tyler Kinley,2021,p,30,"6' 4""",220,R,R,2018,4250000.0,0.206657231,4.73,4.648707376,1.21,8.70,3.33,70.1,68,,4.5379,71.2,.253,1.535545301,92.8,641755
Tyler Kinley,2022,p,31,"6' 4""",220,R,R,2018,4250000.0,0.926965356,0.75,1.737430783,1.13,10.13,2.25,24.0,27,,3.15612,82.1,.318,0.0,92.3,641755
Tyler Lyons,2018,P,30,"6' 2""",210,L,L,2013,,-0.171547875,8.64,5.020432711,1.92,10.26,4.32,16.2,19,,4.76146,60.4,.420,1.620000989,89.7,544928
Tyler Lyons,2019,P,31,"6' 2""",210,L,L,2013,,-0.143056352,6.39,6.056116005,1.42,12.08,3.55,12.2,17,,4.149445789473684,74.6,.333,2.842106529,89.6,544928
Tyler Lyons,2020,P,32,"6' 2""",210,L,L,2013,,-0.0204757042,21.60,6.791412191,2.40,0.00,5.40,1.2,0,,9.10524,20.0,.375,0.0,,544928
Tyler Mahle,2018,p,23,"6' 3""",212,R,R,2017,10000000.0,0.368059486,4.98,5.24971729,1.59,8.84,4.26,112.0,110,,4.45099,75.2,.329,1.767857143,92.4,641816
Tyler Mahle,2019,p,24,"6' 3""",212,R,R,2017,10000000.0,1.554308057,5.14,4.656169142,1.31,8.95,2.36,129.2,129,,3.99065,66.7,.308,1.735218849,92.9,641816
Tyler Mahle,2020,p,25,"6' 3""",212,R,R,2017,10000000.0,1.084406581,3.59,3.883726965,1.15,11.33,3.97,47.2,60,,4.59366,75.1,.255,1.132867063,93.9,641816
Tyler Mahle,2021,p,26,"6' 3""",212,R,R,2017,10000000.0,3.868942738,3.75,3.803367456,1.23,10.50,3.20,180.0,210,,3.73638,77.6,.303,1.2,94.0,641816
Tyler Mahle,2022,p,27,"6' 3""",212,R,R,2017,10000000.0,2.18010655,4.40,3.866574688,1.22,9.40,3.21,120.2,126,,4.032128977900553,69.5,.279,1.193370229,93.2,641816
Tyler Matzek,2020,P,29,"6' 3""",250,L,L,2014,,0.772707224,2.79,1.915556575,1.14,13.34,3.10,29.0,43,,2.99661,77.4,.338,0.310344991,93.7,554431
Tyler Matzek,2021,P,30,"6' 3""",250,L,L,2014,,1.051775813,2.57,3.201780158,1.22,11.00,5.29,63.0,77,,4.01103,80.2,.262,0.42857148,96.0,554431
Tyler Matzek,2022,P,31,"6' 3""",250,L,L,2014,,-0.158717975,3.50,4.486477003,1.26,7.42,5.98,43.2,36,,5.59354,68.2,.202,0.618320701,94.0,554431
Tyler Rogers,2019,p,28,"6' 3""",180,R,R,2019,12333333.0,0.540867627,1.02,2.081933719,0.85,8.15,1.53,17.2,16,,2.87011,81.2,.245,0.0,,643511
Tyler Rogers,2020,p,29,"6' 3""",180,R,R,2019,12333333.0,0.507811606,4.50,3.262847906,1.32,8.68,1.93,28.0,27,,3.64275,65.4,.349,0.642857318,,643511
Tyler Rogers,2021,p,30,"6' 3""",180,R,R,2019,12333333.0,1.267952919,2.22,3.281145234,1.07,6.11,1.44,81.0,55,,3.89452,81.2,.279,0.555555556,,643511
Tyler Rogers,2022,p,31,"6' 3""",180,R,R,2019,12333333.0,0.604808092,3.57,3.442827522,1.27,5.83,2.74,75.2,49,,4.12083,69.2,.294,0.356828242,,643511
Tyler Skaggs,2018,P,26,"6' 4""",225,L,L,2012,,2.426438093,4.02,3.631176333,1.33,9.26,2.87,125.1,129,,3.78674,73.5,.328,1.005319312,91.3,572140
Tyler Skaggs,2019,P,27,"6' 4""",225,L,L,2012,,1.900889158,4.29,3.854176799,1.27,8.81,3.16,79.2,78,,4.35812,68.6,.295,1.016736337,91.3,572140
Tyler Thornburg,2018,p,29,"5' 11""",190,R,R,2012,,-0.341279268,5.63,6.035431804,1.58,7.88,3.75,24.0,21,,4.84995,78.4,.319,2.250000179,92.9,592804
Tyler Thornburg,2019,p,30,"5' 11""",190,R,R,2012,,-0.0565928221,7.71,5.410438571,1.66,10.61,4.82,18.2,22,,5.3954,60.6,.347,1.928571888,93.7,592804
Tyler Thornburg,2020,p,31,"5' 11""",190,R,R,2012,,0.16786626,3.86,2.477133601,1.57,12.86,6.43,7.0,10,,5.23182,72.7,.353,0.0,93.0,592804
Tyler Thornburg,2022,p,33,"5' 11""",190,R,R,2012,,-0.00502239168,3.32,4.217694326,1.42,6.63,5.21,19.0,14,,5.94882052631579,67.7,.250,0.473684282,93.5,592804
Tyson Ross,2018,p,31,"6' 5""",254,R,R,2010,,1.015507802,4.15,4.389830339,1.30,7.34,3.73,149.2,122,,4.248483986636972,72.2,.272,1.022271797,90.7,475115
Tyson Ross,2019,p,32,"6' 5""",254,R,R,2010,,-0.053779725,6.11,5.987594781,1.67,6.37,4.58,35.1,25,,5.15737,63.7,.306,1.783019125,89.3,475115
Vidal Nuño,2018,P,30,"5' 11""",210,L,L,2013,,-0.0818918571,1.64,4.463461879,1.03,7.91,2.73,33.0,29,,4.84607,100.0,.216,1.363636364,,573064
Vince Velasquez,2018,p,26,"6' 3""",210,R,R,2015,,2.630197024,4.85,3.753613373,1.34,9.88,3.62,146.2,161,,4.11467,66.8,.322,0.981818148,93.8,592826
Vince Velasquez,2019,p,27,"6' 3""",210,R,R,2015,,0.58844924,4.91,5.208327793,1.39,9.97,3.30,117.1,130,,4.75199,76.0,.308,1.994318317,94.0,592826
Vince Velasquez,2020,p,28,"6' 3""",210,R,R,2015,,0.647172886,5.56,4.162007551,1.56,12.18,4.50,34.0,46,,4.0651,71.4,.373,1.323529412,92.6,592826
Vince Velasquez,2021,p,29,"6' 3""",210,R,R,2015,,-0.294756673,6.30,5.883815242,1.48,9.64,4.67,94.1,101,,4.977324381625442,68.0,.286,2.194346452,92.2,592826
Vince Velasquez,2022,p,30,"6' 3""",210,R,R,2015,,0.403251521,4.78,4.254023941,1.23,8.24,2.99,75.1,69,,4.47809,66.6,.270,1.314159314,93.0,592826
Wade Davis,2018,p,32,"6' 5""",225,R,R,2009,,0.806930244,4.13,3.650227532,1.06,10.74,3.58,65.1,78,,3.62574,66.9,.238,1.102040902,92.2,451584
Wade Davis,2019,p,33,"6' 5""",225,R,R,2009,,-0.199579716,8.65,5.557760035,1.88,8.86,6.12,42.2,42,,5.80267,55.4,.349,1.476562852,91.3,451584
Wade Davis,2020,p,34,"6' 5""",225,R,R,2009,,-0.353098452,20.77,12.88372985,2.77,6.23,6.23,4.1,3,,7.44366,25.6,.375,6.230771059,90.4,451584
Wade Davis,2021,p,35,"6' 5""",225,R,R,2009,,-0.255708605,6.75,5.30284675,1.48,8.02,4.01,42.2,38,,5.22242,59.5,.295,1.687500101,90.9,451584
Wade LeBlanc,2018,p,33,"6' 2""",195,L,L,2008,,1.629040949,3.72,4.277715645,1.18,7.22,2.22,162.0,130,,4.47238,74.8,.274,1.333333475,,453281
Wade LeBlanc,2019,p,34,"6' 2""",195,L,L,2008,,-0.382054873,5.71,5.488734774,1.45,6.82,2.30,121.1,92,,5.09547,70.4,.309,2.076923099,,453281
Wade LeBlanc,2020,p,35,"6' 2""",195,L,L,2008,,-0.059193369,8.06,6.728733856,1.57,5.24,3.22,22.1,13,,5.91277,58.0,.280,2.417911205,,453281
Wade LeBlanc,2021,p,36,"6' 2""",195,L,L,2008,,0.0486807656,4.41,5.394524135,1.49,5.33,3.12,49.0,29,,5.720578571428572,80.5,.298,1.469387898,87.6,453281
Wade Miley,2018,p,31,"6' 1""",220,L,L,2011,,1.332150936,2.57,3.594315887,1.21,5.58,3.01,80.2,50,,4.29837,75.9,.274,0.334710754,90.7,489119
Wade Miley,2019,p,32,"6' 1""",220,L,L,2011,,2.019850016,3.98,4.510822146,1.34,7.53,3.28,167.1,140,,4.51901,74.3,.289,1.237051718,88.3,489119
Wade Miley,2020,p,33,"6' 1""",220,L,L,2011,,0.125515954,5.65,4.726302355,1.67,7.53,5.65,14.1,12,,4.89558,65.0,.326,0.627906698,90.0,489119
Wade Miley,2021,p,34,"6' 1""",220,L,L,2011,,3.039085388,3.37,3.967580135,1.33,6.90,2.76,163.0,125,,4.07303,79.4,.306,0.938650307,89.8,489119
Wade Miley,2022,p,35,"6' 1""",220,L,L,2011,,0.50829046,3.16,3.95026884,1.22,6.81,3.41,37.0,28,,4.41659,63.1,.250,0.72972973,89.0,489119
Walker Buehler,2018,p,23,"6' 2""",185,R,R,2017,,3.125618771,2.62,3.036645163,0.96,9.90,2.42,137.1,151,,3.21159,78.4,.249,0.786407796,95.4,621111
Walker Buehler,2019,p,24,"6' 2""",185,R,R,2017,,5.124125481,3.26,3.005599963,1.04,10.61,1.83,182.1,215,,3.36883,71.0,.292,0.987202953,95.8,621111
Walker Buehler,2020,p,25,"6' 2""",185,R,R,2017,,0.564017653,3.44,4.364146181,0.95,10.31,2.70,36.2,42,,3.93332,68.7,.198,1.718181222,95.3,621111
Walker Buehler,2021,p,26,"6' 2""",185,R,R,2017,,5.550312996,2.47,3.155587894,0.97,9.19,2.25,207.2,212,,3.57195,80.9,.250,0.823435032,94.2,621111
Walker Buehler,2022,p,27,"6' 2""",185,R,R,2017,,0.990400612,4.02,3.804738694,1.29,8.03,2.35,65.0,58,,3.63956,74.9,.312,1.107692308,93.4,621111
Wander Suero,2018,P,26,"6' 4""",216,R,R,2018,,0.493380785,3.59,3.475117008,1.22,8.87,2.83,47.2,47,,4.32457,74.5,.302,0.755245037,91.8,593833
Wander Suero,2019,P,27,"6' 4""",216,R,R,2018,,1.463029146,4.54,3.073822535,1.26,10.22,3.28,71.1,81,,3.80789,66.3,.326,0.630841234,92.9,593833
Wander Suero,2020,P,28,"6' 4""",216,R,R,2018,,0.519342959,3.80,3.022405213,1.27,10.65,3.80,23.2,28,,4.34707,72.8,.317,0.380281731,91.0,593833
Wander Suero,2021,P,29,"6' 4""",216,R,R,2018,,-0.440852255,6.33,5.795034748,1.41,9.28,3.16,42.2,44,,4.80055,59.7,.293,2.320313053,92.0,593833
Wandy Peralta,2018,p,26,"6' 0""",227,L,L,2016,16500000.0,-0.00245983433,5.36,4.550138082,1.96,6.15,6.15,45.1,31,,5.57965,66.9,.350,0.397059002,95.5,593974
Wandy Peralta,2019,p,27,"6' 0""",227,L,L,2016,16500000.0,-0.704322036,5.67,6.566952641,1.41,7.26,3.63,39.2,32,,4.717092857142857,77.5,.261,2.495799799,95.2,593974
Wandy Peralta,2020,p,28,"6' 0""",227,L,L,2016,16500000.0,0.0660537034,3.29,4.21580975,1.21,8.23,3.62,27.1,25,,4.27047,71.4,.260,0.987805062,94.7,593974
Wandy Peralta,2021,p,29,"6' 0""",227,L,L,2016,16500000.0,0.167449743,3.35,4.307289343,1.37,7.59,3.71,51.0,43,,3.988717843137255,75.1,.291,1.058823826,95.2,593974
Wandy Peralta,2022,p,30,"6' 0""",227,L,L,2016,16500000.0,0.994834423,2.72,2.863910236,1.05,7.51,2.72,56.1,47,,3.61119,71.7,.260,0.319526699,95.4,593974
Wei-Yin Chen,2018,p,32,"6' 0""",200,R,L,2012,16000000.0,1.090203285,4.79,4.427931624,1.34,7.49,3.17,133.1,111,,4.73079,68.2,.289,1.282500049,91.1,612672
Wei-Yin Chen,2019,p,33,"6' 0""",200,R,L,2012,16000000.0,-0.409713835,6.59,5.233522047,1.54,8.30,2.37,68.1,63,,4.82513,62.9,.353,1.975610124,91.3,612672
Will Harris,2018,p,33,"6' 4""",234,R,R,2012,,1.124739528,3.49,2.436901937,1.09,10.16,2.22,56.2,64,,2.76878,70.2,.308,0.476470738,92.0,501789
Will Harris,2019,p,34,"6' 4""",234,R,R,2012,,1.141015172,1.50,3.147342792,0.93,9.30,2.10,60.0,62,,3.04087,88.2,.247,0.900000229,91.2,501789
Will Harris,2020,p,35,"6' 4""",234,R,R,2012,,0.0877316892,3.06,4.549910077,1.70,10.70,4.58,17.2,21,,4.08873,81.4,.353,1.528302107,90.5,501789
Will Harris,2021,p,36,"6' 4""",234,R,R,2012,,0.0433101468,9.00,3.836701001,1.67,13.50,4.50,6.0,9,,3.4344,46.5,.353,1.500000477,90.1,501789
Will Smith,2018,p,28,"6' 5""",255,R,L,2012,,2.035032988,2.55,2.066091638,0.98,12.06,2.55,53.0,71,,2.76372,71.1,.286,0.509434109,92.6,519293
Will Smith,2019,p,29,"6' 5""",255,R,L,2012,,1.2381531,2.76,3.229315599,1.03,13.22,2.89,65.1,96,,2.73142,88.7,.277,1.377551128,92.6,519293
Will Smith,2020,p,30,"6' 5""",255,R,L,2012,,-0.563532352,4.50,7.378920563,0.94,10.13,2.25,16.0,18,,4.22229,134.6,.121,3.937501173,92.6,519293
Will Smith,2021,p,31,"6' 5""",255,R,L,2012,,0.413228035,3.44,4.170034122,1.13,11.51,3.71,68.0,87,,4.06497,82.6,.250,1.455882353,92.8,519293
Will Smith,2022,p,32,"6' 5""",255,R,L,2012,,-0.163533092,3.97,4.264973524,1.41,9.92,3.81,59.0,65,,4.138659322033899,69.1,.306,1.372881533,92.1,519293
Wilmer Font,2018,P,28,"6' 4""",255,R,R,2012,,-0.329109468,5.93,6.22861366,1.41,7.36,3.27,44.0,36,,4.897823333333333,73.6,.268,2.454545667,94.4,521655
Wilmer Font,2019,P,29,"6' 4""",255,R,R,2012,,0.505411461,4.48,4.719938608,1.27,10.14,3.09,84.1,95,,4.528890671936759,78.9,.288,1.814229584,94.3,521655
Wilmer Font,2020,P,30,"6' 4""",255,R,R,2012,,0.00177807792,9.92,4.783256918,2.27,8.27,4.96,16.1,15,,5.55259,54.0,.448,1.102041417,94.8,521655
Wily Peralta,2018,p,29,"6' 1""",261,R,R,2012,,-0.118193045,3.67,4.733247343,1.49,9.17,6.03,34.1,35,,4.66184,81.9,.282,1.048543845,96.2,503449
Wily Peralta,2019,p,30,"6' 1""",261,R,R,2012,,-0.442056149,5.80,5.842108981,1.59,5.36,4.24,40.1,24,,5.75596,67.6,.309,1.561983668,94.3,503449
Wily Peralta,2021,p,32,"6' 1""",261,R,R,2012,,0.650145502,3.07,4.942276218,1.33,5.57,3.65,93.2,58,,4.99093,78.4,.261,1.153024978,93.9,503449
Wily Peralta,2022,p,33,"6' 1""",261,R,R,2012,,0.0204631574,2.58,4.077648521,1.51,7.51,5.63,38.1,32,,4.78965,83.6,.294,0.46956528,95.4,503449
Xavier Cedeño,2018,p,31,"5' 11""",210,L,L,2011,,0.570845827,2.43,2.950431457,1.26,9.18,4.32,33.1,34,,3.5018496,78.8,.281,0.270000153,,458584
Xavier Cedeño,2019,p,32,"5' 11""",210,L,L,2011,,-0.0415096544,0.00,6.714011353,3.50,4.50,13.50,2.0,1,,9.69782,100.0,.444,0.0,,458584
Yacksel Ríos,2018,P,25,"6' 3""",215,R,R,2017,,-0.103270009,6.75,4.74376558,1.61,9.00,3.75,36.0,36,,4.0452,62.0,.349,1.500000636,95.9,605441
Yacksel Ríos,2019,P,26,"6' 3""",215,R,R,2017,,-0.288389914,6.92,7.906317512,1.85,8.31,5.54,13.0,12,,6.201544871794872,65.4,.324,2.769230972,94.9,605441
Yacksel Ríos,2020,P,27,"6' 3""",215,R,R,2017,,0.035363026,9.00,3.941419315,1.25,6.75,4.50,4.0,3,,5.38763,33.3,.273,0.0,94.4,605441
Yacksel Ríos,2021,P,28,"6' 3""",215,R,R,2017,,0.00162175013,4.28,4.889546518,1.24,7.57,5.27,27.1,23,,5.592863292682927,72.3,.214,0.987804993,97.1,605441
Yency Almonte,2018,P,24,"6' 5""",223,R,R,2018,,0.240327671,1.84,2.955886072,1.30,8.59,2.45,14.2,14,,3.08301,79.5,.341,0.61363651,95.4,622075
Yency Almonte,2019,P,25,"6' 5""",223,R,R,2018,,-0.0825758725,5.56,5.508127638,1.56,7.68,3.71,34.0,29,,5.63995,72.4,.305,1.852941592,95.4,622075
Yency Almonte,2020,P,26,"6' 5""",223,R,R,2018,,0.535803914,2.93,3.444431439,1.12,7.48,1.95,27.2,23,,4.1774,67.3,.291,0.650602604,93.3,622075
Yency Almonte,2021,P,27,"6' 5""",223,R,R,2018,,-0.476926982,7.55,5.729475023,1.59,8.87,5.48,47.2,47,,5.08864,56.4,.297,1.699300926,94.1,622075
Yency Almonte,2022,P,28,"6' 5""",223,R,R,2018,,0.512519777,1.02,3.169034783,0.79,8.41,2.55,35.1,33,,3.64821,95.9,.186,0.509434036,95.8,622075
Yimi García,2018,p,27,"6' 1""",230,R,R,2014,7500000.0,-0.445270866,5.64,6.339536777,1.48,7.66,1.61,22.1,19,,4.70536,67.5,.319,2.820896165,94.5,554340
Yimi García,2019,p,28,"6' 1""",230,R,R,2014,7500000.0,-0.241516858,3.61,5.187272031,0.87,9.53,2.02,62.1,66,,4.89913,82.1,.172,2.165775975,94.2,554340
Yimi García,2020,p,29,"6' 1""",230,R,R,2014,7500000.0,0.613884985,0.60,1.658086177,0.93,11.40,3.00,15.0,19,,3.20071,92.9,.250,0.0,91.5,554340
Yimi García,2021,p,30,"6' 1""",230,R,R,2014,7500000.0,0.410262868,4.21,3.88101686,1.16,9.36,2.81,57.2,60,,3.760323294797688,61.6,.277,1.248555051,93.3,554340
Yimi García,2022,p,31,"6' 1""",230,R,R,2014,7500000.0,0.798493445,3.10,3.473086807,1.05,8.56,2.36,61.0,58,,4.08733,70.5,.258,0.885246068,93.4,554340
Yohan Ramírez,2020,P,25,"6' 3""",205,R,R,2020,,-0.22366935,2.61,6.046258113,1.40,11.32,8.71,20.2,26,,6.77167,93.8,.146,1.306451653,90.1,670990
Yohan Ramírez,2021,P,26,"6' 3""",205,R,R,2020,,-0.106525466,3.90,5.085697081,1.08,11.39,3.90,27.2,35,,4.30713,77.2,.218,1.951807543,95.4,670990
Yohan Ramírez,2022,P,27,"6' 3""",205,R,R,2020,,-0.20916968,4.58,4.880288295,1.39,7.71,4.82,37.1,32,,4.7166676785714285,74.4,.272,0.964285796,91.3,670990
Yonny Chirinos,2018,P,24,"6' 2""",225,R,R,2018,,1.19426769,3.51,3.506156478,1.22,7.53,2.51,89.2,75,,4.03852,71.0,.301,0.702602221,93.6,630023
Yonny Chirinos,2019,P,25,"6' 2""",225,R,R,2018,,1.373585269,3.85,4.444009435,1.05,7.70,1.89,133.1,114,,4.09623,74.0,.246,1.552499948,93.9,630023
Yonny Chirinos,2020,P,26,"6' 2""",225,R,R,2018,,0.0851376653,2.38,5.309065186,1.59,7.94,3.18,11.1,10,,5.05666,93.0,.353,1.588234403,93.3,630023
Yonny Chirinos,2022,P,28,"6' 2""",225,R,R,2018,,0.189111382,0.00,2.255288145,1.14,7.71,1.29,7.0,6,,3.10121,100.0,.318,0.0,93.3,630023
Yovani Gallardo,2018,p,32,"6' 2""",205,R,R,2007,,0.41753976,6.39,5.418382844,1.63,5.53,4.48,94.1,58,,5.292409399293287,64.5,.311,1.335689483,90.8,451596
Yu Darvish,2018,p,31,"6' 5""",220,R,R,2012,21000000.0,0.236887082,4.95,4.860431576,1.43,11.03,4.72,40.0,49,,4.23705,72.3,.296,1.575,92.8,506433
Yu Darvish,2019,p,32,"6' 5""",220,R,R,2012,21000000.0,2.582479715,3.98,4.176696098,1.10,11.54,2.82,178.2,229,,3.38995,77.7,.268,1.662313527,93.1,506433
Yu Darvish,2020,p,33,"6' 5""",220,R,R,2012,21000000.0,2.931951761,2.01,2.230893,0.96,11.01,1.66,76.0,93,,2.82184,83.8,.297,0.592105263,94.0,506433
Yu Darvish,2021,p,34,"6' 5""",220,R,R,2012,21000000.0,2.849531651,4.22,3.903501079,1.09,10.77,2.38,166.1,199,,3.75174,72.3,.274,1.515030106,93.4,506433
Yu Darvish,2022,p,35,"6' 5""",220,R,R,2012,21000000.0,4.169772148,3.10,3.312773478,0.95,9.11,1.71,194.2,197,,3.57745,78.2,.251,1.017123341,93.6,506433
Yusei Kikuchi,2019,p,28,"6' 0""",210,L,L,2019,21225000.0,0.188637361,5.46,5.712978705,1.52,6.46,2.78,161.2,116,,5.18057,70.8,.310,2.004123837,92.5,579328
Yusei Kikuchi,2020,p,29,"6' 0""",210,L,L,2019,21225000.0,1.10468328,5.17,3.297802268,1.30,9.00,3.83,47.0,47,,3.78089,59.9,.306,0.574467945,93.5,579328
Yusei Kikuchi,2021,p,30,"6' 0""",210,L,L,2019,21225000.0,1.077817917,4.41,4.609524568,1.32,9.34,3.55,157.0,163,,3.84603,74.6,.289,1.547770701,93.3,579328
Yusei Kikuchi,2022,p,31,"6' 0""",210,L,L,2019,21225000.0,-0.863590796,5.19,5.615742465,1.50,11.09,5.19,100.2,124,,4.07199,72.8,.293,2.05629156,94.5,579328
Yusmeiro Petit,2018,p,33,"6' 1""",252,R,R,2006,1.0,0.619648397,3.00,3.923872561,1.01,7.35,1.74,93.0,76,,4.20227,81.8,.242,1.258064723,89.3,433589
Yusmeiro Petit,2019,p,34,"6' 1""",252,R,R,2006,1.0,1.402956843,2.71,3.587503589,0.81,7.70,1.08,83.0,71,,4.47694,81.4,.214,1.192771523,89.1,433589
Yusmeiro Petit,2020,p,35,"6' 1""",252,R,R,2006,1.0,0.115946285,1.66,4.114496753,1.11,7.06,2.08,21.2,17,,5.07342,101.0,.254,1.246154541,88.1,433589
Yusmeiro Petit,2021,p,36,"6' 1""",252,R,R,2006,1.0,-0.0313396268,3.92,4.721316477,1.04,4.27,1.38,78.0,37,,5.27738,72.1,.229,1.384615655,,433589
Zac Gallen,2019,p,23,"6' 2""",189,R,R,2019,22025000.0,1.559912324,2.81,3.614009476,1.23,10.80,4.05,80.0,96,,4.154025708333333,83.7,.284,0.9,90.2,668678
Zac Gallen,2020,p,24,"6' 2""",189,R,R,2019,22025000.0,1.42034328,2.75,3.663641538,1.11,10.25,3.12,72.0,82,,3.61876,83.6,.269,1.125,88.1,668678
Zac Gallen,2021,p,25,"6' 2""",189,R,R,2019,22025000.0,1.346224427,4.30,4.249704497,1.29,10.31,3.63,121.1,139,,3.95896,74.6,.289,1.409340718,91.0,668678
Zac Gallen,2022,p,26,"6' 2""",189,R,R,2019,22025000.0,4.172012806,2.54,3.04721361,0.91,9.39,2.30,184.0,192,,3.31494,78.0,.237,0.733695652,93.1,668678
Zac Rosscup,2018,P,30,"6' 2""",220,R,L,2013,,-0.0175103731,4.76,4.131019838,1.15,15.88,3.18,11.1,20,,2.43861,79.5,.300,2.382353008,92.3,573127
Zac Rosscup,2019,P,31,"6' 2""",220,R,L,2013,,-0.0252639032,5.00,4.936232519,2.28,13.00,9.50,18.0,26,,4.707416666666667,68.1,.426,1.000000477,92.3,573127
Zac Rosscup,2021,P,33,"6' 2""",220,R,L,2013,,-0.0372302644,3.00,6.836701955,1.33,12.00,3.00,3.0,4,,3.67961,111.1,.333,3.000000954,90.7,573127
Zach Davies,2018,p,25,"6' 0""",180,R,R,2015,5000000.0,0.488562673,4.77,4.387704303,1.33,6.68,2.86,66.0,49,,4.33844,69.3,.299,1.090909091,89.8,605200
Zach Davies,2019,p,26,"6' 0""",180,R,R,2015,5000000.0,1.550106287,3.55,4.560564756,1.29,5.75,2.87,159.2,102,,5.19962,75.0,.276,1.127348607,,605200
Zach Davies,2020,p,27,"6' 0""",180,R,R,2015,5000000.0,1.373783588,2.73,3.883726906,1.07,8.18,2.47,69.1,63,,4.14305,78.2,.250,1.168269059,88.4,605200
Zach Davies,2021,p,28,"6' 0""",180,R,R,2015,5000000.0,-0.0426956229,5.78,5.447061149,1.60,6.93,4.56,148.0,114,,5.0274,69.1,.311,1.52027027,88.2,605200
Zach Davies,2022,p,29,"6' 0""",180,R,R,2015,5000000.0,0.443704605,4.09,4.832034044,1.30,6.83,3.48,134.1,102,,4.57402,75.0,.258,1.406947944,89.6,605200
Zach Duke,2018,p,35,"6' 2""",210,L,L,2005,2000000.0,0.903720707,4.15,3.006585323,1.50,8.83,3.63,52.0,51,,3.7412020512820514,67.8,.352,0.173077034,,435043
Zach Duke,2019,p,36,"6' 2""",210,L,L,2005,2000000.0,-0.371218532,5.01,6.471153043,1.67,6.94,6.94,23.1,18,,5.69186,79.1,.270,1.542857479,89.0,435043
Zach Eflin,2018,p,24,"6' 6""",230,R,R,2016,10000000.0,2.268792152,4.36,3.801056499,1.30,8.65,2.60,128.0,123,,4.02122,68.4,.313,1.124999866,94.3,621107
Zach Eflin,2019,p,25,"6' 6""",230,R,R,2016,10000000.0,1.500165928,4.13,4.854825566,1.35,7.11,2.64,163.1,129,,4.75755,73.9,.295,1.542856921,93.5,621107
Zach Eflin,2020,p,26,"6' 6""",230,R,R,2016,10000000.0,1.49303256,3.97,3.394809152,1.27,10.68,2.29,59.0,70,,3.23355,74.1,.347,1.220339018,92.5,621107
Zach Eflin,2021,p,27,"6' 6""",230,R,R,2016,10000000.0,2.13771534,4.17,3.681075144,1.25,8.43,1.36,105.2,99,,3.60558,72.8,.328,1.277602554,92.5,621107
Zach Eflin,2022,p,28,"6' 6""",230,R,R,2016,10000000.0,1.388437092,4.04,3.561770212,1.12,7.73,1.78,75.2,65,,3.81116,66.0,.282,0.951541858,92.2,621107
Zach McAllister,2018,p,30,"6' 6""",240,R,R,2011,,-0.0544579718,6.20,4.471543326,1.49,7.80,2.00,45.0,39,,4.142367777777777,61.6,.355,1.60000078,95.1,502083
Zach Plesac,2019,P,24,"6' 3""",220,R,R,2019,,0.906618118,3.81,4.943116028,1.23,6.85,3.11,115.2,88,,5.06057,78.5,.257,1.478386102,90.2,668676
Zach Plesac,2020,P,25,"6' 3""",220,R,R,2019,,1.462458849,2.28,3.390214473,0.80,9.27,0.98,55.1,57,,3.49706,91.7,.224,1.30120467,88.9,668676
Zach Plesac,2021,P,26,"6' 3""",220,R,R,2019,,1.002585769,4.67,4.726109,1.20,6.31,2.14,142.2,100,,4.76981,67.9,.264,1.450934683,89.3,668676
Zach Plesac,2022,P,27,"6' 3""",220,R,R,2019,,0.808327449,4.31,4.449139966,1.32,6.84,2.60,131.2,100,,4.39461,68.9,.288,1.298734278,91.9,668676
Zack Britton,2018,p,30,"6' 1""",200,L,L,2011,,0.115039036,3.10,4.217808765,1.23,7.52,4.65,40.2,34,,3.7461554098360654,75.8,.241,0.663934514,94.8,502154
Zack Britton,2019,p,31,"6' 1""",200,L,L,2011,,0.847683489,1.91,3.735748682,1.14,7.78,4.70,61.1,53,,3.58637,86.8,.226,0.440217455,94.7,502154
Zack Britton,2020,p,32,"6' 1""",200,L,L,2011,,0.512365878,1.89,2.612471889,1.00,7.58,3.32,19.0,16,,3.42438,68.4,.226,0.0,94.8,502154
Zack Britton,2021,p,33,"6' 1""",200,L,L,2011,,-0.241739407,5.89,5.460943611,1.69,7.85,6.87,18.1,16,,5.00514,62.9,.313,0.981818352,92.6,502154
Zack Britton,2022,p,34,"6' 1""",200,L,L,2011,,-0.204949632,13.50,27.11245604,10.50,13.50,81.00,0.2,1,,27.1112,85.7,.500,0.0,92.6,502154
Zack Godley,2018,P,28,"6' 3""",250,R,R,2015,,2.2995544,4.74,3.816506305,1.45,9.34,4.09,178.1,185,,3.95601,67.4,.329,0.807476589,89.5,643327
Zack Godley,2019,P,29,"6' 3""",250,R,R,2015,,-0.127146993,5.97,5.203139828,1.50,6.85,4.11,92.0,70,,5.430300869565217,65.6,.301,1.369565161,89.5,643327
Zack Godley,2020,P,30,"6' 3""",250,R,R,2015,,-0.428543985,8.16,7.098395626,1.95,8.79,4.40,28.2,28,,5.57309,71.1,.371,2.825581082,88.9,643327
Zack Godley,2021,P,31,"6' 3""",250,R,R,2015,,-0.275537334,16.20,13.37003519,2.70,13.50,13.50,3.1,5,,7.68731,41.7,.286,5.400000563,90.8,643327
Zack Greinke,2018,p,34,"6' 2""",200,R,R,2004,,2.718405962,3.21,3.704572814,1.08,8.62,1.86,207.2,199,,3.43901,80.2,.273,1.213483116,89.6,425844
Zack Greinke,2019,p,35,"6' 2""",200,R,R,2004,,5.338922501,2.93,3.218801808,0.98,8.07,1.29,208.2,187,,3.740820447284345,75.7,.274,0.90575071,90.0,425844
Zack Greinke,2020,p,36,"6' 2""",200,R,R,2004,,2.156384706,4.03,2.803359614,1.13,9.00,1.21,67.0,67,,3.5099,68.5,.321,0.805970149,88.1,425844
Zack Greinke,2021,p,37,"6' 2""",200,R,R,2004,,1.208608821,4.16,4.713893866,1.17,6.32,1.89,171.0,120,,4.20787,75.0,.264,1.578947465,89.0,425844
Zack Greinke,2022,p,38,"6' 2""",200,R,R,2004,,1.935941577,3.68,4.032139031,1.34,4.80,1.77,137.0,73,,4.54063,72.9,.306,0.919708029,89.2,425844
Zack Littell,2018,p,22,"6' 4""",250,R,R,2018,7000000.0,-0.225906968,6.20,5.914529979,1.77,6.20,4.87,20.1,14,,5.86472,64.2,.324,1.327868873,91.8,641793
Zack Littell,2019,p,23,"6' 4""",250,R,R,2018,7000000.0,0.62010318,2.68,3.619414839,1.16,7.78,2.19,37.0,32,,4.09569,82.9,.300,0.972972873,93.8,641793
Zack Littell,2020,p,24,"6' 4""",250,R,R,2018,7000000.0,-0.444773078,9.95,14.40194619,2.37,4.26,4.26,6.1,3,,7.48793,100.0,.368,7.105263515,91.6,641793
Zack Littell,2021,p,25,"6' 4""",250,R,R,2018,7000000.0,0.277773343,2.92,3.867331578,1.14,9.19,3.50,61.2,63,,4.10833,77.2,.253,1.021621853,94.9,641793
Zack Littell,2022,p,26,"6' 4""",250,R,R,2018,7000000.0,-0.261593372,5.08,4.646265896,1.38,7.92,2.64,44.1,39,,4.13695,72.8,.310,1.624060476,94.5,641793
Zack Wheeler,2018,p,28,"6' 4""",195,L,R,2013,23600000.0,4.209418774,3.31,3.248182942,1.12,8.84,2.71,182.1,179,,3.80802,74.6,.284,0.691042009,94.3,554430
Zack Wheeler,2019,p,29,"6' 4""",195,L,R,2013,23600000.0,4.626984119,3.96,3.480221087,1.26,8.98,2.30,195.1,195,,4.06297,71.4,.316,1.013651904,94.5,554430
Zack Wheeler,2020,p,30,"6' 4""",195,L,R,2013,23600000.0,1.934598923,2.92,3.219588326,1.17,6.72,2.03,71.0,53,,3.75665,74.6,.308,0.380281649,94.9,554430
Zack Wheeler,2021,p,31,"6' 4""",195,L,R,2013,23600000.0,7.221505165,2.78,2.588784109,1.01,10.42,1.94,213.1,247,,2.83781,75.3,.291,0.675000016,95.3,554430
Zack Wheeler,2022,p,32,"6' 4""",195,L,R,2013,23600000.0,4.154235363,2.82,2.890208779,1.04,9.59,2.00,153.0,163,,3.06281,77.1,.287,0.764705882,94.1,554430
